{
  "custom": {},
  "params": {},
  "props": {
    "defaultSize": {
      "height": 249,
      "width": 860
    }
  },
  "root": {
    "children": [
      {
        "children": [
          {
            "children": [
              {
                "meta": {
                  "name": "Label"
                },
                "position": {
                  "basis": "100px"
                },
                "props": {
                  "style": {
                    "classes": "Toolshop/Entry_label"
                  },
                  "text": "Die No"
                },
                "type": "ia.display.label"
              },
              {
                "meta": {
                  "name": "TextField"
                },
                "position": {
                  "basis": "209px"
                },
                "props": {
                  "style": {
                    "classes": "Toolshop/Entry_field"
                  }
                },
                "type": "ia.input.text-field"
              },
              {
                "meta": {
                  "name": "Label_0"
                },
                "position": {
                  "basis": "100px"
                },
                "props": {
                  "style": {
                    "classes": "Toolshop/Entry_label"
                  },
                  "text": "Run Date"
                },
                "type": "ia.display.label"
              },
              {
                "meta": {
                  "name": "TextField_0"
                },
                "position": {
                  "basis": "209px"
                },
                "props": {
                  "style": {
                    "classes": "Toolshop/Entry_field"
                  }
                },
                "type": "ia.input.text-field"
              },
              {
                "meta": {
                  "name": "Label_2"
                },
                "position": {
                  "basis": "100px"
                },
                "props": {
                  "style": {
                    "classes": "Toolshop/Entry_label"
                  },
                  "text": "Die Trail"
                },
                "type": "ia.display.label"
              },
              {
                "meta": {
                  "name": "TextField_1"
                },
                "position": {
                  "basis": "209px"
                },
                "props": {
                  "style": {
                    "classes": "Toolshop/Entry_field"
                  }
                },
                "type": "ia.input.text-field"
              },
              {
                "meta": {
                  "name": "Label_1"
                },
                "position": {
                  "basis": "100px"
                },
                "props": {
                  "style": {
                    "classes": "Toolshop/Entry_label"
                  },
                  "text": "Die with Aluminum"
                },
                "type": "ia.display.label"
              },
              {
                "meta": {
                  "name": "TextField_2"
                },
                "position": {
                  "basis": "209px"
                },
                "props": {
                  "style": {
                    "classes": "Toolshop/Entry_field"
                  }
                },
                "type": "ia.input.text-field"
              }
            ],
            "meta": {
              "name": "FlexContainer"
            },
            "position": {
              "basis": "55px"
            },
            "props": {
              "justify": "space-evenly"
            },
            "type": "ia.container.flex"
          },
          {
            "children": [
              {
                "meta": {
                  "name": "Label"
                },
                "position": {
                  "basis": "100px"
                },
                "props": {
                  "style": {
                    "classes": "Toolshop/Entry_label"
                  },
                  "text": "Container Diameter"
                },
                "type": "ia.display.label"
              },
              {
                "meta": {
                  "name": "TextField"
                },
                "position": {
                  "basis": "209px"
                },
                "props": {
                  "style": {
                    "classes": "Toolshop/Entry_field"
                  }
                },
                "type": "ia.input.text-field"
              },
              {
                "meta": {
                  "name": "Label_0"
                },
                "position": {
                  "basis": "100px"
                },
                "props": {
                  "style": {
                    "classes": "Toolshop/Entry_label"
                  },
                  "text": "No of Cavities"
                },
                "type": "ia.display.label"
              },
              {
                "meta": {
                  "name": "TextField_0"
                },
                "position": {
                  "basis": "209px"
                },
                "props": {
                  "style": {
                    "classes": "Toolshop/Entry_field"
                  }
                },
                "type": "ia.input.text-field"
              },
              {
                "meta": {
                  "name": "Label_2"
                },
                "position": {
                  "basis": "100px"
                },
                "props": {
                  "style": {
                    "classes": "Toolshop/Entry_label"
                  },
                  "text": "Standard Die Life"
                },
                "type": "ia.display.label"
              },
              {
                "meta": {
                  "name": "TextField_1"
                },
                "position": {
                  "basis": "209px"
                },
                "props": {
                  "style": {
                    "classes": "Toolshop/Entry_field"
                  }
                },
                "type": "ia.input.text-field"
              },
              {
                "meta": {
                  "name": "Label_1"
                },
                "position": {
                  "basis": "100px"
                },
                "props": {
                  "style": {
                    "classes": "Toolshop/Entry_label"
                  },
                  "text": "Dummy Block No"
                },
                "type": "ia.display.label"
              },
              {
                "meta": {
                  "name": "TextField_2"
                },
                "position": {
                  "basis": "209px"
                },
                "props": {
                  "style": {
                    "classes": "Toolshop/Entry_field"
                  }
                },
                "type": "ia.input.text-field"
              }
            ],
            "meta": {
              "name": "FlexContainer_0"
            },
            "position": {
              "basis": "55px"
            },
            "props": {
              "justify": "space-evenly"
            },
            "type": "ia.container.flex"
          },
          {
            "children": [
              {
                "meta": {
                  "name": "Label"
                },
                "position": {
                  "basis": "100px"
                },
                "props": {
                  "style": {
                    "classes": "Toolshop/Entry_label"
                  },
                  "text": "Start Time"
                },
                "type": "ia.display.label"
              },
              {
                "meta": {
                  "name": "TextField"
                },
                "position": {
                  "basis": "209px"
                },
                "props": {
                  "style": {
                    "classes": "Toolshop/Entry_field"
                  }
                },
                "type": "ia.input.text-field"
              },
              {
                "meta": {
                  "name": "Label_0"
                },
                "position": {
                  "basis": "100px"
                },
                "props": {
                  "style": {
                    "classes": "Toolshop/Entry_label"
                  },
                  "text": "End Time"
                },
                "type": "ia.display.label"
              },
              {
                "meta": {
                  "name": "TextField_0"
                },
                "position": {
                  "basis": "209px"
                },
                "props": {
                  "style": {
                    "classes": "Toolshop/Entry_field"
                  }
                },
                "type": "ia.input.text-field"
              },
              {
                "meta": {
                  "name": "Label_2"
                },
                "position": {
                  "basis": "100px"
                },
                "props": {
                  "style": {
                    "classes": "Toolshop/Entry_label"
                  },
                  "text": "Process time"
                },
                "type": "ia.display.label"
              },
              {
                "meta": {
                  "name": "TextField_1"
                },
                "position": {
                  "basis": "209px"
                },
                "props": {
                  "style": {
                    "classes": "Toolshop/Entry_field"
                  }
                },
                "type": "ia.input.text-field"
              },
              {
                "meta": {
                  "name": "Label_1"
                },
                "position": {
                  "basis": "210px"
                },
                "props": {
                  "style": {
                    "classes": "Toolshop/Entry_label"
                  },
                  "text": "Previous Day Die continue "
                },
                "type": "ia.display.label"
              },
              {
                "meta": {
                  "name": "Icon"
                },
                "position": {
                  "basis": "100px"
                },
                "props": {
                  "path": "material/keyboard_arrow_down"
                },
                "type": "ia.display.icon"
              }
            ],
            "meta": {
              "name": "FlexContainer_2"
            },
            "position": {
              "basis": "55px"
            },
            "props": {
              "justify": "space-evenly"
            },
            "type": "ia.container.flex"
          }
        ],
        "meta": {
          "name": "FlexContainer_1"
        },
        "position": {
          "basis": "168px"
        },
        "props": {
          "direction": "column"
        },
        "type": "ia.container.flex"
      },
      {
        "children": [
          {
            "children": [
              {
                "meta": {
                  "name": "Label"
                },
                "position": {
                  "basis": "100px"
                },
                "props": {
                  "style": {
                    "classes": "Toolshop/Entry_label"
                  },
                  "text": "Start Time"
                },
                "type": "ia.display.label"
              },
              {
                "meta": {
                  "name": "TextField"
                },
                "position": {
                  "basis": "209px"
                },
                "props": {
                  "style": {
                    "classes": "Toolshop/Entry_field"
                  }
                },
                "type": "ia.input.text-field"
              },
              {
                "meta": {
                  "name": "Label_0"
                },
                "position": {
                  "basis": "100px"
                },
                "props": {
                  "style": {
                    "classes": "Toolshop/Entry_label"
                  }
                },
                "type": "ia.display.label"
              },
              {
                "children": [
                  {
                    "meta": {
                      "name": "TextField_0"
                    },
                    "position": {
                      "grow": 1
                    },
                    "props": {
                      "style": {
                        "classes": "Toolshop/Entry_field"
                      }
                    },
                    "type": "ia.input.text-field"
                  }
                ],
                "meta": {
                  "name": "FlexContainer"
                },
                "position": {
                  "basis": "209px"
                },
                "type": "ia.container.flex"
              },
              {
                "meta": {
                  "name": "Label_2"
                },
                "position": {
                  "basis": "100px"
                },
                "props": {
                  "style": {
                    "classes": "Toolshop/Entry_label"
                  }
                },
                "type": "ia.display.label"
              },
              {
                "children": [
                  {
                    "meta": {
                      "name": "TextField_1"
                    },
                    "position": {
                      "grow": 1
                    },
                    "props": {
                      "style": {
                        "classes": "Toolshop/Entry_field"
                      }
                    },
                    "type": "ia.input.text-field"
                  }
                ],
                "meta": {
                  "name": "FlexContainer_0"
                },
                "position": {
                  "basis": "209px"
                },
                "type": "ia.container.flex"
              },
              {
                "meta": {
                  "name": "Label_1"
                },
                "position": {
                  "basis": "210px"
                },
                "props": {
                  "style": {
                    "classes": "Toolshop/Entry_label"
                  }
                },
                "type": "ia.display.label"
              },
              {
                "children": [
                  {
                    "meta": {
                      "name": "Icon"
                    },
                    "position": {
                      "grow": 1
                    },
                    "props": {
                      "path": "material/keyboard_arrow_down"
                    },
                    "type": "ia.display.icon"
                  }
                ],
                "meta": {
                  "name": "FlexContainer_1"
                },
                "position": {
                  "basis": "100px"
                },
                "type": "ia.container.flex"
              }
            ],
            "meta": {
              "name": "FlexContainer_2"
            },
            "position": {
              "basis": "55px"
            },
            "props": {
              "justify": "space-evenly"
            },
            "type": "ia.container.flex"
          }
        ],
        "meta": {
          "name": "FlexContainer_0"
        },
        "position": {
          "basis": "53px"
        },
        "props": {
          "direction": "column"
        },
        "type": "ia.container.flex"
      }
    ],
    "meta": {
      "name": "root"
    },
    "props": {
      "direction": "column"
    },
    "type": "ia.container.flex"
  }
}