{
  "custom": {},
  "params": {},
  "props": {
    "defaultSize": {
      "height": 71,
      "width": 207
    }
  },
  "root": {
    "children": [
      {
        "meta": {
          "name": "Image"
        },
        "position": {
          "basis": "40px",
          "grow": 1,
          "shrink": 0
        },
        "props": {
          "fit": {
            "mode": "contain"
          },
          "source": "/system/images/Builtin/icons/48/delete2.png"
        },
        "type": "ia.display.image"
      },
      {
        "children": [
          {
            "meta": {
              "name": "Label"
            },
            "position": {
              "basis": "50px",
              "grow": 1
            },
            "propConfig": {
              "props.text": {
                "persistent": true
              }
            },
            "props": {
              "text": "Duplicate LogID Scanned",
              "textStyle": {
                "fontFamily": "Roboto",
                "fontSize": 14,
                "textAlign": "center"
              }
            },
            "type": "ia.display.label"
          }
        ],
        "meta": {
          "name": "Message_box"
        },
        "position": {
          "basis": "238px",
          "grow": 1
        },
        "props": {
          "style": {
            "fontFamily": "Roboto",
            "fontSize": 12
          }
        },
        "type": "ia.container.flex"
      }
    ],
    "meta": {
      "name": "root"
    },
    "props": {
      "direction": "column"
    },
    "type": "ia.container.flex"
  }
}