{
  "custom": {
    "Dataset": null,
    "STO_PO": null
  },
  "params": {
    "rowData": {}
  },
  "propConfig": {
    "custom.Dataset": {
      "binding": {
        "config": {
          "path": "view.custom.STO_PO"
        },
        "overlayOptOut": true,
        "transforms": [
          {
            "code": "#\tCollect STOPO no to a variable\n\tSTO_PO\u003dself.custom.STO_PO\n\tq1\u003d\u0027\u0027\u0027SELECT [STO_PO]\n\t \t      ,trim([CIMS_ID]) as CIMS_ID\n\t \t      ,[SAP_ID]\n\t \t      ,[Status]\n\tFROM [CIMS].[dbo].[STOPO_Logs]\n\twhere STO_PO\u003d?\u0027\u0027\u0027\n\targs\u003d[STO_PO]\n \tdata\u003dsystem.db.runPrepQuery(q1, args,\u0027CIMS2\u0027)\n \t#\tCollect CIMS LOG ID based on the STOPO\n \tcimsid \u003d []\n \tfor row in data:\n \t    cimsid.append(row[\u0027CIMS_ID\u0027])\n \tdata_string \u003d \u0027, \u0027.join([\"\u0027{}\u0027\".format(item) for item in cimsid])  \n \t#   Collect dataset which contains Lineitem, SAP, CIMS ID etc ... based on CIMS ID\n\tq2\u003d\u0027\u0027\u0027SELECT \n\t    ROW_NUMBER() OVER (ORDER BY EC.sap_batch_no) as SR_NO,\n\t    TRIM(EC.sap_batch_no) as SAP_NO,\n\t    TRIM(o.sfg_code) as SFG_Code,\n\t    EC.weight_after_end_cutting as Quantity,\n\t    TRIM(EC.standard_alloy) as Alloy,\n\t    TRIM(EC.log_batch_no) as CIMS_ID,\n\t    TRIM(s.STO_PO) as STOPO,\n\t    TRIM(EC.prod_order) as PONO\n\tFROM [dbo].[mes_endcut_homogenize_dispatch] EC\n\tJOIN [CIMS].[dbo].[mes_orders] o ON EC.prod_order \u003d o.[production_order]\n\tJOIN [CIMS].[dbo].[STOPO_Logs] s ON EC.log_batch_no \u003d s.CIMS_ID\n\tWHERE EC.log_batch_no IN (\u0027\u0027\u0027+data_string+\u0027\u0027\u0027)\n\t\u0027\u0027\u0027\n\t\n\td2\u003dsystem.db.runPrepQuery(q2, [], \u0027CIMS2\u0027)\n\t\n\treturn d2",
            "type": "script"
          }
        ],
        "type": "property"
      },
      "persistent": true
    },
    "custom.STO_PO": {
      "binding": {
        "config": {
          "path": "view.params.rowData"
        },
        "overlayOptOut": true,
        "transforms": [
          {
            "code": "\treturn value[\"STO_PO\"]",
            "type": "script"
          }
        ],
        "type": "property"
      },
      "persistent": true
    },
    "params.rowData": {
      "paramDirection": "input",
      "persistent": true
    }
  },
  "props": {
    "defaultSize": {
      "height": 39,
      "width": 226
    }
  },
  "root": {
    "children": [
      {
        "meta": {
          "name": "Label"
        },
        "position": {
          "basis": "100px"
        },
        "propConfig": {
          "props.text": {
            "binding": {
              "config": {
                "path": "view.params.rowData"
              },
              "overlayOptOut": true,
              "transforms": [
                {
                  "code": "\treturn value[\u0027Status\u0027]",
                  "type": "script"
                }
              ],
              "type": "property"
            }
          }
        },
        "props": {
          "style": {
            "fontFamily": "Roboto",
            "textAlign": "center"
          }
        },
        "type": "ia.display.label"
      },
      {
        "events": {
          "dom": {
            "onClick": {
              "config": {
                "script": "\tfrom datetime import datetime\n\t\t\n\t#Set the filename with current timestamp\n\tcurrentDateTime \u003d datetime.now()\n\t\n\t\n\tfileName \u003d \"LOG_DISPATCH\" + str(currentDateTime.strftime(\"%Y%m%d%H%M%S\")) + \".xlsx\"\n\treportCols \u003d []\n#\tif tabNo \u003d\u003d 1:\n#\t\tfileName \u003d \"MainData_\" + str(currentDateTime.strftime(\"%Y%m%d%H%M%S\")) + \".xlsx\"\n#\t\treportCols \u003d [\"PO\", \"Machine\", \"SfgCode\", \"PlannedOrderQty\", \"StandardAlloy\", \"InternalAlloy\", \"LogDia\", \"LogLength\", \"ReleaseDate\", \"Press\", \"Status\", \"DateandTime\", \"No_of_logs\", \"NoOfLogsEngraved\", \"ActualWeight\", \"CastingBlock\", \"AluminiumChipBoring\", \"LogEndCuttingDiscard\", \"Dross\", \"MeltingLossPercent\", \"Yield\", \"MeltingRemarks\", \"HoldingRemarks\", \"CastingRemarks\"]\n#\telif tabNo \u003d\u003d 2:\n#\t\tfileName \u003d \"MeltingData_\" + str(currentDateTime.strftime(\"%Y%m%d%H%M%S\")) + \".xlsx\"\n#\t\treportCols \u003d [\"PO\", \"standard_alloy\", \"sfg_code\", \"internal_alloy\", \"Status\", \"Yield\", \"Machine\", \"planned_order_qty\", \"log_dia\", \"log_length\", \"release_date\"]\n#\telif tabNo \u003d\u003d 3:\n#\t\tfileName \u003d \"HoldingData_\" + str(currentDateTime.strftime(\"%Y%m%d%H%M%S\")) + \".xlsx\"\n#\t\treportCols \u003d [\"PO\", \"standard_alloy\", \"sfg_code\", \"internal_alloy\", \"Status\", \"Yield\", \"Machine\", \"planned_order_qty\", \"log_dia\", \"log_length\", \"release_date\"]\n#\telif tabNo \u003d\u003d 4:\n#\t\tfileName \u003d \"CastingData_\" + str(currentDateTime.strftime(\"%Y%m%d%H%M%S\")) + \".xlsx\"\n#\t\treportCols \u003d [\"PO\", \"standard_alloy\", \"sfg_code\", \"planned_order_qty\", \"Status\", \"Press_derived\", \"release_date\", \"Machine\", \"No_of_logs\", \"log_dia\", \"log_length\"]\n#\telse:\n#\t\tfileName \u003d \"data_\" + str(currentDateTime.strftime(\"%Y%m%d%H%M%S\")) + \".xlsx\"\n#\t\treportCols \u003d []\n\t\t\n\t# From PyDataSet\n\tdata \u003d self.view.custom.Dataset\n\theaders \u003d system.dataset.getColumnHeaders(data)\n\n\tnewData\u003d[]\n\tfor rowIndex in range(data.rowCount):\n\t\trow \u003d [data.getValueAt(rowIndex,col) for col in range(data.columnCount)]\n\t\tnewData.append(row)\n\t\n\t#finalDataset \u003d system.dataset.toDataSet(headers,newData)\n\t#showColumns \u003d reportCols\n\t#finalDataset \u003d system.dataset.filterColumns(data, showColumns)\n\t#XLSFormat \u003d system.dataset.toExcel(True,[finalDataset])\n\tXLSFormat \u003d system.dataset.toExcel(True,[data])\n\tsystem.perspective.download(fileName, XLSFormat)"
              },
              "scope": "G",
              "type": "script"
            }
          }
        },
        "meta": {
          "name": "icons8-excel"
        },
        "position": {
          "basis": "30px",
          "shrink": 0
        },
        "propConfig": {
          "position.display": {
            "binding": {
              "config": {
                "path": "view.params.rowData"
              },
              "overlayOptOut": true,
              "transforms": [
                {
                  "code": "\ttry:\n\t\tif value[\u0027Status\u0027] \u003d\u003d \u0027Completed\u0027:\n\t\t\treturn True\n\t\telse:\n\t\t\treturn False\n\texcept:\n\t\treturn False\t\t\t",
                  "type": "script"
                }
              ],
              "type": "property"
            }
          }
        },
        "props": {
          "elements": [
            {
              "d": "M29,6H15.744C14.781,6,14,6.781,14,7.744v7.259h15V6z",
              "fill": {
                "paint": "#169154"
              },
              "name": "path",
              "type": "path"
            },
            {
              "d": "M14,33.054v7.202C14,41.219,14.781,42,15.743,42H29v-8.946H14z",
              "fill": {
                "paint": "#18482a"
              },
              "name": "path",
              "type": "path"
            },
            {
              "d": "M14 15.003H29V24.005000000000003H14z",
              "fill": {
                "paint": "#0c8045"
              },
              "name": "path",
              "type": "path"
            },
            {
              "d": "M14 24.005H29V33.055H14z",
              "fill": {
                "paint": "#17472a"
              },
              "name": "path",
              "type": "path"
            },
            {
              "elements": [
                {
                  "d": "M42.256,6H29v9.003h15V7.744C44,6.781,43.219,6,42.256,6z",
                  "fill": {
                    "paint": "#29c27f"
                  },
                  "name": "path",
                  "type": "path"
                },
                {
                  "d": "M29,33.054V42h13.257C43.219,42,44,41.219,44,40.257v-7.202H29z",
                  "fill": {
                    "paint": "#27663f"
                  },
                  "name": "path",
                  "type": "path"
                },
                {
                  "d": "M29 15.003H44V24.005000000000003H29z",
                  "fill": {
                    "paint": "#19ac65"
                  },
                  "name": "path",
                  "type": "path"
                },
                {
                  "d": "M29 24.005H44V33.055H29z",
                  "fill": {
                    "paint": "#129652"
                  },
                  "name": "path",
                  "type": "path"
                }
              ],
              "name": "group",
              "type": "group"
            },
            {
              "d": "M22.319,34H5.681C4.753,34,4,33.247,4,32.319V15.681C4,14.753,4.753,14,5.681,14h16.638 C23.247,14,24,14.753,24,15.681v16.638C24,33.247,23.247,34,22.319,34z",
              "fill": {
                "paint": "#0c7238"
              },
              "name": "path",
              "type": "path"
            },
            {
              "d": "M9.807 19L12.193 19 14.129 22.754 16.175 19 18.404 19 15.333 24 18.474 29 16.123 29 14.013 25.07 11.912 29 9.526 29 12.719 23.982z",
              "fill": {
                "paint": "#fff"
              },
              "name": "path",
              "type": "path"
            }
          ],
          "viewBox": "0 0 48 48"
        },
        "type": "ia.shapes.svg"
      }
    ],
    "meta": {
      "name": "root"
    },
    "props": {
      "justify": "center",
      "style": {
        "overflow": "hidden"
      }
    },
    "type": "ia.container.flex"
  }
}