{
  "custom": {},
  "params": {},
  "props": {
    "defaultSize": {
      "height": 109,
      "width": 436
    }
  },
  "root": {
    "children": [
      {
        "meta": {
          "name": "Progress"
        },
        "position": {
          "basis": "20px"
        },
        "propConfig": {
          "props.max": {
            "binding": {
              "config": {
                "path": "parent.custom.max"
              },
              "overlayOptOut": true,
              "type": "property"
            }
          },
          "props.value": {
            "binding": {
              "config": {
                "path": "parent.custom.current"
              },
              "overlayOptOut": true,
              "type": "property"
            }
          }
        },
        "props": {
          "bar": {
            "color": "#0C7BB3"
          }
        },
        "type": "ia.display.progress"
      },
      {
        "meta": {
          "name": "min/max"
        },
        "position": {
          "basis": "24px"
        },
        "propConfig": {
          "props.text": {
            "binding": {
              "config": {
                "path": "parent.custom.current"
              },
              "overlayOptOut": true,
              "transforms": [
                {
                  "code": "\tcurrent\u003dself.parent.custom.current\n\tMAX\u003dself.parent.custom.max\n\treturn str(current)+\u0027 / \u0027+str(MAX)",
                  "type": "script"
                }
              ],
              "type": "property"
            }
          }
        },
        "props": {
          "style": {
            "marginTop": 10
          },
          "textStyle": {
            "fontFamily": "Roboto",
            "fontSize": 16,
            "textAlign": "center"
          }
        },
        "type": "ia.display.label"
      },
      {
        "meta": {
          "name": "Label_0"
        },
        "position": {
          "basis": "24px"
        },
        "propConfig": {
          "position.display": {
            "binding": {
              "config": {
                "path": "parent.custom.max"
              },
              "overlayOptOut": true,
              "transforms": [
                {
                  "code": "\tif value\u003d\u003d0:\n\t\treturn False\n\telse:\n\t\treturn True\t\n\t\t",
                  "type": "script"
                }
              ],
              "type": "property"
            }
          },
          "props.text": {
            "binding": {
              "config": {
                "path": "parent.custom.LogID"
              },
              "overlayOptOut": true,
              "transforms": [
                {
                  "code": "\treturn str(value)+\u0027 is Printing\u0027",
                  "type": "script"
                }
              ],
              "type": "property"
            }
          }
        },
        "props": {
          "style": {
            "marginBottom": 0,
            "marginTop": 10
          },
          "textStyle": {
            "fontFamily": "Roboto",
            "fontSize": 16,
            "textAlign": "center"
          }
        },
        "type": "ia.display.label"
      }
    ],
    "custom": {
      "LogID": "",
      "current": 0,
      "max": 0,
      "min": 0
    },
    "meta": {
      "name": "root"
    },
    "props": {
      "direction": "column",
      "style": {
        "backgroundColor": "#FFFFFF00",
        "borderColor": "#1E26794A",
        "borderStyle": "solid",
        "borderWidth": 2,
        "overflow": "hidden",
        "padding": 10
      }
    },
    "scripts": {
      "customMethods": [],
      "extensionFunctions": null,
      "messageHandlers": [
        {
          "messageType": "BulkPrint",
          "pageScope": true,
          "script": "\t# implement your handler here\n#\tPayload\u003d{\"Maximum\": int(rowCt),\n#\t\t\t\"Current\": int(i+1),\n#\t\t\t\"LOGId\": str(L)}\n\tMAXIMUM\u003dpayload[\u0027Maximum\u0027]\n\tCurrent\u003dpayload[\u0027Current\u0027]\n\tLOGID\u003dpayload[\u0027LOGId\u0027]\n\t\n#\tLoad into the custom properties\n\tself.custom.max\u003dMAXIMUM\n\tself.custom.current\u003dCurrent\n\tself.custom.LogID\u003dLOGID",
          "sessionScope": false,
          "viewScope": false
        }
      ]
    },
    "type": "ia.container.flex"
  }
}