{
  "custom": {},
  "events": {
    "system": {
      "onStartup": {
        "config": {
          "script": "\tSTOPO\u003dself.params.value.STO_PO\n\tq\u003d\u0027\u0027\u0027SELECT \n\t      trim([Status]) as \u0027Status\u0027,\n\t      [Miscellaneous]\n\t      ,[Logs_Net_Weight]\n\t      ,[Vehicle_Weight]\n\t      ,[Total_Gross_Weight]\n\t      ,trim([Remarks]) as Remarks\n\t      ,trim([Vehicle_No]) as [Vehicle_No]\n\t  FROM [CIMS].[dbo].[SAP_Dispatch]\n\t  where [STO_PO]\u003d?\u0027\u0027\u0027\n\targs\u003d[STOPO]\n\td\u003dsystem.db.runPrepQuery(q,args,\u0027CIMS2\u0027)\n\tif d[0][\u0027Status\u0027]\u003d\u003d\"Completed\":\n\t\tself.getChild(\"root\").getChild(\"FlexContainer_4\").getChild(\"FlexContainer\").getChild(\"FlexContainer_0\").getChild(\"NumericEntryField\").props.value\u003dd[0][\u0027Miscellaneous\u0027]\n\t\tLogs_Net_Weight\u003dd[0][\u0027Logs_Net_Weight\u0027]\n\t\tself.getChild(\"root\").getChild(\"FlexContainer_4\").getChild(\"FlexContainer_1\").getChild(\"FlexContainer_0\").getChild(\"NumericEntryField\").props.value\u003dd[0][\u0027Vehicle_Weight\u0027]\n\t\tself.getChild(\"root\").getChild(\"FlexContainer_4\").getChild(\"FlexContainer_2\").getChild(\"FlexContainer_0\").getChild(\"NumericEntryField\").props.value\u003dd[0][\u0027Total_Gross_Weight\u0027]\n\t\tself.getChild(\"root\").getChild(\"FlexContainer_5\").getChild(\"TextArea\").props.text\u003dd[0][\u0027Remarks\u0027]\n\t\tself.getChild(\"root\").getChild(\"FlexContainer_4\").getChild(\"FlexContainer_4\").getChild(\"FlexContainer_0\").getChild(\"TextField\").props.text\u003dd[0][\u0027Vehicle_No\u0027]\n\t\tself.getChild(\"root\").custom.EnableOption\u003d1\n\t\tself.getChild(\"root\").getChild(\"FlexContainer_1\").getChild(\"Button\").custom.Refresh\u003d\"noedit\"\n\t\tself.getChild(\"root\").getChild(\"FlexContainer_0\").getChild(\"Table\").props.selection.enableRowSelection\u003dFalse\n\t\tself.getChild(\"root\").getChild(\"FlexContainer_0\").getChild(\"Table\").props.selection.enableColumnSelection\u003dFalse\n\t\tself.getChild(\"root\").getChild(\"FlexContainer_0\").getChild(\"Table\").props.columns[0].editable\u003dFalse\n\telse:\n\t\tself.getChild(\"root\").custom.EnableOption\u003d2\n\t\tself.getChild(\"root\").getChild(\"FlexContainer_1\").getChild(\"Button\").custom.Refresh\u003d\"edit\"\n\t\tself.getChild(\"root\").getChild(\"FlexContainer_4\").getChild(\"FlexContainer\").getChild(\"FlexContainer_0\").getChild(\"NumericEntryField\").props.value\u003d0\n\t\tself.getChild(\"root\").getChild(\"FlexContainer_4\").getChild(\"FlexContainer_1\").getChild(\"FlexContainer_0\").getChild(\"NumericEntryField\").props.value\u003d0\n\t\tself.getChild(\"root\").getChild(\"FlexContainer_4\").getChild(\"FlexContainer_2\").getChild(\"FlexContainer_0\").getChild(\"NumericEntryField\").props.value\u003d0\n\t\tself.getChild(\"root\").getChild(\"FlexContainer_4\").getChild(\"FlexContainer_4\").getChild(\"FlexContainer_0\").getChild(\"TextField\").props.text\u003d\u0027\u0027\n\t\tself.getChild(\"root\").getChild(\"FlexContainer_5\").getChild(\"TextArea\").props.text\u003d\u0027\u0027\n\t\tself.getChild(\"root\").getChild(\"FlexContainer_0\").getChild(\"Table\").props.selection.enableRowSelection\u003dTrue\n\t\tself.getChild(\"root\").getChild(\"FlexContainer_0\").getChild(\"Table\").props.selection.enableColumnSelection\u003dTrue\n\t\tself.getChild(\"root\").getChild(\"FlexContainer_0\").getChild(\"Table\").props.columns[0].editable\u003dTrue\n\t\tpass"
        },
        "scope": "G",
        "type": "script"
      }
    }
  },
  "params": {
    "value": {
      "STO_PO": ""
    }
  },
  "propConfig": {
    "params.value": {
      "paramDirection": "input",
      "persistent": true
    }
  },
  "props": {
    "defaultSize": {
      "height": 609,
      "width": 2236
    }
  },
  "root": {
    "children": [
      {
        "children": [
          {
            "events": {
              "dom": {
                "onClick": {
                  "config": {
                    "draggable": false,
                    "id": "WVUeN6LF",
                    "modal": true,
                    "overlayDismiss": true,
                    "resizable": false,
                    "showCloseIcon": false,
                    "type": "open",
                    "viewParams": {
                      "sto": "{view.params.value.STO_PO}"
                    },
                    "viewPath": "Dashboards/Log_Dispatch/add",
                    "viewportBound": false
                  },
                  "scope": "C",
                  "type": "popup"
                }
              }
            },
            "meta": {
              "name": "Button"
            },
            "position": {
              "basis": "64px"
            },
            "props": {
              "style": {
                "marginLeft": 5
              },
              "text": "Add"
            },
            "type": "ia.input.button"
          },
          {
            "events": {
              "dom": {
                "onClick": {
                  "config": {
                    "draggable": false,
                    "id": "7F3mPOka",
                    "modal": false,
                    "overlayDismiss": true,
                    "position": {
                      "height": 250,
                      "width": 400
                    },
                    "positionType": "exact",
                    "resizable": true,
                    "showCloseIcon": true,
                    "title": "Print the particular LOG_ID",
                    "type": "toggle",
                    "viewPath": "Dashboards/Log_Dispatch/Manual_Print",
                    "viewportBound": false
                  },
                  "scope": "C",
                  "type": "popup"
                }
              }
            },
            "meta": {
              "name": "Button_0"
            },
            "position": {
              "basis": "62px"
            },
            "props": {
              "style": {
                "marginLeft": 5
              },
              "text": "Print"
            },
            "type": "ia.input.button"
          },
          {
            "events": {
              "dom": {
                "onClick": {
                  "config": {
                    "script": "\timport sys\n\tdata\u003dself.parent.parent.getChild(\"FlexContainer_0\").getChild(\"Table\").props.data\n\tpydata\u003dsystem.dataset.toPyDataSet(data)\n\ta\u003dlen(pydata)\n\tfor i in range(0,a):\n\t\tif pydata[i][0]\u003d\u003d1:\n\t\t\tcimsid\u003dpydata[i][5]\n\t\t\tquery\u003d\u0027\u0027\u0027DELETE FROM [dbo].[STOPO_Logs] WHERE [CIMS_ID]\u003d?\u0027\u0027\u0027\n\t\t\targs\u003d[cimsid]\n\t\t\te\u003dsystem.db.runPrepUpdate(query, args,\u0027CIMS2\u0027)\n\t\t\tsystem.perspective.sendMessage(\u0027deletelogs\u0027, payload\u003d{\u0027A\u0027:1},scope\u003d\u0027page\u0027)\n\t\telse:\n\t\t\tsystem.perspective.openPopup(\u0027Error\u0027,\u0027Template/Popup_1\u0027,params\u003d{\u0027Code\u0027:1,\u0027Message\u0027:\u0027Select Row for Delete ....!\u0027},showCloseIcon \u003d True,modal\u003dTrue,draggable\u003dFalse,position \u003d {\u0027top\u0027:100})\t\t\n\t\t\tsys.exit()\t"
                  },
                  "scope": "G",
                  "type": "script"
                }
              }
            },
            "meta": {
              "name": "Remove"
            },
            "position": {
              "basis": "64px"
            },
            "props": {
              "style": {
                "marginLeft": 5
              },
              "text": "Remove"
            },
            "type": "ia.input.button"
          },
          {
            "events": {
              "dom": {
                "onClick": {
                  "config": {
                    "draggable": true,
                    "id": "FYlqjJ-R",
                    "modal": false,
                    "overlayDismiss": false,
                    "resizable": true,
                    "showCloseIcon": true,
                    "title": "Manual Scanning of LogId",
                    "type": "open",
                    "viewPath": "Template/LogDispatch/Scan_1",
                    "viewportBound": false
                  },
                  "scope": "C",
                  "type": "popup"
                }
              }
            },
            "meta": {
              "name": "Button_1"
            },
            "position": {
              "basis": "80px"
            },
            "props": {
              "style": {
                "marginLeft": 5
              },
              "text": "Scan"
            },
            "type": "ia.input.button"
          }
        ],
        "meta": {
          "name": "FlexContainer"
        },
        "position": {
          "basis": "41px"
        },
        "props": {
          "alignItems": "center"
        },
        "type": "ia.container.flex"
      },
      {
        "children": [
          {
            "events": {
              "component": {
                "onEditCellCommit": {
                  "config": {
                    "script": "\tvalueToSet \u003d event.value\n\tself.props.data\u003d system.dataset.setValue(self.props.data, event.row, event.column, valueToSet)"
                  },
                  "scope": "G",
                  "type": "script"
                }
              }
            },
            "meta": {
              "name": "Table"
            },
            "position": {
              "grow": 1,
              "shrink": 0
            },
            "propConfig": {
              "props.data": {
                "binding": {
                  "config": {
                    "path": "view.params.value.STO_PO"
                  },
                  "overlayOptOut": true,
                  "transforms": [
                    {
                      "code": "\tSTO_PO\u003dself.view.params.value.STO_PO\n \tq\u003d\u0027\u0027\u0027SELECT [STO_PO]\n \t      ,trim([CIMS_ID]) as CIMS_ID\n \t      ,[SAP_ID]\n \t      ,[Status]\n \t  FROM [CIMS].[dbo].[STOPO_Logs]\n \t  where STO_PO\u003d?\n \t  \u0027\u0027\u0027\n \targs\u003d[STO_PO]\n \tdata\u003dsystem.db.runPrepQuery(q, args,\u0027CIMS2\u0027)\n \tcimsid \u003d []\n \tfor row in data:\n \t    cimsid.append(row[\u0027CIMS_ID\u0027])\n \tdata_string \u003d \u0027, \u0027.join([\"\u0027{}\u0027\".format(item) for item in cimsid])\n# \tprint(data_string)\n \t\n \tq1\u003d\u0027\u0027\u0027Select  0 as \u0027checkbox\u0027\n \t   \t\t ,trim(o.sfg_code) as SFG,\n \t         EC.length_after_end_cutting,\n \t         EC.weight_after_end_cutting,\n \t         trim(EC.standard_alloy) as Alloy,\n \t         --\u0027NA\u0027 as Temper,\n \t         trim(EC.log_batch_no) as CIMS_ID,\n \t         trim(EC.sap_batch_no) as SAP_ID\n \tfrom [dbo].[mes_endcut_homogenize_dispatch] EC\n \tJOIN\n \t[CIMS].[dbo].[mes_orders] o ON EC.prod_order\u003d o.[production_order]\n \tWHERE \n \tEC.log_batch_no IN (\u0027\u0027\u0027+data_string+\u0027\u0027\u0027)\u0027\u0027\u0027\n \targs\u003d[]\n \tdata1 \u003d system.db.runPrepQuery(q1,[], \u0027CIMS2\u0027)\n# \tfor row in data1:\n \treturn data1",
                      "type": "script"
                    }
                  ],
                  "type": "property"
                }
              }
            },
            "props": {
              "cells": {
                "style": {
                  "classes": "Table/Table_Cell"
                }
              },
              "columns": [
                {
                  "align": "center",
                  "boolean": "checkbox",
                  "dateFormat": "MM/DD/YYYY",
                  "editable": false,
                  "field": "checkbox",
                  "filter": {
                    "boolean": {
                      "condition": ""
                    },
                    "date": {
                      "condition": "",
                      "value": ""
                    },
                    "enabled": false,
                    "number": {
                      "condition": "",
                      "value": ""
                    },
                    "string": {
                      "condition": "",
                      "value": ""
                    },
                    "visible": "on-hover"
                  },
                  "footer": {
                    "align": "center",
                    "justify": "left",
                    "style": {
                      "classes": ""
                    },
                    "title": ""
                  },
                  "header": {
                    "align": "center",
                    "justify": "center",
                    "style": {
                      "classes": ""
                    },
                    "title": "Select"
                  },
                  "justify": "center",
                  "nullFormat": {
                    "includeNullStrings": false,
                    "nullFormatValue": "",
                    "strict": false
                  },
                  "number": "value",
                  "numberFormat": "0,0.##",
                  "progressBar": {
                    "bar": {
                      "color": "",
                      "style": {
                        "classes": ""
                      }
                    },
                    "max": 100,
                    "min": 0,
                    "track": {
                      "color": "",
                      "style": {
                        "classes": ""
                      }
                    },
                    "value": {
                      "enabled": true,
                      "format": "0,0.##",
                      "justify": "center",
                      "style": {
                        "classes": ""
                      }
                    }
                  },
                  "render": "boolean",
                  "resizable": true,
                  "sort": "none",
                  "sortable": false,
                  "strictWidth": false,
                  "style": {
                    "classes": ""
                  },
                  "toggleSwitch": {
                    "color": {
                      "selected": "",
                      "unselected": ""
                    }
                  },
                  "viewParams": {},
                  "viewPath": "",
                  "visible": true,
                  "width": ""
                },
                {
                  "align": "center",
                  "boolean": "checkbox",
                  "dateFormat": "MM/DD/YYYY",
                  "editable": false,
                  "field": "SFG",
                  "filter": {
                    "boolean": {
                      "condition": ""
                    },
                    "date": {
                      "condition": "",
                      "value": ""
                    },
                    "enabled": false,
                    "number": {
                      "condition": "",
                      "value": ""
                    },
                    "string": {
                      "condition": "",
                      "value": ""
                    },
                    "visible": "on-hover"
                  },
                  "footer": {
                    "align": "center",
                    "justify": "left",
                    "style": {
                      "classes": ""
                    },
                    "title": ""
                  },
                  "header": {
                    "align": "center",
                    "justify": "center",
                    "style": {
                      "classes": ""
                    },
                    "title": "SFG CODE"
                  },
                  "justify": "center",
                  "number": "value",
                  "numberFormat": "0,0.##",
                  "progressBar": {
                    "bar": {
                      "color": "",
                      "style": {
                        "classes": ""
                      }
                    },
                    "max": 100,
                    "min": 0,
                    "track": {
                      "color": "",
                      "style": {
                        "classes": ""
                      }
                    },
                    "value": {
                      "enabled": true,
                      "format": "0,0.##",
                      "justify": "center",
                      "style": {
                        "classes": ""
                      }
                    }
                  },
                  "render": "auto",
                  "resizable": false,
                  "sort": "none",
                  "sortable": false,
                  "strictWidth": false,
                  "style": {
                    "classes": ""
                  },
                  "toggleSwitch": {
                    "color": {
                      "selected": "",
                      "unselected": ""
                    }
                  },
                  "viewParams": {},
                  "viewPath": "",
                  "visible": true,
                  "width": ""
                },
                {
                  "align": "center",
                  "boolean": "checkbox",
                  "dateFormat": "MM/DD/YYYY",
                  "editable": false,
                  "field": "length_after_end_cutting",
                  "filter": {
                    "boolean": {
                      "condition": ""
                    },
                    "date": {
                      "condition": "",
                      "value": ""
                    },
                    "enabled": false,
                    "number": {
                      "condition": "",
                      "value": ""
                    },
                    "string": {
                      "condition": "",
                      "value": ""
                    },
                    "visible": "on-hover"
                  },
                  "footer": {
                    "align": "center",
                    "justify": "left",
                    "style": {
                      "classes": ""
                    },
                    "title": ""
                  },
                  "header": {
                    "align": "center",
                    "justify": "center",
                    "style": {
                      "classes": ""
                    },
                    "title": "Length(mm)"
                  },
                  "justify": "center",
                  "number": "value",
                  "numberFormat": "0,0.##",
                  "progressBar": {
                    "bar": {
                      "color": "",
                      "style": {
                        "classes": ""
                      }
                    },
                    "max": 100,
                    "min": 0,
                    "track": {
                      "color": "",
                      "style": {
                        "classes": ""
                      }
                    },
                    "value": {
                      "enabled": true,
                      "format": "0,0.##",
                      "justify": "center",
                      "style": {
                        "classes": ""
                      }
                    }
                  },
                  "render": "auto",
                  "resizable": false,
                  "sort": "none",
                  "sortable": false,
                  "strictWidth": false,
                  "style": {
                    "classes": ""
                  },
                  "toggleSwitch": {
                    "color": {
                      "selected": "",
                      "unselected": ""
                    }
                  },
                  "viewParams": {},
                  "viewPath": "",
                  "visible": true,
                  "width": ""
                },
                {
                  "align": "center",
                  "boolean": "checkbox",
                  "dateFormat": "MM/DD/YYYY",
                  "editable": false,
                  "field": "weight_after_end_cutting",
                  "filter": {
                    "boolean": {
                      "condition": ""
                    },
                    "date": {
                      "condition": "",
                      "value": ""
                    },
                    "enabled": false,
                    "number": {
                      "condition": "",
                      "value": ""
                    },
                    "string": {
                      "condition": "",
                      "value": ""
                    },
                    "visible": "on-hover"
                  },
                  "footer": {
                    "align": "center",
                    "justify": "left",
                    "style": {
                      "classes": ""
                    },
                    "title": ""
                  },
                  "header": {
                    "align": "center",
                    "justify": "center",
                    "style": {
                      "classes": ""
                    },
                    "title": "Weight(Kg)"
                  },
                  "justify": "center",
                  "number": "value",
                  "numberFormat": "0,0.##",
                  "progressBar": {
                    "bar": {
                      "color": "",
                      "style": {
                        "classes": ""
                      }
                    },
                    "max": 100,
                    "min": 0,
                    "track": {
                      "color": "",
                      "style": {
                        "classes": ""
                      }
                    },
                    "value": {
                      "enabled": true,
                      "format": "0,0.##",
                      "justify": "center",
                      "style": {
                        "classes": ""
                      }
                    }
                  },
                  "render": "auto",
                  "resizable": false,
                  "sort": "none",
                  "sortable": false,
                  "strictWidth": false,
                  "style": {
                    "classes": ""
                  },
                  "toggleSwitch": {
                    "color": {
                      "selected": "",
                      "unselected": ""
                    }
                  },
                  "viewParams": {},
                  "viewPath": "",
                  "visible": true,
                  "width": ""
                },
                {
                  "align": "center",
                  "boolean": "checkbox",
                  "dateFormat": "MM/DD/YYYY",
                  "editable": false,
                  "field": "Alloy",
                  "filter": {
                    "boolean": {
                      "condition": ""
                    },
                    "date": {
                      "condition": "",
                      "value": ""
                    },
                    "enabled": false,
                    "number": {
                      "condition": "",
                      "value": ""
                    },
                    "string": {
                      "condition": "",
                      "value": ""
                    },
                    "visible": "on-hover"
                  },
                  "footer": {
                    "align": "center",
                    "justify": "left",
                    "style": {
                      "classes": ""
                    },
                    "title": ""
                  },
                  "header": {
                    "align": "center",
                    "justify": "center",
                    "style": {
                      "classes": ""
                    },
                    "title": "Alloy"
                  },
                  "justify": "center",
                  "number": "value",
                  "numberFormat": "0,0.##",
                  "progressBar": {
                    "bar": {
                      "color": "",
                      "style": {
                        "classes": ""
                      }
                    },
                    "max": 100,
                    "min": 0,
                    "track": {
                      "color": "",
                      "style": {
                        "classes": ""
                      }
                    },
                    "value": {
                      "enabled": true,
                      "format": "0,0.##",
                      "justify": "center",
                      "style": {
                        "classes": ""
                      }
                    }
                  },
                  "render": "auto",
                  "resizable": false,
                  "sort": "none",
                  "sortable": false,
                  "strictWidth": false,
                  "style": {
                    "classes": ""
                  },
                  "toggleSwitch": {
                    "color": {
                      "selected": "",
                      "unselected": ""
                    }
                  },
                  "viewParams": {},
                  "viewPath": "",
                  "visible": true,
                  "width": ""
                },
                {
                  "align": "center",
                  "boolean": "checkbox",
                  "dateFormat": "MM/DD/YYYY",
                  "editable": false,
                  "field": "CIMS_ID",
                  "filter": {
                    "boolean": {
                      "condition": ""
                    },
                    "date": {
                      "condition": "",
                      "value": ""
                    },
                    "enabled": false,
                    "number": {
                      "condition": "",
                      "value": ""
                    },
                    "string": {
                      "condition": "",
                      "value": ""
                    },
                    "visible": "on-hover"
                  },
                  "footer": {
                    "align": "center",
                    "justify": "left",
                    "style": {
                      "classes": ""
                    },
                    "title": ""
                  },
                  "header": {
                    "align": "center",
                    "justify": "center",
                    "style": {
                      "classes": ""
                    },
                    "title": "CIMS_ID"
                  },
                  "justify": "center",
                  "number": "value",
                  "numberFormat": "0,0.##",
                  "progressBar": {
                    "bar": {
                      "color": "",
                      "style": {
                        "classes": ""
                      }
                    },
                    "max": 100,
                    "min": 0,
                    "track": {
                      "color": "",
                      "style": {
                        "classes": ""
                      }
                    },
                    "value": {
                      "enabled": true,
                      "format": "0,0.##",
                      "justify": "center",
                      "style": {
                        "classes": ""
                      }
                    }
                  },
                  "render": "auto",
                  "resizable": false,
                  "sort": "none",
                  "sortable": false,
                  "strictWidth": false,
                  "style": {
                    "classes": ""
                  },
                  "toggleSwitch": {
                    "color": {
                      "selected": "",
                      "unselected": ""
                    }
                  },
                  "viewParams": {},
                  "viewPath": "",
                  "visible": true,
                  "width": ""
                },
                {
                  "align": "center",
                  "boolean": "checkbox",
                  "dateFormat": "MM/DD/YYYY",
                  "editable": true,
                  "field": "SAP_ID",
                  "filter": {
                    "boolean": {
                      "condition": ""
                    },
                    "date": {
                      "condition": "",
                      "value": ""
                    },
                    "enabled": false,
                    "number": {
                      "condition": "",
                      "value": ""
                    },
                    "string": {
                      "condition": "",
                      "value": ""
                    },
                    "visible": "on-hover"
                  },
                  "footer": {
                    "align": "center",
                    "justify": "left",
                    "style": {
                      "classes": ""
                    },
                    "title": ""
                  },
                  "header": {
                    "align": "center",
                    "justify": "center",
                    "style": {
                      "classes": ""
                    },
                    "title": "SAP_ID"
                  },
                  "justify": "center",
                  "number": "value",
                  "numberFormat": "0,0.##",
                  "progressBar": {
                    "bar": {
                      "color": "",
                      "style": {
                        "classes": ""
                      }
                    },
                    "max": 100,
                    "min": 0,
                    "track": {
                      "color": "",
                      "style": {
                        "classes": ""
                      }
                    },
                    "value": {
                      "enabled": true,
                      "format": "0,0.##",
                      "justify": "center",
                      "style": {
                        "classes": ""
                      }
                    }
                  },
                  "render": "auto",
                  "resizable": false,
                  "sort": "none",
                  "sortable": false,
                  "strictWidth": false,
                  "style": {
                    "classes": ""
                  },
                  "toggleSwitch": {
                    "color": {
                      "selected": "",
                      "unselected": ""
                    }
                  },
                  "viewParams": {},
                  "viewPath": "",
                  "visible": true,
                  "width": ""
                }
              ],
              "headerStyle": {
                "classes": "Table/Table_Header",
                "height": 30
              },
              "pager": {
                "bottom": false,
                "initialOption": 200
              },
              "rows": {
                "height": 44,
                "style": {
                  "classes": "Table/Table_Row"
                }
              },
              "selection": {
                "enableRowSelection": false
              },
              "style": {
                "classes": "Table/Table_style"
              },
              "virtualized": false
            },
            "scripts": {
              "customMethods": [],
              "extensionFunctions": null,
              "messageHandlers": [
                {
                  "messageType": "Log_Table_update",
                  "pageScope": true,
                  "script": "\tA\u003dpayload[\u0027A\u0027]\n\tself.refreshBinding(\u0027props.data\u0027)",
                  "sessionScope": false,
                  "viewScope": true
                },
                {
                  "messageType": "deletelogs",
                  "pageScope": true,
                  "script": "\t# implement your handler here\n\tA\u003dpayload[\u0027A\u0027]\n\tself.refreshBinding(\u0027props.data\u0027)",
                  "sessionScope": false,
                  "viewScope": true
                }
              ]
            },
            "type": "ia.display.table"
          }
        ],
        "custom": {
          "key": "value"
        },
        "meta": {
          "name": "FlexContainer_0"
        },
        "position": {
          "shrink": 0
        },
        "propConfig": {
          "custom.rowcount": {
            "binding": {
              "config": {
                "expression": "now(4000)"
              },
              "transforms": [
                {
                  "code": "\tdata\u003dself.getChild(\"Table\").props.data\n\td\u003ddata.getRowCount()\n\treturn d",
                  "type": "script"
                }
              ],
              "type": "expr"
            }
          }
        },
        "props": {
          "direction": "column"
        },
        "type": "ia.container.flex"
      },
      {
        "children": [
          {
            "events": {
              "dom": {
                "onClick": {
                  "config": {
                    "draggable": false,
                    "id": "1Ikkxdry",
                    "modal": true,
                    "overlayDismiss": true,
                    "position": {
                      "height": 100,
                      "width": 1100
                    },
                    "positionType": "exact",
                    "resizable": false,
                    "showCloseIcon": true,
                    "title": "Add Spacer Details",
                    "type": "open",
                    "viewParams": {
                      "EDIT": "No",
                      "STO_PO": "{view.params.value.STO_PO}"
                    },
                    "viewPath": "Dashboards/Log_Dispatch/types_flexrepeat",
                    "viewportBound": false
                  },
                  "scope": "C",
                  "type": "popup"
                }
              }
            },
            "meta": {
              "name": "Button"
            },
            "position": {
              "basis": "80px",
              "display": false
            },
            "props": {
              "text": "Spacers"
            },
            "type": "ia.input.button"
          }
        ],
        "meta": {
          "name": "FlexContainer_2"
        },
        "position": {
          "basis": "36px",
          "shrink": 0
        },
        "props": {
          "alignItems": "center",
          "style": {
            "borderColor": "#E2E2E2",
            "borderStyle": "solid",
            "borderWidth": 1,
            "overflow": "hidden",
            "padding": 10
          }
        },
        "type": "ia.container.flex"
      },
      {
        "events": {
          "system": {
            "onStartup": {
              "config": {
                "script": "\tSTO_PO\u003dself.view.params.value.STO_PO\n#\ttype\u003d\n#\tweight\u003d\n#\tno_of_spacers\u003d\n\tquery\u003d\u0027\u0027\u0027SELECT \n\t      trim([Type]) as Type\n\t      ,[Weight]\n\t      ,[No_of_Spacers]\n\t  FROM [CIMS].[dbo].[STOPO_Spacer]\n\t  where [STO_PO]\u003d?\n\t  \u0027\u0027\u0027\n\targs\u003d[STO_PO]\n\tdata\u003dsystem.db.runPrepQuery(query, args,\u0027CIMS2\u0027)\n\t#\treturn data\n\tnewValue\u003d[]\n\t\t\n\tfor i in range(len(data)):\n\t\t\n\t\tA\u003d{\n\t\t  \"instanceStyle\": {\n\t\t    \"classes\": \"\"\n\t\t  },\n\t\t  \"instancePosition\": {},\n\t\t  \"Edit\": False,\n\t\t  \"Nospa\": data[i][\u0027No_of_Spacers\u0027],\n\t\t  \"Typespa\": data[i][\u0027Type\u0027],\n\t\t  \"Weightspa\": data[i][\u0027Weight\u0027]\n\t\t}\n\t\t\n\t\tnewValue.append(A)\n\t\n\tself.props.instances\u003dnewValue\n#\tsystem.db.refresh(self.props.instances, \"instances\")"
              },
              "scope": "G",
              "type": "script"
            }
          }
        },
        "meta": {
          "name": "FlexRepeater"
        },
        "position": {
          "shrink": 0
        },
        "propConfig": {
          "props.instances": {
            "binding": {
              "config": {
                "expression": "now(6000)"
              },
              "transforms": [
                {
                  "code": "\tSTO_PO\u003dself.view.params.value.STO_PO\n\tquery\u003d\u0027\u0027\u0027SELECT \n\t\t      trim([Type]) as Type\n\t\t      ,[Weight]\n\t\t      ,[No_of_Spacers]\n\t\t  FROM [CIMS].[dbo].[STOPO_Spacer]\n\t\t  where [STO_PO]\u003d?\n\t\t  \u0027\u0027\u0027\n\targs\u003d[STO_PO]\n\tdata\u003dsystem.db.runPrepQuery(query, args,\u0027CIMS2\u0027)\n\t#\treturn data\n\tnewValue\u003d[]\n\t\t\n\tfor i in range(len(data)):\n\t\t\n\t\tA\u003d{\n\t\t  \"instanceStyle\": {\n\t\t    \"classes\": \"\"\n\t\t  },\n\t\t  \"instancePosition\": {},\n\t\t  \"Edit\": False,\n\t\t  \"Nospa\": data[i][\u0027No_of_Spacers\u0027],\n\t\t  \"Typespa\": data[i][\u0027Type\u0027],\n\t\t  \"Weightspa\": data[i][\u0027Weight\u0027]\n\t\t}\n\t\t\n\t\tnewValue.append(A)\n\treturn newValue\n\t\n#\tself.props.instances\u003dnewValue",
                  "type": "script"
                }
              ],
              "type": "expr"
            }
          }
        },
        "props": {
          "alignContent": "center",
          "direction": "column",
          "elementPosition": {
            "basis": "auto",
            "shrink": 0
          },
          "path": "Dashboards/Log_Dispatch/types_flexrepeat",
          "style": {
            "overflow": "visible"
          },
          "wrap": "wrap"
        },
        "scripts": {
          "customMethods": [],
          "extensionFunctions": null,
          "messageHandlers": [
            {
              "messageType": "refresh_spacer",
              "pageScope": true,
              "script": "\t# implement your handler here\n\tA\u003dpayload[\u0027A\u0027]\n\tself.refreshBinding(\u0027props.instances\u0027)\n",
              "sessionScope": false,
              "viewScope": true
            }
          ]
        },
        "type": "ia.display.flex-repeater"
      },
      {
        "children": [
          {
            "meta": {
              "name": "FlexContainer_5"
            },
            "position": {
              "basis": "38.1px"
            },
            "type": "ia.container.flex"
          },
          {
            "children": [
              {
                "children": [
                  {
                    "meta": {
                      "name": "Label"
                    },
                    "position": {
                      "basis": "212px"
                    },
                    "props": {
                      "style": {
                        "fontFamily": "Roboto",
                        "fontSize": 16
                      },
                      "text": "Miscellaneous Weight"
                    },
                    "type": "ia.display.label"
                  }
                ],
                "meta": {
                  "name": "FlexContainer"
                },
                "position": {
                  "basis": "200px"
                },
                "type": "ia.container.flex"
              },
              {
                "children": [
                  {
                    "meta": {
                      "name": "NumericEntryField"
                    },
                    "position": {
                      "basis": "270px"
                    },
                    "propConfig": {
                      "custom.Enable": {
                        "binding": {
                          "config": {
                            "expression": "{this.props.value}"
                          },
                          "transforms": [
                            {
                              "code": "\tif value \u003e\u003d1:\n\t\treturn True\n\telse:\n\t\treturn False",
                              "type": "script"
                            }
                          ],
                          "type": "expr"
                        }
                      }
                    },
                    "props": {
                      "align": "center",
                      "enabled": false,
                      "format": "none",
                      "spinner": {
                        "enabled": false
                      },
                      "value": 30
                    },
                    "type": "ia.input.numeric-entry-field"
                  }
                ],
                "meta": {
                  "name": "FlexContainer_0"
                },
                "position": {
                  "basis": "200px"
                },
                "type": "ia.container.flex"
              }
            ],
            "meta": {
              "name": "FlexContainer"
            },
            "position": {
              "basis": "160px"
            },
            "props": {
              "direction": "column"
            },
            "type": "ia.container.flex"
          },
          {
            "children": [
              {
                "children": [
                  {
                    "meta": {
                      "name": "Label"
                    },
                    "position": {
                      "basis": "177px"
                    },
                    "props": {
                      "style": {
                        "fontFamily": "Roboto",
                        "fontSize": 16
                      },
                      "text": "Logs Net Weight"
                    },
                    "type": "ia.display.label"
                  }
                ],
                "meta": {
                  "name": "FlexContainer"
                },
                "position": {
                  "basis": "200px"
                },
                "type": "ia.container.flex"
              },
              {
                "children": [
                  {
                    "meta": {
                      "name": "NumericEntryField"
                    },
                    "position": {
                      "basis": "270px"
                    },
                    "propConfig": {
                      "custom.Enable": {
                        "binding": {
                          "config": {
                            "expression": "{this.props.value}"
                          },
                          "transforms": [
                            {
                              "code": "\tif value \u003e\u003d1:\n\t\t\treturn True\n\telse:\n\t\treturn False",
                              "type": "script"
                            }
                          ],
                          "type": "expr"
                        }
                      },
                      "props.value": {
                        "binding": {
                          "config": {
                            "expression": "now()"
                          },
                          "overlayOptOut": true,
                          "transforms": [
                            {
                              "code": "\tSTO_PO\u003dself.view.params.value.STO_PO\n\tq\u003d\u0027\u0027\u0027SELECT [STO_PO]\n\t   ,trim([CIMS_ID]) as CIMS_ID\n\t   ,[SAP_ID]\n\t   ,[Status]\n\tFROM [CIMS].[dbo].[STOPO_Logs]\n\twhere STO_PO\u003d?\n\t\u0027\u0027\u0027\n\targs\u003d[STO_PO]\n\tdata\u003dsystem.db.runPrepQuery(q, args,\u0027CIMS2\u0027)\n\tcimsid \u003d []\n\tfor row in data:\n\t \tcimsid.append(row[\u0027CIMS_ID\u0027])\n\tdata_string \u003d \u0027, \u0027.join([\"\u0027{}\u0027\".format(item) for item in cimsid])\n#\treturn data_string\n\t\n\tq1\u003d\u0027\u0027\u0027Select SUM(EC.weight_after_end_cutting) as Logs_Net_weight\n\t      \n\tfrom [dbo].[mes_endcut_homogenize_dispatch] EC\n\tJOIN\n\t[CIMS].[dbo].[mes_orders] o ON EC.prod_order\u003d o.[production_order]\n\tWHERE \n\t\tEC.log_batch_no IN (\u0027\u0027\u0027+data_string+\u0027\u0027\u0027)\n\t\u0027\u0027\u0027\n\targs\u003d[]\n\tdata1 \u003d system.db.runPrepQuery(q1,[], \u0027CIMS2\u0027)\n\t#     for row in data1:\n\treturn data1[0][0]",
                              "type": "script"
                            }
                          ],
                          "type": "expr"
                        }
                      }
                    },
                    "props": {
                      "align": "center",
                      "enabled": false,
                      "spinner": {
                        "enabled": false
                      }
                    },
                    "type": "ia.input.numeric-entry-field"
                  }
                ],
                "meta": {
                  "name": "FlexContainer_0"
                },
                "position": {
                  "basis": "200px"
                },
                "type": "ia.container.flex"
              }
            ],
            "meta": {
              "name": "FlexContainer_0"
            },
            "position": {
              "basis": "124px"
            },
            "props": {
              "direction": "column"
            },
            "type": "ia.container.flex"
          },
          {
            "children": [
              {
                "children": [
                  {
                    "meta": {
                      "name": "Label"
                    },
                    "position": {
                      "basis": "139px"
                    },
                    "props": {
                      "style": {
                        "fontFamily": "Roboto",
                        "fontSize": 16
                      },
                      "text": "Vehicle Weight"
                    },
                    "type": "ia.display.label"
                  }
                ],
                "meta": {
                  "name": "FlexContainer"
                },
                "position": {
                  "basis": "200px"
                },
                "type": "ia.container.flex"
              },
              {
                "children": [
                  {
                    "meta": {
                      "name": "NumericEntryField"
                    },
                    "position": {
                      "basis": "270px"
                    },
                    "propConfig": {
                      "custom.enable": {
                        "binding": {
                          "config": {
                            "expression": "{this.props.value}"
                          },
                          "transforms": [
                            {
                              "code": "\tif value\u003e\u003d1:\n\t\treturn True\n\telse:\n\t\treturn False ",
                              "type": "script"
                            }
                          ],
                          "type": "expr"
                        }
                      }
                    },
                    "props": {
                      "align": "center",
                      "enabled": false,
                      "format": "none",
                      "spinner": {
                        "enabled": false
                      },
                      "value": 20
                    },
                    "type": "ia.input.numeric-entry-field"
                  }
                ],
                "meta": {
                  "name": "FlexContainer_0"
                },
                "position": {
                  "basis": "200px"
                },
                "type": "ia.container.flex"
              }
            ],
            "meta": {
              "name": "FlexContainer_1"
            },
            "position": {
              "basis": "117px"
            },
            "props": {
              "direction": "column"
            },
            "type": "ia.container.flex"
          },
          {
            "children": [
              {
                "children": [
                  {
                    "meta": {
                      "name": "Label"
                    },
                    "position": {
                      "basis": "204px"
                    },
                    "props": {
                      "style": {
                        "fontFamily": "Roboto",
                        "fontSize": 16
                      },
                      "text": "Total Gross Weight"
                    },
                    "type": "ia.display.label"
                  }
                ],
                "meta": {
                  "name": "FlexContainer"
                },
                "position": {
                  "basis": "200px"
                },
                "props": {
                  "style": {
                    "overflow": "hidden"
                  }
                },
                "type": "ia.container.flex"
              },
              {
                "children": [
                  {
                    "meta": {
                      "name": "NumericEntryField"
                    },
                    "position": {
                      "basis": "270px"
                    },
                    "propConfig": {
                      "custom.enable": {
                        "binding": {
                          "config": {
                            "expression": "{this.props.value}"
                          },
                          "transforms": [
                            {
                              "code": "\tif value\u003e\u003d1:\n\t\treturn True\n\telse:\n\t\treturn False ",
                              "type": "script"
                            }
                          ],
                          "type": "expr"
                        }
                      },
                      "props.value": {
                        "binding": {
                          "config": {
                            "expression": "now()"
                          },
                          "transforms": [
                            {
                              "code": "\tSTO_PO\u003dself.view.params.value.STO_PO\n\tq\u003d\u0027\u0027\u0027SELECT \n\t      \n\t     SUM([Weight]) as total_weight\n\t      \n\t  FROM [CIMS].[dbo].[STOPO_Spacer]\n\t  where  STO_PO\u003d?\n\t  \u0027\u0027\u0027\n\targs\u003d[STO_PO]\n\tdata\u003dsystem.db.runPrepQuery(q, args, \u0027CIMS2\u0027)\n\ttot_spacer_wei\u003ddata[0][0]\n\tif tot_spacer_wei is None:\n\t    tot_spacer_wei\u003d0\n\telse:\n\t   \tpass   \n\t   \n\tmis_wei\u003dself.parent.parent.parent.getChild(\"FlexContainer\").getChild(\"FlexContainer_0\").getChild(\"NumericEntryField\").props.value\n\tif mis_wei is None:\n\t\tmis_wei\u003d0\n\telse:\n\t\t pass \n\tLogs_wei\u003dself.parent.parent.parent.getChild(\"FlexContainer_0\").getChild(\"FlexContainer_0\").getChild(\"NumericEntryField\").props.value\n\tif Logs_wei is None:\n\t    Logs_wei\u003d0\n\telse:\n\t\tpass \n\tveh_wei\u003dself.parent.parent.parent.getChild(\"FlexContainer_1\").getChild(\"FlexContainer_0\").getChild(\"NumericEntryField\").props.value\n\tif veh_wei is None:\n\t\tveh_wei\u003d0\n\telse:\n\t\tpass \n#\tgross_weight\u003dself.props.value\n\ttot_gross \u003d tot_spacer_wei + mis_wei + Logs_wei + veh_wei\n#\tself.props.value\u003dtot_gross\n\treturn tot_gross\n\n\t\n\n\t",
                              "type": "script"
                            }
                          ],
                          "type": "expr"
                        }
                      }
                    },
                    "props": {
                      "align": "center",
                      "enabled": false,
                      "spinner": {
                        "enabled": false
                      }
                    },
                    "type": "ia.input.numeric-entry-field"
                  }
                ],
                "meta": {
                  "name": "FlexContainer_0"
                },
                "position": {
                  "basis": "200px"
                },
                "type": "ia.container.flex"
              }
            ],
            "meta": {
              "name": "FlexContainer_2"
            },
            "position": {
              "basis": "138px"
            },
            "props": {
              "direction": "column"
            },
            "type": "ia.container.flex"
          },
          {
            "children": [
              {
                "children": [
                  {
                    "meta": {
                      "name": "Label"
                    },
                    "position": {
                      "basis": "204px"
                    },
                    "props": {
                      "style": {
                        "fontFamily": "Roboto",
                        "fontSize": 16
                      },
                      "text": "Vehicle Number"
                    },
                    "type": "ia.display.label"
                  }
                ],
                "meta": {
                  "name": "FlexContainer"
                },
                "position": {
                  "basis": "200px"
                },
                "props": {
                  "style": {
                    "overflow": "hidden"
                  }
                },
                "type": "ia.container.flex"
              },
              {
                "children": [
                  {
                    "meta": {
                      "name": "TextField"
                    },
                    "position": {
                      "basis": "270px"
                    },
                    "propConfig": {
                      "custom.enable": {
                        "binding": {
                          "config": {
                            "expression": "{this.props.text}"
                          },
                          "transforms": [
                            {
                              "code": "\tif value\u003d\u003d\"\":\n\t\treturn False\n\telse:\n\t\treturn True",
                              "type": "script"
                            }
                          ],
                          "type": "expr"
                        }
                      }
                    },
                    "props": {
                      "enabled": false,
                      "style": {
                        "textAlign": "center"
                      },
                      "text": "rr"
                    },
                    "type": "ia.input.text-field"
                  }
                ],
                "meta": {
                  "name": "FlexContainer_0"
                },
                "position": {
                  "basis": "200px"
                },
                "type": "ia.container.flex"
              }
            ],
            "meta": {
              "name": "FlexContainer_4"
            },
            "position": {
              "basis": "120px"
            },
            "props": {
              "direction": "column"
            },
            "type": "ia.container.flex"
          },
          {
            "meta": {
              "name": "FlexContainer_3"
            },
            "position": {
              "basis": "38.1px"
            },
            "type": "ia.container.flex"
          }
        ],
        "meta": {
          "name": "FlexContainer_4"
        },
        "position": {
          "basis": "65px"
        },
        "props": {
          "justify": "space-between"
        },
        "type": "ia.container.flex"
      },
      {
        "children": [
          {
            "meta": {
              "name": "TextArea"
            },
            "position": {
              "basis": "92px"
            },
            "propConfig": {
              "custom.enable": {
                "binding": {
                  "config": {
                    "expression": "{this.props.text}"
                  },
                  "transforms": [
                    {
                      "code": "\tif value\u003d\u003d\"\":\n\t\treturn False\n\telse:\n\t\treturn True ",
                      "type": "script"
                    }
                  ],
                  "type": "expr"
                }
              }
            },
            "props": {
              "enabled": false,
              "placeholder": " Enter Remarks",
              "style": {
                "borderColor": "#E9E2E2",
                "borderStyle": "solid",
                "borderWidth": 1,
                "margin": 15,
                "marginBottom": 10,
                "marginTop": 10,
                "padding": 10
              },
              "text": "gg"
            },
            "type": "ia.input.text-area"
          }
        ],
        "meta": {
          "name": "FlexContainer_5"
        },
        "position": {
          "basis": "92px"
        },
        "props": {
          "direction": "column",
          "justify": "space-between",
          "wrap": "wrap"
        },
        "type": "ia.container.flex"
      },
      {
        "children": [
          {
            "custom": {
              "Refresh": "noedit"
            },
            "events": {
              "dom": {
                "onClick": [
                  {
                    "config": {
                      "script": "\t#Collect the values \n\timport sys\n\timport time\n\tmis\u003dself.parent.parent.getChild(\"FlexContainer_4\").getChild(\"FlexContainer\").getChild(\"FlexContainer_0\").getChild(\"NumericEntryField\").props.value\n\tlogs\u003dself.parent.parent.getChild(\"FlexContainer_4\").getChild(\"FlexContainer_0\").getChild(\"FlexContainer_0\").getChild(\"NumericEntryField\").props.value\n\tvechweight\u003dself.parent.parent.getChild(\"FlexContainer_4\").getChild(\"FlexContainer_1\").getChild(\"FlexContainer_0\").getChild(\"NumericEntryField\").props.value\n\tTotal\u003dself.parent.parent.getChild(\"FlexContainer_4\").getChild(\"FlexContainer_2\").getChild(\"FlexContainer_0\").getChild(\"NumericEntryField\").props.value\n\tvechi_no\u003dself.parent.parent.getChild(\"FlexContainer_4\").getChild(\"FlexContainer_4\").getChild(\"FlexContainer_0\").getChild(\"TextField\").props.text\n\tstatus\u003d\"Completed\"\n\tRemark\u003dself.parent.parent.getChild(\"FlexContainer_5\").getChild(\"TextArea\").props.text\n\t#check the logs\n\tsto_po\u003dstr(self.view.params.value.STO_PO)\n\tq\u003d\u0027\u0027\u0027select Quantity FROM SAP_Dispatch where STO_PO\u003d?\u0027\u0027\u0027\n\td\u003dsystem.db.runPrepQuery(q, [sto_po], \u0027CIMS2\u0027)\n\tquantity\u003dd[0][0]\n\tif quantity!\u003dlogs:\n\t\tq1\u003d\u0027\u0027\u0027update [dbo].[SAP_Dispatch]set [Status] \u003d ?,[Miscellaneous] \u003d ?,[Logs_Net_Weight] \u003d ?,[Vehicle_Weight] \u003d ?,[Total_Gross_Weight] \u003d ?,[Remarks] \u003d ?,[Vehicle_No] \u003d ? WHERE [STO_PO]\u003d?\u0027\u0027\u0027\n\t\targs\u003d[status,mis,logs,vechweight,Total,Remark,vechi_no,sto_po]\n\t\tdata\u003dsystem.db.runPrepUpdate(q1, args, \u0027CIMS2\u0027)\n\t\tsystem.perspective.sendMessage(\u0027Refresh_main\u0027, payload\u003d{\u0027A\u0027:1},scope\u003d\u0027page\u0027)\n\t\tsystem.perspective.sendMessage(\u0027confirm\u0027, payload\u003d{\u0027A\u0027:1},scope\u003d\u0027page\u0027)\n\t\tself.custom.Refresh\u003d\"noedit\"\n\t\t\n\telse:\n\t\tself.custom.Refresh\u003d\"edit\"\n\t\tsystem.perspective.openPopup(\u0027Error\u0027,\u0027Template/Popup_1\u0027,params\u003d{\u0027Code\u0027:1,\u0027Message\u0027:\u0027Logs weight was mismatched...!\u0027},showCloseIcon \u003d True,modal\u003dTrue,draggable\u003dFalse,position \u003d {\u0027top\u0027:100})\n\t\tsys.exit()\n\t\t\n#\t\t\tsystem.perspective.openPopup(\u0027Error\u0027,\u0027Template/Popup_1\u0027,params\u003d{\u0027Code\u0027:1,\u0027Message\u0027:\u0027Logs weight was mismatched...!\u0027},showCloseIcon \u003d True,modal\u003dTrue,draggable\u003dFalse,position \u003d {\u0027top\u0027:100})\n#\t\t\tsys.exit()"
                    },
                    "enabled": false,
                    "scope": "G",
                    "type": "script"
                  },
                  {
                    "config": {
                      "script": "\tmis\u003dself.parent.parent.getChild(\"FlexContainer_4\").getChild(\"FlexContainer\").getChild(\"FlexContainer_0\").getChild(\"NumericEntryField\").props.value\n\tlogs\u003dself.parent.parent.getChild(\"FlexContainer_4\").getChild(\"FlexContainer_0\").getChild(\"FlexContainer_0\").getChild(\"NumericEntryField\").props.value\n\tvechweight\u003dself.parent.parent.getChild(\"FlexContainer_4\").getChild(\"FlexContainer_1\").getChild(\"FlexContainer_0\").getChild(\"NumericEntryField\").props.value\n\tTotal\u003dself.parent.parent.getChild(\"FlexContainer_4\").getChild(\"FlexContainer_2\").getChild(\"FlexContainer_0\").getChild(\"NumericEntryField\").props.value\n\tvechi_no\u003dself.parent.parent.getChild(\"FlexContainer_4\").getChild(\"FlexContainer_4\").getChild(\"FlexContainer_0\").getChild(\"TextField\").props.text\n\tstatus\u003d\"Completed\"\n\tRemark\u003dself.parent.parent.getChild(\"FlexContainer_5\").getChild(\"TextArea\").props.text\n\trole\u003dself.session.props.auth.user.roles[0]\n\t#check the logs\n\tsto_po\u003dstr(self.view.params.value.STO_PO)\n\tq\u003d\u0027\u0027\u0027select Quantity FROM SAP_Dispatch where STO_PO\u003d?\u0027\u0027\u0027\n\td\u003dsystem.db.runPrepQuery(q, [sto_po], \u0027CIMS2\u0027)\n\tquantity\u003dd[0][0]\n\tif quantity!\u003dlogs:\n\t\tif role\u003d\u003d\"Administrator\":\n\t\t\tq1\u003d\u0027\u0027\u0027update [dbo].[SAP_Dispatch]set [Status] \u003d ?,[Miscellaneous] \u003d ?,[Logs_Net_Weight] \u003d ?,[Vehicle_Weight] \u003d ?,[Total_Gross_Weight] \u003d ?,[Remarks] \u003d ?,[Vehicle_No] \u003d ? WHERE [STO_PO]\u003d?\u0027\u0027\u0027\n\t\t\targs\u003d[status,mis,logs,vechweight,Total,Remark,vechi_no,sto_po]\n\t\t\tdata\u003dsystem.db.runPrepUpdate(q1, args, \u0027CIMS2\u0027)\n\t\t\tsystem.perspective.sendMessage(\u0027Refresh_main\u0027, payload\u003d{\u0027A\u0027:1},scope\u003d\u0027page\u0027)\n\t\t\tsystem.perspective.sendMessage(\u0027confirm\u0027, payload\u003d{\u0027A\u0027:1},scope\u003d\u0027page\u0027)\n\t\t\tself.custom.Refresh\u003d\"noedit\"\n\t\telse:\n\t\t\tsystem.perspective.openPopup(\u0027Error\u0027,\u0027Template/Popup_1\u0027,params\u003d{\u0027Code\u0027:1,\u0027Message\u0027:\u0027Administrtor only have the access...!\u0027},showCloseIcon \u003d True,modal\u003dTrue,draggable\u003dFalse,position \u003d {\u0027top\u0027:100})\t\t\n\t\t\tsys.exit()\t\n#\t\tq1\u003d\u0027\u0027\u0027update [dbo].[SAP_Dispatch]set [Status] \u003d ?,[Miscellaneous] \u003d ?,[Logs_Net_Weight] \u003d ?,[Vehicle_Weight] \u003d ?,[Total_Gross_Weight] \u003d ?,[Remarks] \u003d ?,[Vehicle_No] \u003d ? WHERE [STO_PO]\u003d?\u0027\u0027\u0027\n#\t\targs\u003d[status,mis,logs,vechweight,Total,Remark,vechi_no,sto_po]\n#\t\tdata\u003dsystem.db.runPrepUpdate(q1, args, \u0027CIMS2\u0027)\n#\t\tsystem.perspective.sendMessage(\u0027Refresh_main\u0027, payload\u003d{\u0027A\u0027:1},scope\u003d\u0027page\u0027)\n#\t\tsystem.perspective.sendMessage(\u0027confirm\u0027, payload\u003d{\u0027A\u0027:1},scope\u003d\u0027page\u0027)\n#\t\tself.custom.Refresh\u003d\"noedit\"\n\telse:\n\t\tself.custom.Refresh\u003d\"edit\"\n\t\tsystem.perspective.openPopup(\u0027Error\u0027,\u0027Template/Popup_1\u0027,params\u003d{\u0027Code\u0027:1,\u0027Message\u0027:\u0027Logs weight was mismatched...!\u0027},showCloseIcon \u003d True,modal\u003dTrue,draggable\u003dFalse,position \u003d {\u0027top\u0027:100})\n\t\tsys.exit()"
                    },
                    "enabled": false,
                    "scope": "G",
                    "type": "script"
                  },
                  {
                    "config": {
                      "draggable": false,
                      "id": "9KDzdlCD",
                      "modal": true,
                      "overlayDismiss": true,
                      "resizable": true,
                      "showCloseIcon": true,
                      "title": "Admin Credential",
                      "type": "open",
                      "viewParams": {
                        "Remark": "{/root/FlexContainer_5/TextArea.props.text}",
                        "RowCount": "{/root/FlexContainer_0.custom.rowcount}",
                        "Total": "{/root/FlexContainer_4/FlexContainer_2/FlexContainer_0/NumericEntryField.props.value}",
                        "logs": "{/root/FlexContainer_4/FlexContainer_0/FlexContainer_0/NumericEntryField.props.value}",
                        "mis": "{/root/FlexContainer_4/FlexContainer/FlexContainer_0/NumericEntryField.props.value}",
                        "status": "Completed",
                        "sto_po": "{view.params.value.STO_PO}",
                        "vechi_no": "{/root/FlexContainer_4/FlexContainer_4/FlexContainer_0/TextField.props.text}",
                        "vechweight": "{/root/FlexContainer_4/FlexContainer_1/FlexContainer_0/NumericEntryField.props.value}"
                      },
                      "viewPath": "Dashboards/Log_Dispatch/credentials",
                      "viewportBound": false
                    },
                    "scope": "C",
                    "type": "popup"
                  }
                ]
              }
            },
            "meta": {
              "name": "Button"
            },
            "position": {
              "basis": "80px",
              "display": false
            },
            "propConfig": {
              "custom.Refresh": {
                "onChange": {
                  "enabled": null,
                  "script": "\tif currentValue.value\u003d\u003d\"noedit\":\n\t\tself.parent.parent.getChild(\"FlexContainer_4\").getChild(\"FlexContainer\").getChild(\"FlexContainer_0\").getChild(\"NumericEntryField\").props.enabled\u003dFalse\n\t\tself.parent.parent.getChild(\"FlexContainer_4\").getChild(\"FlexContainer_1\").getChild(\"FlexContainer_0\").getChild(\"NumericEntryField\").props.enabled\u003dFalse\n\t\tself.parent.parent.getChild(\"FlexContainer_4\").getChild(\"FlexContainer_2\").getChild(\"FlexContainer_0\").getChild(\"NumericEntryField\").props.enabled\u003dFalse\n\t\tself.parent.parent.getChild(\"FlexContainer_4\").getChild(\"FlexContainer_4\").getChild(\"FlexContainer_0\").getChild(\"TextField\").props.enabled\u003dFalse\n\t\tself.parent.parent.getChild(\"FlexContainer_5\").getChild(\"TextArea\").props.enabled\u003dFalse\n\t\tself.position.display\u003dFalse\n\t\tself.parent.parent.getChild(\"FlexContainer_2\").getChild(\"Button\").position.display\u003dFalse\n\t\tself.view.getChild(\"root\").custom.EnableOption\u003d1\n\t\tself.parent.parent.getChild(\"FlexContainer_0\").getChild(\"Table\").props.columns[0].editable\u003dFalse\n\t\t\n\telif currentValue.value\u003d\u003d\"edit\":\n\t\tself.parent.parent.getChild(\"FlexContainer_4\").getChild(\"FlexContainer\").getChild(\"FlexContainer_0\").getChild(\"NumericEntryField\").props.enabled\u003dTrue\n\t\tself.parent.parent.getChild(\"FlexContainer_4\").getChild(\"FlexContainer_1\").getChild(\"FlexContainer_0\").getChild(\"NumericEntryField\").props.enabled\u003dTrue\n\t\tself.parent.parent.getChild(\"FlexContainer_4\").getChild(\"FlexContainer_2\").getChild(\"FlexContainer_0\").getChild(\"NumericEntryField\").props.enabled\u003dTrue\n\t\tself.parent.parent.getChild(\"FlexContainer_4\").getChild(\"FlexContainer_4\").getChild(\"FlexContainer_0\").getChild(\"TextField\").props.enabled\u003dTrue\n\t\tself.parent.parent.getChild(\"FlexContainer_5\").getChild(\"TextArea\").props.enabled\u003dTrue\n\t\tself.parent.parent.getChild(\"FlexContainer_0\").getChild(\"Table\").props.columns[0].editable\u003dTrue\n\t\tself.position.display\u003dTrue\n\t\tself.parent.parent.getChild(\"FlexContainer_2\").getChild(\"Button\").position.display\u003dTrue\n\t\tself.view.getChild(\"root\").custom.EnableOption\u003d2"
                }
              },
              "props.enabled": {
                "binding": {
                  "config": {
                    "expression": "{.../FlexContainer_5/TextArea.custom.enable}\u0026\u0026{.../FlexContainer_4/FlexContainer/FlexContainer_0/NumericEntryField.props.value}\u0026\u0026{.../FlexContainer_4/FlexContainer_1/FlexContainer_0/NumericEntryField.custom.enable}\u0026\u0026{.../FlexContainer_4/FlexContainer_2/FlexContainer_0/NumericEntryField.custom.enable}\u0026\u0026{.../FlexContainer_4/FlexContainer_4/FlexContainer_0/TextField.custom.enable}"
                  },
                  "type": "expr"
                }
              }
            },
            "props": {
              "text": "Confirm"
            },
            "scripts": {
              "customMethods": [],
              "extensionFunctions": null,
              "messageHandlers": [
                {
                  "messageType": "Credential_OK",
                  "pageScope": true,
                  "script": "\t# implement your handler here\n\tself.custom.Refresh\u003dpayload[\u0027value\u0027]",
                  "sessionScope": false,
                  "viewScope": true
                }
              ]
            },
            "type": "ia.input.button"
          }
        ],
        "meta": {
          "name": "FlexContainer_1"
        },
        "position": {
          "basis": "30px"
        },
        "props": {
          "alignItems": "center",
          "justify": "center"
        },
        "type": "ia.container.flex"
      }
    ],
    "custom": {
      "EnableOption": 2
    },
    "meta": {
      "name": "root"
    },
    "propConfig": {
      "custom.EnableOption": {
        "onChange": {
          "enabled": null,
          "script": "\tif currentValue.value\u003d\u003d1:\n\t\tself.getChild(\"FlexContainer_1\").position.display\u003dFalse\n\t\tself.getChild(\"FlexContainer_2\").position.display\u003dFalse\n\t\tself.getChild(\"FlexContainer\").position.display\u003dFalse\n\tif currentValue.value\u003d\u003d2:\n\t\tself.getChild(\"FlexContainer_1\").position.display\u003dTrue\n\t\tself.getChild(\"FlexContainer_2\").position.display\u003dTrue\n\t\tself.getChild(\"FlexContainer\").position.display\u003dTrue"
        }
      }
    },
    "props": {
      "direction": "column",
      "style": {
        "margin": 10
      }
    },
    "scripts": {
      "customMethods": [],
      "extensionFunctions": null,
      "messageHandlers": [
        {
          "messageType": "confirm",
          "pageScope": true,
          "script": "\t# implement your handler here\n\tPayload\u003dpayload[\u0027A\u0027]\n\tself.refreshBinding(\u0027props.data\u0027)\n\t",
          "sessionScope": false,
          "viewScope": false
        }
      ]
    },
    "type": "ia.container.flex"
  }
}