{
  "custom": {},
  "params": {},
  "props": {
    "defaultSize": {
      "height": 65,
      "width": 1030
    }
  },
  "root": {
    "children": [
      {
        "children": [
          {
            "meta": {
              "name": "Label"
            },
            "position": {
              "basis": "100px"
            },
            "props": {
              "style": {
                "classes": "Operator/batch_label",
                "marginLeft": 10
              },
              "text": "Batch 1",
              "textStyle": {
                "textAlign": "center"
              }
            },
            "type": "ia.display.label"
          },
          {
            "children": [
              {
                "meta": {
                  "name": "Label"
                },
                "position": {
                  "basis": "200px "
                },
                "props": {
                  "style": {
                    "classes": "Operator/entry_label"
                  },
                  "text": "Batch No ",
                  "textStyle": {
                    "textAlign": "center"
                  }
                },
                "type": "ia.display.label"
              },
              {
                "meta": {
                  "name": "TextField"
                },
                "position": {
                  "basis": "32px"
                },
                "props": {
                  "style": {
                    "classes": "Operator/entry_field"
                  }
                },
                "type": "ia.input.text-field"
              }
            ],
            "meta": {
              "name": "FlexContainer"
            },
            "position": {
              "basis": "269px"
            },
            "props": {
              "alignContent": "space-between",
              "direction": "column",
              "justify": "space-evenly",
              "wrap": "wrap"
            },
            "type": "ia.container.flex"
          },
          {
            "children": [
              {
                "meta": {
                  "name": "Label"
                },
                "position": {
                  "basis": "200px"
                },
                "props": {
                  "style": {
                    "classes": "Operator/entry_label"
                  },
                  "text": "Actual internal Alloy",
                  "textStyle": {
                    "textAlign": "left"
                  }
                },
                "type": "ia.display.label"
              },
              {
                "meta": {
                  "name": "TextField"
                },
                "position": {
                  "basis": "32px"
                },
                "props": {
                  "style": {
                    "classes": "Operator/entry_field"
                  }
                },
                "type": "ia.input.text-field"
              }
            ],
            "meta": {
              "name": "FlexContainer_0"
            },
            "position": {
              "basis": "306px"
            },
            "props": {
              "direction": "column",
              "justify": "space-evenly",
              "style": {
                "overflow": "hidden"
              },
              "wrap": "wrap"
            },
            "type": "ia.container.flex"
          },
          {
            "children": [
              {
                "meta": {
                  "name": "Label"
                },
                "position": {
                  "basis": "200px"
                },
                "props": {
                  "style": {
                    "classes": "Operator/entry_label"
                  },
                  "text": "Log End Scrap(Kg)",
                  "textStyle": {
                    "textAlign": "center"
                  }
                },
                "type": "ia.display.label"
              },
              {
                "meta": {
                  "name": "TextField"
                },
                "position": {
                  "basis": "32px"
                },
                "props": {
                  "style": {
                    "classes": "Operator/entry_field"
                  }
                },
                "type": "ia.input.text-field"
              }
            ],
            "meta": {
              "name": "FlexContainer_1"
            },
            "position": {
              "basis": "299px"
            },
            "props": {
              "direction": "column",
              "justify": "space-evenly",
              "style": {
                "overflow": "hidden"
              },
              "wrap": "wrap"
            },
            "type": "ia.container.flex"
          },
          {
            "children": [
              {
                "meta": {
                  "name": "Icon"
                },
                "position": {
                  "basis": "30px"
                },
                "props": {
                  "path": "material/info"
                },
                "type": "ia.display.icon"
              }
            ],
            "meta": {
              "name": "FlexContainer_2"
            },
            "position": {
              "basis": "50px"
            },
            "props": {
              "justify": "center"
            },
            "type": "ia.container.flex"
          }
        ],
        "meta": {
          "name": "batch"
        },
        "position": {
          "basis": "50px"
        },
        "props": {
          "justify": "space-around",
          "style": {
            "classes": "Operator/border"
          }
        },
        "type": "ia.container.flex"
      }
    ],
    "meta": {
      "name": "root"
    },
    "props": {
      "direction": "column",
      "justify": "space-evenly",
      "style": {
        "classes": "Operator/flex_rep"
      }
    },
    "type": "ia.container.flex"
  }
}