{
  "custom": {},
  "params": {},
  "props": {},
  "root": {
    "children": [
      {
        "children": [
          {
            "meta": {
              "name": "Table"
            },
            "position": {
              "basis": "649px"
            },
            "propConfig": {
              "props.data": {
                "binding": {
                  "config": {
                    "queryPath": "Tracking_query"
                  },
                  "type": "query"
                }
              }
            },
            "props": {
              "bodyStyle": {
                "alignItems": "center",
                "classes": "Table/Table_Row"
              },
              "filter": {
                "enabled": true,
                "style": {
                  "classes": "Table/Table_Row"
                }
              },
              "headerStyle": {
                "classes": "Table/Table_Header",
                "marginLeft": 2,
                "paddingLeft": 15,
                "paddingRight": 1,
                "textAlign": "center"
              },
              "rows": {
                "style": {
                  "paddingLeft": 30
                }
              }
            },
            "type": "ia.display.table"
          }
        ],
        "meta": {
          "name": "FlexContainer_0"
        },
        "position": {
          "basis": "649px"
        },
        "props": {
          "direction": "column"
        },
        "type": "ia.container.flex"
      }
    ],
    "meta": {
      "name": "root"
    },
    "props": {
      "direction": "column"
    },
    "type": "ia.container.flex"
  }
}