{
  "custom": {},
  "events": {
    "system": {
      "onStartup": {
        "config": {
          "script": "\tembedPath \u003d \"Dashboards/LogTrackerDetailed\"\n\tself.getChild(\"root\").getChild(\"FlexContainer2\").getChild(\"EmbeddedView\").props.path \u003d embedPath\n\t\n\t#\tbtnLabel \u003d \"Detailed Log Tracking\"\n\t#\tself.getChild(\"root\").getChild(\"FlexContainer1\").getChild(\"FlexContainer12\").getChild(\"Button\").props.text \u003d btnLabel\n\t#\tembedPath \u003d \"Dashboards/LogTrackerOverview\"\n\t#\tself.getChild(\"root\").getChild(\"FlexContainer2\").getChild(\"EmbeddedView\").props.path \u003d embedPath\n\t"
        },
        "scope": "G",
        "type": "script"
      }
    }
  },
  "params": {
    "FromDate": "2022-11-6 17:11:50",
    "ToDate": "2023-5-25 17:11:56"
  },
  "propConfig": {
    "params.FromDate": {
      "onChange": {
        "enabled": null,
        "script": "\tif previousValue.value!\u003dcurrentValue.value:\n\t\tself.getChild(\"root\").getChild(\"FlexContainer2\").getChild(\"EmbeddedView\").custom.Update \u003d 1\n\t\tself.getChild(\"root\").getChild(\"FlexContainer2\").getChild(\"EmbeddedView\").custom.Update \u003d 0\n\telse:\n\t\tpass\t"
      },
      "paramDirection": "input",
      "persistent": true
    },
    "params.ToDate": {
      "onChange": {
        "enabled": null,
        "script": "\tif previousValue.value!\u003dcurrentValue.value:\n\t\tself.getChild(\"root\").getChild(\"Table_1\").custom.Update \u003d 1\n\t\tself.getChild(\"root\").getChild(\"Table_1\").custom.Update \u003d 0\n\telse:\n\t\tpass\t"
      },
      "paramDirection": "input",
      "persistent": true
    }
  },
  "props": {
    "defaultSize": {
      "width": 2411
    }
  },
  "root": {
    "children": [
      {
        "children": [
          {
            "meta": {
              "name": "FlexContainer11"
            },
            "position": {
              "basis": "2px"
            },
            "type": "ia.container.flex"
          },
          {
            "children": [
              {
                "events": {
                  "system": {
                    "onStartup": {
                      "config": {
                        "script": "\tself.props.value \u003d self.props.options[0].value\n\t"
                      },
                      "enabled": false,
                      "scope": "G",
                      "type": "script"
                    }
                  }
                },
                "meta": {
                  "name": "Dropdown"
                },
                "position": {
                  "basis": "256px"
                },
                "props": {
                  "options": [
                    {
                      "label": "Bangalore Factory",
                      "value": "BF"
                    },
                    {
                      "label": "Dobbaspet Factory",
                      "value": "DF"
                    }
                  ],
                  "placeholder": {
                    "text": "Select Factory..."
                  },
                  "value": "DF"
                },
                "type": "ia.input.dropdown"
              },
              {
                "events": {
                  "dom": {
                    "onClick": [
                      {
                        "config": {
                          "script": "\tbtnLabel \u003d \"Log Stand Dashboard\"\n\tembedPath \u003d \"Dashboards/LogTrackerDetailed\"\n\t\n\tself.props.text \u003d btnLabel\n\tself.parent.parent.parent.getChild(\"FlexContainer2\").getChild(\"EmbeddedView\").props.path \u003d embedPath\n\t#self.parent.parent.getChild(\"FlexContainer13\").getChild(\"Label\").props.text \u003d btnLabel + \" \" + embedPath\n\t"
                        },
                        "scope": "G",
                        "type": "script"
                      },
                      {
                        "config": {
                          "script": "\toverviewBtnLabel \u003d \"Overview Log Tracking\"\n\tdetailedBtnLabel \u003d \"Detailed Log Tracking\"\n\toverviewPath \u003d \"Dashboards/LogTrackerOverview\"\n\tdetailedPath \u003d \"Dashboards/LogTrackerDetailed\"\n\tassignBtnLabel \u003d \"\"\n\tassignPath \u003d \"\"\n\tx \u003d \"\"\n\t\n\tcurrBtnLabel \u003d self.props.text\n\t\n\tif(currBtnLabel \u003d\u003d detailedBtnLabel):\n\t\tassignBtnLabel \u003d overviewBtnLabel\n\t\tassignPath \u003d detailedPath\n\t\tx \u003d \"if\"\n\telif(currBtnLabel \u003d\u003d overviewBtnLabel):\n\t\tassignBtnLabel \u003d detailedBtnLabel\n\t\tassignPath \u003d overviewPath\n\t\tx \u003d \"elif\"\n\telse:\n\t\tassignBtnLabel \u003d detailedBtnLabel\n\t\tassignPath \u003d overviewPath\n\t\tx \u003d \" else \"\n\t\n\tself.props.text \u003d assignBtnLabel\n\tself.parent.parent.parent.getChild(\"FlexContainer2\").getChild(\"EmbeddedView\").props.path \u003d assignPath\n\tself.parent.parent.getChild(\"FlexContainer13\").getChild(\"Label\").props.text \u003d x + \" \" +assignBtnLabel + \" \" + assignPath\n\t"
                        },
                        "enabled": false,
                        "scope": "G",
                        "type": "script"
                      }
                    ]
                  }
                },
                "meta": {
                  "name": "Button1"
                },
                "position": {
                  "basis": "160px",
                  "display": false
                },
                "props": {
                  "style": {
                    "fontFamily": "Roboto",
                    "fontSize": 14,
                    "marginLeft": 5,
                    "marginRight": 5
                  },
                  "text": "Log Stand Dashboard"
                },
                "type": "ia.input.button"
              },
              {
                "events": {
                  "dom": {
                    "onClick": {
                      "config": {
                        "script": "\tbtnLabel \u003d \"Reports\"\n\tembedPath \u003d \"Dashboards/LogTrackerOverview\"\n\t\n\tself.props.text \u003d btnLabel\n\tself.parent.parent.parent.getChild(\"FlexContainer2\").getChild(\"EmbeddedView\").props.path \u003d embedPath\n\t\t"
                      },
                      "scope": "G",
                      "type": "script"
                    }
                  }
                },
                "meta": {
                  "name": "Button2"
                },
                "position": {
                  "basis": "80px",
                  "display": false
                },
                "props": {
                  "style": {
                    "fontFamily": "Roboto",
                    "fontSize": 14,
                    "marginLeft": 5,
                    "marginRight": 5
                  },
                  "text": "Reports"
                },
                "type": "ia.input.button"
              },
              {
                "events": {
                  "dom": {
                    "onClick": {
                      "config": {
                        "draggable": false,
                        "id": "is_kex7r",
                        "modal": true,
                        "overlayDismiss": true,
                        "position": {
                          "bottom": 80,
                          "top": 50
                        },
                        "positionType": "exact",
                        "resizable": false,
                        "showCloseIcon": true,
                        "title": "Log Out Data",
                        "type": "open",
                        "viewParams": {
                          "Location": "{/root/FlexContainer2/EmbeddedView.props.params.Location}",
                          "LogStandNo": "{/root/FlexContainer2/EmbeddedView.props.params.Selection}"
                        },
                        "viewPath": "LogTrackTemplates/Log_OUT_Detaials/LogsInwardOutwardView",
                        "viewportBound": true
                      },
                      "scope": "C",
                      "type": "popup"
                    }
                  }
                },
                "meta": {
                  "name": "Button3"
                },
                "position": {
                  "basis": "100px"
                },
                "props": {
                  "style": {
                    "fontFamily": "Roboto",
                    "fontSize": 14,
                    "marginLeft": 5,
                    "marginRight": 5
                  },
                  "text": "OUT Log view"
                },
                "type": "ia.input.button"
              },
              {
                "events": {
                  "dom": {
                    "onClick": {
                      "config": {
                        "draggable": false,
                        "id": "is_kex7r",
                        "modal": true,
                        "overlayDismiss": true,
                        "position": {
                          "bottom": 80,
                          "top": 50
                        },
                        "positionType": "exact",
                        "resizable": false,
                        "showCloseIcon": true,
                        "title": "Logs with Table view",
                        "type": "open",
                        "viewParams": {
                          "Location": "{/root/FlexContainer2/EmbeddedView.props.params.Location}",
                          "LogStandNo": "{/root/FlexContainer2/EmbeddedView.props.params.Selection}"
                        },
                        "viewPath": "LogTrackTemplates/Log_tableView/Log_table_view",
                        "viewportBound": true
                      },
                      "scope": "C",
                      "type": "popup"
                    }
                  }
                },
                "meta": {
                  "name": "Button4"
                },
                "position": {
                  "basis": "80px"
                },
                "props": {
                  "style": {
                    "fontFamily": "Roboto",
                    "fontSize": 14,
                    "marginLeft": 5,
                    "marginRight": 5
                  },
                  "text": "Table view"
                },
                "type": "ia.input.button"
              },
              {
                "events": {
                  "dom": {
                    "onClick": {
                      "config": {
                        "draggable": false,
                        "id": "eky5TBAS",
                        "modal": false,
                        "overlayDismiss": true,
                        "position": {
                          "height": 700,
                          "width": 800
                        },
                        "positionType": "exact",
                        "resizable": false,
                        "showCloseIcon": true,
                        "title": "Log Tracking",
                        "type": "open",
                        "viewPath": "Dashboards/Log_Tracking/tracking",
                        "viewportBound": false
                      },
                      "scope": "C",
                      "type": "popup"
                    }
                  }
                },
                "meta": {
                  "name": "Button"
                },
                "position": {
                  "basis": "199px"
                },
                "props": {
                  "style": {
                    "borderTopLeftRadius": 5
                  },
                  "text": "Log Tracking"
                },
                "type": "ia.input.button"
              }
            ],
            "meta": {
              "name": "FlexContainer12"
            },
            "position": {
              "basis": "680px"
            },
            "type": "ia.container.flex"
          },
          {
            "meta": {
              "name": "FlexContainer13"
            },
            "position": {
              "basis": "200px"
            },
            "type": "ia.container.flex"
          }
        ],
        "meta": {
          "name": "FlexContainer1"
        },
        "position": {
          "basis": "30px"
        },
        "type": "ia.container.flex"
      },
      {
        "children": [
          {
            "custom": {
              "Update": 0
            },
            "meta": {
              "name": "EmbeddedView"
            },
            "position": {
              "basis": "320px",
              "grow": 1
            },
            "propConfig": {
              "props.params.FromDate": {
                "binding": {
                  "config": {
                    "path": "view.params.FromDate"
                  },
                  "type": "property"
                }
              },
              "props.params.Location": {
                "binding": {
                  "config": {
                    "path": ".../FlexContainer1/FlexContainer12/Dropdown.props.value"
                  },
                  "type": "property"
                }
              },
              "props.params.ToDate": {
                "binding": {
                  "config": {
                    "path": "view.params.ToDate"
                  },
                  "type": "property"
                }
              }
            },
            "props": {
              "params": {
                "Selection": 1
              },
              "path": "Dashboards/LogTrackerDetailed"
            },
            "type": "ia.display.view"
          }
        ],
        "meta": {
          "name": "FlexContainer2"
        },
        "position": {
          "basis": "200px",
          "grow": 1
        },
        "type": "ia.container.flex"
      }
    ],
    "meta": {
      "name": "root"
    },
    "props": {
      "direction": "column"
    },
    "type": "ia.container.flex"
  }
}