{
  "custom": {
    "Alloy": "A2S",
    "CIMS_LID": null,
    "Dia": 127,
    "PONO": "003000009664",
    "SAP_LID": "0003214245",
    "Weight": 204.12,
    "length": 5971
  },
  "params": {
    "logID": "AL21J00002                                                  "
  },
  "propConfig": {
    "custom.Alloy": {
      "persistent": true
    },
    "custom.CIMS_LID": {
      "binding": {
        "config": {
          "path": "view.params.logID"
        },
        "overlayOptOut": true,
        "transforms": [
          {
            "code": "\tquery\u003d\u0027\u0027\u0027\t  SELECT\n\t    trim(e.log_batch_no) as logid,\n\t    trim(e.sap_batch_no) as sapno,\n\t    trim(e.standard_alloy) as alloy,\n\t    trim(e.prod_order) as pono,\n\t    e.weight_after_end_cutting as weight,\n\t    e.length_after_end_cutting as length,\n\t    o.log_dia  -- Adding the new column log_dia from mes_orders\n\tFROM\n\t    [CIMS].[dbo].[mes_endcut_homogenize_dispatch] e\n\tJOIN\n\t    [CIMS].[dbo].[mes_orders] o ON e.prod_order \u003d o.production_order\n\tWHERE\n\t    e.log_batch_no \u003d ?\u0027\u0027\u0027\n\tdata\u003dsystem.db.runPrepQuery(query, [value], \u0027CIMS2\u0027)   \n\tself.custom.SAP_LID\u003ddata[0][\u0027sapno\u0027]\n\tself.custom.PONO\u003ddata[0][\u0027pono\u0027]\n\tself.custom.Dia\u003dround(float(data[0][\u0027log_dia\u0027]),2)\n\tself.custom.Weight\u003dround(float(data[0][\u0027weight\u0027]),2)\n\tself.custom.length\u003ddata[0][\u0027length\u0027]\n\tself.custom.Alloy\u003ddata[0][\u0027alloy\u0027]\n\t\n\t  \n\treturn data[0][\u0027logid\u0027]",
            "type": "script"
          }
        ],
        "type": "property"
      },
      "persistent": true
    },
    "custom.Dia": {
      "persistent": true
    },
    "custom.PONO": {
      "persistent": true
    },
    "custom.SAP_LID": {
      "persistent": true
    },
    "custom.Weight": {
      "persistent": true
    },
    "custom.length": {
      "persistent": true
    },
    "params.logID": {
      "paramDirection": "input",
      "persistent": true
    }
  },
  "props": {
    "defaultSize": {
      "height": 80,
      "width": 80
    }
  },
  "root": {
    "children": [
      {
        "children": [
          {
            "meta": {
              "name": "Label",
              "tooltip": {
                "enabled": true,
                "style": {
                  "classes": "pre",
                  "fontFamily": "Roboto",
                  "fontSize": 12,
                  "overflowWrap": "break-word",
                  "whiteSpace": "pre"
                }
              }
            },
            "position": {
              "basis": "122px"
            },
            "propConfig": {
              "meta.tooltip.text": {
                "binding": {
                  "config": {
                    "expression": "\u0027Log ID: \u0027+toString({view.custom.CIMS_LID})+\u0027\\n\u0027+\r\n\u0027SAP ID: \u0027+toString({view.custom.SAP_LID})+\u0027\\n\u0027+\r\n\u0027Alloy: \u0027+toString({view.custom.Alloy})+\u0027\\n\u0027+\r\n\u0027PO NO: \u0027+toString({view.custom.PONO})+\u0027\\n\u0027+\r\n\u0027Dia: \u0027+toString({view.custom.Dia})+\u0027\\n\u0027+\r\n\u0027Weight: \u0027+toString({view.custom.Weight} )+\u0027(kg)\\n\u0027+\r\n\u0027Length: \u0027+toString({view.custom.length} )+\u0027(mm)\\n\u0027"
                  },
                  "overlayOptOut": true,
                  "type": "expr"
                }
              },
              "props.text": {
                "binding": {
                  "config": {
                    "path": "view.custom.CIMS_LID"
                  },
                  "overlayOptOut": true,
                  "type": "property"
                }
              }
            },
            "props": {
              "style": {
                "fontFamily": "Roboto",
                "fontSize": 10,
                "fontWeight": "bold",
                "textAlign": "center",
                "textTransform": "uppercase"
              }
            },
            "type": "ia.display.label"
          }
        ],
        "meta": {
          "name": "FlexContainer123",
          "tooltip": {
            "enabled": true,
            "text": "HI\nBro !"
          }
        },
        "position": {
          "basis": "200px"
        },
        "propConfig": {
          "meta.tooltip.text": {
            "binding": {
              "config": {
                "expression": "\u0027HI\\n\u0027+\u0027Bro !\u0027"
              },
              "enabled": false,
              "type": "expr"
            }
          }
        },
        "props": {
          "justify": "center",
          "style": {
            "backgroundColor": "#BBC2CC",
            "borderBottomLeftRadius": 60,
            "borderBottomRightRadius": 60,
            "borderTopLeftRadius": 60,
            "borderTopRightRadius": 60,
            "margin": 5,
            "overflow": "hidden"
          }
        },
        "type": "ia.container.flex"
      }
    ],
    "meta": {
      "name": "root"
    },
    "props": {
      "direction": "column"
    },
    "type": "ia.container.flex"
  }
}