{
  "custom": {},
  "params": {},
  "props": {
    "defaultSize": {
      "height": 40,
      "width": 300
    }
  },
  "root": {
    "children": [
      {
        "meta": {
          "name": "Button1"
        },
        "position": {
          "basis": "80px",
          "grow": 1
        },
        "props": {
          "style": {
            "marginBottom": 5,
            "marginLeft": 5,
            "marginRight": 5,
            "marginTop": 5
          },
          "text": "Generate"
        },
        "type": "ia.input.button"
      },
      {
        "meta": {
          "name": "Button2"
        },
        "position": {
          "basis": "80px",
          "grow": 1
        },
        "props": {
          "style": {
            "marginBottom": 5,
            "marginLeft": 5,
            "marginRight": 5,
            "marginTop": 5
          },
          "text": "Info"
        },
        "type": "ia.input.button"
      }
    ],
    "meta": {
      "name": "root"
    },
    "type": "ia.container.flex"
  }
}