{
  "custom": {},
  "params": {
    "Remark": "value",
    "RowCount": "value",
    "Total": "value",
    "logs": "value",
    "mis": "value",
    "status": "value",
    "sto_po": "value",
    "vechi_no": "value",
    "vechweight": "value"
  },
  "propConfig": {
    "params.Remark": {
      "paramDirection": "input",
      "persistent": true
    },
    "params.RowCount": {
      "paramDirection": "input",
      "persistent": true
    },
    "params.Total": {
      "paramDirection": "input",
      "persistent": true
    },
    "params.logs": {
      "paramDirection": "input",
      "persistent": true
    },
    "params.mis": {
      "paramDirection": "input",
      "persistent": true
    },
    "params.status": {
      "paramDirection": "input",
      "persistent": true
    },
    "params.sto_po": {
      "paramDirection": "input",
      "persistent": true
    },
    "params.vechi_no": {
      "paramDirection": "input",
      "persistent": true
    },
    "params.vechweight": {
      "paramDirection": "input",
      "persistent": true
    }
  },
  "props": {
    "defaultSize": {
      "height": 224,
      "width": 285
    }
  },
  "root": {
    "children": [
      {
        "meta": {
          "name": "Label"
        },
        "position": {
          "height": 32,
          "rotate": {
            "anchor": "-146% 0%"
          },
          "width": 283,
          "x": 1
        },
        "props": {
          "text": "Admin Credential"
        },
        "type": "ia.display.label"
      },
      {
        "meta": {
          "name": "Label_0"
        },
        "position": {
          "height": 32,
          "width": 277,
          "x": 4,
          "y": 45
        },
        "props": {
          "text": "Password"
        },
        "type": "ia.display.label"
      },
      {
        "events": {
          "dom": {
            "onClick": {
              "config": {
                "script": "\timport sys\n\tPassword\u003dself.getSibling(\"PasswordField\").props.text\n\tdefaultpass\u003d\"12345\"\n\tif defaultpass\u003d\u003dPassword:\n\t\tmis\u003dself.view.params.mis\n\t\tlogs\u003dself.view.params.logs\n\t\tvechweight\u003dself.view.params.vechweight\n\t\tTotal\u003dself.view.params.Total\n\t\tvechi_no\u003dself.view.params.vechi_no\n\t\tstatus\u003dself.view.params.status\n\t\tRemark\u003dself.view.params.Remark\n\t\trowcount\u003dself.view.params.RowCount\n\t\tsto_po\u003dstr(self.view.params.sto_po)\n\t\t#check the logs\n\t\tq\u003d\u0027\u0027\u0027select No_of_Logs FROM SAP_Dispatch where STO_PO\u003d?\u0027\u0027\u0027\n\t\td\u003dsystem.db.runPrepQuery(q, [sto_po], \u0027CIMS2\u0027)\n\t\tno_of_logs\u003dd[0][0]\n\t\tif no_of_logs!\u003drowcount:\n\t\t\tq1\u003d\u0027\u0027\u0027update [dbo].[SAP_Dispatch]set [Status] \u003d ?,[Miscellaneous] \u003d ?,[Logs_Net_Weight] \u003d ?,[Vehicle_Weight] \u003d ?,[Total_Gross_Weight] \u003d ?,[Remarks] \u003d ?,[Vehicle_No] \u003d ? WHERE [STO_PO]\u003d?\u0027\u0027\u0027\n\t\t\targs\u003d[status,mis,logs,vechweight,Total,Remark,vechi_no,sto_po]\n\t\t\tdata\u003dsystem.db.runPrepUpdate(q1, args, \u0027CIMS2\u0027)\n\t\t\tsystem.perspective.sendMessage(\u0027Refresh_main\u0027, payload\u003d{\u0027A\u0027:1},scope\u003d\u0027page\u0027)\n\t\t\tsystem.perspective.sendMessage(\u0027confirm\u0027, payload\u003d{\u0027A\u0027:1},scope\u003d\u0027page\u0027)\n#\t\t\tself.custom.Refresh\u003d\"noedit\"\n\t\t\tsystem.perspective.sendMessage(\u0027Credential_OK\u0027, payload\u003d{\u0027value\u0027:\u0027noedit\u0027},scope\u003d\u0027page\u0027)\n\t\t\tsystem.perspective.closePopup(\u00279KDzdlCD\u0027)\n\t\telse:\n\t\t\tsystem.perspective.sendMessage(\u0027Credential_OK\u0027, payload\u003d{\u0027value\u0027:\u0027edit\u0027},scope\u003d\u0027page\u0027)\n\t\t\tsystem.perspective.openPopup(\u0027Error\u0027,\u0027Template/Popup_1\u0027,params\u003d{\u0027Code\u0027:1,\u0027Message\u0027:\u0027Logs weight was mismatched...!\u0027},showCloseIcon \u003d True,modal\u003dTrue,draggable\u003dFalse,position \u003d {\u0027top\u0027:100})\n\t\t\tsys.exit()\n\t\t\t\n\telse:\n\t\tsystem.perspective.openPopup(\u0027Error\u0027,\u0027Template/Popup_1\u0027,params\u003d{\u0027Code\u0027:1,\u0027Message\u0027:\u0027Administrtor only have the access...!\u0027},showCloseIcon \u003d True,modal\u003dTrue,draggable\u003dFalse,position \u003d {\u0027top\u0027:100})\t\t\n\t\tsys.exit()"
              },
              "scope": "G",
              "type": "script"
            }
          }
        },
        "meta": {
          "name": "Button"
        },
        "position": {
          "height": 34,
          "width": 80,
          "x": 73,
          "y": 151
        },
        "props": {
          "text": "Submit"
        },
        "type": "ia.input.button"
      },
      {
        "meta": {
          "name": "PasswordField"
        },
        "position": {
          "height": 32,
          "width": 262,
          "x": 10,
          "y": 84
        },
        "type": "ia.input.password-field"
      }
    ],
    "meta": {
      "name": "root"
    },
    "type": "ia.container.coord"
  }
}