{
  "custom": {},
  "params": {
    "Location": "-",
    "LogStandNo": 0
  },
  "propConfig": {
    "params.Location": {
      "paramDirection": "input",
      "persistent": true
    },
    "params.LogStandNo": {
      "paramDirection": "input",
      "persistent": true
    }
  },
  "props": {
    "defaultSize": {
      "height": 200,
      "width": 400
    }
  },
  "root": {
    "children": [
      {
        "children": [
          {
            "meta": {
              "name": "Label"
            },
            "position": {
              "basis": "165px",
              "grow": 1
            },
            "props": {
              "text": "Enter Log ID : ",
              "textStyle": {
                "fontFamily": "Roboto",
                "fontSize": 14,
                "fontWeight": "bold",
                "textAlign": "center"
              }
            },
            "type": "ia.display.label"
          },
          {
            "meta": {
              "name": "TextField"
            },
            "position": {
              "basis": "256px",
              "grow": 1
            },
            "props": {
              "placeholder": "Enter Log ID ",
              "style": {
                "fontFamily": "Roboto",
                "fontSize": 14,
                "fontWeight": "normal",
                "marginLeft": 20,
                "marginRight": 20,
                "textAlign": "center"
              }
            },
            "type": "ia.input.text-field"
          }
        ],
        "meta": {
          "name": "LogId"
        },
        "position": {
          "basis": "40px",
          "shrink": 0
        },
        "type": "ia.container.flex"
      },
      {
        "children": [
          {
            "meta": {
              "name": "Label"
            },
            "position": {
              "basis": "165px",
              "grow": 1
            },
            "props": {
              "text": "Log Stand : ",
              "textStyle": {
                "fontFamily": "Roboto",
                "fontSize": 14,
                "fontWeight": "bold",
                "textAlign": "center"
              }
            },
            "type": "ia.display.label"
          },
          {
            "meta": {
              "name": "Dropdown"
            },
            "position": {
              "basis": "256px",
              "grow": 1
            },
            "propConfig": {
              "props.value": {
                "binding": {
                  "config": {
                    "path": "view.params.LogStandNo"
                  },
                  "type": "property"
                }
              }
            },
            "props": {
              "enabled": false,
              "options": [
                {
                  "label": "Log Stand 1",
                  "value": 1
                },
                {
                  "label": "Log Stand 2",
                  "value": 2
                },
                {
                  "label": "Log Stand 3",
                  "value": 3
                },
                {
                  "label": "Log Stand 4",
                  "value": 4
                },
                {
                  "label": "Log Stand 5",
                  "value": 5
                },
                {
                  "label": "Log Stand 6",
                  "value": 6
                }
              ],
              "placeholder": {
                "text": "Select Log Stand.."
              },
              "style": {
                "fontFamily": "Roboto",
                "fontSize": 14,
                "fontWeight": "normal",
                "marginLeft": 20,
                "marginRight": 20,
                "textAlign": "center"
              },
              "textAlign": "center"
            },
            "type": "ia.input.dropdown"
          }
        ],
        "meta": {
          "name": "LogStand"
        },
        "position": {
          "basis": "40px",
          "shrink": 0
        },
        "props": {
          "justify": "space-around"
        },
        "type": "ia.container.flex"
      },
      {
        "events": {
          "dom": {
            "onClick": {
              "config": {
                "script": "\timport time\n\t\n\ttry:\n\t\tlogStandNo \u003d int(self.parent.getChild(\"LogStand\").getChild(\"Dropdown\").props.value)\n\t\tlogId \u003d self.parent.getChild(\"LogId\").getChild(\"TextField\").props.text\n\t\tcurrDT \u003d system.date.now()\n\t\tpo \u003d \"\"\n\t\tlogDia \u003d 0\n\t\tlogLen \u003d 0\n\t\tlogWt \u003d 0\n\t\talloy \u003d \"\"\n\t\tlogCastDate \u003d \"\"\n\t\tlocation \u003d str(self.view.params.Location)\n\t\tsapLogId \u003d \"\"\n\t\t\n\t\t# Search and get log details from db\n\t\tgetLogDetailsQuery \u003d \u0027\u0027\u0027\n\t\t\tSELECT [PO]\n\t\t\t      ,[LogID]\n\t\t\t      ,[ALLOY]\n\t\t\t      ,[Derived_weight]\n\t\t\t      ,[Actual_length]\n\t\t\t      ,[Actual_dia]\n\t\t\t      ,[Actual_weight]\n\t\t\tFROM [CIMS].[dbo].[mes_Intermediate_logTable]\n\t\t\tWHERE [LogID] \u003d ?\n\t\t\t\u0027\u0027\u0027\n\t\tgetLogDetailsArgs \u003d [logId]\n\t\tlogDS \u003d system.db.runPrepQuery(getLogDetailsQuery, getLogDetailsArgs, \"CIMS2\")\n\t\t\n\t\t# Search and get sap log id from db\n\t\tgetSapLogIdQuery \u003d \u0027\u0027\u0027\n\t\t\tSELECT [log_batch_no]\n\t\t\t\t  ,[sap_batch_no]\n\t\t\tFROM [CIMS].[dbo].[mes_endcut_homogenize_dispatch]\n\t\t\tWHERE [log_batch_no] \u003d ?\n\t\t\t\u0027\u0027\u0027\n\t\tgetSapLogIdArgs \u003d [logId]\n\t\tsapLogDS \u003d system.db.runPrepQuery(getSapLogIdQuery, getSapLogIdArgs, \"CIMS2\")\n\t\t\n\t\t#sapLogId \u003d sapLogDS.getValueAt(0, \"sap_batch_no\")\n\t\tsapLogId \u003d \"AB12C34567\"\n\t\t\n\t\t# If LogID is found\n\t\tif(len(logDS) \u003d\u003d 1):\n\t\t\ttry:\n\t\t\t\tpo \u003d logDS.getValueAt(0, \"PO\")\n\t\t\t\tlogDia \u003d logDS.getValueAt(0, \"Actual_dia\")\n\t\t\t\tlogLen \u003d logDS.getValueAt(0, \"Actual_length\")\n\t\t\t\tlogWt \u003d logDS.getValueAt(0, \"Actual_weight\")\n\t\t\t\talloy \u003d logDS.getValueAt(0, \"ALLOY\")\n\t\t\t\t\n\t\t\t\t# Generate Log Casting Date from Log Id\n\t\t\t\tyearCode \u003d logId[0]\n\t\t\t\tmonthCode \u003d logId[1]\n\t\t\t\tcastDate \u003d logId[2:4]\n\t\t\t\tyearQuery \u003d \u0027\u0027\u0027\n\t\t\t\t\tSELECT [Year] FROM [CIMS].[dbo].[mes_logYearCode]\n\t\t\t\t\t\tWHERE [YearCode] \u003d ?\n\t\t\t\t\t\u0027\u0027\u0027\n\t\t\t\tyearArgs \u003d [yearCode]\n\t\t\t\tyrDS \u003d system.db.runPrepQuery(yearQuery, yearArgs, \"CIMS2\")\n\t\t\t\tyearValue \u003d yrDS.getValueAt(0, 0)\n\t\t\t\tmonthQuery \u003d \u0027\u0027\u0027\n\t\t\t\t\tSELECT [Month] FROM [CIMS].[dbo].[mes_logMonthCode]\n\t\t\t\t\t\tWHERE [MonthCode] \u003d ?\n\t\t\t\t\t\u0027\u0027\u0027\n\t\t\t\tmonthArgs \u003d [monthCode]\n\t\t\t\tmthDS \u003d system.db.runPrepQuery(monthQuery, monthArgs, \"CIMS2\")\n\t\t\t\tmonthValue \u003d int(mthDS.getValueAt(0, 0)) + 1\n\t\t\t\tlogCastDate \u003d str(yearValue) + \"-\" + str(monthValue) + \"-\" + str(castDate)\n\t\t\t\t\t\n\t\t\t\t# Add row in database only if it does not exist already\n\t\t\t\tinQuery \u003d \u0027\u0027\u0027\n\t\t\t\t\tINSERT INTO [CIMS].[dbo].[mes_logtracker](\n\t\t\t\t\t\t[log_id],[po],[log_dia]\n\t\t\t\t\t\t,[log_length],[log_weight]\n\t\t\t\t\t\t,[log_stand_no],[log_casting_date]\n\t\t\t\t\t\t,[log_inward_date]\n\t\t\t\t\t\t,[alloy]\n\t\t\t\t\t\t,[location]\n\t\t\t\t\t\t,[sap_log_batch_no])\n\t\t\t\t\t\tSELECT\n\t\t\t\t\t\t    ?, ?, ?, ?, ?, ?, ?, ?, ?, ?, ?\n\t\t\t\t\t\tWHERE NOT EXISTS (\n\t\t\t\t\t\t    SELECT 1 FROM\n\t\t\t\t\t\t\t\t[CIMS].[dbo].[mes_logtracker]\n\t\t\t\t\t\t\t\tWHERE [log_id] \u003d ?\n\t\t\t\t\t)\n\t\t\t\t\t\u0027\u0027\u0027\n\t\t\t\tinArgs \u003d [logId, po, logDia, logLen, logWt, logStandNo, logCastDate, currDT, alloy, location, sapLogId, logId]\n\t\t\t\tinsert \u003d system.db.runPrepUpdate(inQuery, inArgs, \u0027CIMS2\u0027)\n\t\t\t\t\n\t\t\t\tif(insert \u003d\u003d 1):\n\t\t\t\t\t#Record inserted successfully\n\t\t\t\t\t\n\t\t\t\t\t# Close the popup\n\t\t\t\t\tsystem.perspective.closePopup(\"AddInLogPopup\")\n\t\t\t\t\t\n\t\t\t\t\ttime.sleep(1)\n\t\t\t\t\t\n\t\t\t\t\t# Send message to refresh table data\n\t\t\t\t\tPayload\u003d{\u0027Data\u0027:str(self.parent.getChild(\"LogId\").getChild(\"TextField\").props.text)}\n\t\t\t\t\tsystem.perspective.sendMessage(\"AddLogManually\", payload \u003d Payload, scope \u003d \"page\")\n\t\t\t\telse:\n\t\t\t\t\t# Record insertion failed\n\t\t\t\t\t# Open error popup\n\t\t\t\t    system.perspective.openPopup(\u0027Error\u0027,\u0027LogTrackTemplates/ErrorMessagePopup\u0027,params\u003d{\u0027Code\u0027:1,\u0027Message\u0027:\u0027Record insertion failed. \\n Please check logs.\u0027},showCloseIcon \u003d True,modal\u003dTrue,draggable\u003dFalse,position \u003d {\u0027top\u0027:100})\n\t\t\t\t    sys.exit()\n\t\t\texcept:\n\t\t\t\t# Open error popup\n\t\t\t    system.perspective.openPopup(\u0027Error\u0027,\u0027LogTrackTemplates/ErrorMessagePopup\u0027,params\u003d{\u0027Code\u0027:1,\u0027Message\u0027:\u0027Record insertion failed. \\n Please check logs.\u0027},showCloseIcon \u003d True,modal\u003dTrue,draggable\u003dFalse,position \u003d {\u0027top\u0027:100})\n\t\t\t    sys.exit()\n\t\telse:\n\t\t\t# Open error popup\n\t\t    system.perspective.openPopup(\u0027Error\u0027,\u0027LogTrackTemplates/ErrorMessagePopup\u0027,params\u003d{\u0027Code\u0027:2,\u0027Message\u0027:\u0027Record insertion failed. \\n Please enter valid Log ID.\u0027},showCloseIcon \u003d True,modal\u003dTrue,draggable\u003dFalse,position \u003d {\u0027top\u0027:100})\n\t\t    sys.exit()\n\texcept:\n\t\t# Open error popup\n\t    system.perspective.openPopup(\u0027Error\u0027,\u0027LogTrackTemplates/ErrorMessagePopup\u0027,params\u003d{\u0027Code\u0027:1,\u0027Message\u0027:\u0027Record insertion failed. \\n Please check logs.\u0027},showCloseIcon \u003d True,modal\u003dTrue,draggable\u003dFalse,position \u003d {\u0027top\u0027:100})\n\t    sys.exit()\n\t"
              },
              "scope": "G",
              "type": "script"
            }
          }
        },
        "meta": {
          "name": "Button"
        },
        "position": {
          "basis": "35px",
          "shrink": 0
        },
        "propConfig": {
          "props.enabled": {
            "binding": {
              "config": {
                "expression": "now(1)"
              },
              "transforms": [
                {
                  "code": "\tLogId \u003d self.parent.getChild(\"LogId\").getChild(\"TextField\").props.text\n\tLogStand \u003d self.parent.getChild(\"LogStand\").getChild(\"Dropdown\").props.value\n\t\n\tif(len(LogId) \u003e 0 and (LogStand \u003d\u003d 1 or LogStand \u003d\u003d 2 or LogStand \u003d\u003d 3 or LogStand \u003d\u003d 4 or LogStand \u003d\u003d 5 or LogStand \u003d\u003d 6)):\n\t\tvalue \u003d True\n\telse:\n\t\tvalue \u003d False\n\t\t\n\treturn value\n\t",
                  "type": "script"
                }
              ],
              "type": "expr"
            }
          }
        },
        "props": {
          "style": {
            "marginBottom": 20,
            "marginLeft": 40,
            "marginRight": 40
          },
          "text": "ADD"
        },
        "type": "ia.input.button"
      }
    ],
    "meta": {
      "name": "root"
    },
    "props": {
      "direction": "column",
      "justify": "space-around"
    },
    "type": "ia.container.flex"
  }
}