{
  "custom": {},
  "params": {},
  "props": {
    "defaultSize": {
      "height": 200,
      "width": 300
    }
  },
  "root": {
    "children": [
      {
        "children": [
          {
            "children": [
              {
                "children": [
                  {
                    "meta": {
                      "name": "Icon"
                    },
                    "position": {
                      "basis": "48px"
                    },
                    "props": {
                      "color": "#F1F1F1",
                      "path": "material/check"
                    },
                    "type": "ia.display.icon"
                  }
                ],
                "meta": {
                  "name": "FlexContainer"
                },
                "position": {
                  "basis": "48px"
                },
                "props": {
                  "style": {
                    "backgroundColor": "#0CCE6F",
                    "borderBottomLeftRadius": 30,
                    "borderBottomRightRadius": 30,
                    "borderColor": "#0CCE6F",
                    "borderStyle": "solid",
                    "borderTopLeftRadius": 30,
                    "borderTopRightRadius": 30,
                    "borderWidth": 1
                  }
                },
                "type": "ia.container.flex"
              }
            ],
            "meta": {
              "name": "FlexContainer"
            },
            "position": {
              "basis": "45px"
            },
            "props": {
              "justify": "center"
            },
            "type": "ia.container.flex"
          },
          {
            "children": [
              {
                "meta": {
                  "name": "Label"
                },
                "position": {
                  "basis": "104px"
                },
                "props": {
                  "style": {
                    "fontSize": 23
                  },
                  "text": "All Done!"
                },
                "type": "ia.display.label"
              }
            ],
            "meta": {
              "name": "FlexContainer_0"
            },
            "position": {
              "basis": "53px"
            },
            "props": {
              "justify": "center"
            },
            "type": "ia.container.flex"
          },
          {
            "children": [
              {
                "meta": {
                  "name": "Label"
                },
                "position": {
                  "basis": "201px"
                },
                "props": {
                  "text": "Log Received Successfully"
                },
                "type": "ia.display.label"
              }
            ],
            "meta": {
              "name": "FlexContainer_1"
            },
            "position": {
              "basis": "58px"
            },
            "props": {
              "justify": "center"
            },
            "type": "ia.container.flex"
          },
          {
            "children": [
              {
                "events": {
                  "dom": {
                    "onClick": {
                      "config": {
                        "script": "\tsystem.perspective.closePopup(\u0027abcdefg\u0027)\n\t"
                      },
                      "scope": "G",
                      "type": "script"
                    }
                  }
                },
                "meta": {
                  "name": "Button"
                },
                "position": {
                  "basis": "68px"
                },
                "props": {
                  "style": {
                    "backgroundColor": "#0CCE6F"
                  },
                  "text": "OK"
                },
                "type": "ia.input.button"
              }
            ],
            "meta": {
              "name": "FlexContainer_2"
            },
            "position": {
              "basis": "25px"
            },
            "props": {
              "justify": "center"
            },
            "type": "ia.container.flex"
          }
        ],
        "meta": {
          "name": "FlexContainer"
        },
        "position": {
          "basis": "300px"
        },
        "props": {
          "direction": "column"
        },
        "type": "ia.container.flex"
      }
    ],
    "meta": {
      "name": "root"
    },
    "props": {
      "direction": "column"
    },
    "type": "ia.container.flex"
  }
}