{
  "custom": {
    "logId": null
  },
  "params": {
    "In_Out": "",
    "rowData": {}
  },
  "propConfig": {
    "custom.logId": {
      "binding": {
        "config": {
          "path": "view.params.rowData"
        },
        "transforms": [
          {
            "code": "\treturn value[\"log_id\"]",
            "type": "script"
          }
        ],
        "type": "property"
      },
      "persistent": true
    },
    "params.In_Out": {
      "paramDirection": "input",
      "persistent": true
    },
    "params.rowData": {
      "paramDirection": "input",
      "persistent": true
    }
  },
  "props": {
    "defaultSize": {
      "height": 30,
      "width": 120
    }
  },
  "root": {
    "children": [
      {
        "children": [
          {
            "events": {
              "dom": {
                "onClick": {
                  "config": {
                    "draggable": false,
                    "id": "gTUDA0I5",
                    "modal": true,
                    "overlayDismiss": true,
                    "position": {
                      "height": 150,
                      "width": 1000
                    },
                    "positionType": "exact",
                    "resizable": false,
                    "showCloseIcon": true,
                    "type": "open",
                    "viewParams": {
                      "In_Out": "{view.params.In_Out}",
                      "rowData": "{view.params.rowData}"
                    },
                    "viewPath": "LogTrackTemplates/LogStandLogDetailsView",
                    "viewportBound": true
                  },
                  "scope": "C",
                  "type": "popup"
                }
              }
            },
            "meta": {
              "name": "Label"
            },
            "position": {
              "basis": "50px",
              "grow": 1
            },
            "propConfig": {
              "props.text": {
                "binding": {
                  "config": {
                    "path": "view.custom.logId"
                  },
                  "type": "property"
                }
              }
            },
            "props": {
              "textStyle": {
                "color": "#161AF1",
                "textAlign": "center",
                "textDecoration": "underline"
              }
            },
            "type": "ia.display.label"
          }
        ],
        "meta": {
          "name": "FlexContainer"
        },
        "position": {
          "basis": "30px",
          "grow": 1
        },
        "type": "ia.container.flex"
      }
    ],
    "meta": {
      "name": "root"
    },
    "props": {
      "direction": "column"
    },
    "type": "ia.container.flex"
  }
}