{
  "custom": {},
  "params": {
    "rowData": {}
  },
  "propConfig": {
    "params.rowData": {
      "paramDirection": "input",
      "persistent": true
    }
  },
  "props": {
    "defaultSize": {
      "height": 37,
      "width": 80
    }
  },
  "root": {
    "children": [
      {
        "events": {
          "dom": {
            "onClick": {
              "config": {
                "script": "\timport time\n\timport sys\n\tA\u003dself.view.params.rowData\n\tuid\u003dA[\u0027uid\u0027]\n\tDate_Time\u003dA[\u0027date_time\u0027]\n\tDate_Time\u003dsystem.date.fromMillis(Date_Time)\n\tD\u003dsystem.date.now()\n\tRemark\u003dA[\u0027msg\u0027]\n\tMin\u003dsystem.date.minutesBetween(Date_Time,D)\n\tMin\u003d60-Min\n#\tt\u003dsystem.date.format(Date_Time,\"DD/MM/YYYY hh:mm:ss\")\n#\tt1\u003dstr(Date_Time)\n\t\n\t#Condition to see if date_time is more than 1hour then apply the case\n\t\n\tif Min\u003c60 and \u0027No response from SAP\u0027 in Remark and Min\u003e0:\n\t\tmsg\u003dstr(Min)+\u0027 Minutes pending to retry with SAP\u0027\n\t\tsystem.perspective.openPopup(\u0027Error\u0027,\u0027Template/Popup_1\u0027,params\u003d{\u0027Code\u0027:1,\u0027Message\u0027:msg},showCloseIcon \u003d True,modal\u003dTrue,draggable\u003dFalse,position \u003d {\u0027top\u0027:100})\n\t\tsys.exit()\t\t\n\t\t\n\telse:\t\n\t\tAPI.Error_EH.Resend_E_API(uid)\n\t\t#Send msg to refresh the screen\n\t\tPayload\u003d{\u0027EUpdate\u0027: 1}\n\t\tsystem.perspective.sendMessage(\u0027Update_E_Error\u0027, payload\u003dPayload, scope\u003d\u0027session\u0027)\n\t\ttime.sleep(0.5)\n\t\tPayload\u003d{\u0027EUpdate\u0027: 0}\n\t\tsystem.perspective.sendMessage(\u0027Update_E_Error\u0027, payload\u003dPayload, scope\u003d\u0027session\u0027)\n\n\t\t"
              },
              "scope": "G",
              "type": "script"
            }
          }
        },
        "meta": {
          "name": "Button"
        },
        "position": {
          "basis": "34px"
        },
        "propConfig": {
          "props.enabled": {
            "binding": {
              "config": {
                "path": "view.params.rowData"
              },
              "overlayOptOut": true,
              "transforms": [
                {
                  "code": "\ttry:\n\t\tx \u003d value[\u0027Select\u0027]\n\t\tif(x \u003d\u003d 1):\n\t\t\treturn True\n\t\telse:\n\t\t\treturn False\n\texcept:\n\t\treturn False\t\t\n",
                  "type": "script"
                }
              ],
              "type": "property"
            }
          }
        },
        "props": {
          "image": {
            "style": {
              "marginBottom": 2,
              "marginLeft": 2,
              "marginRight": 2,
              "marginTop": 2
            }
          },
          "style": {
            "fontFamily": "Roboto",
            "fontSize": 14,
            "marginBottom": 2,
            "marginLeft": 2,
            "marginRight": 2,
            "marginTop": 2
          },
          "text": "Resend"
        },
        "type": "ia.input.button"
      }
    ],
    "meta": {
      "name": "root"
    },
    "props": {
      "direction": "column",
      "justify": "center",
      "style": {
        "overflow": "hidden"
      }
    },
    "type": "ia.container.flex"
  }
}