{
  "custom": {},
  "params": {},
  "props": {
    "defaultSize": {
      "height": 40,
      "width": 300
    }
  },
  "root": {
    "children": [
      {
        "meta": {
          "name": "Progress"
        },
        "position": {
          "basis": "20px",
          "grow": 1
        },
        "type": "ia.display.progress"
      },
      {
        "meta": {
          "name": "Label"
        },
        "position": {
          "basis": "32px",
          "grow": 1
        },
        "props": {
          "text": "Label",
          "textStyle": {
            "textAlign": "center"
          }
        },
        "type": "ia.display.label"
      }
    ],
    "meta": {
      "name": "root"
    },
    "props": {
      "direction": "column"
    },
    "type": "ia.container.flex"
  }
}