{
  "base": {
    "style": {
      "borderLeftColor": "#8D8D8D",
      "borderLeftStyle": "solid",
      "borderLeftWidth": "1px",
      "borderTopLeftRadius": "0px",
      "borderTopRightRadius": "0px",
      "borderBottomLeftRadius": "0px",
      "borderBottomRightRadius": "0px",
      "borderRightColor": "#8D8D8D",
      "borderRightStyle": "solid",
      "borderRightWidth": "1px",
      "fontFamily": "Roboto",
      "fontSize": "12px",
      "marginBottom": "4px",
      "marginTop": "4px",
      "textAlign": "center"
    }
  }
}