{
  "custom": {
    "logDia": null,
    "optionsList": null,
    "press": null
  },
  "params": {
    "listOfOptions": [
      {
        "label": "",
        "value": ""
      }
    ],
    "rowData": {},
    "value": ""
  },
  "propConfig": {
    "custom.logDia": {
      "binding": {
        "config": {
          "path": "view.params.rowData"
        },
        "transforms": [
          {
            "code": "\treturn value[\u0027LogDia\u0027]",
            "type": "script"
          }
        ],
        "type": "property"
      },
      "persistent": true
    },
    "custom.optionsList": {
      "binding": {
        "config": {
          "path": "view.custom.logDia"
        },
        "transforms": [
          {
            "code": "\timport copy\n\t\n\t#JSON Template \n\trawJSON \u003d {\n\t\t\"label\": \"\",\n\t\t\"value\":\"\"\n\t}\t\n\t#JSON Array\n\treturnJSON \u003d []\n\t\n\tpo \u003d self.params.rowData[\u0027PO\u0027]\n\tlogDia \u003d float(value)\n\tpressQuery \u003d \u0027SELECT [Press] FROM [dbo].[mes_press] WHERE [Diameter] \u003d ?\u0027\n\tpArgs \u003d [logDia]\n\tdataSet \u003d system.db.runPrepQuery(pressQuery, pArgs, \u0027CIMS2\u0027)\n\trowCt \u003d dataSet.getRowCount()\n\t\t\n\tfor i in range(rowCt):\n\t\tentry \u003d copy.deepcopy(rawJSON)\n\t\tentry[\"label\"] \u003d str(dataSet[i][\u0027Press\u0027])\n\t\tentry[\"value\"] \u003d str(dataSet[i][\u0027Press\u0027])\n\t\t# Append entry\n\t\treturnJSON.append(entry)\n\t\t\n\tif((rowCt \u003d\u003d 1) and (str(self.custom.press) \u003d\u003d \u0027None\u0027)):\n\t\t#Update press in status table\n\t\tsQuery \u003d \u0027\u0027\u0027UPDATE [dbo].[mes_status]\t\t    \n\t\t\tSET [Press] \u003d ? WHERE [mes_po] \u003d ?\n\t\t\t\u0027\u0027\u0027\t\n\t\tsArgs\u003d[str(dataSet[0][\u0027Press\u0027]), po]\n\t\tsData\u003dsystem.db.runPrepUpdate(sQuery, sArgs, \u0027CIMS2\u0027)\n\t\t#Update press in main table\t\n\t\tuQuery \u003d \u0027\u0027\u0027UPDATE [dbo].[mes_main]\t\t    \n\t\t\tSET [Press] \u003d ? WHERE [PO] \u003d ?\n\t\t\t\u0027\u0027\u0027\t\n\t\tuArgs\u003d[str(dataSet[0][\u0027Press\u0027]), po]\n\t\tuData\u003dsystem.db.runPrepUpdate(uQuery, uArgs, \u0027CIMS2\u0027)\n\t\t\n\t\t#Send message\t\n\t\tPayload\u003d{\u0027MainUpdate\u0027: 1}\n\t\tsystem.perspective.sendMessage(\u0027MainU\u0027, payload\u003dPayload, scope\u003d\u0027page\u0027)\n\t\t#time.sleep(1)\n\t\tPayload\u003d{\u0027MainUpdate\u0027: 0}\n\t\tsystem.perspective.sendMessage(\u0027MainU\u0027, payload\u003dPayload, scope\u003d\u0027page\u0027)\n\t\n\t#return returnJSON[0][\u0027value\u0027]\n\treturn returnJSON\n\t",
            "type": "script"
          }
        ],
        "type": "property"
      },
      "persistent": true
    },
    "custom.press": {
      "binding": {
        "config": {
          "path": "view.params.rowData"
        },
        "transforms": [
          {
            "code": "\treturn value[\u0027Press\u0027]",
            "type": "script"
          }
        ],
        "type": "property"
      },
      "persistent": true
    },
    "params.listOfOptions": {
      "paramDirection": "input",
      "persistent": true
    },
    "params.rowData": {
      "paramDirection": "input",
      "persistent": true
    },
    "params.value": {
      "paramDirection": "output",
      "persistent": true
    }
  },
  "props": {
    "defaultSize": {
      "height": 40,
      "width": 200
    }
  },
  "root": {
    "children": [
      {
        "meta": {
          "name": "Label"
        },
        "position": {
          "basis": "32px",
          "grow": 1
        },
        "propConfig": {
          "position.display": {
            "binding": {
              "config": {
                "path": "this.props.text"
              },
              "transforms": [
                {
                  "code": "\t\n\tA\u003dstr(value)\n\n\tif (len(A) \u003d\u003d 0 or A \u003d\u003d \u0027None\u0027 or A \u003d\u003d \u0027null\u0027 or A \u003d\u003d \u0027\u0027):\n\t\tvalue\u003dbool(0)\n\t\tself.getSibling(\"Dropdown\").position.display \u003d bool(1)\n\telse:\n\t\tvalue\u003dbool(1)\n\t\tself.getSibling(\"Dropdown\").position.display \u003d bool(0)\n\n\treturn value\t\n",
                  "type": "script"
                }
              ],
              "type": "property"
            }
          },
          "props.text": {
            "binding": {
              "config": {
                "path": "view.custom.press"
              },
              "type": "property"
            }
          }
        },
        "props": {
          "textStyle": {
            "textAlign": "center"
          }
        },
        "type": "ia.display.label"
      },
      {
        "events": {
          "component": {
            "onActionPerformed": {
              "config": {
                "script": "\tMessageType \u003d \"PressSelection\"\n\tPayload \u003d {\"selectedPress\": self.props.value}\n\tsystem.perspective.sendMessage(messageType\u003dMessageType,payload\u003dPayload,scope\u003d\"page\")\n"
              },
              "scope": "G",
              "type": "script"
            }
          },
          "dom": {
            "onSelect": {
              "config": {
                "script": "#\t# DISABLED\n#\tMessageType \u003d \"MachineSelection\"\n#\tPayload\u003d {\"selectedMachine\": \u0027TEST\u0027}\n#\tsystem.perspective.sendMessage(messageType\u003dMessageType,payload\u003dPayload,scope\u003d\"page\")\n\t"
              },
              "enabled": false,
              "scope": "G",
              "type": "script"
            }
          }
        },
        "meta": {
          "name": "Dropdown"
        },
        "position": {
          "basis": "36px",
          "grow": 1
        },
        "propConfig": {
          "props.options": {
            "binding": {
              "config": {
                "path": "view.custom.optionsList"
              },
              "type": "property"
            }
          }
        },
        "type": "ia.input.dropdown"
      }
    ],
    "meta": {
      "name": "root"
    },
    "props": {
      "direction": "column"
    },
    "type": "ia.container.flex"
  }
}