{
  "custom": {
    "Tab": 1
  },
  "params": {},
  "props": {
    "defaultSize": {
      "width": 1382
    }
  },
  "root": {
    "children": [
      {
        "meta": {
          "name": "Label"
        },
        "position": {
          "basis": "20px",
          "display": false
        },
        "props": {
          "style": {
            "marginLeft": 12,
            "marginTop": 5
          },
          "text": "Inventory Managment System",
          "textStyle": {
            "color": "#5B5B5B",
            "fontFamily": "Roboto",
            "fontSize": "18px",
            "fontWeight": 600,
            "textAlign": "left"
          }
        },
        "type": "ia.display.label"
      },
      {
        "children": [
          {
            "meta": {
              "name": "FlexContainer"
            },
            "position": {
              "basis": "10px",
              "shrink": 0
            },
            "props": {
              "style": {
                "overflow": "hidden"
              }
            },
            "type": "ia.container.flex"
          },
          {
            "children": [
              {
                "meta": {
                  "name": "FlexContainer_0"
                },
                "position": {
                  "basis": "20px",
                  "shrink": 0
                },
                "type": "ia.container.flex"
              },
              {
                "meta": {
                  "name": "Label"
                },
                "position": {
                  "basis": "50px",
                  "grow": 1
                },
                "propConfig": {
                  "props.textStyle.color": {
                    "binding": {
                      "config": {
                        "path": "view.custom.Tab"
                      },
                      "transforms": [
                        {
                          "code": "\tif value\u003d\u003d1:\n\t\treturn \u0027#257A8C\u0027\n\telse:\n\t\treturn \u0027#595959\u0027\t\n\t\t",
                          "type": "script"
                        }
                      ],
                      "type": "property"
                    }
                  }
                },
                "props": {
                  "text": "Main",
                  "textStyle": {
                    "fontFamily": "Roboto",
                    "fontSize": 14,
                    "fontWeight": 500,
                    "textAlign": "center"
                  }
                },
                "type": "ia.display.label"
              },
              {
                "meta": {
                  "name": "FlexContainer"
                },
                "position": {
                  "basis": "5px",
                  "shrink": 0
                },
                "propConfig": {
                  "props.style.backgroundColor": {
                    "binding": {
                      "config": {
                        "path": "view.custom.Tab"
                      },
                      "transforms": [
                        {
                          "code": "\tif value\u003d\u003d1:\n\t\treturn \u0027#257A8C\u0027\n\telse:\n\t\treturn \u0027#FFFFFF\u0027\t",
                          "type": "script"
                        }
                      ],
                      "type": "property"
                    }
                  }
                },
                "props": {
                  "style": {
                    "borderBottomLeftRadius": 4,
                    "borderBottomRightRadius": 4,
                    "borderTopLeftRadius": 4,
                    "borderTopRightRadius": 4,
                    "margin": 15
                  }
                },
                "type": "ia.container.flex"
              }
            ],
            "events": {
              "dom": {
                "onClick": {
                  "config": {
                    "script": "\tself.view.custom.Tab\u003d1\n#\tChange view path and params in Embeded view\n\tself.parent.parent.getChild(\"EmbeddedView\").props.path\u003d\"Dashboards/Main\""
                  },
                  "scope": "G",
                  "type": "script"
                }
              }
            },
            "meta": {
              "name": "Tab1"
            },
            "position": {
              "basis": "100px",
              "shrink": 0
            },
            "props": {
              "direction": "column",
              "style": {
                "fontSize": 14,
                "overflow": "hidden"
              }
            },
            "type": "ia.container.flex"
          },
          {
            "children": [
              {
                "meta": {
                  "name": "FlexContainer_0"
                },
                "position": {
                  "basis": "20px",
                  "shrink": 0
                },
                "type": "ia.container.flex"
              },
              {
                "meta": {
                  "name": "Label"
                },
                "position": {
                  "basis": "50px",
                  "grow": 1
                },
                "propConfig": {
                  "props.textStyle.color": {
                    "binding": {
                      "config": {
                        "path": "view.custom.Tab"
                      },
                      "transforms": [
                        {
                          "code": "\tif value\u003d\u003d2:\n\t\treturn \u0027#257A8C\u0027\n\telse:\n\t\treturn \u0027#595959\u0027\t\n\t\t",
                          "type": "script"
                        }
                      ],
                      "type": "property"
                    }
                  }
                },
                "props": {
                  "text": "Melting",
                  "textStyle": {
                    "fontFamily": "Roboto",
                    "fontSize": 14,
                    "fontWeight": 500,
                    "textAlign": "center"
                  }
                },
                "type": "ia.display.label"
              },
              {
                "meta": {
                  "name": "FlexContainer"
                },
                "position": {
                  "basis": "5px",
                  "shrink": 0
                },
                "propConfig": {
                  "props.style.backgroundColor": {
                    "binding": {
                      "config": {
                        "path": "view.custom.Tab"
                      },
                      "transforms": [
                        {
                          "code": "\tif value\u003d\u003d2:\n\t\treturn \u0027#257A8C\u0027\n\telse:\n\t\treturn \u0027#FFFFFF\u0027\t",
                          "type": "script"
                        }
                      ],
                      "type": "property"
                    }
                  }
                },
                "props": {
                  "style": {
                    "borderBottomLeftRadius": 4,
                    "borderBottomRightRadius": 4,
                    "borderTopLeftRadius": 4,
                    "borderTopRightRadius": 4,
                    "margin": 15
                  }
                },
                "type": "ia.container.flex"
              }
            ],
            "events": {
              "dom": {
                "onClick": {
                  "config": {
                    "script": "\tself.view.custom.Tab\u003d2\n\t\n\t#\tChange view path and params in Embeded view\n\tself.parent.parent.getChild(\"EmbeddedView\").props.path\u003d\u0027Dashboards/Melting\u0027"
                  },
                  "scope": "G",
                  "type": "script"
                }
              }
            },
            "meta": {
              "name": "Tab2"
            },
            "position": {
              "basis": "100px",
              "shrink": 0
            },
            "props": {
              "direction": "column",
              "style": {
                "fontSize": 14,
                "overflow": "hidden"
              }
            },
            "type": "ia.container.flex"
          },
          {
            "children": [
              {
                "meta": {
                  "name": "FlexContainer_0"
                },
                "position": {
                  "basis": "20px",
                  "shrink": 0
                },
                "type": "ia.container.flex"
              },
              {
                "meta": {
                  "name": "Label"
                },
                "position": {
                  "basis": "50px",
                  "grow": 1
                },
                "propConfig": {
                  "props.textStyle.color": {
                    "binding": {
                      "config": {
                        "path": "view.custom.Tab"
                      },
                      "transforms": [
                        {
                          "code": "\tif value\u003d\u003d3:\n\t\treturn \u0027#257A8C\u0027\n\telse:\n\t\treturn \u0027#595959\u0027\t\n\t\t",
                          "type": "script"
                        }
                      ],
                      "type": "property"
                    }
                  }
                },
                "props": {
                  "text": "Holding",
                  "textStyle": {
                    "fontFamily": "Roboto",
                    "fontSize": 14,
                    "fontWeight": 500,
                    "textAlign": "center"
                  }
                },
                "type": "ia.display.label"
              },
              {
                "meta": {
                  "name": "FlexContainer"
                },
                "position": {
                  "basis": "5px",
                  "shrink": 0
                },
                "propConfig": {
                  "props.style.backgroundColor": {
                    "binding": {
                      "config": {
                        "path": "view.custom.Tab"
                      },
                      "transforms": [
                        {
                          "code": "\tif value\u003d\u003d3:\n\t\treturn \u0027#257A8C\u0027\n\telse:\n\t\treturn \u0027#FFFFFF\u0027\t",
                          "type": "script"
                        }
                      ],
                      "type": "property"
                    }
                  }
                },
                "props": {
                  "style": {
                    "borderBottomLeftRadius": 4,
                    "borderBottomRightRadius": 4,
                    "borderTopLeftRadius": 4,
                    "borderTopRightRadius": 4,
                    "margin": 15
                  }
                },
                "type": "ia.container.flex"
              }
            ],
            "events": {
              "dom": {
                "onClick": {
                  "config": {
                    "script": "\tself.view.custom.Tab\u003d3\n\t\n#\tChnage view path and params\n\tself.parent.parent.getChild(\"EmbeddedView\").props.path\u003d\u0027Dashboards/Holding\u0027"
                  },
                  "scope": "G",
                  "type": "script"
                }
              }
            },
            "meta": {
              "name": "Tab3"
            },
            "position": {
              "basis": "100px",
              "shrink": 0
            },
            "props": {
              "direction": "column",
              "style": {
                "fontSize": 14,
                "overflow": "hidden"
              }
            },
            "type": "ia.container.flex"
          },
          {
            "children": [
              {
                "meta": {
                  "name": "FlexContainer_0"
                },
                "position": {
                  "basis": "20px",
                  "shrink": 0
                },
                "type": "ia.container.flex"
              },
              {
                "meta": {
                  "name": "Label"
                },
                "position": {
                  "basis": "50px",
                  "grow": 1
                },
                "propConfig": {
                  "props.textStyle.color": {
                    "binding": {
                      "config": {
                        "path": "view.custom.Tab"
                      },
                      "transforms": [
                        {
                          "code": "\tif value\u003d\u003d4:\n\t\treturn \u0027#257A8C\u0027\n\telse:\n\t\treturn \u0027#595959\u0027\t\n\t\t",
                          "type": "script"
                        }
                      ],
                      "type": "property"
                    }
                  }
                },
                "props": {
                  "text": "Casting",
                  "textStyle": {
                    "fontFamily": "Roboto",
                    "fontSize": 14,
                    "fontWeight": 500,
                    "textAlign": "center"
                  }
                },
                "type": "ia.display.label"
              },
              {
                "meta": {
                  "name": "FlexContainer"
                },
                "position": {
                  "basis": "5px",
                  "shrink": 0
                },
                "propConfig": {
                  "props.style.backgroundColor": {
                    "binding": {
                      "config": {
                        "path": "view.custom.Tab"
                      },
                      "transforms": [
                        {
                          "code": "\tif value\u003d\u003d4:\n\t\treturn \u0027#257A8C\u0027\n\telse:\n\t\treturn \u0027#FFFFFF\u0027\t",
                          "type": "script"
                        }
                      ],
                      "type": "property"
                    }
                  }
                },
                "props": {
                  "style": {
                    "borderBottomLeftRadius": 4,
                    "borderBottomRightRadius": 4,
                    "borderTopLeftRadius": 4,
                    "borderTopRightRadius": 4,
                    "margin": 15
                  }
                },
                "type": "ia.container.flex"
              }
            ],
            "events": {
              "dom": {
                "onClick": {
                  "config": {
                    "script": "\tself.view.custom.Tab\u003d4\n\t\n\t#Change view path and params in Embeded components\n\tself.parent.parent.getChild(\"EmbeddedView\").props.path\u003d\u0027Dashboards/Casting\u0027"
                  },
                  "scope": "G",
                  "type": "script"
                }
              }
            },
            "meta": {
              "name": "Tab4"
            },
            "position": {
              "basis": "100px",
              "shrink": 0
            },
            "props": {
              "direction": "column",
              "style": {
                "fontSize": 14,
                "overflow": "hidden"
              }
            },
            "type": "ia.container.flex"
          },
          {
            "children": [
              {
                "meta": {
                  "name": "FlexContainer_0"
                },
                "position": {
                  "basis": "20px",
                  "shrink": 0
                },
                "type": "ia.container.flex"
              },
              {
                "meta": {
                  "name": "Label"
                },
                "position": {
                  "basis": "50px",
                  "grow": 1
                },
                "propConfig": {
                  "props.textStyle.color": {
                    "binding": {
                      "config": {
                        "path": "view.custom.Tab"
                      },
                      "transforms": [
                        {
                          "code": "\tif value\u003d\u003d5:\n\t\treturn \u0027#257A8C\u0027\n\telse:\n\t\treturn \u0027#595959\u0027\t\n\t\t",
                          "type": "script"
                        }
                      ],
                      "type": "property"
                    }
                  }
                },
                "props": {
                  "text": "End Cutting",
                  "textStyle": {
                    "fontFamily": "Roboto",
                    "fontSize": 14,
                    "fontWeight": 500,
                    "textAlign": "center"
                  }
                },
                "type": "ia.display.label"
              },
              {
                "meta": {
                  "name": "FlexContainer"
                },
                "position": {
                  "basis": "5px",
                  "shrink": 0
                },
                "propConfig": {
                  "props.style.backgroundColor": {
                    "binding": {
                      "config": {
                        "path": "view.custom.Tab"
                      },
                      "transforms": [
                        {
                          "code": "\tif value\u003d\u003d5:\n\t\treturn \u0027#257A8C\u0027\n\telse:\n\t\treturn \u0027#FFFFFF\u0027\t",
                          "type": "script"
                        }
                      ],
                      "type": "property"
                    }
                  }
                },
                "props": {
                  "style": {
                    "borderBottomLeftRadius": 4,
                    "borderBottomRightRadius": 4,
                    "borderTopLeftRadius": 4,
                    "borderTopRightRadius": 4,
                    "margin": 15
                  }
                },
                "type": "ia.container.flex"
              }
            ],
            "events": {
              "dom": {
                "onClick": {
                  "config": {
                    "script": "\tself.view.custom.Tab\u003d5\n\t\n\t#Change view path and params in embedded components\n\tself.parent.parent.getChild(\"EmbeddedView\").props.path\u003d\u0027Dashboards/EndCutting\u0027\n\t"
                  },
                  "scope": "G",
                  "type": "script"
                }
              }
            },
            "meta": {
              "name": "Tab5"
            },
            "position": {
              "basis": "120px",
              "shrink": 0
            },
            "props": {
              "direction": "column",
              "style": {
                "fontSize": 14,
                "overflow": "hidden"
              }
            },
            "type": "ia.container.flex"
          },
          {
            "children": [
              {
                "meta": {
                  "name": "FlexContainer_0"
                },
                "position": {
                  "basis": "20px",
                  "shrink": 0
                },
                "type": "ia.container.flex"
              },
              {
                "meta": {
                  "name": "Label"
                },
                "position": {
                  "basis": "50px",
                  "grow": 1
                },
                "propConfig": {
                  "props.textStyle.color": {
                    "binding": {
                      "config": {
                        "path": "view.custom.Tab"
                      },
                      "overlayOptOut": true,
                      "transforms": [
                        {
                          "code": "\tif value\u003d\u003d6:\n\t\treturn \u0027#257A8C\u0027\n\telse:\n\t\treturn \u0027#595959\u0027\t\n\t\t",
                          "type": "script"
                        }
                      ],
                      "type": "property"
                    }
                  }
                },
                "props": {
                  "text": "Homogenization",
                  "textStyle": {
                    "fontFamily": "Roboto",
                    "fontSize": 14,
                    "fontWeight": 500,
                    "textAlign": "center"
                  }
                },
                "type": "ia.display.label"
              },
              {
                "meta": {
                  "name": "FlexContainer"
                },
                "position": {
                  "basis": "5px",
                  "shrink": 0
                },
                "propConfig": {
                  "props.style.backgroundColor": {
                    "binding": {
                      "config": {
                        "path": "view.custom.Tab"
                      },
                      "transforms": [
                        {
                          "code": "\tif value\u003d\u003d6:\n\t\treturn \u0027#257A8C\u0027\n\telse:\n\t\treturn \u0027#FFFFFF\u0027\t",
                          "type": "script"
                        }
                      ],
                      "type": "property"
                    }
                  }
                },
                "props": {
                  "style": {
                    "borderBottomLeftRadius": 4,
                    "borderBottomRightRadius": 4,
                    "borderTopLeftRadius": 4,
                    "borderTopRightRadius": 4,
                    "margin": 15
                  }
                },
                "type": "ia.container.flex"
              }
            ],
            "events": {
              "dom": {
                "onClick": {
                  "config": {
                    "script": "\tself.view.custom.Tab \u003d 6\n\tself.parent.parent.getChild(\"EmbeddedView\").props.path \u003d \u0027Dashboards/Homogenization\u0027"
                  },
                  "scope": "G",
                  "type": "script"
                }
              }
            },
            "meta": {
              "name": "Tab6"
            },
            "position": {
              "basis": "120px",
              "shrink": 0
            },
            "props": {
              "direction": "column",
              "style": {
                "fontSize": 14,
                "overflow": "hidden"
              }
            },
            "type": "ia.container.flex"
          },
          {
            "children": [
              {
                "meta": {
                  "name": "FlexContainer_0"
                },
                "position": {
                  "basis": "20px",
                  "shrink": 0
                },
                "type": "ia.container.flex"
              },
              {
                "meta": {
                  "name": "Label"
                },
                "position": {
                  "basis": "50px",
                  "grow": 1
                },
                "propConfig": {
                  "props.textStyle.color": {
                    "binding": {
                      "config": {
                        "path": "view.custom.Tab"
                      },
                      "overlayOptOut": true,
                      "transforms": [
                        {
                          "code": "\tif value\u003d\u003d7:\n\t\treturn \u0027#257A8C\u0027\n\telse:\n\t\treturn \u0027#595959\u0027\t\n\t\t",
                          "type": "script"
                        }
                      ],
                      "type": "property"
                    }
                  }
                },
                "props": {
                  "text": "Log Dispatch",
                  "textStyle": {
                    "fontFamily": "Roboto",
                    "fontSize": 14,
                    "fontWeight": 500,
                    "textAlign": "center"
                  }
                },
                "type": "ia.display.label"
              },
              {
                "meta": {
                  "name": "FlexContainer"
                },
                "position": {
                  "basis": "5px",
                  "shrink": 0
                },
                "propConfig": {
                  "props.style.backgroundColor": {
                    "binding": {
                      "config": {
                        "path": "view.custom.Tab"
                      },
                      "transforms": [
                        {
                          "code": "\tif value\u003d\u003d7:\n\t\treturn \u0027#257A8C\u0027\n\telse:\n\t\treturn \u0027#FFFFFF\u0027\t",
                          "type": "script"
                        }
                      ],
                      "type": "property"
                    }
                  }
                },
                "props": {
                  "style": {
                    "borderBottomLeftRadius": 4,
                    "borderBottomRightRadius": 4,
                    "borderTopLeftRadius": 4,
                    "borderTopRightRadius": 4,
                    "margin": 15
                  }
                },
                "type": "ia.container.flex"
              }
            ],
            "events": {
              "dom": {
                "onClick": {
                  "config": {
                    "script": "\tself.view.custom.Tab \u003d 7\n\tself.parent.parent.getChild(\"EmbeddedView\").props.path \u003d \"Dashboards/Log_Dispatch/Logdispatch\""
                  },
                  "scope": "G",
                  "type": "script"
                }
              }
            },
            "meta": {
              "name": "Tab7"
            },
            "position": {
              "basis": "120px",
              "shrink": 0
            },
            "props": {
              "direction": "column",
              "style": {
                "fontSize": 14,
                "overflow": "hidden"
              }
            },
            "type": "ia.container.flex"
          },
          {
            "children": [
              {
                "meta": {
                  "name": "FlexContainer_0"
                },
                "position": {
                  "basis": "20px",
                  "shrink": 0
                },
                "type": "ia.container.flex"
              },
              {
                "meta": {
                  "name": "Label"
                },
                "position": {
                  "basis": "50px",
                  "grow": 1
                },
                "propConfig": {
                  "props.textStyle.color": {
                    "binding": {
                      "config": {
                        "path": "view.custom.Tab"
                      },
                      "transforms": [
                        {
                          "code": "\tif value\u003d\u003d8:\n\t\treturn \u0027#257A8C\u0027\n\telse:\n\t\treturn \u0027#595959\u0027\t\n\t\t",
                          "type": "script"
                        }
                      ],
                      "type": "property"
                    }
                  }
                },
                "props": {
                  "text": "Log Tracker",
                  "textStyle": {
                    "fontFamily": "Roboto",
                    "fontSize": 14,
                    "fontWeight": "500",
                    "textAlign": "center"
                  }
                },
                "type": "ia.display.label"
              },
              {
                "meta": {
                  "name": "FlexContainer"
                },
                "position": {
                  "basis": "5px",
                  "shrink": 0
                },
                "propConfig": {
                  "props.style.backgroundColor": {
                    "binding": {
                      "config": {
                        "path": "view.custom.Tab"
                      },
                      "transforms": [
                        {
                          "code": "\tif value\u003d\u003d8:\n\t\treturn \u0027#257A8C\u0027\n\telse:\n\t\treturn \u0027#FFFFFF\u0027\t",
                          "type": "script"
                        }
                      ],
                      "type": "property"
                    }
                  }
                },
                "props": {
                  "style": {
                    "borderBottomLeftRadius": 4,
                    "borderBottomRightRadius": 4,
                    "borderTopLeftRadius": 4,
                    "borderTopRightRadius": 4,
                    "margin": 15
                  }
                },
                "type": "ia.container.flex"
              }
            ],
            "events": {
              "dom": {
                "onClick": {
                  "config": {
                    "script": "\tself.view.custom.Tab \u003d 8\n\tself.parent.parent.getChild(\"EmbeddedView\").props.path \u003d \u0027Dashboards/LogTracker\u0027"
                  },
                  "scope": "G",
                  "type": "script"
                }
              }
            },
            "meta": {
              "name": "Tab8"
            },
            "position": {
              "basis": "100px",
              "shrink": 0
            },
            "props": {
              "direction": "column",
              "style": {
                "fontSize": 14,
                "overflow": "hidden"
              }
            },
            "type": "ia.container.flex"
          },
          {
            "children": [
              {
                "events": {
                  "dom": {
                    "onClick": {
                      "config": {
                        "script": "\tfrom datetime import datetime\n\t\t\n\t#Set the filename with current timestamp\n\tcurrentDateTime \u003d datetime.now()\n\t\n\ttabNo \u003d self.view.custom.Tab\n\tfileName \u003d \"data_\" + str(currentDateTime.strftime(\"%Y%m%d%H%M%S\")) + \".xlsx\"\n\treportCols \u003d []\n\tif tabNo \u003d\u003d 1:\n\t\tfileName \u003d \"MainData_\" + str(currentDateTime.strftime(\"%Y%m%d%H%M%S\")) + \".xlsx\"\n\t\treportCols \u003d [\"PO\", \"Machine\", \"SfgCode\", \"PlannedOrderQty\", \"StandardAlloy\", \"InternalAlloy\", \"LogDia\", \"LogLength\", \"ReleaseDate\", \"Press\", \"Status\", \"DateandTime\", \"No_of_logs\", \"NoOfLogsEngraved\", \"ActualWeight\", \"CastingBlock\", \"AluminiumChipBoring\", \"LogEndCuttingDiscard\", \"Dross\", \"MeltingLossPercent\", \"Yield\", \"MeltingRemarks\", \"HoldingRemarks\", \"CastingRemarks\"]\n\telif tabNo \u003d\u003d 2:\n\t\tfileName \u003d \"MeltingData_\" + str(currentDateTime.strftime(\"%Y%m%d%H%M%S\")) + \".xlsx\"\n\t\treportCols \u003d [\"PO\", \"standard_alloy\", \"sfg_code\", \"internal_alloy\", \"Status\", \"Yield\", \"Machine\", \"planned_order_qty\", \"log_dia\", \"log_length\", \"release_date\"]\n\telif tabNo \u003d\u003d 3:\n\t\tfileName \u003d \"HoldingData_\" + str(currentDateTime.strftime(\"%Y%m%d%H%M%S\")) + \".xlsx\"\n\t\treportCols \u003d [\"PO\", \"standard_alloy\", \"sfg_code\", \"internal_alloy\", \"Status\", \"Yield\", \"Machine\", \"planned_order_qty\", \"log_dia\", \"log_length\", \"release_date\"]\n\telif tabNo \u003d\u003d 4:\n\t\tfileName \u003d \"CastingData_\" + str(currentDateTime.strftime(\"%Y%m%d%H%M%S\")) + \".xlsx\"\n\t\treportCols \u003d [\"PO\", \"standard_alloy\", \"sfg_code\", \"planned_order_qty\", \"Status\", \"Press_derived\", \"release_date\", \"Machine\", \"No_of_logs\", \"log_dia\", \"log_length\"]\n\telse:\n\t\tfileName \u003d \"data_\" + str(currentDateTime.strftime(\"%Y%m%d%H%M%S\")) + \".xlsx\"\n\t\treportCols \u003d []\n\t\t\n\t# From PyDataSet\n\tdata \u003d self.parent.parent.parent.getChild(\"EmbeddedView\").props.params.downloadData\n\theaders \u003d system.dataset.getColumnHeaders(data)\n\n\tnewData\u003d[]\n\tfor rowIndex in range(data.rowCount):\n\t\trow \u003d [data.getValueAt(rowIndex,col) for col in range(data.columnCount)]\n\t\tnewData.append(row)\n\t\n\t#finalDataset \u003d system.dataset.toDataSet(headers,newData)\n\t#showColumns \u003d reportCols\n\t#finalDataset \u003d system.dataset.filterColumns(data, showColumns)\n\t#XLSFormat \u003d system.dataset.toExcel(True,[finalDataset])\n\tXLSFormat \u003d system.dataset.toExcel(True,[data])\n\tsystem.perspective.download(fileName, XLSFormat)\n\t\n\t\n#\t# From normal table data i.e., Array Wrapper\n#\tdata \u003d self.getSibling(\"Table\").props.data\n#\theaders \u003d data[0].keys()\n#\t#system.perspective.print(headers)\n#\t\n#\tdatasetData \u003d []\n#\tfor row in range(len(data)):\t\n#\t\trowData \u003d []\n#\t\tfor col in range(len(headers)):\n#\t\t\tcell \u003d data[row][headers[col]]\n#\t\t\tif hasattr(cell, \u0027value\u0027):\n#\t\t\t\trowData.append(cell.value)\n#\t\t\telse:\n#\t\t\t\trowData.append(cell)\n#\t\t#system.perspective.print(rowData)\n#\t\tdatasetData.append(rowData)\n#\t\n#\t#system.perspective.print(datasetData)\t\n#\tfinalDataset \u003d system.dataset.toDataSet(headers,datasetData)\n#\tXLSFormat \u003d system.dataset.toExcel(True,[finalDataset])\n#\tsystem.perspective.download(\"test.xlsx\",XLSFormat)\n\n"
                      },
                      "scope": "G",
                      "type": "script"
                    }
                  }
                },
                "meta": {
                  "name": "Icon"
                },
                "position": {
                  "basis": "30px"
                },
                "propConfig": {
                  "position.display": {
                    "binding": {
                      "config": {
                        "path": "view.custom.Tab"
                      },
                      "transforms": [
                        {
                          "code": "\tif value in(1,2,3,4):\n\t\treturn True\n\telse:\n\t\treturn False\n\t",
                          "type": "script"
                        }
                      ],
                      "type": "property"
                    }
                  }
                },
                "props": {
                  "color": "#3F5462",
                  "path": "material/arrow_circle_down"
                },
                "type": "ia.display.icon"
              },
              {
                "meta": {
                  "name": "Label"
                },
                "position": {
                  "basis": "50px",
                  "shrink": 0
                },
                "propConfig": {
                  "props.textStyle.color": {
                    "binding": {
                      "config": {
                        "path": "view.custom.Tab"
                      },
                      "transforms": [
                        {
                          "code": "\tif value\u003d\u003d2:\n\t\treturn \u0027#257A8C\u0027\n\telse:\n\t\treturn \u0027#595959\u0027\t\n\t\t",
                          "type": "script"
                        }
                      ],
                      "type": "property"
                    }
                  }
                },
                "props": {
                  "text": "From - ",
                  "textStyle": {
                    "fontFamily": "Roboto",
                    "fontSize": 14,
                    "fontWeight": 500,
                    "textAlign": "left"
                  }
                },
                "type": "ia.display.label"
              },
              {
                "events": {
                  "system": {
                    "onStartup": {
                      "config": {
                        "script": "\tTo\u003dsystem.date.now()\n\tdays\u003dself.getSibling(\"Button_0\").custom.No_of_Months\n\tD\u003dself.getSibling(\"Button_0\").custom.No_of_Days\n#\tMdate\u003dsystem.date.addMonths(To, -days)\n\tMdate\u003dsystem.date.addDays(To, -D)\n\tself.props.value\u003dMdate"
                      },
                      "scope": "G",
                      "type": "script"
                    }
                  }
                },
                "meta": {
                  "name": "DateTimeInput"
                },
                "position": {
                  "basis": "100px",
                  "shrink": 0
                },
                "props": {
                  "format": "DD-MM-YYYY",
                  "formattedValue": "20-02-2024",
                  "pickerType": "date",
                  "style": {
                    "marginBottom": 5,
                    "marginRight": 15,
                    "marginTop": 8
                  },
                  "value": {
                    "$": [
                      "ts",
                      192,
                      1709024586917
                    ],
                    "$ts": 1708419786916
                  }
                },
                "type": "ia.input.date-time-input"
              },
              {
                "meta": {
                  "name": "Label_0"
                },
                "position": {
                  "basis": "30px",
                  "shrink": 0
                },
                "propConfig": {
                  "props.textStyle.color": {
                    "binding": {
                      "config": {
                        "path": "view.custom.Tab"
                      },
                      "transforms": [
                        {
                          "code": "\tif value\u003d\u003d2:\n\t\treturn \u0027#257A8C\u0027\n\telse:\n\t\treturn \u0027#595959\u0027\t\n\t\t",
                          "type": "script"
                        }
                      ],
                      "type": "property"
                    }
                  }
                },
                "props": {
                  "text": "To - ",
                  "textStyle": {
                    "fontFamily": "Roboto",
                    "fontSize": 14,
                    "fontWeight": 500,
                    "textAlign": "left"
                  }
                },
                "type": "ia.display.label"
              },
              {
                "events": {
                  "system": {
                    "onStartup": {
                      "config": {
                        "script": "\tself.props.value\u003dsystem.date.now()"
                      },
                      "scope": "G",
                      "type": "script"
                    }
                  }
                },
                "meta": {
                  "name": "DateTimeInput_0"
                },
                "position": {
                  "basis": "100px",
                  "shrink": 0
                },
                "props": {
                  "format": "DD-MM-YYYY",
                  "formattedValue": "27-02-2024",
                  "pickerType": "date",
                  "style": {
                    "marginBottom": 5,
                    "marginRight": 15,
                    "marginTop": 8
                  },
                  "value": {
                    "$": [
                      "ts",
                      192,
                      1709024586915
                    ],
                    "$ts": 1709024586915
                  }
                },
                "type": "ia.input.date-time-input"
              },
              {
                "events": {
                  "dom": {
                    "onClick": {
                      "config": {
                        "script": "#\tFrom \n\tself.parent.parent.parent.getChild(\"EmbeddedView\").props.params.FromDate\u003dself.getSibling(\"DateTimeInput\").props.value\n#\tTo\n\tself.parent.parent.parent.getChild(\"EmbeddedView\").props.params.ToDate\u003dself.getSibling(\"DateTimeInput_0\").props.value"
                      },
                      "scope": "G",
                      "type": "script"
                    }
                  }
                },
                "meta": {
                  "name": "Button"
                },
                "position": {
                  "basis": "64px"
                },
                "propConfig": {
                  "props.style.fontSize": {
                    "binding": {
                      "config": {
                        "path": "page.props.dimensions.primaryView.width"
                      },
                      "overlayOptOut": true,
                      "transforms": [
                        {
                          "code": "\tif value\u003c\u003d1120:\n\t\tself.props.style.marginRight\u003d2\n\t\treturn 10\n\telse:\t\n\t\tself.props.style.marginRight\u003d18\n\t\treturn 14",
                          "type": "script"
                        }
                      ],
                      "type": "property"
                    }
                  }
                },
                "props": {
                  "style": {
                    "fontFamily": "Roboto",
                    "marginBottom": 5,
                    "marginRight": 2,
                    "marginTop": 8,
                    "textAlign": "center"
                  },
                  "text": "Apply"
                },
                "type": "ia.input.button"
              },
              {
                "custom": {
                  "No_of_Days": 7,
                  "No_of_Months": 12
                },
                "events": {
                  "dom": {
                    "onClick": {
                      "config": {
                        "script": "\tTo\u003dsystem.date.now()\n\tmonth\u003dself.custom.No_of_Months\n\tDays\u003dself.custom.No_of_Days\n#\tMdate\u003dsystem.date.addMonths(To, -month)\n\tMdate\u003dsystem.date.addDays(To, -Days)\n\tself.props.value\u003dMdate\n\t\n#\tPass to To Date Component\n\tself.getSibling(\"DateTimeInput_0\").props.value\u003dTo\n\t\n#\tPass value to From Date Component\n\tself.getSibling(\"DateTimeInput\").props.value\u003dMdate\t\n\t\n#\tFrom \n\tself.parent.parent.parent.getChild(\"EmbeddedView\").props.params.FromDate\u003dMdate\n#\tTo\n\tself.parent.parent.parent.getChild(\"EmbeddedView\").props.params.ToDate\u003dTo\t"
                      },
                      "scope": "G",
                      "type": "script"
                    }
                  }
                },
                "meta": {
                  "name": "Button_0"
                },
                "position": {
                  "basis": "64px"
                },
                "propConfig": {
                  "props.style.fontSize": {
                    "binding": {
                      "config": {
                        "path": "page.props.dimensions.primaryView.width"
                      },
                      "overlayOptOut": true,
                      "transforms": [
                        {
                          "code": "\tif value\u003c\u003d1120:\n\t\tself.props.style.marginRight\u003d2\n\t\treturn 10\n\telse:\t\n\t\tself.props.style.marginRight\u003d18\n\t\treturn 14",
                          "type": "script"
                        }
                      ],
                      "type": "property"
                    }
                  }
                },
                "props": {
                  "style": {
                    "fontFamily": "Roboto",
                    "marginBottom": 5,
                    "marginRight": 2,
                    "marginTop": 8,
                    "textAlign": "center"
                  },
                  "text": "Reset",
                  "value": {
                    "$": [
                      "ts",
                      192,
                      1685015582908
                    ],
                    "$ts": 1671969182908
                  }
                },
                "type": "ia.input.button"
              }
            ],
            "meta": {
              "name": "FlexContainer_1"
            },
            "position": {
              "basis": "200px",
              "grow": 1
            },
            "props": {
              "justify": "flex-end",
              "style": {
                "paddingBottom": 8
              }
            },
            "type": "ia.container.flex"
          }
        ],
        "meta": {
          "name": "Tab"
        },
        "position": {
          "basis": "50px"
        },
        "props": {
          "justify": "flex-end",
          "style": {
            "marginTop": 5
          }
        },
        "type": "ia.container.flex"
      },
      {
        "meta": {
          "name": "FlexContainer"
        },
        "position": {
          "basis": "2px",
          "shrink": 0
        },
        "props": {
          "style": {
            "backgroundColor": "#714A4ABD",
            "borderBottomLeftRadius": 4,
            "borderBottomRightRadius": 4,
            "borderTopLeftRadius": 4,
            "borderTopRightRadius": 4,
            "marginLeft": 8,
            "marginRight": 8
          }
        },
        "type": "ia.container.flex"
      },
      {
        "events": {
          "system": {
            "onStartup": {
              "config": {
                "script": "\tself.props.params.FromDate\u003dself.parent.getChild(\"Tab\").getChild(\"FlexContainer_1\").getChild(\"DateTimeInput\").props.value\n\tself.props.params.ToDate\u003dself.parent.getChild(\"Tab\").getChild(\"FlexContainer_1\").getChild(\"DateTimeInput_0\").props.value"
              },
              "scope": "G",
              "type": "script"
            }
          }
        },
        "meta": {
          "name": "EmbeddedView"
        },
        "position": {
          "basis": "320px",
          "grow": 1
        },
        "propConfig": {
          "props.path": {
            "onChange": {
              "enabled": null,
              "script": "\tif previousValue.value!\u003dcurrentValue.value:\n\t\tself.props.params.FromDate\u003dself.parent.getChild(\"Tab\").getChild(\"FlexContainer_1\").getChild(\"DateTimeInput\").props.value\n\t\tself.props.params.ToDate\u003dself.parent.getChild(\"Tab\").getChild(\"FlexContainer_1\").getChild(\"DateTimeInput_0\").props.value\n\telse:\n\t\tself.props.params.FromDate\u003dself.parent.getChild(\"Tab\").getChild(\"FlexContainer_1\").getChild(\"DateTimeInput\").props.value\n\t\tself.props.params.ToDate\u003dself.parent.getChild(\"Tab\").getChild(\"FlexContainer_1\").getChild(\"DateTimeInput_0\").props.value\t"
            }
          }
        },
        "props": {
          "params": {
            "FromDate": {
              "$": [
                "ts",
                192,
                1709024700022
              ],
              "$ts": 1708419786916
            },
            "ToDate": {
              "$": [
                "ts",
                192,
                1709024700022
              ],
              "$ts": 1709024586915
            },
            "downloadData": {
              "$": [
                "ds",
                192,
                1709024700494
              ],
              "$columns": [
                {
                  "data": [
                    "003000008588                            ",
                    "003000008587                            "
                  ],
                  "name": "Production Order",
                  "type": "String"
                },
                {
                  "data": [
                    "MF2+HF1+CS1         ",
                    "MF2+HF1+CS1         "
                  ],
                  "name": "Machine",
                  "type": "String"
                },
                {
                  "data": [
                    "86063XXA5SXXXXX271XXX5800X              ",
                    "86063XXA5SXXXXX271XXX5800X              "
                  ],
                  "name": "SFG Code",
                  "type": "String"
                },
                {
                  "data": [
                    1000,
                    10000
                  ],
                  "name": "Planned Order Qty (kg)",
                  "type": "Double"
                },
                {
                  "data": [
                    "6063                ",
                    "6063                "
                  ],
                  "name": "Standard Alloy",
                  "type": "String"
                },
                {
                  "data": [
                    "A5S                 ",
                    "A5S                 "
                  ],
                  "name": "Internal Alloy",
                  "type": "String"
                },
                {
                  "data": [
                    "271.000             ",
                    "271.000             "
                  ],
                  "name": "Log Dia (mm)",
                  "type": "String"
                },
                {
                  "data": [
                    "5800.000            ",
                    "5800.000            "
                  ],
                  "name": "Log Length (mm)",
                  "type": "String"
                },
                {
                  "data": [
                    1708713000000,
                    1708626600000
                  ],
                  "name": "Release Date\n(DD/MM/YYYY)",
                  "type": "Date"
                },
                {
                  "data": [
                    "P6 (11\")  ",
                    "P6 (11\")  "
                  ],
                  "name": "PO Status",
                  "type": "String"
                },
                {
                  "data": [
                    "Melting Pending",
                    "Casting Pending"
                  ],
                  "name": "Press",
                  "type": "String"
                },
                {
                  "data": [
                    1709016581997,
                    1709010205157
                  ],
                  "name": "Status",
                  "type": "Date"
                },
                {
                  "data": [
                    null,
                    null
                  ],
                  "name": "Date and Time (Latest Update)",
                  "type": "String"
                },
                {
                  "data": [
                    0,
                    0
                  ],
                  "name": "No Of Logs",
                  "type": "Integer"
                },
                {
                  "data": [
                    1,
                    1
                  ],
                  "name": "No Of Logs Engraved",
                  "type": "Integer"
                },
                {
                  "data": [
                    null,
                    null
                  ],
                  "name": "Actual Weight  (kg)",
                  "type": "String"
                },
                {
                  "data": [
                    null,
                    null
                  ],
                  "name": "Casting Block",
                  "type": "String"
                },
                {
                  "data": [
                    null,
                    null
                  ],
                  "name": "Aluminium Chip Boring (kg)",
                  "type": "String"
                },
                {
                  "data": [
                    null,
                    null
                  ],
                  "name": "Log End Cutting Discard (kg)",
                  "type": "String"
                },
                {
                  "data": [
                    null,
                    null
                  ],
                  "name": "Dross",
                  "type": "String"
                },
                {
                  "data": [
                    null,
                    null
                  ],
                  "name": "% Melting Loss",
                  "type": "String"
                },
                {
                  "data": [
                    null,
                    ""
                  ],
                  "name": "Yield",
                  "type": "String"
                },
                {
                  "data": [
                    null,
                    ""
                  ],
                  "name": "Melting Remarks",
                  "type": "String"
                },
                {
                  "data": [
                    null,
                    null
                  ],
                  "name": "Holding Remarks",
                  "type": "String"
                }
              ]
            }
          },
          "path": "Dashboards/Main",
          "style": {
            "marginBottom": 5,
            "marginLeft": 10,
            "marginRight": 10,
            "marginTop": 10
          }
        },
        "type": "ia.display.view"
      }
    ],
    "events": {
      "system": {
        "onStartup": {
          "config": {
            "script": "\tself.view.custom.Tab\u003d1"
          },
          "scope": "G",
          "type": "script"
        }
      }
    },
    "meta": {
      "name": "root"
    },
    "props": {
      "direction": "column",
      "style": {
        "boxShadow": ""
      }
    },
    "type": "ia.container.flex"
  }
}