{
  "custom": {
    "FirstName": "admin",
    "LastName": "n",
    "MailID": "NA",
    "MobNo": "NA",
    "Role": "Administrator",
    "SMS": "NA",
    "UserName": "admin"
  },
  "params": {
    "UserName": "admin"
  },
  "propConfig": {
    "custom.FirstName": {
      "persistent": true
    },
    "custom.LastName": {
      "persistent": true
    },
    "custom.MailID": {
      "persistent": true
    },
    "custom.MobNo": {
      "persistent": true
    },
    "custom.Role": {
      "persistent": true
    },
    "custom.SMS": {
      "persistent": true
    },
    "custom.UserName": {
      "binding": {
        "config": {
          "expression": "now(500)"
        },
        "transforms": [
          {
            "code": "\tUserName \u003d system.user.getUser(\"OMSuser\",str(self.params.UserName))\n#\tLast Name\n\tself.custom.LastName\u003dUserName.get(\u0027lastname\u0027)\n# \tTRY for contact INFO\n\tA\u003dUserName.getContactInfo()\n\n\tif(len(A)\u003e\u003d1):\t\n\t\tLENGTH\u003dlen(A)\n\t\tfor i in range(LENGTH):\n\t\t\tCHAR\u003dstr(A[i])\n\t\t\tif str(CHAR[0])\u003d\u003d\u0027e\u0027:\n\t\t\t\tFDATA \u003d CHAR.split(\u0027: \u0027)\n\t\t\t\tself.custom.MailID\u003d\tFDATA[1]\n\t\t\telif str(CHAR[0])\u003d\u003d\u0027p\u0027:\n\t\t\t\tFDATA \u003d CHAR.split(\u0027: \u0027)\n\t\t\t\tself.custom.MobNo\u003d\tFDATA[1]\t\n\t\t\telif str(CHAR[0])\u003d\u003d\u0027s\u0027:\t\n\t\t\t\tFDATA \u003d CHAR.split(\u0027: \u0027)\n\t\t\t\tself.custom.SMS\u003dFDATA[1]\n\telse:\n\t\tself.custom.MailID\u003d\u0027NA\u0027\t\n\t\tself.custom.MobNo\u003d\u0027NA\u0027\n\t\tself.custom.SMS\u003d\u0027NA\u0027\n\t\t\t\n\t\t\t\n# \tmailID\n#\tMobno\n#\tSMS\n\n#\tFirst name\n\tself.custom.FirstName\u003dUserName.get(\u0027firstname\u0027)\n\t\n#\trole\n\tROLE\u003dUserName.getRoles()\n\tself.custom.Role\u003dROLE[0]\n\n\t\t\n\t\n\treturn str(self.params.UserName)",
            "type": "script"
          }
        ],
        "type": "expr"
      },
      "persistent": true
    },
    "params.UserName": {
      "paramDirection": "input",
      "persistent": true
    }
  },
  "props": {
    "defaultSize": {
      "height": 141,
      "width": 223
    }
  },
  "root": {
    "children": [
      {
        "children": [
          {
            "children": [
              {
                "meta": {
                  "name": "Label"
                },
                "position": {
                  "basis": "50px",
                  "grow": 1
                },
                "propConfig": {
                  "props.text": {
                    "binding": {
                      "config": {
                        "path": "view.custom.FirstName"
                      },
                      "transforms": [
                        {
                          "code": "\t\n\ttry:\n\t\tFirstName\u003dself.view.custom.FirstName\n\t\tLastName\u003dself.view.custom.LastName\n\t\treturn FirstName[0]#+LastName[0]\n\texcept:\t\n\t\treturn str(self.view.custom.UserName[0])",
                          "type": "script"
                        }
                      ],
                      "type": "property"
                    }
                  }
                },
                "props": {
                  "textStyle": {
                    "color": "#FFFFFF",
                    "fontFamily": "Roboto",
                    "fontSize": 22,
                    "fontWeight": "bold",
                    "textAlign": "center"
                  }
                },
                "type": "ia.display.label"
              }
            ],
            "meta": {
              "name": "FlexContainer"
            },
            "position": {
              "basis": "40px",
              "shrink": 0
            },
            "props": {
              "style": {
                "backgroundColor": "#56A89A",
                "borderBottomLeftRadius": 40,
                "borderBottomRightRadius": 40,
                "borderTopLeftRadius": 40,
                "borderTopRightRadius": 40,
                "margin": 10
              }
            },
            "type": "ia.container.flex"
          },
          {
            "children": [
              {
                "meta": {
                  "name": "Label"
                },
                "position": {
                  "basis": "21px",
                  "shrink": 0
                },
                "propConfig": {
                  "props.text": {
                    "binding": {
                      "config": {
                        "path": "view.custom.UserName"
                      },
                      "type": "property"
                    }
                  }
                },
                "props": {
                  "style": {
                    "marginLeft": 10
                  },
                  "textStyle": {
                    "fontFamily": "Roboto",
                    "fontSize": 12,
                    "fontWeight": "normal",
                    "textAlign": "start"
                  }
                },
                "type": "ia.display.label"
              },
              {
                "meta": {
                  "name": "Label_0"
                },
                "position": {
                  "basis": "17px",
                  "shrink": 0
                },
                "propConfig": {
                  "props.text": {
                    "binding": {
                      "config": {
                        "path": "view.custom.Role"
                      },
                      "type": "property"
                    }
                  }
                },
                "props": {
                  "style": {
                    "marginLeft": 10
                  },
                  "textStyle": {
                    "color": "#886161C9",
                    "fontFamily": "Roboto",
                    "fontSize": 12,
                    "fontWeight": "normal",
                    "textAlign": "left"
                  }
                },
                "type": "ia.display.label"
              }
            ],
            "meta": {
              "name": "FlexContainer_0"
            },
            "position": {
              "basis": "239px",
              "grow": 1
            },
            "props": {
              "direction": "column",
              "style": {
                "overflow": "hidden",
                "paddingTop": 12
              }
            },
            "type": "ia.container.flex"
          },
          {
            "children": [
              {
                "events": {
                  "dom": {
                    "onClick": {
                      "config": {
                        "draggable": false,
                        "id": "V97cDTS1",
                        "modal": true,
                        "overlayDismiss": false,
                        "resizable": false,
                        "showCloseIcon": false,
                        "title": "Delete {view.custom.UserName}",
                        "type": "open",
                        "viewParams": {
                          "Code": "P012",
                          "Message": "Do you want to Delete {view.custom.UserName} from Userlist",
                          "P011_UserName": "{view.custom.UserName}"
                        },
                        "viewPath": "Template/Popup",
                        "viewportBound": false
                      },
                      "scope": "C",
                      "type": "popup"
                    }
                  }
                },
                "meta": {
                  "name": "Delete"
                },
                "position": {
                  "basis": "21px"
                },
                "propConfig": {
                  "position.display": {
                    "binding": {
                      "config": {
                        "expression": "isAuthorized(false,\r\n\"Authenticated/Roles/Administrator\")"
                      },
                      "type": "expr"
                    }
                  }
                },
                "props": {
                  "color": "#6E4D4D9C",
                  "path": "material/delete",
                  "style": {
                    "classes": "onIcon",
                    "marginRight": 10
                  }
                },
                "type": "ia.display.icon"
              },
              {
                "events": {
                  "dom": {
                    "onClick": {
                      "config": {
                        "draggable": false,
                        "id": "GALvoMYP",
                        "modal": true,
                        "overlayDismiss": false,
                        "position": {
                          "height": 500,
                          "width": 300
                        },
                        "positionType": "exact",
                        "resizable": false,
                        "showCloseIcon": false,
                        "type": "open",
                        "viewParams": {
                          "EDIT": "true",
                          "Edit": "Yes",
                          "UserName": "{view.custom.UserName}"
                        },
                        "viewPath": "user_management/UserEntry\u0026Edit",
                        "viewportBound": false
                      },
                      "scope": "C",
                      "type": "popup"
                    }
                  }
                },
                "meta": {
                  "name": "Edit"
                },
                "position": {
                  "basis": "20px"
                },
                "propConfig": {
                  "position.display": {
                    "binding": {
                      "config": {
                        "expression": "isAuthorized(false,\r\n\"Authenticated/Roles/Administrator\")"
                      },
                      "type": "expr"
                    }
                  }
                },
                "props": {
                  "color": "#6E4D4D9C",
                  "path": "material/more_vert",
                  "style": {
                    "classes": "onIcon",
                    "fill": "#F6546A",
                    "marginRight": 0
                  }
                },
                "type": "ia.display.icon"
              }
            ],
            "meta": {
              "name": "FlexContainer_1"
            },
            "position": {
              "basis": "140px"
            },
            "props": {
              "justify": "flex-end",
              "style": {
                "overflow": "hidden"
              }
            },
            "type": "ia.container.flex"
          }
        ],
        "meta": {
          "name": "Top"
        },
        "position": {
          "basis": "60px",
          "shrink": 0
        },
        "type": "ia.container.flex"
      },
      {
        "children": [
          {
            "children": [
              {
                "meta": {
                  "name": "Icon"
                },
                "position": {
                  "basis": "20px",
                  "shrink": 0
                },
                "props": {
                  "color": "#D68F8FC7",
                  "path": "material/mail_outline"
                },
                "type": "ia.display.icon"
              },
              {
                "meta": {
                  "name": "Label"
                },
                "position": {
                  "basis": "198px",
                  "shrink": 0
                },
                "propConfig": {
                  "props.text": {
                    "binding": {
                      "config": {
                        "path": "view.custom.MailID"
                      },
                      "type": "property"
                    }
                  }
                },
                "props": {
                  "style": {
                    "marginLeft": 10
                  },
                  "textStyle": {
                    "fontFamily": "Roboto",
                    "fontSize": 12,
                    "fontWeight": "normal",
                    "textAlign": "start"
                  }
                },
                "type": "ia.display.label"
              }
            ],
            "meta": {
              "name": "MailID"
            },
            "position": {
              "basis": "200px",
              "grow": 1
            },
            "props": {
              "style": {
                "marginLeft": 10,
                "overflow": "hidden"
              }
            },
            "type": "ia.container.flex"
          },
          {
            "children": [
              {
                "meta": {
                  "name": "Icon"
                },
                "position": {
                  "basis": "20px",
                  "shrink": 0
                },
                "props": {
                  "color": "#D68F8FC7",
                  "path": "material/local_phone"
                },
                "type": "ia.display.icon"
              },
              {
                "meta": {
                  "name": "Label"
                },
                "position": {
                  "basis": "198px",
                  "shrink": 0
                },
                "propConfig": {
                  "props.text": {
                    "binding": {
                      "config": {
                        "path": "view.custom.MobNo"
                      },
                      "type": "property"
                    }
                  }
                },
                "props": {
                  "style": {
                    "marginLeft": 10
                  },
                  "textStyle": {
                    "fontFamily": "Roboto",
                    "fontSize": 12,
                    "fontWeight": "normal",
                    "textAlign": "start"
                  }
                },
                "type": "ia.display.label"
              }
            ],
            "meta": {
              "name": "MailID_0"
            },
            "position": {
              "basis": "200px",
              "grow": 1
            },
            "props": {
              "style": {
                "marginLeft": 10,
                "overflow": "hidden"
              }
            },
            "type": "ia.container.flex"
          }
        ],
        "meta": {
          "name": "FlexContainer_0"
        },
        "position": {
          "basis": "103px",
          "grow": 1
        },
        "props": {
          "direction": "column",
          "style": {
            "backgroundColor": "#7BCEBF70",
            "borderBottomLeftRadius": 18,
            "borderBottomRightRadius": 18,
            "borderTopLeftRadius": 18,
            "borderTopRightRadius": 18,
            "marginBottom": 5,
            "marginRight": 3,
            "marginTop": 10
          }
        },
        "type": "ia.container.flex"
      }
    ],
    "meta": {
      "name": "root"
    },
    "props": {
      "direction": "column",
      "style": {
        "borderBottomLeftRadius": 10,
        "borderBottomRightRadius": 10,
        "borderTopLeftRadius": 10,
        "borderTopRightRadius": 10,
        "boxShadow": "2px 1px 10px 0px rgba(0,0,0,0.75)",
        "marginBottom": 10,
        "marginLeft": 10,
        "marginRight": 10,
        "marginTop": 10,
        "overflow": "hidden",
        "padding": 10,
        "paddingBottom": 1,
        "paddingLeft": 5,
        "paddingRight": 5,
        "paddingTop": 1
      }
    },
    "type": "ia.container.flex"
  }
}