{
  "custom": {},
  "params": {
    "rowData": {}
  },
  "propConfig": {
    "params.rowData": {
      "paramDirection": "input",
      "persistent": true
    }
  },
  "props": {
    "defaultSize": {
      "height": 37,
      "width": 80
    }
  },
  "root": {
    "children": [
      {
        "events": {
          "dom": {
            "onClick": {
              "config": {
                "script": "\timport time\n\tA\u003dself.view.params.rowData\n\tuid\u003dA[\u0027uid\u0027]\n\tAPI.Error_Goodmov.Resend_E_API(uid)\n\t\n#\tSend msg to refresh the screen\n\tPayload\u003d{\u0027EUpdate\u0027: 1}\n\tsystem.perspective.sendMessage(\u0027Update_E_Error1\u0027, payload\u003dPayload, scope\u003d\u0027session\u0027)\n#\ttime.sleep(3)\n\tPayload\u003d{\u0027EUpdate\u0027: 0}\n\tsystem.perspective.sendMessage(\u0027Update_E_Error1\u0027, payload\u003dPayload, scope\u003d\u0027session\u0027)\n\t\t"
              },
              "scope": "G",
              "type": "script"
            }
          }
        },
        "meta": {
          "name": "Button"
        },
        "position": {
          "basis": "34px"
        },
        "propConfig": {
          "props.enabled": {
            "binding": {
              "config": {
                "path": "view.params.rowData"
              },
              "overlayOptOut": true,
              "transforms": [
                {
                  "code": "\ttry:\n\t\tx \u003d value[\u0027Select\u0027]\n\t\tif(x \u003d\u003d 1):\n\t\t\treturn True\n\t\telse:\n\t\t\treturn False\n\texcept:\n\t\treturn False\t\t\n",
                  "type": "script"
                }
              ],
              "type": "property"
            }
          }
        },
        "props": {
          "image": {
            "style": {
              "marginBottom": 2,
              "marginLeft": 2,
              "marginRight": 2,
              "marginTop": 2
            }
          },
          "style": {
            "fontFamily": "Roboto",
            "fontSize": 14,
            "marginBottom": 2,
            "marginLeft": 2,
            "marginRight": 2,
            "marginTop": 2
          },
          "text": "Resend"
        },
        "type": "ia.input.button"
      }
    ],
    "meta": {
      "name": "root"
    },
    "props": {
      "direction": "column",
      "justify": "center",
      "style": {
        "overflow": "hidden"
      }
    },
    "type": "ia.container.flex"
  }
}