{
  "custom": {
    "progress_v": null,
    "stage_v": null,
    "status_v": null
  },
  "params": {
    "rowData": {},
    "value": {
      "stage": 2
    }
  },
  "propConfig": {
    "custom.progress_v": {
      "binding": {
        "config": {
          "path": "view.params.rowData"
        },
        "transforms": [
          {
            "code": "\treturn value[\u0027progress\u0027]",
            "type": "script"
          }
        ],
        "type": "property"
      },
      "persistent": true
    },
    "custom.stage_v": {
      "binding": {
        "config": {
          "path": "view.params.rowData"
        },
        "transforms": [
          {
            "code": "\treturn value[\u0027stage\u0027]",
            "type": "script"
          }
        ],
        "type": "property"
      },
      "persistent": true
    },
    "custom.status_v": {
      "binding": {
        "config": {
          "path": "view.params.rowData"
        },
        "transforms": [
          {
            "code": "\treturn value[\u0027status\u0027]",
            "type": "script"
          }
        ],
        "type": "property"
      },
      "persistent": true
    },
    "params.rowData": {
      "paramDirection": "input",
      "persistent": true
    },
    "params.value": {
      "paramDirection": "input",
      "persistent": true
    }
  },
  "props": {
    "defaultSize": {
      "height": 48,
      "width": 324
    }
  },
  "root": {
    "children": [
      {
        "meta": {
          "name": "Progress"
        },
        "position": {
          "basis": "20px",
          "grow": 1
        },
        "propConfig": {
          "props.value": {
            "binding": {
              "config": {
                "path": "view.custom.stage_v"
              },
              "transforms": [
                {
                  "code": "\tif value\u003d\u003d2:\n\t\treturn 20\n\telif value\u003d\u003d3:\n\t\treturn 40\n\telif value \u003d\u003d4:\n\t\treturn 60\n\telif value\u003d\u003d5:\n\t\treturn \t80\n\telif value\u003d\u003d6:\n\t\treturn 100\n\t\t\n\telse:\n\t\treturn 0\n\t\t\t\t\t\t",
                  "type": "script"
                }
              ],
              "type": "property"
            }
          }
        },
        "props": {
          "style": {
            "margin": 5,
            "marginBottom": 2,
            "marginLeft": 5,
            "marginRight": 5,
            "marginTop": 20
          },
          "valueDisplay": {
            "enabled": true
          }
        },
        "type": "ia.display.progress"
      },
      {
        "meta": {
          "name": "Label"
        },
        "position": {
          "basis": "32px"
        },
        "propConfig": {
          "props.text": {
            "binding": {
              "config": {
                "path": "view.custom.status_v"
              },
              "type": "property"
            }
          }
        },
        "type": "ia.display.label"
      }
    ],
    "meta": {
      "name": "root"
    },
    "props": {
      "direction": "column"
    },
    "type": "ia.container.flex"
  }
}