{
  "custom": {
    "material_Code": null
  },
  "params": {
    "rowData": {}
  },
  "propConfig": {
    "custom.material_Code": {
      "binding": {
        "config": {
          "path": "view.params.rowData"
        },
        "overlayOptOut": true,
        "transforms": [
          {
            "code": "\treturn value[\u0027material_code\u0027]",
            "type": "script"
          }
        ],
        "type": "property"
      },
      "persistent": true
    },
    "params.rowData": {
      "paramDirection": "input",
      "persistent": true
    },
    "props.defaultSize.height": {
      "binding": {
        "config": {
          "path": "/root/Valuation_Selection.position.display"
        },
        "overlayOptOut": true,
        "transforms": [
          {
            "code": "\tif value\u003d\u003dTrue:\n\t\treturn 60\n\telse:\n\t\treturn 30\t",
            "type": "script"
          }
        ],
        "type": "property"
      }
    }
  },
  "props": {
    "defaultSize": {
      "width": 159
    }
  },
  "root": {
    "children": [
      {
        "meta": {
          "name": "Add"
        },
        "position": {
          "basis": "60px",
          "shrink": 0
        },
        "propConfig": {
          "position.display": {
            "binding": {
              "config": {
                "path": "view.custom.material_Code"
              },
              "overlayOptOut": true,
              "transforms": [
                {
                  "code": "\tif len(str(value))\u003e\u003d5:\n\t\treturn True\n\telse:\t\n\t\treturn False",
                  "type": "script"
                }
              ],
              "type": "property"
            }
          }
        },
        "props": {
          "text": "ADD"
        },
        "type": "ia.input.button"
      },
      {
        "meta": {
          "name": "Remove"
        },
        "position": {
          "basis": "86px",
          "shrink": 0
        },
        "propConfig": {
          "position.display": {
            "binding": {
              "config": {
                "path": "view.custom.material_Code"
              },
              "overlayOptOut": true,
              "transforms": [
                {
                  "code": "\tif len(str(value))\u003e\u003d5:\n\t\treturn True\n\telse:\t\n\t\treturn False",
                  "type": "script"
                }
              ],
              "type": "property"
            }
          }
        },
        "props": {
          "image": {
            "height": 26
          },
          "style": {
            "marginLeft": 5
          },
          "text": "Remove"
        },
        "type": "ia.input.button"
      }
    ],
    "meta": {
      "name": "root"
    },
    "props": {
      "style": {
        "overflow": "hidden",
        "padding": 4
      }
    },
    "type": "ia.container.flex"
  }
}