{
  "custom": {},
  "params": {},
  "props": {
    "defaultSize": {
      "height": 1057,
      "width": 156
    }
  },
  "root": {
    "children": [
      {
        "children": [
          {
            "events": {
              "dom": {
                "onClick": [
                  {
                    "config": {
                      "anchor": "fixed",
                      "autoBreakpoint": 480,
                      "content": "push",
                      "display": "visible",
                      "handle": "hide",
                      "handleIcon": "",
                      "id": "sdock",
                      "modal": false,
                      "resizable": false,
                      "size": 160,
                      "view": "Dock/s_dock",
                      "viewParams": {}
                    },
                    "scope": "C",
                    "type": "alter-dock"
                  },
                  {
                    "config": {
                      "script": "\tself.view.getChild(\"root\").custom.expand\u003dbool(1)\n\tself.getSibling(\"min\").position.display\u003dbool(1)\n\tself.position.display\u003dbool(0)"
                    },
                    "scope": "G",
                    "type": "script"
                  }
                ]
              },
              "system": {
                "onStartup": {
                  "config": {
                    "script": "\tself.view.getChild(\"root\").custom.expand\u003dbool(1)\n\tself.getSibling(\"min\").position.display\u003dbool(1)\n\tself.position.display\u003dbool(0)"
                  },
                  "scope": "G",
                  "type": "script"
                }
              }
            },
            "meta": {
              "name": "max"
            },
            "position": {
              "basis": "60px",
              "display": false
            },
            "props": {
              "elements": [
                {
                  "d": "M10.625 21.75H32.375V19.3333H10.625V21.75ZM10.625 15.7083H32.375V13.2917H10.625V15.7083ZM10.625 7.25V9.66667H32.375V7.25H10.625Z",
                  "fill": {
                    "url": "url(#paint0_linear_50_659)"
                  },
                  "name": "path",
                  "type": "path"
                },
                {
                  "elements": [
                    {
                      "elements": [
                        {
                          "name": "stop",
                          "offset": "0.0303834",
                          "stopColor": "#eeeeee",
                          "type": "stop"
                        },
                        {
                          "name": "stop",
                          "offset": "0.960276",
                          "stopColor": "#eeeeee",
                          "type": "stop"
                        }
                      ],
                      "gradientUnits": "userSpaceOnUse",
                      "id": "paint0_linear_50_659",
                      "name": "paint0_linear_50_659",
                      "type": "linearGradient",
                      "x1": "10.625",
                      "x2": "34.2662",
                      "y1": "7.25",
                      "y2": "17.3292"
                    }
                  ],
                  "name": "defs",
                  "type": "defs"
                }
              ],
              "fill": {
                "paint": "transparent"
              },
              "preserveAspectRatio": "none",
              "viewBox": "0 0 44 29"
            },
            "type": "ia.shapes.svg"
          },
          {
            "events": {
              "dom": {
                "onClick": {
                  "config": {
                    "page": "/"
                  },
                  "scope": "C",
                  "type": "nav"
                }
              }
            },
            "meta": {
              "name": "Wakeflo_logo 4"
            },
            "position": {
              "basis": "100px",
              "grow": 1
            },
            "propConfig": {
              "position.display": {
                "binding": {
                  "config": {
                    "expression": "{/root.custom.expand}"
                  },
                  "type": "expr"
                }
              }
            },
            "props": {
              "fit": {
                "mode": "contain"
              },
              "source": "/system/images/Wakeflo_logo 3.png"
            },
            "type": "ia.display.image"
          },
          {
            "events": {
              "dom": {
                "onClick": [
                  {
                    "config": {
                      "anchor": "fixed",
                      "autoBreakpoint": 480,
                      "content": "push",
                      "display": "visible",
                      "handle": "hide",
                      "handleIcon": "",
                      "id": "sdock",
                      "modal": false,
                      "resizable": false,
                      "size": 50,
                      "view": "Dock/s_dock",
                      "viewParams": {}
                    },
                    "scope": "C",
                    "type": "alter-dock"
                  },
                  {
                    "config": {
                      "script": "\tself.view.getChild(\"root\").custom.expand\u003dbool(0)\n\tself.getSibling(\"max\").position.display\u003dbool(1)\n\tself.position.display\u003dbool(0)"
                    },
                    "scope": "G",
                    "type": "script"
                  }
                ]
              }
            },
            "meta": {
              "name": "min"
            },
            "position": {
              "basis": "60px"
            },
            "props": {
              "elements": [
                {
                  "d": "M10.625 21.75H32.375V19.3333H10.625V21.75ZM10.625 15.7083H32.375V13.2917H10.625V15.7083ZM10.625 7.25V9.66667H32.375V7.25H10.625Z",
                  "fill": {
                    "url": "url(#paint0_linear_50_659)"
                  },
                  "name": "path",
                  "type": "path"
                },
                {
                  "elements": [
                    {
                      "elements": [
                        {
                          "name": "stop",
                          "offset": "0.0303834",
                          "stopColor": "#eeeeee",
                          "type": "stop"
                        },
                        {
                          "name": "stop",
                          "offset": "0.960276",
                          "stopColor": "#eeeeee",
                          "type": "stop"
                        }
                      ],
                      "gradientUnits": "userSpaceOnUse",
                      "id": "paint0_linear_50_659",
                      "name": "paint0_linear_50_659",
                      "type": "linearGradient",
                      "x1": "10.625",
                      "x2": "34.2662",
                      "y1": "7.25",
                      "y2": "17.3292"
                    }
                  ],
                  "name": "defs",
                  "type": "defs"
                }
              ],
              "fill": {
                "paint": "transparent"
              },
              "preserveAspectRatio": "none",
              "style": {
                "marginLeft": 0
              },
              "viewBox": "0 0 44 29"
            },
            "type": "ia.shapes.svg"
          },
          {
            "meta": {
              "name": "Wakeflo_logo 3"
            },
            "position": {
              "basis": "100px",
              "display": false
            },
            "props": {
              "source": "/system/images/Wakeflo_logo 3.png"
            },
            "type": "ia.display.image"
          }
        ],
        "meta": {
          "name": "Menu"
        },
        "position": {
          "basis": "44px",
          "shrink": 0
        },
        "props": {
          "style": {
            "margin": 4,
            "overflow": "hidden"
          }
        },
        "type": "ia.container.flex"
      },
      {
        "meta": {
          "name": "FlexContainer"
        },
        "position": {
          "basis": "10px",
          "display": false,
          "shrink": 0
        },
        "type": "ia.container.flex"
      },
      {
        "children": [
          {
            "meta": {
              "name": "FlexContainer"
            },
            "position": {
              "basis": "4px",
              "shrink": 0
            },
            "propConfig": {
              "props.style.backgroundColor": {
                "binding": {
                  "config": {
                    "path": "/root.custom.index"
                  },
                  "transforms": [
                    {
                      "code": "\tif value\u003d\u003dself.parent.custom.index_Value:\n\t\treturn self.parent.custom.Active_C1\n\telse:\n\t\treturn \u0027#3F5462\u0027\t",
                      "type": "script"
                    }
                  ],
                  "type": "property"
                }
              }
            },
            "props": {
              "style": {
                "borderBottomLeftRadius": 2,
                "borderBottomRightRadius": 2,
                "borderTopLeftRadius": 2,
                "borderTopRightRadius": 2
              }
            },
            "type": "ia.container.flex"
          },
          {
            "meta": {
              "name": "Default"
            },
            "position": {
              "basis": "60px",
              "display": false
            },
            "propConfig": {
              "props.elements[4].elements[0].elements[0].stopColor": {
                "binding": {
                  "config": {
                    "path": "this.props.fill.color"
                  },
                  "type": "property"
                }
              },
              "props.elements[4].elements[0].elements[1].stopColor": {
                "binding": {
                  "config": {
                    "path": "this.props.fill.color"
                  },
                  "type": "property"
                }
              },
              "props.elements[4].elements[1].elements[0].stopColor": {
                "binding": {
                  "config": {
                    "path": "this.props.fill.color"
                  },
                  "type": "property"
                }
              },
              "props.elements[4].elements[1].elements[1].stopColor": {
                "binding": {
                  "config": {
                    "path": "this.props.fill.color"
                  },
                  "type": "property"
                }
              },
              "props.elements[4].elements[2].elements[0].stopColor": {
                "binding": {
                  "config": {
                    "path": "this.props.fill.color"
                  },
                  "type": "property"
                }
              },
              "props.elements[4].elements[2].elements[1].stopColor": {
                "binding": {
                  "config": {
                    "path": "this.props.fill.color"
                  },
                  "type": "property"
                }
              },
              "props.elements[4].elements[3].elements[0].stopColor": {
                "binding": {
                  "config": {
                    "path": "this.props.fill.color"
                  },
                  "type": "property"
                }
              },
              "props.elements[4].elements[3].elements[1].stopColor": {
                "binding": {
                  "config": {
                    "path": "this.props.fill.color"
                  },
                  "type": "property"
                }
              },
              "props.fill.color": {
                "binding": {
                  "config": {
                    "path": "parent.custom.CC"
                  },
                  "type": "property"
                }
              }
            },
            "props": {
              "elements": [
                {
                  "height": "5.40562",
                  "name": "rect",
                  "rx": "0.900937",
                  "stroke": {
                    "linejoin": "round",
                    "url": "url(#paint0_linear_106_30)",
                    "width": "1.80187"
                  },
                  "type": "rect",
                  "width": "5.40562",
                  "x": "13.6038",
                  "y": "7.60352"
                },
                {
                  "height": "5.40562",
                  "name": "rect",
                  "rx": "0.900937",
                  "stroke": {
                    "linejoin": "round",
                    "url": "url(#paint1_linear_106_30)",
                    "width": "1.80187"
                  },
                  "type": "rect",
                  "width": "5.40562",
                  "x": "13.6038",
                  "y": "16.6133"
                },
                {
                  "height": "5.40562",
                  "name": "rect",
                  "rx": "0.900937",
                  "stroke": {
                    "linejoin": "round",
                    "url": "url(#paint2_linear_106_30)",
                    "width": "1.80187"
                  },
                  "type": "rect",
                  "width": "5.40562",
                  "x": "22.613",
                  "y": "16.6133"
                },
                {
                  "height": "5.40562",
                  "name": "rect",
                  "rx": "0.900937",
                  "stroke": {
                    "linejoin": "round",
                    "url": "url(#paint3_linear_106_30)",
                    "width": "1.80187"
                  },
                  "type": "rect",
                  "width": "5.40562",
                  "x": "22.613",
                  "y": "7.60352"
                },
                {
                  "elements": [
                    {
                      "elements": [
                        {
                          "name": "stop",
                          "offset": "0.0303834",
                          "type": "stop"
                        },
                        {
                          "name": "stop",
                          "offset": "0.960276",
                          "type": "stop"
                        }
                      ],
                      "gradientUnits": "userSpaceOnUse",
                      "id": "paint0_linear_106_30",
                      "name": "paint0_linear_106_30",
                      "type": "linearGradient",
                      "x1": "13.6038",
                      "x2": "20.0284",
                      "y1": "7.60352",
                      "y2": "9.42956"
                    },
                    {
                      "elements": [
                        {
                          "name": "stop",
                          "offset": "0.0303834",
                          "type": "stop"
                        },
                        {
                          "name": "stop",
                          "offset": "0.960276",
                          "type": "stop"
                        }
                      ],
                      "gradientUnits": "userSpaceOnUse",
                      "id": "paint1_linear_106_30",
                      "name": "paint1_linear_106_30",
                      "type": "linearGradient",
                      "x1": "13.6038",
                      "x2": "20.0284",
                      "y1": "16.6133",
                      "y2": "18.4393"
                    },
                    {
                      "elements": [
                        {
                          "name": "stop",
                          "offset": "0.0303834",
                          "type": "stop"
                        },
                        {
                          "name": "stop",
                          "offset": "0.960276",
                          "type": "stop"
                        }
                      ],
                      "gradientUnits": "userSpaceOnUse",
                      "id": "paint2_linear_106_30",
                      "name": "paint2_linear_106_30",
                      "type": "linearGradient",
                      "x1": "22.613",
                      "x2": "29.0377",
                      "y1": "16.6133",
                      "y2": "18.4393"
                    },
                    {
                      "elements": [
                        {
                          "name": "stop",
                          "offset": "0.0303834",
                          "type": "stop"
                        },
                        {
                          "name": "stop",
                          "offset": "0.960276",
                          "type": "stop"
                        }
                      ],
                      "gradientUnits": "userSpaceOnUse",
                      "id": "paint3_linear_106_30",
                      "name": "paint3_linear_106_30",
                      "type": "linearGradient",
                      "x1": "22.613",
                      "x2": "29.0377",
                      "y1": "7.60352",
                      "y2": "9.42956"
                    }
                  ],
                  "name": "defs",
                  "type": "defs"
                }
              ],
              "fill": {
                "paint": "transparent"
              },
              "viewBox": "7 0 30 30"
            },
            "type": "ia.shapes.svg"
          },
          {
            "meta": {
              "name": "home"
            },
            "position": {
              "basis": "30px"
            },
            "propConfig": {
              "props.elements[0].stroke.paint": {
                "binding": {
                  "config": {
                    "path": "parent.custom.CC"
                  },
                  "type": "property"
                }
              },
              "props.elements[1].stroke.paint": {
                "binding": {
                  "config": {
                    "path": "parent.custom.CC"
                  },
                  "type": "property"
                }
              }
            },
            "props": {
              "elements": [
                {
                  "d": "M3.3125 8.18742L11 2.20825L18.6875 8.18742V17.5833C18.6875 18.0363 18.5075 18.4709 18.1871 18.7912C17.8668 19.1116 17.4322 19.2916 16.9792 19.2916H5.02083C4.56776 19.2916 4.13323 19.1116 3.81286 18.7912C3.49248 18.4709 3.3125 18.0363 3.3125 17.5833V8.18742Z",
                  "name": "path",
                  "stroke": {
                    "linecap": "round",
                    "linejoin": "round",
                    "width": "2"
                  },
                  "type": "path"
                },
                {
                  "d": "M8.4375 19.2917V10.75H13.5625V19.2917",
                  "name": "path",
                  "stroke": {
                    "linecap": "round",
                    "linejoin": "round",
                    "width": "2"
                  },
                  "type": "path"
                }
              ],
              "fill": {
                "paint": "transparent"
              },
              "style": {
                "margin": 5
              },
              "viewBox": "0 0 22 21"
            },
            "type": "ia.shapes.svg"
          },
          {
            "meta": {
              "name": "Label"
            },
            "position": {
              "basis": "50px",
              "grow": 1
            },
            "propConfig": {
              "position.display": {
                "binding": {
                  "config": {
                    "expression": "{/root.custom.expand}"
                  },
                  "type": "expr"
                }
              }
            },
            "props": {
              "text": "Home",
              "textStyle": {
                "classes": "navBall",
                "fontFamily": "Roboto",
                "fontSize": 14,
                "fontWeight": "bold"
              }
            },
            "type": "ia.display.label"
          }
        ],
        "custom": {
          "Active_BC1": "value",
          "Active_C1": "#D9FFCB",
          "Deactive_BC1": "value",
          "Deactive_C1": "#828282",
          "index_Value": 1,
          "out": false
        },
        "events": {
          "dom": {
            "onClick": [
              {
                "config": {
                  "script": "\t#Onclick move index value to Main Index\n\tV\u003dself.custom.index_Value\n\tself.parent.custom.index\u003dV\n\tself.parent.custom.expand\u003dbool(1)\n\tself.parent.getChild(\"Menu\").getChild(\"min\").position.display\u003dbool(1)\n\tself.parent.getChild(\"Menu\").getChild(\"max\").position.display\u003dbool(0)"
                },
                "scope": "G",
                "type": "script"
              },
              {
                "config": {
                  "anchor": "fixed",
                  "autoBreakpoint": 480,
                  "content": "push",
                  "display": "visible",
                  "handle": "hide",
                  "handleIcon": "",
                  "id": "sdock",
                  "modal": false,
                  "resizable": false,
                  "size": 160,
                  "view": "Dock/s_dock",
                  "viewParams": {}
                },
                "scope": "C",
                "type": "alter-dock"
              },
              {
                "config": {
                  "page": "/"
                },
                "scope": "C",
                "type": "nav"
              },
              {
                "config": {
                  "script": "\tPayload\u003d{\u0027name\u0027:\u0027Central Inventory Managment System\u0027}\n\tsystem.perspective.sendMessage(\u0027navigation_message\u0027, payload\u003dPayload, scope \u003d \"page\")"
                },
                "scope": "G",
                "type": "script"
              }
            ],
            "onMouseEnter": {
              "config": {
                "script": "\tself.props.style.backgroundColor\u003d\u0027#5D3C65\u0027\n\tself.custom.CC\u003d\u0027#FFFFFF\u0027"
              },
              "enabled": false,
              "scope": "G",
              "type": "script"
            },
            "onMouseLeave": {
              "config": {
                "script": "\tself.props.style.backgroundColor\u003d\u0027#FFFFFF\u0027\n\t\n\tvalue\u003dself.parent.custom.index\n\tif self.custom.index_Value\u003d\u003dvalue:\n\t\tA\u003dself.custom.Active_C1\n\telse:\n\t\tA\u003dself.custom.Deactive_C1\t\n\t\n\tself.custom.CC\u003dA\t"
              },
              "enabled": false,
              "scope": "G",
              "type": "script"
            }
          },
          "system": {
            "onStartup": {
              "config": {
                "script": "#\tself.custom.CC\u003dself.custom.Active_BC1\n#\tself.getChild(\"FlexContainer\").props.style.backgroundColor\u003dself.custom.Active_BC1\n\n#\tself.custom.CC\u003dself.custom.Deactive_BC1\n#\tself.getChild(\"FlexContainer\").props.style.backgroundColor\u003dself.custom.Deactive_BC1"
              },
              "enabled": false,
              "scope": "G",
              "type": "script"
            }
          }
        },
        "meta": {
          "name": "icon1",
          "tooltip": {
            "delay": 100,
            "enabled": true,
            "style": {
              "fontFamily": "Roboto",
              "fontSize": 14
            },
            "text": "Home"
          }
        },
        "position": {
          "basis": "35px",
          "display": false
        },
        "propConfig": {
          "custom.CC": {
            "binding": {
              "config": {
                "expression": "{parent.custom.index}"
              },
              "transforms": [
                {
                  "code": "\tvalue\u003dself.parent.custom.index\n\tif self.custom.index_Value\u003d\u003dvalue:\n\t\treturn self.custom.Active_C1\n\telse:\n\t\treturn self.custom.Deactive_C1\t",
                  "type": "script"
                }
              ],
              "type": "expr"
            }
          }
        },
        "props": {
          "style": {
            "classes": "onMenu",
            "marginBottom": 4,
            "marginRight": 4,
            "marginTop": 4,
            "overflow": "hidden"
          }
        },
        "type": "ia.container.flex"
      },
      {
        "meta": {
          "name": "FlexContainer_0"
        },
        "position": {
          "basis": "2px"
        },
        "type": "ia.container.flex"
      },
      {
        "children": [
          {
            "meta": {
              "name": "FlexContainer"
            },
            "position": {
              "basis": "4px",
              "shrink": 0
            },
            "propConfig": {
              "props.style.backgroundColor": {
                "binding": {
                  "config": {
                    "path": "/root.custom.index"
                  },
                  "transforms": [
                    {
                      "code": "\tif value\u003d\u003dself.parent.custom.index_Value:\n\t\treturn self.parent.custom.Active_C1\n\telse:\n\t\treturn \u0027#3F5462\u0027\t",
                      "type": "script"
                    }
                  ],
                  "type": "property"
                }
              }
            },
            "props": {
              "style": {
                "borderBottomLeftRadius": 2,
                "borderBottomRightRadius": 2,
                "borderTopLeftRadius": 2,
                "borderTopRightRadius": 2
              }
            },
            "type": "ia.container.flex"
          },
          {
            "meta": {
              "name": "Vector"
            },
            "position": {
              "basis": "60px",
              "display": false
            },
            "propConfig": {
              "props.elements[0].fill.paint": {
                "binding": {
                  "config": {
                    "path": "parent.custom.CC"
                  },
                  "type": "property"
                }
              }
            },
            "props": {
              "elements": [
                {
                  "clipRule": "evenodd",
                  "d": "M20.3867 14.036L21.1036 14.704C21.2923 14.8798 21.2923 15.1611 21.1036 15.3369L20.5187 15.8819C20.6697 16.1631 20.8018 16.462 20.8772 16.7784H21.6319C21.8961 16.7784 22.1225 16.9893 22.1225 17.2355V18.1847C22.1225 18.4308 21.8961 18.6418 21.6319 18.6418H20.8206C20.7263 18.9406 20.5753 19.2395 20.4055 19.5032L20.9338 19.9954C21.1225 20.1712 21.1225 20.4525 20.9338 20.6283L20.2169 21.2963C20.0282 21.4721 19.7263 21.4721 19.5376 21.2963L18.9527 20.7513C18.6508 20.8919 18.3301 21.015 17.9905 21.0853V21.7885C17.9905 22.0346 17.764 22.2455 17.4999 22.2455H16.481C16.2169 22.2455 15.9905 22.0346 15.9905 21.7885V21.015C15.6697 20.9271 15.349 20.7865 15.0659 20.6283L14.5376 21.1205C14.349 21.2963 14.0471 21.2963 13.8584 21.1205L13.1414 20.4525C12.9527 20.2767 12.9527 19.9954 13.1414 19.8196L13.7263 19.2746C13.5754 18.9934 13.4433 18.6945 13.3678 18.3781H12.6131C12.349 18.3781 12.1226 18.1672 12.1226 17.921V16.9718C12.1226 16.7257 12.349 16.5147 12.6131 16.5147H13.4244C13.5188 16.2159 13.6697 15.917 13.8395 15.6533L13.3301 15.1787C13.1414 15.0029 13.1414 14.7216 13.3301 14.5458L14.0471 13.8778C14.2358 13.702 14.5376 13.702 14.7263 13.8778L15.3112 14.4228C15.6131 14.2821 15.9339 14.1591 16.2735 14.0888V13.3856C16.2735 13.1395 16.4999 12.9285 16.764 12.9285H17.7829C18.0471 12.9285 18.2735 13.1395 18.2735 13.3856V14.1415C18.5942 14.2294 18.915 14.37 19.198 14.5282L19.7263 14.036C19.8772 13.8602 20.198 13.8602 20.3867 14.036ZM8.31127 15.0732C8.04712 15.0732 7.83957 14.8271 7.83957 14.5458C7.83957 14.247 8.04712 14.0184 8.31127 14.0184H10.6509C10.915 14.0184 11.1226 14.2646 11.1226 14.5458C11.1226 14.8447 10.915 15.0732 10.6509 15.0732H8.31127ZM9.00938 20.3646C9.33013 20.3646 9.57541 20.6107 9.57541 20.8919C9.57541 21.1908 9.31126 21.4193 9.00938 21.4193H1.83961C1.48113 21.4193 1.14151 21.2787 0.896224 21.0502C0.650942 20.8216 0.5 20.5228 0.5 20.1712V1.87117C0.5 1.51959 0.650942 1.22074 0.896224 0.992211C1.14151 0.763681 1.46226 0.623047 1.83961 0.623047H18.198C18.5565 0.623047 18.8961 0.763681 19.1414 0.992211C19.3867 1.22074 19.5376 1.51959 19.5376 1.87117V10.362C19.5376 10.6608 19.2735 10.8893 18.9716 10.8893C18.6508 10.8893 18.4055 10.6432 18.4055 10.362V1.87117C18.4055 1.81844 18.3867 1.78328 18.3489 1.74812C18.3112 1.71296 18.2735 1.69538 18.2169 1.69538H1.83961C1.78301 1.69538 1.74527 1.71296 1.70754 1.74812C1.6698 1.7657 1.65094 1.81844 1.65094 1.87117V20.2064C1.65094 20.2591 1.6698 20.2942 1.70754 20.3294C1.74527 20.3646 1.78301 20.3821 1.83961 20.3821H9.00938V20.3646ZM4.04715 13.6493H6.066C6.17921 13.6493 6.25468 13.7196 6.25468 13.8251V15.4424C6.25468 15.5478 6.17921 15.6182 6.066 15.6182H4.04715C3.93394 15.6182 3.85847 15.5478 3.85847 15.4424V13.8251C3.85847 13.7196 3.93394 13.6493 4.04715 13.6493ZM4.04715 4.34985H6.066C6.17921 4.34985 6.25468 4.42017 6.25468 4.52564V6.14294C6.25468 6.24841 6.17921 6.31873 6.066 6.31873H4.04715C3.93394 6.31873 3.85847 6.24841 3.85847 6.14294V4.52564C3.85847 4.42017 3.93394 4.34985 4.04715 4.34985ZM8.31127 5.77377C8.04712 5.77377 7.83957 5.52766 7.83957 5.24639C7.83957 4.94755 8.04712 4.71902 8.31127 4.71902H14.8584C15.1225 4.71902 15.3301 4.96513 15.3301 5.24639C15.3301 5.54524 15.1225 5.77377 14.8584 5.77377H8.31127ZM4.63205 10.7135C4.49997 10.8014 4.33016 10.7839 4.19809 10.6608C4.17922 10.6432 4.17922 10.6432 4.16035 10.6257L3.55658 10.0455C3.42451 9.92248 3.46224 9.72911 3.61319 9.58847C3.783 9.46542 4.00941 9.44784 4.14149 9.57089L4.46224 9.88732L5.51884 9.09625C5.65091 8.99078 5.87732 9.04352 5.99053 9.20173C6.1226 9.35994 6.10374 9.58847 5.95279 9.69395L4.63205 10.7135ZM7.99052 10.2565C7.72637 10.2565 7.51882 10.0104 7.51882 9.72911C7.51882 9.43026 7.72637 9.20173 7.99052 9.20173H14.5376C14.8018 9.20173 15.0093 9.44784 15.0093 9.72911C15.0093 10.028 14.8018 10.2565 14.5376 10.2565H7.99052ZM17.1225 15.7236C18.2169 15.7236 19.1225 16.5499 19.1225 17.587C19.1225 18.6066 18.2357 19.4504 17.1225 19.4504C16.0282 19.4504 15.1225 18.6242 15.1225 17.587C15.1225 16.5499 16.0282 15.7236 17.1225 15.7236Z",
                  "fill": {
                    "rule": "evenodd"
                  },
                  "name": "path",
                  "type": "path"
                }
              ],
              "fill": {
                "paint": "transparent"
              },
              "style": {
                "margin": 5
              },
              "viewBox": "0 0 23 23"
            },
            "type": "ia.shapes.svg"
          },
          {
            "meta": {
              "name": "Vector (3)"
            },
            "position": {
              "basis": "30px"
            },
            "propConfig": {
              "props.elements[0].stroke.paint": {
                "binding": {
                  "config": {
                    "path": "parent.custom.CC"
                  },
                  "type": "property"
                }
              }
            },
            "props": {
              "elements": [
                {
                  "d": "M1.54312 5.94512L9 10.2587L16.4569 5.94512M9 18.8601V10.2501M16.6875 13.6668V6.83345C16.6872 6.53388 16.6081 6.23964 16.4582 5.98028C16.3083 5.72091 16.0928 5.50553 15.8333 5.35574L9.85417 1.93908C9.59447 1.78914 9.29988 1.71021 9 1.71021C8.70012 1.71021 8.40553 1.78914 8.14583 1.93908L2.16667 5.35574C1.90722 5.50553 1.69173 5.72091 1.54181 5.98028C1.39189 6.23964 1.31281 6.53388 1.3125 6.83345V13.6668C1.31281 13.9664 1.39189 14.2606 1.54181 14.52C1.69173 14.7793 1.90722 14.9947 2.16667 15.1445L8.14583 18.5612C8.40553 18.7111 8.70012 18.79 9 18.79C9.29988 18.79 9.59447 18.7111 9.85417 18.5612L15.8333 15.1445C16.0928 14.9947 16.3083 14.7793 16.4582 14.52C16.6081 14.2606 16.6872 13.9664 16.6875 13.6668Z",
                  "name": "path",
                  "stroke": {
                    "linecap": "round",
                    "linejoin": "round",
                    "width": "2"
                  },
                  "type": "path"
                }
              ],
              "fill": {
                "paint": "transparent"
              },
              "style": {
                "margin": 5
              },
              "viewBox": "0 0 18 20"
            },
            "type": "ia.shapes.svg"
          },
          {
            "meta": {
              "name": "Label"
            },
            "position": {
              "basis": "50px",
              "grow": 1
            },
            "propConfig": {
              "position.display": {
                "binding": {
                  "config": {
                    "expression": "{/root.custom.expand}"
                  },
                  "type": "expr"
                }
              }
            },
            "props": {
              "text": "Dashboard",
              "textStyle": {
                "fontFamily": "Roboto",
                "fontSize": 14,
                "fontWeight": "bold"
              }
            },
            "type": "ia.display.label"
          }
        ],
        "custom": {
          "Active_BC1": "value",
          "Active_C1": "#D9FFCB",
          "Deactive_BC1": "value",
          "Deactive_C1": "#828282",
          "index_Value": 2,
          "out": false
        },
        "events": {
          "dom": {
            "onClick": [
              {
                "config": {
                  "script": "\t#Onclick move index value to Main Index\n\tV\u003dself.custom.index_Value\n\tself.parent.custom.index\u003dV\n\t\n\tself.parent.custom.expand\u003dbool(1)\n\tself.parent.getChild(\"Menu\").getChild(\"min\").position.display\u003dbool(1)\n\tself.parent.getChild(\"Menu\").getChild(\"max\").position.display\u003dbool(0)"
                },
                "scope": "G",
                "type": "script"
              },
              {
                "config": {
                  "page": "/Dashboard"
                },
                "scope": "C",
                "type": "nav"
              },
              {
                "config": {
                  "anchor": "fixed",
                  "autoBreakpoint": 480,
                  "content": "push",
                  "display": "visible",
                  "handle": "hide",
                  "handleIcon": "",
                  "id": "sdock",
                  "modal": false,
                  "resizable": false,
                  "size": 160,
                  "view": "Dock/s_dock",
                  "viewParams": {}
                },
                "scope": "C",
                "type": "alter-dock"
              },
              {
                "config": {
                  "script": "\tPayload\u003d{\u0027name\u0027:\u0027Dashboard\u0027}\n\tsystem.perspective.sendMessage(\u0027navigation_message\u0027, payload\u003dPayload, scope \u003d \"page\")"
                },
                "scope": "G",
                "type": "script"
              }
            ],
            "onMouseEnter": {
              "config": {
                "script": "\tself.props.style.backgroundColor\u003d\u0027#5D3C65\u0027\n\tself.custom.CC\u003d\u0027#FFFFFF\u0027"
              },
              "enabled": false,
              "scope": "G",
              "type": "script"
            },
            "onMouseLeave": {
              "config": {
                "script": "\tself.props.style.backgroundColor\u003d\u0027#FFFFFF\u0027\n\t\n\tvalue\u003dself.parent.custom.index\n\tif self.custom.index_Value\u003d\u003dvalue:\n\t\tA\u003dself.custom.Active_C1\n\telse:\n\t\tA\u003dself.custom.Deactive_C1\t\n\t\n\tself.custom.CC\u003dA\t"
              },
              "enabled": false,
              "scope": "G",
              "type": "script"
            }
          },
          "system": {
            "onStartup": [
              {
                "config": {
                  "script": "\tself.custom.CC\u003dself.custom.Deactive_BC1\n\tself.getChild(\"FlexContainer\").props.style.backgroundColor\u003dself.custom.Deactive_BC1"
                },
                "scope": "G",
                "type": "script"
              },
              {
                "config": {
                  "page": "/Dashboard"
                },
                "enabled": false,
                "scope": "C",
                "type": "nav"
              }
            ]
          }
        },
        "meta": {
          "name": "icon2",
          "tooltip": {
            "delay": 100,
            "enabled": true,
            "location": "bottom",
            "style": {
              "fontFamily": "Roboto",
              "fontSize": 14
            },
            "text": "Dashboard"
          }
        },
        "position": {
          "basis": "35px"
        },
        "propConfig": {
          "custom.CC": {
            "binding": {
              "config": {
                "expression": "{parent.custom.index}"
              },
              "transforms": [
                {
                  "code": "\tvalue\u003dself.parent.custom.index\n\tif self.custom.index_Value\u003d\u003dvalue:\n\t\treturn self.custom.Active_C1\n\telse:\n\t\treturn self.custom.Deactive_C1\t",
                  "type": "script"
                }
              ],
              "type": "expr"
            }
          }
        },
        "props": {
          "style": {
            "classes": "onMenu",
            "marginBottom": 4,
            "marginRight": 4,
            "marginTop": 4,
            "overflow": "hidden"
          }
        },
        "type": "ia.container.flex"
      },
      {
        "meta": {
          "name": "FlexContainer_1"
        },
        "position": {
          "basis": "2px"
        },
        "type": "ia.container.flex"
      },
      {
        "children": [
          {
            "meta": {
              "name": "FlexContainer"
            },
            "position": {
              "basis": "4px",
              "shrink": 0
            },
            "propConfig": {
              "props.style.backgroundColor": {
                "binding": {
                  "config": {
                    "path": "/root.custom.index"
                  },
                  "transforms": [
                    {
                      "code": "\tif value\u003d\u003dself.parent.custom.index_Value:\n\t\treturn self.parent.custom.Active_C1\n\telse:\n\t\treturn \u0027#3F5462\u0027\t",
                      "type": "script"
                    }
                  ],
                  "type": "property"
                }
              }
            },
            "props": {
              "style": {
                "borderBottomLeftRadius": 2,
                "borderBottomRightRadius": 2,
                "borderTopLeftRadius": 2,
                "borderTopRightRadius": 2
              }
            },
            "type": "ia.container.flex"
          },
          {
            "meta": {
              "name": "Vector"
            },
            "position": {
              "basis": "60px",
              "display": false
            },
            "propConfig": {
              "props.elements[1].elements[0].elements[0].stopColor": {
                "binding": {
                  "config": {
                    "path": "parent.custom.CC"
                  },
                  "type": "property"
                }
              },
              "props.elements[1].elements[0].elements[1].stopColor": {
                "binding": {
                  "config": {
                    "path": "parent.custom.CC"
                  },
                  "type": "property"
                }
              }
            },
            "props": {
              "elements": [
                {
                  "d": "M20.9218 16.2078L15.0411 22.099L12.201 19.2484L13.1512 18.2982L15.0411 20.1775L19.9716 15.2576L20.9218 16.2078ZM10.3112 7.62422H6.25694V6.27281H10.3112V7.62422ZM10.3112 10.327H6.25694V8.97562H10.3112V10.327ZM6.25694 11.6784H10.3112V13.0298H6.25694V11.6784ZM4.90554 7.62422H3.55413V6.27281H4.90554V7.62422ZM4.90554 10.327H3.55413V8.97562H4.90554V10.327ZM3.55413 11.6784H4.90554V13.0298H3.55413V11.6784ZM11.6626 7.62422V2.21859H2.20272V21.1383H11.6626V22.4897H0.851318V0.867188H12.6233L18.4196 6.66345V14.3812L17.0682 15.7327V7.62422H11.6626ZM13.014 6.27281H16.1074L13.014 3.17936V6.27281Z",
                  "fill": {
                    "url": "url(#paint0_linear_106_131)"
                  },
                  "name": "path",
                  "type": "path"
                },
                {
                  "elements": [
                    {
                      "elements": [
                        {
                          "name": "stop",
                          "offset": "0.0303834",
                          "type": "stop"
                        },
                        {
                          "name": "stop",
                          "offset": "0.960276",
                          "type": "stop"
                        }
                      ],
                      "gradientUnits": "userSpaceOnUse",
                      "id": "paint0_linear_106_131",
                      "name": "paint0_linear_106_131",
                      "type": "linearGradient",
                      "x1": "0.851318",
                      "x2": "24.9546",
                      "y1": "0.867188",
                      "y2": "7.22623"
                    }
                  ],
                  "name": "defs",
                  "type": "defs"
                }
              ],
              "fill": {
                "paint": "transparent"
              },
              "style": {
                "margin": 5
              },
              "viewBox": "0 0 21 23"
            },
            "type": "ia.shapes.svg"
          },
          {
            "meta": {
              "name": "Vector (4)"
            },
            "position": {
              "basis": "30px"
            },
            "propConfig": {
              "props.elements[0].stroke.paint": {
                "binding": {
                  "config": {
                    "path": "parent.custom.CC"
                  },
                  "type": "property"
                }
              }
            },
            "props": {
              "elements": [
                {
                  "d": "M10.2917 1H3.45833C3.00526 1 2.57073 1.17998 2.25036 1.50036C1.92998 1.82073 1.75 2.25526 1.75 2.70833V16.375C1.75 16.8281 1.92998 17.2626 2.25036 17.583C2.57073 17.9033 3.00526 18.0833 3.45833 18.0833H13.7083C14.1614 18.0833 14.5959 17.9033 14.9163 17.583C15.2367 17.2626 15.4167 16.8281 15.4167 16.375V6.125M10.2917 1L15.4167 6.125M10.2917 1L10.2917 6.125H15.4167M12 10.3958H5.16667M12 13.8125H5.16667M6.875 6.97917H5.16667",
                  "name": "path",
                  "stroke": {
                    "linecap": "round",
                    "linejoin": "round",
                    "width": "2"
                  },
                  "type": "path"
                }
              ],
              "fill": {
                "paint": "transparent"
              },
              "style": {
                "margin": 5
              },
              "viewBox": "0 0 17 20"
            },
            "type": "ia.shapes.svg"
          },
          {
            "meta": {
              "name": "Label"
            },
            "position": {
              "basis": "50px",
              "grow": 1
            },
            "propConfig": {
              "position.display": {
                "binding": {
                  "config": {
                    "expression": "{/root.custom.expand}"
                  },
                  "type": "expr"
                }
              }
            },
            "props": {
              "text": "Report",
              "textStyle": {
                "fontFamily": "Roboto",
                "fontSize": 14,
                "fontWeight": "bold",
                "overflowWrap": "break-word",
                "textOverflow": "ellipsis"
              }
            },
            "type": "ia.display.label"
          }
        ],
        "custom": {
          "Active_BC1": "value",
          "Active_C1": "#D9FFCB",
          "Deactive_BC1": "value",
          "Deactive_C1": "#828282",
          "index_Value": 3,
          "out": false
        },
        "events": {
          "dom": {
            "onClick": [
              {
                "config": {
                  "script": "\t#Onclick move index value to Main Index\n\tV\u003dself.custom.index_Value\n\tself.parent.custom.index\u003dV\n\t\t\n\tself.parent.custom.expand\u003dbool(1)\n\tself.parent.getChild(\"Menu\").getChild(\"min\").position.display\u003dbool(1)\n\tself.parent.getChild(\"Menu\").getChild(\"max\").position.display\u003dbool(0)\n\t"
                },
                "scope": "G",
                "type": "script"
              },
              {
                "config": {
                  "page": "/Report"
                },
                "scope": "C",
                "type": "nav"
              },
              {
                "config": {
                  "anchor": "fixed",
                  "autoBreakpoint": 480,
                  "content": "push",
                  "display": "visible",
                  "handle": "hide",
                  "handleIcon": "",
                  "id": "sdock",
                  "modal": false,
                  "resizable": false,
                  "size": 160,
                  "view": "Dock/s_dock",
                  "viewParams": {}
                },
                "scope": "C",
                "type": "alter-dock"
              },
              {
                "config": {
                  "script": "\tPayload\u003d{\u0027name\u0027:\u0027Report\u0027}\n\tsystem.perspective.sendMessage(\u0027navigation_message\u0027, payload\u003dPayload, scope \u003d \"page\")"
                },
                "scope": "G",
                "type": "script"
              }
            ],
            "onMouseEnter": {
              "config": {
                "script": "\tself.props.style.backgroundColor\u003d\u0027#5D3C65\u0027\n\tself.custom.CC\u003d\u0027#FFFFFF\u0027"
              },
              "enabled": false,
              "scope": "G",
              "type": "script"
            },
            "onMouseLeave": {
              "config": {
                "script": "\tself.props.style.backgroundColor\u003d\u0027#FFFFFF\u0027\n\t\n\tvalue\u003dself.parent.custom.index\n\tif self.custom.index_Value\u003d\u003dvalue:\n\t\tA\u003dself.custom.Active_C1\n\telse:\n\t\tA\u003dself.custom.Deactive_C1\t\n\t\n\tself.custom.CC\u003dA\t"
              },
              "enabled": false,
              "scope": "G",
              "type": "script"
            }
          },
          "system": {
            "onStartup": {
              "config": {
                "script": "\tself.custom.CC\u003dself.custom.Deactive_BC1\n\tself.getChild(\"FlexContainer\").props.style.backgroundColor\u003dself.custom.Deactive_BC1\n\t\n"
              },
              "scope": "G",
              "type": "script"
            }
          }
        },
        "meta": {
          "name": "icon3",
          "tooltip": {
            "delay": 100,
            "enabled": true,
            "style": {
              "fontFamily": "Roboto",
              "fontSize": 14
            },
            "text": "Report"
          }
        },
        "position": {
          "basis": "35px"
        },
        "propConfig": {
          "custom.CC": {
            "binding": {
              "config": {
                "expression": "{parent.custom.index}"
              },
              "transforms": [
                {
                  "code": "\tvalue\u003dself.parent.custom.index\n\tif self.custom.index_Value\u003d\u003dvalue:\n\t\treturn self.custom.Active_C1\n\telse:\n\t\treturn self.custom.Deactive_C1\t",
                  "type": "script"
                }
              ],
              "type": "expr"
            }
          }
        },
        "props": {
          "style": {
            "classes": "onMenu",
            "marginBottom": 4,
            "marginRight": 4,
            "marginTop": 4,
            "overflow": "hidden"
          }
        },
        "type": "ia.container.flex"
      },
      {
        "children": [
          {
            "meta": {
              "name": "FlexContainer"
            },
            "position": {
              "basis": "4px",
              "shrink": 0
            },
            "propConfig": {
              "props.style.backgroundColor": {
                "binding": {
                  "config": {
                    "path": "/root.custom.index"
                  },
                  "transforms": [
                    {
                      "code": "\tif value\u003d\u003dself.parent.custom.index_Value:\n\t\treturn self.parent.custom.Active_C1\n\telse:\n\t\treturn \u0027#3F5462\u0027\t",
                      "type": "script"
                    }
                  ],
                  "type": "property"
                }
              }
            },
            "props": {
              "style": {
                "borderBottomLeftRadius": 2,
                "borderBottomRightRadius": 2,
                "borderTopLeftRadius": 2,
                "borderTopRightRadius": 2
              }
            },
            "type": "ia.container.flex"
          },
          {
            "meta": {
              "name": "bell"
            },
            "position": {
              "basis": "30px"
            },
            "propConfig": {
              "props.elements[0].stroke.paint": {
                "binding": {
                  "config": {
                    "path": "parent.custom.CC"
                  },
                  "type": "property"
                }
              },
              "props.elements[1].stroke.paint": {
                "binding": {
                  "config": {
                    "path": "parent.custom.CC"
                  },
                  "type": "property"
                }
              }
            },
            "props": {
              "elements": [
                {
                  "d": "M16.125 7.33325C16.125 5.97402 15.585 4.67045 14.6239 3.70933C13.6628 2.74821 12.3592 2.20825 11 2.20825C9.64077 2.20825 8.3372 2.74821 7.37608 3.70933C6.41495 4.67045 5.875 5.97402 5.875 7.33325C5.875 13.3124 3.3125 15.0208 3.3125 15.0208H18.6875C18.6875 15.0208 16.125 13.3124 16.125 7.33325Z",
                  "name": "path",
                  "stroke": {
                    "linecap": "round",
                    "linejoin": "round",
                    "width": "2"
                  },
                  "type": "path"
                },
                {
                  "d": "M12.4776 18.4375C12.3275 18.6964 12.1119 18.9113 11.8526 19.0606C11.5932 19.21 11.2992 19.2886 10.9999 19.2886C10.7006 19.2886 10.4066 19.21 10.1473 19.0606C9.88793 18.9113 9.67239 18.6964 9.52222 18.4375",
                  "name": "path",
                  "stroke": {
                    "linecap": "round",
                    "linejoin": "round",
                    "width": "2"
                  },
                  "type": "path"
                }
              ],
              "fill": {
                "paint": "transparent"
              },
              "style": {
                "margin": 5
              },
              "viewBox": "0 0 22 21"
            },
            "type": "ia.shapes.svg"
          },
          {
            "meta": {
              "name": "Label"
            },
            "position": {
              "basis": "50px",
              "grow": 1
            },
            "propConfig": {
              "position.display": {
                "binding": {
                  "config": {
                    "expression": "{/root.custom.expand}"
                  },
                  "type": "expr"
                }
              }
            },
            "props": {
              "text": "Logs",
              "textStyle": {
                "fontFamily": "Roboto",
                "fontSize": 14,
                "fontWeight": "bold",
                "overflowWrap": "break-word",
                "textOverflow": "ellipsis"
              }
            },
            "type": "ia.display.label"
          }
        ],
        "custom": {
          "Active_BC1": "value",
          "Active_C1": "#D9FFCB",
          "Deactive_BC1": "value",
          "Deactive_C1": "#828282",
          "index_Value": 11,
          "out": false
        },
        "events": {
          "dom": {
            "onClick": [
              {
                "config": {
                  "script": "\t#Onclick move index value to Main Index\n\tV\u003dself.custom.index_Value\n\tself.view.getChild(\"root\").custom.index\u003dV\n\t\t\n\tself.parent.parent.custom.expand\u003dbool(1)\n\tself.parent.parent.getChild(\"Menu\").getChild(\"min\").position.display\u003dbool(1)\n\tself.parent.parent.getChild(\"Menu\").getChild(\"max\").position.display\u003dbool(0)"
                },
                "scope": "G",
                "type": "script"
              },
              {
                "config": {
                  "page": "/Logs"
                },
                "scope": "C",
                "type": "nav"
              },
              {
                "config": {
                  "anchor": "fixed",
                  "autoBreakpoint": 480,
                  "content": "push",
                  "display": "visible",
                  "handle": "hide",
                  "handleIcon": "",
                  "id": "sdock",
                  "modal": false,
                  "resizable": false,
                  "size": 160,
                  "view": "Dock/s_dock",
                  "viewParams": {}
                },
                "scope": "C",
                "type": "alter-dock"
              },
              {
                "config": {
                  "script": "\tPayload\u003d{\u0027name\u0027:\u0027Logs\u0027}\n\tsystem.perspective.sendMessage(\u0027navigation_message\u0027, payload\u003dPayload, scope \u003d \"page\")"
                },
                "scope": "G",
                "type": "script"
              }
            ],
            "onMouseEnter": {
              "config": {
                "script": "\tself.props.style.backgroundColor\u003d\u0027#5D3C65\u0027\n\tself.custom.CC\u003d\u0027#FFFFFF\u0027"
              },
              "enabled": false,
              "scope": "G",
              "type": "script"
            },
            "onMouseLeave": {
              "config": {
                "script": "\tself.props.style.backgroundColor\u003d\u0027#FFFFFF\u0027\n\t\n\tvalue\u003dself.parent.custom.index\n\tif self.custom.index_Value\u003d\u003dvalue:\n\t\tA\u003dself.custom.Active_C1\n\telse:\n\t\tA\u003dself.custom.Deactive_C1\t\n\t\n\tself.custom.CC\u003dA\t"
              },
              "enabled": false,
              "scope": "G",
              "type": "script"
            }
          },
          "system": {
            "onStartup": {
              "config": {
                "script": "\tself.custom.CC\u003dself.custom.Deactive_BC1\n\tself.getChild(\"FlexContainer\").props.style.backgroundColor\u003dself.custom.Deactive_BC1\n\t\n"
              },
              "scope": "G",
              "type": "script"
            }
          }
        },
        "meta": {
          "name": "icon4",
          "tooltip": {
            "delay": 100,
            "enabled": true,
            "text": "Logs"
          }
        },
        "position": {
          "basis": "35px"
        },
        "propConfig": {
          "custom.CC": {
            "binding": {
              "config": {
                "expression": "{/root.custom.index}"
              },
              "transforms": [
                {
                  "code": "\tvalue\u003dvalue\u003dself.view.getChild(\"root\").custom.index\t\n\tif self.custom.index_Value\u003d\u003dvalue:\n\t\treturn self.custom.Active_C1\n\telse:\n\t\treturn self.custom.Deactive_C1\t",
                  "type": "script"
                }
              ],
              "type": "expr"
            }
          }
        },
        "props": {
          "style": {
            "classes": "onMenu",
            "marginBottom": 4,
            "marginRight": 4,
            "marginTop": 4,
            "overflow": "hidden"
          }
        },
        "type": "ia.container.flex"
      },
      {
        "meta": {
          "name": "FlexContainer_2"
        },
        "position": {
          "basis": "10px"
        },
        "type": "ia.container.flex"
      },
      {
        "children": [
          {
            "meta": {
              "name": "FlexContainer_2"
            },
            "position": {
              "basis": "2px"
            },
            "type": "ia.container.flex"
          },
          {
            "children": [
              {
                "meta": {
                  "name": "FlexContainer"
                },
                "position": {
                  "basis": "4px",
                  "shrink": 0
                },
                "propConfig": {
                  "props.style.backgroundColor": {
                    "binding": {
                      "config": {
                        "path": "/root.custom.index"
                      },
                      "transforms": [
                        {
                          "code": "\tif value\u003d\u003dself.parent.custom.index_Value:\n\t\treturn self.parent.custom.Active_C1\n\telse:\n\t\treturn \u0027#3F5462\u0027\t",
                          "type": "script"
                        }
                      ],
                      "type": "property"
                    }
                  }
                },
                "props": {
                  "style": {
                    "borderBottomLeftRadius": 2,
                    "borderBottomRightRadius": 2,
                    "borderTopLeftRadius": 2,
                    "borderTopRightRadius": 2
                  }
                },
                "type": "ia.container.flex"
              },
              {
                "meta": {
                  "name": "Icon"
                },
                "position": {
                  "basis": "30px"
                },
                "propConfig": {
                  "props.color": {
                    "binding": {
                      "config": {
                        "path": "parent.custom.CC"
                      },
                      "type": "property"
                    }
                  }
                },
                "props": {
                  "path": "material/error_outline",
                  "style": {
                    "margin": 5,
                    "marginBottom": 2,
                    "marginTop": 2
                  }
                },
                "type": "ia.display.icon"
              },
              {
                "meta": {
                  "name": "Label"
                },
                "position": {
                  "basis": "50px",
                  "grow": 1
                },
                "propConfig": {
                  "position.display": {
                    "binding": {
                      "config": {
                        "expression": "{/root.custom.expand}"
                      },
                      "type": "expr"
                    }
                  }
                },
                "props": {
                  "text": "Error",
                  "textStyle": {
                    "fontFamily": "Roboto",
                    "fontSize": 14,
                    "fontWeight": "bold"
                  }
                },
                "type": "ia.display.label"
              }
            ],
            "custom": {
              "Active_BC1": "value",
              "Active_C1": "#D9FFCB",
              "Deactive_BC1": "value",
              "Deactive_C1": "#828282",
              "index_Value": 14,
              "out": false
            },
            "events": {
              "dom": {
                "onClick": [
                  {
                    "config": {
                      "script": "\t#Onclick move index value to Main Index\n\tV\u003dself.custom.index_Value\n\tself.view.getChild(\"root\").custom.index\u003dV\n\t\n\tself.parent.parent.custom.expand\u003dbool(1)\n\tself.parent.parent.getChild(\"Menu\").getChild(\"min\").position.display\u003dbool(1)\n\tself.parent.parent.getChild(\"Menu\").getChild(\"max\").position.display\u003dbool(0)\n\n#\tAlter DOCK\n\tD_params\u003d{\n\t   \u0027view\u0027: \u0027Dock/s_dock\u0027,\n\t   \u0027display\u0027: \u0027visible\u0027,\n\t   \u0027content\u0027: \u0027push\u0027,\n\t   \u0027size\u0027: 160,\n\t   \u0027anchor\u0027: \u0027fixed\u0027,\n\t   \u0027handle\u0027: \u0027hide\u0027\n\t}\n\tsystem.perspective.alterDock(\u0027sdock\u0027, D_params)\n#\tNavigation\n\tsystem.perspective.navigate(page\u003d\u0027/Error\u0027)\n\t\n#\tPayload to change label on top of the page\n\tPayload\u003d{\u0027name\u0027:\u0027Error Window\u0027}\n\tsystem.perspective.sendMessage(\u0027navigation_message\u0027, payload\u003dPayload, scope \u003d \"page\")"
                    },
                    "permissions": {
                      "securityLevels": [],
                      "type": "AnyOf"
                    },
                    "scope": "G",
                    "type": "script"
                  },
                  {
                    "config": {
                      "anchor": "fixed",
                      "autoBreakpoint": 480,
                      "content": "push",
                      "display": "visible",
                      "handle": "hide",
                      "handleIcon": "",
                      "id": "sdock",
                      "modal": false,
                      "resizable": false,
                      "size": 160,
                      "view": "Dock/s_dock",
                      "viewParams": {}
                    },
                    "enabled": false,
                    "scope": "C",
                    "type": "alter-dock"
                  },
                  {
                    "config": {
                      "page": "/settings_user_managment"
                    },
                    "enabled": false,
                    "scope": "C",
                    "type": "nav"
                  },
                  {
                    "config": {
                      "script": "\tPayload\u003d{\u0027name\u0027:\u0027Settings - User Managment\u0027}\n\tsystem.perspective.sendMessage(\u0027navigation_message\u0027, payload\u003dPayload, scope \u003d \"page\")"
                    },
                    "enabled": false,
                    "permissions": {
                      "securityLevels": [
                        {
                          "children": [
                            {
                              "children": [
                                {
                                  "children": [],
                                  "name": "Administrator"
                                },
                                {
                                  "children": [],
                                  "name": "Manager"
                                }
                              ],
                              "name": "Roles"
                            }
                          ],
                          "name": "Authenticated"
                        }
                      ],
                      "type": "AnyOf"
                    },
                    "scope": "G",
                    "type": "script"
                  }
                ]
              },
              "system": {
                "onStartup": {
                  "config": {
                    "script": "\tself.custom.CC\u003dself.custom.Deactive_BC1\n\tself.getChild(\"FlexContainer\").props.style.backgroundColor\u003dself.custom.Deactive_BC1"
                  },
                  "permissions": {
                    "securityLevels": [],
                    "type": "AnyOf"
                  },
                  "scope": "G",
                  "type": "script"
                }
              }
            },
            "meta": {
              "name": "icon5",
              "tooltip": {
                "delay": 100,
                "enabled": true,
                "location": "bottom",
                "text": "Settings"
              }
            },
            "position": {
              "basis": "35px"
            },
            "propConfig": {
              "custom.CC": {
                "binding": {
                  "config": {
                    "expression": "{/root.custom.index}"
                  },
                  "transforms": [
                    {
                      "code": "\tvalue\u003dself.view.getChild(\"root\").custom.index\n\tif self.custom.index_Value\u003d\u003dvalue:\n\t\treturn self.custom.Active_C1\n\telse:\n\t\treturn self.custom.Deactive_C1\t",
                      "type": "script"
                    }
                  ],
                  "type": "expr"
                }
              }
            },
            "props": {
              "style": {
                "classes": "onMenu",
                "marginBottom": 4,
                "marginRight": 4,
                "marginTop": 4,
                "overflow": "hidden"
              }
            },
            "type": "ia.container.flex"
          },
          {
            "meta": {
              "name": "FlexContainer_4"
            },
            "position": {
              "basis": "10px"
            },
            "type": "ia.container.flex"
          },
          {
            "children": [
              {
                "meta": {
                  "name": "FlexContainer"
                },
                "position": {
                  "basis": "4px",
                  "shrink": 0
                },
                "propConfig": {
                  "props.style.backgroundColor": {
                    "binding": {
                      "config": {
                        "path": "/root.custom.index"
                      },
                      "transforms": [
                        {
                          "code": "\tif value\u003d\u003dself.parent.custom.index_Value:\n\t\treturn self.parent.custom.Active_C1\n\telse:\n\t\treturn \u0027#3F5462\u0027\t",
                          "type": "script"
                        }
                      ],
                      "type": "property"
                    }
                  }
                },
                "props": {
                  "style": {
                    "borderBottomLeftRadius": 2,
                    "borderBottomRightRadius": 2,
                    "borderTopLeftRadius": 2,
                    "borderTopRightRadius": 2
                  }
                },
                "type": "ia.container.flex"
              },
              {
                "meta": {
                  "name": "Vector (2)"
                },
                "position": {
                  "basis": "30px"
                },
                "propConfig": {
                  "props.elements[0].stroke.paint": {
                    "binding": {
                      "config": {
                        "path": "parent.custom.CC"
                      },
                      "type": "property"
                    }
                  }
                },
                "props": {
                  "elements": [
                    {
                      "d": "M7.51429 7.68742C7.71511 7.11655 8.11149 6.63518 8.63321 6.32855C9.15494 6.02193 9.76835 5.90984 10.3648 6.01215C10.9612 6.11446 11.5022 6.42455 11.892 6.88752C12.2817 7.35048 12.495 7.93643 12.4941 8.54159C12.4941 10.2499 9.93159 11.1041 9.93159 11.1041M9.99992 14.5208H10.0085M18.5416 10.2499C18.5416 14.9674 14.7174 18.7916 9.99992 18.7916C5.28249 18.7916 1.45825 14.9674 1.45825 10.2499C1.45825 5.53249 5.28249 1.70825 9.99992 1.70825C14.7174 1.70825 18.5416 5.53249 18.5416 10.2499Z",
                      "name": "path",
                      "stroke": {
                        "linecap": "round",
                        "linejoin": "round",
                        "width": "2"
                      },
                      "type": "path"
                    }
                  ],
                  "fill": {
                    "paint": "transparent"
                  },
                  "style": {
                    "margin": 5
                  },
                  "viewBox": "0 0 20 20"
                },
                "type": "ia.shapes.svg"
              },
              {
                "meta": {
                  "name": "Label"
                },
                "position": {
                  "basis": "50px",
                  "grow": 1
                },
                "propConfig": {
                  "position.display": {
                    "binding": {
                      "config": {
                        "expression": "{/root.custom.expand}"
                      },
                      "type": "expr"
                    }
                  }
                },
                "props": {
                  "text": "Support",
                  "textStyle": {
                    "fontFamily": "Roboto",
                    "fontSize": 14,
                    "fontWeight": "bold"
                  }
                },
                "type": "ia.display.label"
              }
            ],
            "custom": {
              "Active_BC1": "value",
              "Active_C1": "#D9FFCB",
              "Deactive_BC1": "value",
              "Deactive_C1": "#828282",
              "index_Value": 12,
              "out": false
            },
            "events": {
              "dom": {
                "onClick": [
                  {
                    "config": {
                      "script": "\t#Onclick move index value to Main Index\n\tV\u003dself.custom.index_Value\n\tself.view.getChild(\"root\").custom.index\u003dV\n\t\n\tself.parent.parent.custom.expand\u003dbool(1)\n\tself.parent.parent.getChild(\"Menu\").getChild(\"min\").position.display\u003dbool(1)\n\tself.parent.parent.getChild(\"Menu\").getChild(\"max\").position.display\u003dbool(0)"
                    },
                    "scope": "G",
                    "type": "script"
                  },
                  {
                    "config": {
                      "anchor": "fixed",
                      "autoBreakpoint": 480,
                      "content": "push",
                      "display": "visible",
                      "handle": "hide",
                      "handleIcon": "",
                      "id": "sdock",
                      "modal": false,
                      "resizable": false,
                      "size": 160,
                      "view": "Dock/s_dock",
                      "viewParams": {}
                    },
                    "scope": "C",
                    "type": "alter-dock"
                  }
                ],
                "onMouseEnter": {
                  "config": {
                    "script": "\tself.props.style.backgroundColor\u003d\u0027#5D3C65\u0027\n\tself.custom.CC\u003d\u0027#FFFFFF\u0027"
                  },
                  "enabled": false,
                  "scope": "G",
                  "type": "script"
                },
                "onMouseLeave": {
                  "config": {
                    "script": "\tself.props.style.backgroundColor\u003d\u0027#FFFFFF\u0027\n\t\n\tvalue\u003dself.parent.custom.index\n\tif self.custom.index_Value\u003d\u003dvalue:\n\t\tA\u003dself.custom.Active_C1\n\telse:\n\t\tA\u003dself.custom.Deactive_C1\t\n\t\n\tself.custom.CC\u003dA\t"
                  },
                  "enabled": false,
                  "scope": "G",
                  "type": "script"
                }
              },
              "system": {
                "onStartup": [
                  {
                    "config": {
                      "script": "\tself.custom.CC\u003dself.custom.Deactive_BC1\n\tself.getChild(\"FlexContainer\").props.style.backgroundColor\u003dself.custom.Deactive_BC1"
                    },
                    "scope": "G",
                    "type": "script"
                  },
                  {
                    "config": {
                      "url": "http://192.200.11.120:8088/data/perspective/client/Jindal_OMS/In-Progress"
                    },
                    "enabled": false,
                    "scope": "C",
                    "type": "nav"
                  }
                ]
              }
            },
            "meta": {
              "name": "icon2",
              "tooltip": {
                "delay": 100,
                "enabled": true,
                "location": "bottom",
                "text": "Support"
              }
            },
            "position": {
              "basis": "35px"
            },
            "propConfig": {
              "custom.CC": {
                "binding": {
                  "config": {
                    "expression": "{/root.custom.index}"
                  },
                  "transforms": [
                    {
                      "code": "\tvalue\u003dvalue\u003dself.view.getChild(\"root\").custom.index\n\tif self.custom.index_Value\u003d\u003dvalue:\n\t\treturn self.custom.Active_C1\n\telse:\n\t\treturn self.custom.Deactive_C1\t",
                      "type": "script"
                    }
                  ],
                  "type": "expr"
                }
              }
            },
            "props": {
              "style": {
                "classes": "onMenu",
                "marginBottom": 4,
                "marginRight": 4,
                "marginTop": 4,
                "overflow": "hidden"
              }
            },
            "type": "ia.container.flex"
          },
          {
            "meta": {
              "name": "FlexContainer_1"
            },
            "position": {
              "basis": "2px"
            },
            "type": "ia.container.flex"
          },
          {
            "children": [
              {
                "meta": {
                  "name": "FlexContainer"
                },
                "position": {
                  "basis": "4px",
                  "shrink": 0
                },
                "propConfig": {
                  "props.style.backgroundColor": {
                    "binding": {
                      "config": {
                        "path": "/root.custom.index"
                      },
                      "transforms": [
                        {
                          "code": "\tif value\u003d\u003dself.parent.custom.index_Value:\n\t\treturn self.parent.custom.Active_C1\n\telse:\n\t\treturn \u0027#3F5462\u0027\t",
                          "type": "script"
                        }
                      ],
                      "type": "property"
                    }
                  }
                },
                "props": {
                  "style": {
                    "borderBottomLeftRadius": 2,
                    "borderBottomRightRadius": 2,
                    "borderTopLeftRadius": 2,
                    "borderTopRightRadius": 2
                  }
                },
                "type": "ia.container.flex"
              },
              {
                "meta": {
                  "name": "settings"
                },
                "position": {
                  "basis": "30px"
                },
                "propConfig": {
                  "props.elements[0].elements[0].stroke.paint": {
                    "binding": {
                      "config": {
                        "path": "parent.custom.CC"
                      },
                      "type": "property"
                    }
                  },
                  "props.elements[0].elements[1].stroke.paint": {
                    "binding": {
                      "config": {
                        "path": "parent.custom.CC"
                      },
                      "type": "property"
                    }
                  },
                  "props.elements[1].elements[0].elements[0].fill.paint": {
                    "binding": {
                      "config": {
                        "path": "parent.custom.CC"
                      },
                      "type": "property"
                    }
                  }
                },
                "props": {
                  "elements": [
                    {
                      "clipPath": "url(#clip0_625_5232)",
                      "elements": [
                        {
                          "d": "M11 13.3125C12.4152 13.3125 13.5625 12.1652 13.5625 10.75C13.5625 9.33477 12.4152 8.1875 11 8.1875C9.58477 8.1875 8.4375 9.33477 8.4375 10.75C8.4375 12.1652 9.58477 13.3125 11 13.3125Z",
                          "name": "path",
                          "stroke": {
                            "linecap": "round",
                            "linejoin": "round",
                            "width": "2"
                          },
                          "type": "path"
                        },
                        {
                          "d": "M17.3209 13.3126C17.2072 13.5702 17.1733 13.856 17.2235 14.1331C17.2738 14.4102 17.4059 14.6659 17.6028 14.8672L17.654 14.9184C17.8129 15.0771 17.9389 15.2655 18.0248 15.4729C18.1108 15.6803 18.1551 15.9026 18.1551 16.1271C18.1551 16.3516 18.1108 16.5739 18.0248 16.7812C17.9389 16.9886 17.8129 17.177 17.654 17.3357C17.4954 17.4945 17.307 17.6205 17.0996 17.7065C16.8922 17.7925 16.6699 17.8367 16.4454 17.8367C16.2209 17.8367 15.9986 17.7925 15.7912 17.7065C15.5838 17.6205 15.3954 17.4945 15.2367 17.3357L15.1855 17.2845C14.9842 17.0875 14.7285 16.9554 14.4514 16.9052C14.1743 16.855 13.8885 16.8889 13.6309 17.0026C13.3783 17.1109 13.1628 17.2906 13.0111 17.5198C12.8593 17.749 12.7778 18.0175 12.7767 18.2924V18.4376C12.7767 18.8907 12.5968 19.3252 12.2764 19.6456C11.956 19.9659 11.5215 20.1459 11.0684 20.1459C10.6153 20.1459 10.1808 19.9659 9.86044 19.6456C9.54007 19.3252 9.36008 18.8907 9.36008 18.4376V18.3607C9.35347 18.078 9.26195 17.8038 9.09743 17.5738C8.93291 17.3437 8.703 17.1685 8.43758 17.0709C8.17995 16.9572 7.89417 16.9233 7.61708 16.9735C7.33999 17.0238 7.08431 17.1559 6.883 17.3528L6.83175 17.404C6.67309 17.5629 6.48468 17.6889 6.27729 17.7748C6.0699 17.8608 5.8476 17.9051 5.6231 17.9051C5.3986 17.9051 5.1763 17.8608 4.96891 17.7748C4.76152 17.6889 4.57311 17.5629 4.41446 17.404C4.25562 17.2454 4.12962 17.057 4.04365 16.8496C3.95768 16.6422 3.91342 16.4199 3.91342 16.1954C3.91342 15.9709 3.95768 15.7486 4.04365 15.5412C4.12962 15.3338 4.25562 15.1454 4.41446 14.9867L4.46571 14.9355C4.66262 14.7342 4.79472 14.4785 4.84496 14.2014C4.8952 13.9243 4.86128 13.6385 4.74758 13.3809C4.6393 13.1283 4.45952 12.9128 4.23035 12.7611C4.00119 12.6093 3.73265 12.5278 3.45779 12.5267H3.31258C2.8595 12.5267 2.42498 12.3468 2.10461 12.0264C1.78423 11.706 1.60425 11.2715 1.60425 10.8184C1.60425 10.3653 1.78423 9.93082 2.10461 9.61044C2.42498 9.29007 2.8595 9.11008 3.31258 9.11008H3.38946C3.67218 9.10347 3.94638 9.01195 4.1764 8.84743C4.40642 8.68291 4.58163 8.453 4.67925 8.18758C4.79295 7.92995 4.82687 7.64417 4.77663 7.36708C4.72639 7.08999 4.59429 6.83431 4.39737 6.633L4.34612 6.58175C4.18729 6.42309 4.06128 6.23468 3.97531 6.02729C3.88934 5.8199 3.84509 5.5976 3.84509 5.3731C3.84509 5.1486 3.88934 4.9263 3.97531 4.71891C4.06128 4.51152 4.18729 4.32311 4.34612 4.16446C4.50478 4.00562 4.69319 3.87962 4.90058 3.79365C5.10797 3.70768 5.33027 3.66342 5.55477 3.66342C5.77927 3.66342 6.00157 3.70768 6.20896 3.79365C6.41635 3.87962 6.60476 4.00562 6.76341 4.16446L6.81466 4.21571C7.01597 4.41262 7.27166 4.54472 7.54874 4.59496C7.82583 4.6452 8.11162 4.61128 8.36925 4.49758H8.43758C8.69022 4.3893 8.90568 4.20952 9.05744 3.98035C9.20921 3.75119 9.29065 3.48265 9.29175 3.20779V3.06258C9.29175 2.6095 9.47173 2.17498 9.79211 1.85461C10.1125 1.53423 10.547 1.35425 11.0001 1.35425C11.4532 1.35425 11.8877 1.53423 12.2081 1.85461C12.5284 2.17498 12.7084 2.6095 12.7084 3.06258V3.13946C12.7095 3.41432 12.791 3.68286 12.9427 3.91202C13.0945 4.14119 13.3099 4.32097 13.5626 4.42925C13.8202 4.54295 14.106 4.57687 14.3831 4.52663C14.6602 4.47639 14.9159 4.34429 15.1172 4.14737L15.1684 4.09612C15.3271 3.93729 15.5155 3.81128 15.7229 3.72531C15.9303 3.63934 16.1526 3.59509 16.3771 3.59509C16.6016 3.59509 16.8239 3.63934 17.0312 3.72531C17.2386 3.81128 17.427 3.93729 17.5857 4.09612C17.7445 4.25478 17.8705 4.44319 17.9565 4.65058C18.0425 4.85797 18.0867 5.08027 18.0867 5.30477C18.0867 5.52927 18.0425 5.75157 17.9565 5.95896C17.8705 6.16635 17.7445 6.35476 17.5857 6.51341L17.5345 6.56466C17.3375 6.76597 17.2054 7.02166 17.1552 7.29874C17.105 7.57583 17.1389 7.86162 17.2526 8.11925V8.18758C17.3609 8.44022 17.5406 8.65568 17.7698 8.80744C17.999 8.95921 18.2675 9.04065 18.5424 9.04175H18.6876C19.1407 9.04175 19.5752 9.22173 19.8956 9.54211C20.2159 9.86248 20.3959 10.297 20.3959 10.7501C20.3959 11.2032 20.2159 11.6377 19.8956 11.9581C19.5752 12.2784 19.1407 12.4584 18.6876 12.4584H18.6107C18.3358 12.4595 18.0673 12.541 17.8381 12.6927C17.609 12.8445 17.4292 13.0599 17.3209 13.3126V13.3126Z",
                          "name": "path",
                          "stroke": {
                            "linecap": "round",
                            "linejoin": "round",
                            "width": "2"
                          },
                          "type": "path"
                        }
                      ],
                      "name": "group",
                      "type": "group"
                    },
                    {
                      "elements": [
                        {
                          "elements": [
                            {
                              "fill": {},
                              "height": "20.5",
                              "name": "rect",
                              "transform": "translate(0.75 0.5)",
                              "type": "rect",
                              "width": "20.5"
                            }
                          ],
                          "id": "clip0_625_5232",
                          "name": "clip0_625_5232",
                          "type": "clipPath"
                        }
                      ],
                      "name": "defs",
                      "type": "defs"
                    }
                  ],
                  "fill": {
                    "paint": "transparent"
                  },
                  "style": {
                    "margin": 5
                  },
                  "viewBox": "0 0 22 21"
                },
                "type": "ia.shapes.svg"
              },
              {
                "meta": {
                  "name": "Label"
                },
                "position": {
                  "basis": "50px",
                  "grow": 1
                },
                "propConfig": {
                  "position.display": {
                    "binding": {
                      "config": {
                        "expression": "{/root.custom.expand}"
                      },
                      "type": "expr"
                    }
                  }
                },
                "props": {
                  "text": "Settings",
                  "textStyle": {
                    "fontFamily": "Roboto",
                    "fontSize": 14,
                    "fontWeight": "bold"
                  }
                },
                "type": "ia.display.label"
              }
            ],
            "custom": {
              "Active_BC1": "value",
              "Active_C1": "#D9FFCB",
              "Deactive_BC1": "value",
              "Deactive_C1": "#828282",
              "index_Value": 13,
              "out": false
            },
            "events": {
              "dom": {
                "onClick": [
                  {
                    "config": {
                      "script": "\t#Onclick move index value to Main Index\n\tV\u003dself.custom.index_Value\n\tself.view.getChild(\"root\").custom.index\u003dV\n\t\n\tself.parent.parent.custom.expand\u003dbool(1)\n\tself.parent.parent.getChild(\"Menu\").getChild(\"min\").position.display\u003dbool(1)\n\tself.parent.parent.getChild(\"Menu\").getChild(\"max\").position.display\u003dbool(0)\n\n#\tAlter DOCK\n\tD_params\u003d{\n\t   \u0027view\u0027: \u0027Dock/s_dock\u0027,\n\t   \u0027display\u0027: \u0027visible\u0027,\n\t   \u0027content\u0027: \u0027push\u0027,\n\t   \u0027size\u0027: 160,\n\t   \u0027anchor\u0027: \u0027fixed\u0027,\n\t   \u0027handle\u0027: \u0027hide\u0027\n\t}\n\tsystem.perspective.alterDock(\u0027sdock\u0027, D_params)\n#\tNavigation\n\tsystem.perspective.navigate(page\u003d\u0027/settings_user_managment\u0027)\n\t\n#\tPayload to change label on top of the page\n\tPayload\u003d{\u0027name\u0027:\u0027Settings - User Managment\u0027}\n\tsystem.perspective.sendMessage(\u0027navigation_message\u0027, payload\u003dPayload, scope \u003d \"page\")"
                    },
                    "permissions": {
                      "securityLevels": [
                        {
                          "children": [
                            {
                              "children": [
                                {
                                  "children": [],
                                  "name": "Administrator"
                                },
                                {
                                  "children": [],
                                  "name": "Manager"
                                }
                              ],
                              "name": "Roles"
                            }
                          ],
                          "name": "Authenticated"
                        }
                      ],
                      "type": "AnyOf"
                    },
                    "scope": "G",
                    "type": "script"
                  },
                  {
                    "config": {
                      "anchor": "fixed",
                      "autoBreakpoint": 480,
                      "content": "push",
                      "display": "visible",
                      "handle": "hide",
                      "handleIcon": "",
                      "id": "sdock",
                      "modal": false,
                      "resizable": false,
                      "size": 160,
                      "view": "Dock/s_dock",
                      "viewParams": {}
                    },
                    "enabled": false,
                    "scope": "C",
                    "type": "alter-dock"
                  },
                  {
                    "config": {
                      "page": "/settings_user_managment"
                    },
                    "enabled": false,
                    "scope": "C",
                    "type": "nav"
                  },
                  {
                    "config": {
                      "script": "\tPayload\u003d{\u0027name\u0027:\u0027Settings - User Managment\u0027}\n\tsystem.perspective.sendMessage(\u0027navigation_message\u0027, payload\u003dPayload, scope \u003d \"page\")"
                    },
                    "enabled": false,
                    "permissions": {
                      "securityLevels": [
                        {
                          "children": [
                            {
                              "children": [
                                {
                                  "children": [],
                                  "name": "Administrator"
                                },
                                {
                                  "children": [],
                                  "name": "Manager"
                                }
                              ],
                              "name": "Roles"
                            }
                          ],
                          "name": "Authenticated"
                        }
                      ],
                      "type": "AnyOf"
                    },
                    "scope": "G",
                    "type": "script"
                  }
                ]
              },
              "system": {
                "onStartup": {
                  "config": {
                    "script": "\tself.custom.CC\u003dself.custom.Deactive_BC1\n\tself.getChild(\"FlexContainer\").props.style.backgroundColor\u003dself.custom.Deactive_BC1"
                  },
                  "permissions": {
                    "securityLevels": [],
                    "type": "AnyOf"
                  },
                  "scope": "G",
                  "type": "script"
                }
              }
            },
            "meta": {
              "name": "icon4",
              "tooltip": {
                "delay": 100,
                "enabled": true,
                "location": "bottom",
                "text": "Settings"
              }
            },
            "position": {
              "basis": "35px"
            },
            "propConfig": {
              "custom.CC": {
                "binding": {
                  "config": {
                    "expression": "{/root.custom.index}"
                  },
                  "transforms": [
                    {
                      "code": "\tvalue\u003dself.view.getChild(\"root\").custom.index\n\tif self.custom.index_Value\u003d\u003dvalue:\n\t\treturn self.custom.Active_C1\n\telse:\n\t\treturn self.custom.Deactive_C1\t",
                      "type": "script"
                    }
                  ],
                  "type": "expr"
                }
              }
            },
            "props": {
              "style": {
                "classes": "onMenu",
                "marginBottom": 4,
                "marginRight": 4,
                "marginTop": 4,
                "overflow": "hidden"
              }
            },
            "type": "ia.container.flex"
          },
          {
            "meta": {
              "name": "FlexContainer_3"
            },
            "position": {
              "basis": "10px"
            },
            "type": "ia.container.flex"
          }
        ],
        "custom": {
          "expand": true,
          "index": 11
        },
        "meta": {
          "name": "FlexContainer_14",
          "tooltip": {
            "style": {
              "fontFamily": "Roboto",
              "fontSize": 14
            }
          }
        },
        "position": {
          "basis": "10px",
          "grow": 1
        },
        "props": {
          "direction": "column",
          "justify": "flex-end",
          "style": {
            "overflow": "hidden"
          }
        },
        "type": "ia.container.flex"
      }
    ],
    "custom": {
      "index": 2
    },
    "events": {
      "system": {
        "onStartup": {
          "config": {
            "script": "\timport time\n\tself.custom.index\u003d2\n\ttime.sleep(0.5)\n\tself.custom.expand\u003dbool(1)\n\tself.getChild(\"icon2\").getChild(\"FlexContainer\").props.style.backgroundColor\u003d\u0027#D9FFCB\u0027"
          },
          "scope": "G",
          "type": "script"
        }
      }
    },
    "meta": {
      "name": "root"
    },
    "propConfig": {
      "custom.expand": {
        "persistent": false
      }
    },
    "props": {
      "direction": "column",
      "justify": "flex-end",
      "style": {
        "backgroundColor": "#3F5462",
        "boxShadow": "2px 0px 5px 0px rgba(0,0,0,0.75)",
        "marginRight": 5,
        "overflow": "hidden",
        "paddingTop": 2
      }
    },
    "scripts": {
      "customMethods": [],
      "extensionFunctions": null,
      "messageHandlers": [
        {
          "messageType": "DockExpand",
          "pageScope": true,
          "script": "\t# implement your handler here\n#\tA\u003dPayload[\u0027value\u0027]\n\tself.custom.expand\u003dTrue\n\t",
          "sessionScope": false,
          "viewScope": false
        }
      ]
    },
    "type": "ia.container.flex"
  }
}