{
  "custom": {},
  "params": {
    "sto": "SBB21J0298"
  },
  "propConfig": {
    "params.sto": {
      "paramDirection": "input",
      "persistent": true
    }
  },
  "props": {
    "defaultSize": {
      "height": 316,
      "width": 300
    }
  },
  "root": {
    "children": [
      {
        "children": [
          {
            "meta": {
              "name": "Label"
            },
            "position": {
              "basis": "279px"
            },
            "propConfig": {
              "props.text": {
                "persistent": true
              }
            },
            "props": {
              "style": {
                "color": "#FFFFFF",
                "fontFamily": "Roboto",
                "fontSize": 16,
                "fontWeight": "bold",
                "marginLeft": 10,
                "textAlign": "left"
              },
              "text": "ENTER SAP ID OR CIMS ID"
            },
            "type": "ia.display.label"
          },
          {
            "events": {
              "dom": {
                "onClick": {
                  "config": {
                    "script": "\tsystem.perspective.closePopup(\u0027\u0027)"
                  },
                  "enabled": false,
                  "scope": "G",
                  "type": "script"
                }
              }
            },
            "meta": {
              "name": "Icon",
              "visible": false
            },
            "position": {
              "basis": "40px",
              "shrink": 0
            },
            "props": {
              "color": "#C45252",
              "path": "material/cancel_presentation",
              "style": {
                "marginRight": 10
              }
            },
            "type": "ia.display.icon"
          }
        ],
        "meta": {
          "name": "Header"
        },
        "position": {
          "basis": "30px",
          "shrink": 0
        },
        "props": {
          "justify": "space-between",
          "style": {
            "backgroundColor": "#3F5462"
          }
        },
        "type": "ia.container.flex"
      },
      {
        "children": [
          {
            "children": [
              {
                "meta": {
                  "name": "Label"
                },
                "position": {
                  "basis": "141px"
                },
                "props": {
                  "text": "STO.PO",
                  "textStyle": {
                    "fontFamily": "Roboto",
                    "fontSize": 12
                  }
                },
                "type": "ia.display.label"
              },
              {
                "meta": {
                  "name": "TextField"
                },
                "position": {
                  "basis": "115.7px"
                },
                "propConfig": {
                  "custom.enable": {
                    "binding": {
                      "config": {
                        "path": "this.props.text"
                      },
                      "transforms": [
                        {
                          "code": "\tif len(value)\u003e0:\n\t\treturn True\n\telse:\n\t\treturn False\n\t\t\n\t",
                          "type": "script"
                        }
                      ],
                      "type": "property"
                    }
                  },
                  "props.text": {
                    "binding": {
                      "config": {
                        "path": "view.params.sto"
                      },
                      "type": "property"
                    }
                  }
                },
                "props": {
                  "style": {
                    "backgroundColor": "#E6E12017",
                    "fontFamily": "Roboto",
                    "fontSize": 12,
                    "textAlign": "center"
                  }
                },
                "type": "ia.input.text-field"
              }
            ],
            "meta": {
              "name": "Stopo"
            },
            "position": {
              "basis": "42px",
              "shrink": 0
            },
            "props": {
              "justify": "space-evenly",
              "style": {
                "overflow": "hidden",
                "padding": 5
              }
            },
            "type": "ia.container.flex"
          },
          {
            "children": [
              {
                "meta": {
                  "name": "Dropdown"
                },
                "position": {
                  "basis": "135px"
                },
                "props": {
                  "options": [
                    {
                      "label": "CIMS ID",
                      "value": "CIMS_ID"
                    },
                    {
                      "label": "SAP ID",
                      "value": "SAP_ID"
                    }
                  ],
                  "style": {
                    "marginBottom": 3,
                    "marginTop": 3
                  },
                  "value": "CIMS_ID"
                },
                "type": "ia.input.dropdown"
              },
              {
                "meta": {
                  "name": "TextField"
                },
                "position": {
                  "basis": "115.7px"
                },
                "propConfig": {
                  "custom.enable": {
                    "binding": {
                      "config": {
                        "path": "this.props.text"
                      },
                      "transforms": [
                        {
                          "code": "\tif len(value)\u003e0:\n\t\treturn True\n\telse:\n\t\treturn False\n\t\t\n\t",
                          "type": "script"
                        }
                      ],
                      "type": "property"
                    }
                  }
                },
                "props": {
                  "style": {
                    "backgroundColor": "#E6E12017",
                    "fontFamily": "Roboto",
                    "fontSize": 12,
                    "textAlign": "center"
                  },
                  "text": "BV26000001"
                },
                "type": "ia.input.text-field"
              }
            ],
            "meta": {
              "name": "SAPID"
            },
            "position": {
              "basis": "91px",
              "shrink": 0
            },
            "props": {
              "direction": "column",
              "justify": "space-evenly",
              "style": {
                "overflow": "hidden",
                "padding": 5
              }
            },
            "type": "ia.container.flex"
          }
        ],
        "meta": {
          "name": "FlexContainer"
        },
        "position": {
          "basis": "406px",
          "grow": 1
        },
        "props": {
          "direction": "column"
        },
        "type": "ia.container.flex"
      },
      {
        "children": [
          {
            "events": {
              "dom": {
                "onClick": {
                  "config": {
                    "script": "#\timport time\n\tquery\u003d\u0027\u0027\u0027INSERT INTO [dbo].[SAP_Dispatch]([STO_PO],[Quantity],[From],[To],[No_of_Logs],[Status])VALUES(?,?,?,?,?,?)\u0027\u0027\u0027\n\tSto\u003dself.parent.parent.getChild(\"FlexContainer\").getChild(\"Sto.po\").getChild(\"TextField\").props.text\n\tQuantity\u003dself.parent.parent.getChild(\"FlexContainer\").getChild(\"Quantity\").getChild(\"NumericEntryField\").props.value\n\tfrm\u003d\"Dabaspet\"\n\tto\u003dself.parent.parent.getChild(\"FlexContainer\").getChild(\"To\").getChild(\"Dropdown\").props.value\n\tlogs\u003dself.parent.parent.getChild(\"FlexContainer\").getChild(\"Logs\").getChild(\"NumericEntryField\").props.value\n\tStatus\u003d\"Pending\"\n\tres\u003dsystem.db.runPrepUpdate(query,[Sto,Quantity,frm,to,logs,Status],\"CIMS2\")\n\tcurrSerialNo \u003dsystem.tag.read(\u0027[B_IMS]LOG_ID_SRNO/Dispachno/Current_No\u0027).value\n\twriteSerialNoToTag \u003d currSerialNo+1\n\twrite\u003dsystem.tag.write(\u0027[B_IMS]LOG_ID_SRNO/Dispachno/Current_No\u0027, int(writeSerialNoToTag))\n#\tsystem.perspective.sendMessage(message\"Refresh_STOPO\",scope\u003d\"session\")\n\tsystem.perspective.sendMessage(\"Refresh_STOPO\", payload \u003d {\"A\":1}, scope \u003d \"session\")\n#\tprint(yr)\n#\ttime.sleep(1)\n\tself.parent.custom.Refresh\u003dTrue\n\tsystem.perspective.closePopup(\u0027\u0027)"
                  },
                  "scope": "G",
                  "type": "script"
                }
              }
            },
            "meta": {
              "name": "Update"
            },
            "position": {
              "basis": "80px",
              "display": false
            },
            "propConfig": {
              "position.display": {
                "binding": {
                  "config": {
                    "path": "view.params.Edit"
                  },
                  "transforms": [
                    {
                      "fallback": false,
                      "inputType": "scalar",
                      "mappings": [
                        {
                          "input": "Yes",
                          "output": true
                        },
                        {
                          "input": "No",
                          "output": false
                        }
                      ],
                      "outputType": "scalar",
                      "type": "map"
                    }
                  ],
                  "type": "property"
                },
                "persistent": true
              }
            },
            "props": {
              "image": {
                "icon": {
                  "color": "#E4B469",
                  "path": "material/info"
                }
              },
              "style": {
                "backgroundColor": "#257A8C"
              },
              "text": "Create"
            },
            "type": "ia.input.button"
          },
          {
            "events": {
              "dom": {
                "onClick": {
                  "config": {
                    "script": "\tsystem.perspective.closePopup(\u0027\u0027)\n\tself.parent.parent.getChild(\"FlexContainer\").getChild(\"CIMS id\").getChild(\"TextField\").props.text\u003d\u003d\u0027\u0027\n\tself.parent.parent.getChild(\"FlexContainer\").getChild(\"SAPID\").getChild(\"TextField\").props.text\u003d\u003d\u0027\u0027\n\tself.parent.parent.getChild(\"FlexContainer\").getChild(\"SAPID\").getChild(\"TextField\").props.text\u003d\u0027\u0027"
                  },
                  "scope": "G",
                  "type": "script"
                }
              }
            },
            "meta": {
              "name": "Cancel"
            },
            "position": {
              "basis": "80px"
            },
            "props": {
              "image": {
                "icon": {
                  "color": "#D47F7F",
                  "path": "material/cancel"
                }
              },
              "style": {
                "backgroundColor": "#257A8C"
              },
              "text": "Cancel"
            },
            "type": "ia.input.button"
          },
          {
            "events": {
              "dom": {
                "onClick": [
                  {
                    "config": {
                      "script": "\timport time\n\timport sys\n#\tCollect the variables\n\tSTOPO\u003dself.view.params.sto\n\tCS\u003dself.parent.parent.getChild(\"FlexContainer\").getChild(\"SAPID\").getChild(\"Dropdown\").props.value\n\tEF\u003dself.parent.parent.getChild(\"FlexContainer\").getChild(\"SAPID\").getChild(\"TextField\").props.text\n\n#\tIdentify CIMSID or SAPID and length\u003d10\n\tif len(str(EF))\u003d\u003d10:\n\t#\tCollect Both CIMSID and SAPID\t\n\t\tif CS\u003d\u003d\u0027CIMS_ID\u0027:\n\t\t\tCIMSID\u003dEF\n\t\t\t# Collect SAPID\n\t\t\tq\u003d\u0027\u0027\u0027Select \n\t\t\t\ttrim(EC.sap_batch_no) as SAP_ID\n\t\t\tfrom [dbo].[mes_endcut_homogenize_dispatch] EC\n\t\t\tJOIN\n\t\t\t[CIMS].[dbo].[mes_orders] o ON EC.prod_order\u003d o.[production_order]\n\t\t\tWHERE \n\t\t\tEC.log_batch_no\u003d?\u0027\u0027\u0027\t\n\t\t\ta\u003d[EF]\t\n\t\t\td\u003dsystem.db.runPrepQuery(q, a, \u0027CIMS2\u0027)\n\t\t\tSAPID\u003dd[0][0]\n\t\telif CS\u003d\u003d\u0027SAP_ID\u0027:\n\t\t\tSAPID\u003dEF\n\t\t\tq1\u003d\u0027\u0027\u0027Select \n\t\t\t\ttrim(EC.log_batch_no) as CIMS_ID\n\t\t\tfrom [dbo].[mes_endcut_homogenize_dispatch] EC\n\t\t\tJOIN\n\t\t\t[CIMS].[dbo].[mes_orders] o ON EC.prod_order\u003d o.[production_order]\n\t\t\tWHERE \n\t\t\tEC.sap_batch_no\u003d?\u0027\u0027\u0027\n\t\t\ta1\u003d[EF]\n\t\t\td1\u003dsystem.db.runPrepQuery(q1, a1, \u0027CIMS2\u0027)\n\t\t\tCIMSID\u003dd1[0][0]\n\telse:\n\t\t# Message display Entry feild error\n\t\tsystem.perspective.openPopup(\u0027Error\u0027,\u0027Template/Popup_1\u0027,params\u003d{\u0027Code\u0027:1,\u0027Message\u0027:\u0027Entered data not valid...!\u0027},showCloseIcon \u003d True,modal\u003dTrue,draggable\u003dFalse,position \u003d {\u0027top\u0027:100})\t\t\n\t\tsys.exit()\t\t\n\n#\tIdentify is provided CIMS or SAPID available\n\ttry:\n\t\tq2\u003d\u0027\u0027\u0027 select [CIMS_ID]\n\t\t  FROM [CIMS].[dbo].[STOPO_Logs]\n\t\t  where [CIMS_ID]\u003d?\u0027\u0027\u0027\n\t\ta2\u003d[CIMSID]\n\t\td2\u003dsystem.db.runPrepQuery(q2, a2, \u0027CIMS2\u0027)  \n\t\tif len(d2)\u003e\u003d1:\n\t\t\tsystem.perspective.openPopup(\u0027Error\u0027,\u0027Template/Popup_1\u0027,params\u003d{\u0027Code\u0027:1,\u0027Message\u0027:\u0027Entered log already available..!\u0027},showCloseIcon \u003d True,modal\u003dTrue,draggable\u003dFalse,position \u003d {\u0027top\u0027:100})\t\t\n\t\t\tsys.exit()\t\n\t\telse:\n\t\t\tpass\t\t\t\n\texcept:\n\t\tsys.exit()\t\n\t\t\n#\tInsert CIMS, SAP and Status along with STOPO no into [CIMS].[dbo].[STOPO_Logs]\n\tq3\u003d\u0027\u0027\u0027INSERT INTO [dbo].[STOPO_Logs]\n\t           ([STO_PO]\n\t           ,[CIMS_ID]\n\t           ,[SAP_ID]\n\t           ,[Status])\n\t     VALUES\n\t           (?,?,?,\u0027Scanned\u0027)\u0027\u0027\u0027\n\ta3\u003d[STOPO,CIMSID,SAPID]\n\tsystem.db.runPrepUpdate(q3, a3, \u0027CIMS2\u0027)\n\t\n# \tTrigger message for refreshing the table\n\tsystem.perspective.sendMessage(\u0027Log_Table_update\u0027, payload\u003d{\u0027A\u0027:1},scope\u003d\u0027page\u0027)\n#\tClose pop-up     \n\tsystem.perspective.closePopup(\u0027WVUeN6LF\u0027)\n\t\n#\tquery\u003d \"insert into STOPO_Logs (CIMS_ID,SAP_ID,STO_PO) Values(?,?,?)\"\n#\tCIMSID\u003dself.parent.parent.getChild(\"FlexContainer\").getChild(\"CIMS id\").getChild(\"TextField\").props.text\n#\tSAPID\u003dself.parent.parent.getChild(\"FlexContainer\").getChild(\"SAPID\").getChild(\"TextField\").props.text\n#\tSTOPO\u003dself.view.params.sto\n#\targs\u003d[CIMSID,SAPID,STOPO]\n##\tsystem.db.runPrepupdatedQuery(query, args,CIMS2)\n#\tsystem.db.runPrepUpdate(query, args, \u0027CIMS2\u0027)\n##\tsystem.perspective.sendMessage(messageType, refresh1ayload)\n#\tsystem.perspective.sendMessage(\"Table1\", scope \u003d \"session\")\n#\tsystem.perspective.closePopup(\u0027\u0027)"
                    },
                    "enabled": false,
                    "scope": "G",
                    "type": "script"
                  },
                  {
                    "config": {
                      "script": "\timport time\n\timport sys\n#\tCollect the variables\n\tSTOPO\u003dself.view.params.sto\n\tCS\u003dself.parent.parent.getChild(\"FlexContainer\").getChild(\"SAPID\").getChild(\"Dropdown\").props.value\n\tEF\u003dself.parent.parent.getChild(\"FlexContainer\").getChild(\"SAPID\").getChild(\"TextField\").props.text\n\n#\tIdentify CIMSID or SAPID and length\u003d10\n\tif len(str(EF))\u003d\u003d10:\n\t#\tCollect Both CIMSID and SAPID\t\n\t\tif CS\u003d\u003d\u0027CIMS_ID\u0027:\n\t\t\tCIMSID\u003dEF\n\t\t\t# Collect SAPID\n\t\t\tq\u003d\u0027\u0027\u0027Select \n\t\t\t\ttrim(EC.sap_batch_no) as SAP_ID\n\t\t\tfrom [dbo].[mes_endcut_homogenize_dispatch] EC\n\t\t\tJOIN\n\t\t\t[CIMS].[dbo].[mes_orders] o ON EC.prod_order\u003d o.[production_order]\n\t\t\tWHERE \n\t\t\tEC.log_batch_no\u003d?\u0027\u0027\u0027\t\n\t\t\ta\u003d[EF]\t\n\t\t\td\u003dsystem.db.runPrepQuery(q, a, \u0027CIMS2\u0027)\n\t\t\tSAPID\u003dd[0][0]\n\t\t\ttry:\n\t\t\t\t\tq2\u003d\u0027\u0027\u0027 select [CIMS_ID]\n\t\t\t\t\t  FROM [CIMS].[dbo].[STOPO_Logs]\n\t\t\t\t\t  where [CIMS_ID]\u003d?\u0027\u0027\u0027\n\t\t\t\t\ta2\u003d[CIMSID]\n\t\t\t\t\tSAPID\u003dd[0][0]\n\t\t\t\t\td2\u003dsystem.db.runPrepQuery(q2, a2, \u0027CIMS2\u0027)  \n\t\t\t\t\tif len(d2)\u003e\u003d1:\n\t\t\t\t\t\tsystem.perspective.openPopup(\u0027Error\u0027,\u0027Template/Popup_1\u0027,params\u003d{\u0027Code\u0027:1,\u0027Message\u0027:\u0027Entered log already available..!\u0027},showCloseIcon \u003d True,modal\u003dTrue,draggable\u003dFalse,position \u003d {\u0027top\u0027:100})\t\t\n\t\t\t\t\t\tsys.exit()\t\n\t\t\t\t\telse:\n\t\t\t\t\t\tq3\u003d\u0027\u0027\u0027INSERT INTO [dbo].[STOPO_Logs]\n\t\t\t\t\t\t\t\t\t           ([STO_PO]\n\t\t\t\t\t\t\t\t\t           ,[CIMS_ID]\n\t\t\t\t\t\t\t\t\t           ,[SAP_ID]\n\t\t\t\t\t\t\t\t\t           ,[Status])\n\t\t\t\t\t\t\t\t\t     VALUES\n\t\t\t\t\t\t\t\t\t           (?,?,?,\u0027Scanned\u0027)\u0027\u0027\u0027\n\t\t\t\t\t\ta3\u003d[STOPO,CIMSID,SAPID]\n\t\t\t\t\t\tsystem.db.runPrepUpdate(q3, a3, \u0027CIMS2\u0027)\n\t\t\t\t\t\t\n\t\t\t\t\t# \tTrigger message for refreshing the table\n\t\t\t\t\t\tsystem.perspective.sendMessage(\u0027Log_Table_update\u0027, payload\u003d{\u0027A\u0027:1},scope\u003d\u0027page\u0027)\n\t\t\t\t\t#\tClose pop-up     \n\t\t\t\t\t\tsystem.perspective.closePopup(\u0027WVUeN6LF\u0027)\t\t\t\n\t\t\texcept:\n\t\t\t\tsys.exit()\n\t\t\n\t\telif CS\u003d\u003d\u0027SAP_ID\u0027:\n\t\t\tSAPID\u003dEF\n\t\t\tq1\u003d\u0027\u0027\u0027Select \n\t\t\t\ttrim(EC.log_batch_no) as CIMS_ID\n\t\t\tfrom [dbo].[mes_endcut_homogenize_dispatch] EC\n\t\t\tJOIN\n\t\t\t[CIMS].[dbo].[mes_orders] o ON EC.prod_order\u003d o.[production_order]\n\t\t\tWHERE \n\t\t\tEC.sap_batch_no\u003d?\u0027\u0027\u0027\n\t\t\ta1\u003d[EF]\n\t\t\td1\u003dsystem.db.runPrepQuery(q1, a1, \u0027CIMS2\u0027)\n\t\t\tCIMSID\u003dd1[0][0]\n\t\t\ttry:\n\t\t\t\t\tq2\u003d\u0027\u0027\u0027 select [CIMS_ID]\n\t\t\t\t\t  FROM [CIMS].[dbo].[STOPO_Logs]\n\t\t\t\t\t  where [CIMS_ID]\u003d?\u0027\u0027\u0027\n\t\t\t\t\ta2\u003d[CIMSID]\n\t\t\t\t\tCIMSID\u003dd1[0][0]\n\t\t\t\t\td2\u003dsystem.db.runPrepQuery(q2, a2, \u0027CIMS2\u0027)  \n\t\t\t\t\tif len(d2)\u003e\u003d1:\n\t\t\t\t\t\tsystem.perspective.openPopup(\u0027Error\u0027,\u0027Template/Popup_1\u0027,params\u003d{\u0027Code\u0027:1,\u0027Message\u0027:\u0027Entered log already available..!\u0027},showCloseIcon \u003d True,modal\u003dTrue,draggable\u003dFalse,position \u003d {\u0027top\u0027:100})\t\t\n\t\t\t\t\t\tsys.exit()\t\n\t\t\t\t\telse:\n\t\t\t\t\t\tq3\u003d\u0027\u0027\u0027INSERT INTO [dbo].[STOPO_Logs]\n\t\t\t\t\t\t\t           ([STO_PO]\n\t\t\t\t\t\t\t           ,[CIMS_ID]\n\t\t\t\t\t\t\t           ,[SAP_ID]\n\t\t\t\t\t\t\t           ,[Status])\n\t\t\t\t\t\t\t     VALUES\n\t\t\t\t\t\t\t           (?,?,?,\u0027Scanned\u0027)\u0027\u0027\u0027\n\t\t\t\t\t\ta3\u003d[STOPO,CIMSID,SAPID]\n\t\t\t\t\t\tsystem.db.runPrepUpdate(q3, a3, \u0027CIMS2\u0027)\n\t\t\t\t\t\t\n\t\t\t\t\t# \tTrigger message for refreshing the table\n\t\t\t\t\t\tsystem.perspective.sendMessage(\u0027Log_Table_update\u0027, payload\u003d{\u0027A\u0027:1},scope\u003d\u0027page\u0027)\n\t\t\t\t\t#\tClose pop-up     \n\t\t\t\t\t\tsystem.perspective.closePopup(\u0027WVUeN6LF\u0027)\t\t\t\n\t\t\texcept:\n\t\t\t\tsys.exit()\t\n\telse:\n\t\t# Message display Entry feild error\n\t\tsystem.perspective.openPopup(\u0027Error\u0027,\u0027Template/Popup_1\u0027,params\u003d{\u0027Code\u0027:1,\u0027Message\u0027:\u0027Entered data not valid...!\u0027},showCloseIcon \u003d True,modal\u003dTrue,draggable\u003dFalse,position \u003d {\u0027top\u0027:100})\t\t\n\t\tsys.exit()\t\t\n\n#\tIdentify is provided CIMS or SAPID availabl\n#\tInsert CIMS, SAP and Status along with STOPO no into [CIMS].[dbo].[STOPO_Logs]\n#\tq3\u003d\u0027\u0027\u0027INSERT INTO [dbo].[STOPO_Logs]\n#\t           ([STO_PO]\n#\t           ,[CIMS_ID]\n#\t           ,[SAP_ID]\n#\t           ,[Status])\n#\t     VALUES\n#\t           (?,?,?,\u0027Scanned\u0027)\u0027\u0027\u0027\n#\ta3\u003d[STOPO,CIMSID,SAPID]\n#\tsystem.db.runPrepUpdate(q3, a3, \u0027CIMS2\u0027)\n#\t\n## \tTrigger message for refreshing the table\n#\tsystem.perspective.sendMessage(\u0027Log_Table_update\u0027, payload\u003d{\u0027A\u0027:1},scope\u003d\u0027page\u0027)\n##\tClose pop-up     \n#\tsystem.perspective.closePopup(\u0027WVUeN6LF\u0027)"
                    },
                    "scope": "G",
                    "type": "script"
                  }
                ]
              }
            },
            "meta": {
              "name": "Save"
            },
            "position": {
              "basis": "80px"
            },
            "propConfig": {
              "position.display": {
                "persistent": true
              },
              "props.enabled": {
                "binding": {
                  "config": {
                    "expression": "{.../FlexContainer/Stopo/TextField.custom.enable}\u0026\u0026{.../FlexContainer/SAPID/TextField.custom.enable}"
                  },
                  "type": "expr"
                }
              }
            },
            "props": {
              "image": {
                "icon": {
                  "color": "#63C576",
                  "path": "material/check_circle"
                }
              },
              "style": {
                "backgroundColor": "#257A8C"
              },
              "text": "SAVE"
            },
            "type": "ia.input.button"
          }
        ],
        "custom": {
          "Refresh": false
        },
        "meta": {
          "name": "Action Buttons"
        },
        "position": {
          "basis": "30px",
          "shrink": 0
        },
        "propConfig": {
          "custom.Refresh": {
            "onChange": {
              "enabled": null,
              "script": "\tif currentValue.value\u003d\u003dTrue:\n\t\tself.parent.getChild(\"FlexContainer\").getChild(\"Quantity\").getChild(\"NumericEntryField\").props.value\u003d\u0027\u0027\n\t\tself.parent.getChild(\"FlexContainer\").getChild(\"To\").getChild(\"Dropdown\").props.value\u003d\"\"\n\t\tself.parent.getChild(\"FlexContainer\").getChild(\"Logs\").getChild(\"NumericEntryField\").props.value\u003d\"\"\n\t#\tsystem.perspective.sendMessage(\"Refresh\",scope\u003d\"session\")\n\t\tself.custom.Refresh\u003dFalse"
            }
          }
        },
        "props": {
          "justify": "space-evenly",
          "style": {
            "marginBottom": 10
          }
        },
        "type": "ia.container.flex"
      }
    ],
    "meta": {
      "name": "root"
    },
    "props": {
      "direction": "column"
    },
    "type": "ia.container.flex"
  }
}