{
  "custom": {
    "Filter": false
  },
  "params": {},
  "propConfig": {
    "custom.Filter": {
      "persistent": true
    }
  },
  "props": {
    "defaultSize": {
      "height": 823,
      "width": 1582
    }
  },
  "root": {
    "children": [
      {
        "children": [
          {
            "meta": {
              "name": "Label"
            },
            "position": {
              "basis": "110px"
            },
            "props": {
              "text": "PO Number - ",
              "textStyle": {
                "color": "#595959",
                "fontFamily": "Roboto",
                "fontSize": 18,
                "fontWeight": "normal",
                "marginLeft": 0,
                "marginTop": 0,
                "textAlign": "center"
              }
            },
            "type": "ia.display.label"
          },
          {
            "meta": {
              "name": "FlexContainer_0"
            },
            "position": {
              "basis": "10px",
              "shrink": 0
            },
            "type": "ia.container.flex"
          },
          {
            "children": [
              {
                "events": {
                  "system": {
                    "onStartup": {
                      "config": {
                        "script": "\tself.props.text\u003d\u0027\u0027"
                      },
                      "scope": "G",
                      "type": "script"
                    }
                  }
                },
                "meta": {
                  "name": "TextField"
                },
                "position": {
                  "basis": "150px",
                  "grow": 1
                },
                "type": "ia.input.text-field"
              }
            ],
            "meta": {
              "name": "textinput"
            },
            "position": {
              "basis": "200px"
            },
            "type": "ia.container.flex"
          },
          {
            "children": [
              {
                "events": {
                  "dom": {
                    "onClick": {
                      "config": {
                        "script": "\tself.parent.parent.getChild(\"textinput\").getChild(\"TextField\").props.text\u003d\u0027\u0027"
                      },
                      "scope": "G",
                      "type": "script"
                    }
                  }
                },
                "meta": {
                  "name": "Button"
                },
                "position": {
                  "basis": "34px",
                  "shrink": 0
                },
                "props": {
                  "image": {
                    "icon": {
                      "color": "#257A8C",
                      "path": "material/refresh"
                    },
                    "position": "center",
                    "style": {
                      "backgroundColor": "#E8F1F3"
                    }
                  },
                  "style": {
                    "backgroundColor": "#E8F1F3",
                    "borderBottomLeftRadius": 4,
                    "borderBottomRightRadius": 4,
                    "borderColor": "#257A8C",
                    "borderStyle": "solid",
                    "borderTopLeftRadius": 4,
                    "borderTopRightRadius": 4,
                    "borderWidth": 1,
                    "boxShadow": "1px 1px 1px rgba(0, 0, 0, 0.16)",
                    "marginRight": 10
                  },
                  "text": ""
                },
                "type": "ia.input.button"
              },
              {
                "events": {
                  "dom": {
                    "onClick": {
                      "config": {
                        "script": "\tPONO\u003dself.parent.parent.getChild(\"textinput\").getChild(\"TextField\").props.text\n\t\n\tquery\u003d\u0027\u0027\u0027\n\t\t\tSELECT [stage]\n\t\t\t      ,[progress]\n\t\t\t      ,[status]\n\t\t\t\n\t\t\t  FROM [Order_Managment].[dbo].[Order_table]\n\t\t\t  WHERE [ponumber]\u003d?\n\t\u0027\u0027\u0027\n\tDATASET\u003dsystem.db.runPrepQuery(query, [PONO], \u0027ORDER_Manage\u0027)\n\tself.parent.parent.parent.getChild(\"Out\").custom.Status\u003dDATASET.getValueAt(0,\u0027status\u0027)\n\tself.parent.parent.parent.getChild(\"Out\").custom.progress\u003dDATASET.getValueAt(0,\u0027progress\u0027)\n\tself.parent.parent.parent.getChild(\"Out\").custom.stage\u003dDATASET.getValueAt(0,\u0027stage\u0027)\n\t\n\t\n\t\t\t"
                      },
                      "scope": "G",
                      "type": "script"
                    }
                  }
                },
                "meta": {
                  "name": "Button_0"
                },
                "position": {
                  "basis": "92px",
                  "shrink": 0
                },
                "props": {
                  "image": {
                    "icon": {
                      "color": "#257A8C",
                      "path": "material/youtube_searched_for"
                    },
                    "style": {
                      "backgroundColor": "#E8F1F3"
                    }
                  },
                  "primary": false,
                  "style": {
                    "backgroundColor": "#E8F1F3",
                    "borderBottomLeftRadius": 4,
                    "borderBottomRightRadius": 4,
                    "borderColor": "#257A8C",
                    "borderStyle": "solid",
                    "borderTopLeftRadius": 4,
                    "borderTopRightRadius": 4,
                    "borderWidth": 1,
                    "boxShadow": "1px 1px 1px rgba(0, 0, 0, 0.16)",
                    "marginRight": 0
                  },
                  "text": "Search"
                },
                "type": "ia.input.button"
              }
            ],
            "meta": {
              "name": "FlexContainer"
            },
            "position": {
              "basis": "200px",
              "grow": 1
            },
            "props": {
              "justify": "flex-end"
            },
            "type": "ia.container.flex"
          }
        ],
        "meta": {
          "name": "FlexContainer"
        },
        "position": {
          "basis": "34px"
        },
        "type": "ia.container.flex"
      },
      {
        "children": [
          {
            "meta": {
              "name": "FlexContainer"
            },
            "position": {
              "basis": "135px",
              "shrink": 0
            },
            "type": "ia.container.flex"
          },
          {
            "meta": {
              "name": "Label"
            },
            "position": {
              "basis": "115px",
              "shrink": 0
            },
            "props": {
              "text": "PPC",
              "textStyle": {
                "fontFamily": "Roboto",
                "fontSize": 20,
                "fontWeight": "bold",
                "textAlign": "center"
              }
            },
            "type": "ia.display.label"
          },
          {
            "meta": {
              "name": "FlexContainer_0"
            },
            "position": {
              "basis": "200px",
              "grow": 1
            },
            "type": "ia.container.flex"
          },
          {
            "meta": {
              "name": "Label_0"
            },
            "position": {
              "basis": "115px",
              "shrink": 0
            },
            "props": {
              "text": "Tool Shop",
              "textStyle": {
                "fontFamily": "Roboto",
                "fontSize": 20,
                "fontWeight": "bold",
                "textAlign": "center"
              }
            },
            "type": "ia.display.label"
          },
          {
            "meta": {
              "name": "FlexContainer_1"
            },
            "position": {
              "basis": "200px",
              "grow": 1
            },
            "type": "ia.container.flex"
          },
          {
            "meta": {
              "name": "Label_1"
            },
            "position": {
              "basis": "115px",
              "shrink": 0
            },
            "props": {
              "text": "Quality",
              "textStyle": {
                "fontFamily": "Roboto",
                "fontSize": 20,
                "fontWeight": "bold",
                "textAlign": "center"
              }
            },
            "type": "ia.display.label"
          },
          {
            "meta": {
              "name": "FlexContainer_2"
            },
            "position": {
              "basis": "200px",
              "grow": 1
            },
            "type": "ia.container.flex"
          },
          {
            "meta": {
              "name": "Label_2"
            },
            "position": {
              "basis": "115px",
              "shrink": 0
            },
            "props": {
              "text": "Operation",
              "textStyle": {
                "fontFamily": "Roboto",
                "fontSize": 20,
                "fontWeight": "bold",
                "textAlign": "center"
              }
            },
            "type": "ia.display.label"
          },
          {
            "meta": {
              "name": "FlexContainer_3"
            },
            "position": {
              "basis": "200px",
              "grow": 1
            },
            "type": "ia.container.flex"
          },
          {
            "meta": {
              "name": "Label_3"
            },
            "position": {
              "basis": "115px",
              "shrink": 0
            },
            "props": {
              "text": "Bundling",
              "textStyle": {
                "fontFamily": "Roboto",
                "fontSize": 20,
                "fontWeight": "bold",
                "textAlign": "center"
              }
            },
            "type": "ia.display.label"
          },
          {
            "meta": {
              "name": "FlexContainer_4"
            },
            "position": {
              "basis": "135px",
              "shrink": 0
            },
            "type": "ia.container.flex"
          }
        ],
        "meta": {
          "name": "Label"
        },
        "position": {
          "basis": "60px"
        },
        "type": "ia.container.flex"
      },
      {
        "children": [
          {
            "meta": {
              "name": "FlexRepeater"
            },
            "position": {
              "basis": "200px"
            },
            "propConfig": {
              "props.instances[0].Status": {
                "binding": {
                  "config": {
                    "path": "parent.custom.Status"
                  },
                  "type": "property"
                }
              },
              "props.instances[0].progress": {
                "binding": {
                  "config": {
                    "path": "parent.custom.progress"
                  },
                  "type": "property"
                }
              },
              "props.instances[0].stage": {
                "binding": {
                  "config": {
                    "path": "parent.custom.stage"
                  },
                  "type": "property"
                }
              }
            },
            "props": {
              "instances": [
                {
                  "STAGES": "PPC",
                  "T_Stage": 1,
                  "instancePosition": {},
                  "instanceStyle": {
                    "classes": ""
                  }
                }
              ],
              "justify": "space-around",
              "path": "Sub_View/Track_template",
              "useDefaultViewHeight": false,
              "useDefaultViewWidth": false
            },
            "type": "ia.display.flex-repeater"
          },
          {
            "children": [
              {
                "children": [
                  {
                    "meta": {
                      "name": "VTest"
                    },
                    "position": {
                      "basis": "300px",
                      "display": false
                    },
                    "props": {
                      "elements": [
                        {
                          "elements": [
                            {
                              "clipRule": "evenodd",
                              "d": "M90.5 -0.5C85.8151 0.930267 83.9283 7.11664 83.002 12H46H9.20062C8.27428 7.11664 5.18483 0.930273 0.5 -0.5C4.76271 2.1455 7.10128 7.3684 7.10128 12.7543C7.10128 18.1402 5.76271 23.3545 1.5 26C6.18484 24.5697 8.27428 18.8834 9.20062 14H46H83.002C83.9283 18.8834 86.3152 24.5697 91 26C86.7373 23.3545 85.1013 18.1402 85.1013 12.7543C85.1013 7.36841 86.2373 2.1455 90.5 -0.5Z",
                              "fill": {
                                "paint": "#50D26B",
                                "rule": "evenodd"
                              },
                              "name": "path",
                              "type": "path"
                            }
                          ],
                          "filter": "url(#filter0_d_147_391)",
                          "name": "group",
                          "type": "group"
                        },
                        {
                          "elements": [
                            {
                              "elements": [
                                {
                                  "floodOpacity": "0",
                                  "name": "feFlood",
                                  "result": "BackgroundImageFix",
                                  "type": "feFlood"
                                },
                                {
                                  "in": "SourceAlpha",
                                  "name": "feColorMatrix",
                                  "result": "hardAlpha",
                                  "type": "matrix",
                                  "values": "0 0 0 0 0 0 0 0 0 0 0 0 0 0 0 0 0 0 127 0"
                                },
                                {
                                  "dy": "4",
                                  "name": "feOffset",
                                  "type": "feOffset"
                                },
                                {
                                  "name": "feGaussianBlur",
                                  "stdDeviation": "2",
                                  "type": "feGaussianBlur"
                                },
                                {
                                  "in2": "hardAlpha",
                                  "name": "feComposite",
                                  "operator": "out",
                                  "type": "feComposite"
                                },
                                {
                                  "name": "feColorMatrix",
                                  "type": "matrix",
                                  "values": "0 0 0 0 0 0 0 0 0 0 0 0 0 0 0 0 0 0 0.25 0"
                                },
                                {
                                  "in2": "BackgroundImageFix",
                                  "mode": "normal",
                                  "name": "feBlend",
                                  "result": "effect1_dropShadow_147_391",
                                  "type": "feBlend"
                                },
                                {
                                  "in": "SourceGraphic",
                                  "in2": "effect1_dropShadow_147_391",
                                  "mode": "normal",
                                  "name": "feBlend",
                                  "result": "shape",
                                  "type": "feBlend"
                                }
                              ],
                              "filterUnits": "userSpaceOnUse",
                              "height": "34.5",
                              "id": "filter0_d_147_391",
                              "name": "filter0_d_147_391",
                              "type": "filter",
                              "width": "98.5",
                              "x": "-3.5",
                              "y": "-0.5"
                            }
                          ],
                          "name": "defs",
                          "type": "defs"
                        }
                      ],
                      "fill": {
                        "paint": "transparent"
                      },
                      "viewBox": "0 0 93 26"
                    },
                    "type": "ia.shapes.svg"
                  },
                  {
                    "meta": {
                      "name": "Subtract 1"
                    },
                    "position": {
                      "basis": "300px"
                    },
                    "propConfig": {
                      "props.elements[0].elements[0].elements[0].fill.paint": {
                        "binding": {
                          "config": {
                            "path": "../VTest.props.elements[0].elements[0].fill.paint"
                          },
                          "type": "property"
                        }
                      },
                      "props.elements[0].elements[1].elements[0].fill.paint": {
                        "binding": {
                          "config": {
                            "path": "this.props.elements[0].elements[0].elements[0].fill.paint"
                          },
                          "type": "property"
                        }
                      }
                    },
                    "props": {
                      "elements": [
                        {
                          "clipPath": "url(#clip0_147_390)",
                          "elements": [
                            {
                              "elements": [
                                {
                                  "clipRule": "evenodd",
                                  "d": "M90.5 -0.5C85.8151 0.930267 83.9283 7.11664 83.002 12H46H9.20062C8.27428 7.11664 5.18483 0.930273 0.5 -0.5C4.76271 2.1455 7.10128 7.3684 7.10128 12.7543C7.10128 18.1402 5.76271 23.3545 1.5 26C6.18484 24.5697 8.27428 18.8834 9.20062 14H46H83.002C83.9283 18.8834 86.3152 24.5697 91 26C86.7373 23.3545 85.1013 18.1402 85.1013 12.7543C85.1013 7.36841 86.2373 2.1455 90.5 -0.5Z",
                                  "fill": {
                                    "rule": "evenodd"
                                  },
                                  "name": "path",
                                  "type": "path"
                                }
                              ],
                              "filter": "url(#filter0_d_147_390)",
                              "name": "group",
                              "type": "group"
                            },
                            {
                              "elements": [
                                {
                                  "d": "M48.5119 12.6548C49.1786 13.0423 49.1744 14.0066 48.5044 14.3883L41.7528 18.2348C41.0845 18.6155 40.2544 18.1307 40.2578 17.3616L40.2913 9.6103C40.2946 8.84114 41.1288 8.36354 41.7938 8.75005L48.5119 12.6548Z",
                                  "fill": {},
                                  "name": "path",
                                  "type": "path"
                                }
                              ],
                              "filter": "url(#filter1_d_147_390)",
                              "name": "group",
                              "type": "group"
                            }
                          ],
                          "name": "group",
                          "type": "group"
                        },
                        {
                          "elements": [
                            {
                              "elements": [
                                {
                                  "floodOpacity": "0",
                                  "name": "feFlood",
                                  "result": "BackgroundImageFix",
                                  "type": "feFlood"
                                },
                                {
                                  "in": "SourceAlpha",
                                  "name": "feColorMatrix",
                                  "result": "hardAlpha",
                                  "type": "matrix",
                                  "values": "0 0 0 0 0 0 0 0 0 0 0 0 0 0 0 0 0 0 127 0"
                                },
                                {
                                  "dy": "4",
                                  "name": "feOffset",
                                  "type": "feOffset"
                                },
                                {
                                  "name": "feGaussianBlur",
                                  "stdDeviation": "2",
                                  "type": "feGaussianBlur"
                                },
                                {
                                  "in2": "hardAlpha",
                                  "name": "feComposite",
                                  "operator": "out",
                                  "type": "feComposite"
                                },
                                {
                                  "name": "feColorMatrix",
                                  "type": "matrix",
                                  "values": "0 0 0 0 0 0 0 0 0 0 0 0 0 0 0 0 0 0 0.25 0"
                                },
                                {
                                  "in2": "BackgroundImageFix",
                                  "mode": "normal",
                                  "name": "feBlend",
                                  "result": "effect1_dropShadow_147_390",
                                  "type": "feBlend"
                                },
                                {
                                  "in": "SourceGraphic",
                                  "in2": "effect1_dropShadow_147_390",
                                  "mode": "normal",
                                  "name": "feBlend",
                                  "result": "shape",
                                  "type": "feBlend"
                                }
                              ],
                              "filterUnits": "userSpaceOnUse",
                              "height": "34.5",
                              "id": "filter0_d_147_390",
                              "name": "filter0_d_147_390",
                              "type": "filter",
                              "width": "98.5",
                              "x": "-3.5",
                              "y": "-0.5"
                            },
                            {
                              "elements": [
                                {
                                  "floodOpacity": "0",
                                  "name": "feFlood",
                                  "result": "BackgroundImageFix",
                                  "type": "feFlood"
                                },
                                {
                                  "in": "SourceAlpha",
                                  "name": "feColorMatrix",
                                  "result": "hardAlpha",
                                  "type": "matrix",
                                  "values": "0 0 0 0 0 0 0 0 0 0 0 0 0 0 0 0 0 0 127 0"
                                },
                                {
                                  "dy": "4",
                                  "name": "feOffset",
                                  "type": "feOffset"
                                },
                                {
                                  "name": "feGaussianBlur",
                                  "stdDeviation": "2",
                                  "type": "feGaussianBlur"
                                },
                                {
                                  "in2": "hardAlpha",
                                  "name": "feComposite",
                                  "operator": "out",
                                  "type": "feComposite"
                                },
                                {
                                  "name": "feColorMatrix",
                                  "type": "matrix",
                                  "values": "0 0 0 0 0 0 0 0 0 0 0 0 0 0 0 0 0 0 0.25 0"
                                },
                                {
                                  "in2": "BackgroundImageFix",
                                  "mode": "normal",
                                  "name": "feBlend",
                                  "result": "effect1_dropShadow_147_390",
                                  "type": "feBlend"
                                },
                                {
                                  "in": "SourceGraphic",
                                  "in2": "effect1_dropShadow_147_390",
                                  "mode": "normal",
                                  "name": "feBlend",
                                  "result": "shape",
                                  "type": "feBlend"
                                }
                              ],
                              "filterUnits": "userSpaceOnUse",
                              "height": "17.7543",
                              "id": "filter1_d_147_390",
                              "name": "filter1_d_147_390",
                              "type": "filter",
                              "width": "16.7516",
                              "x": "36.2578",
                              "y": "8.61316"
                            },
                            {
                              "elements": [
                                {
                                  "fill": {
                                    "paint": "white"
                                  },
                                  "height": "26",
                                  "name": "rect",
                                  "type": "rect",
                                  "width": "93"
                                }
                              ],
                              "id": "clip0_147_390",
                              "name": "clip0_147_390",
                              "type": "clipPath"
                            }
                          ],
                          "name": "defs",
                          "type": "defs"
                        }
                      ],
                      "fill": {
                        "paint": "transparent"
                      },
                      "viewBox": "0 0 93 26"
                    },
                    "type": "ia.shapes.svg"
                  }
                ],
                "meta": {
                  "name": "FlexContainer"
                },
                "position": {
                  "basis": "100px",
                  "shrink": 0
                },
                "props": {
                  "style": {
                    "marginTop": 30
                  }
                },
                "type": "ia.container.flex"
              },
              {
                "meta": {
                  "name": "FlexContainer_0"
                },
                "position": {
                  "basis": "200px"
                },
                "type": "ia.container.flex"
              }
            ],
            "meta": {
              "name": "FlexContainer"
            },
            "position": {
              "basis": "100px",
              "grow": 1,
              "shrink": 0
            },
            "props": {
              "direction": "column"
            },
            "type": "ia.container.flex"
          },
          {
            "meta": {
              "name": "FlexRepeater_0"
            },
            "position": {
              "basis": "200px"
            },
            "propConfig": {
              "props.instances[0].Status": {
                "binding": {
                  "config": {
                    "path": "parent.custom.Status"
                  },
                  "type": "property"
                }
              },
              "props.instances[0].progress": {
                "binding": {
                  "config": {
                    "path": "parent.custom.progress"
                  },
                  "type": "property"
                }
              },
              "props.instances[0].stage": {
                "binding": {
                  "config": {
                    "path": "parent.custom.stage"
                  },
                  "type": "property"
                }
              }
            },
            "props": {
              "instances": [
                {
                  "STAGES": "ToolShop",
                  "T_Stage": 2,
                  "instancePosition": {},
                  "instanceStyle": {
                    "classes": ""
                  }
                }
              ],
              "justify": "space-around",
              "path": "Sub_View/Track_template",
              "useDefaultViewHeight": false,
              "useDefaultViewWidth": false
            },
            "type": "ia.display.flex-repeater"
          },
          {
            "children": [
              {
                "children": [
                  {
                    "meta": {
                      "name": "Arrow 2"
                    },
                    "position": {
                      "basis": "300px",
                      "display": false
                    },
                    "props": {
                      "elements": [
                        {
                          "d": "M0.666667 19C0.666667 26.3638 6.6362 32.3333 14 32.3333C21.3638 32.3333 27.3333 26.3638 27.3333 19C27.3333 11.6362 21.3638 5.66667 14 5.66667C6.6362 5.66667 0.666667 11.6362 0.666667 19ZM115.768 20.7678C116.744 19.7915 116.744 18.2085 115.768 17.2322L99.8579 1.32233C98.8816 0.34602 97.2986 0.34602 96.3223 1.32233C95.346 2.29864 95.346 3.88155 96.3223 4.85786L110.464 19L96.3223 33.1421C95.346 34.1184 95.346 35.7014 96.3223 36.6777C97.2986 37.654 98.8816 37.654 99.8579 36.6777L115.768 20.7678ZM14 21.5H114V16.5H14V21.5Z",
                          "fill": {
                            "paint": "black"
                          },
                          "name": "path",
                          "type": "path"
                        }
                      ],
                      "fill": {
                        "paint": "transparent"
                      },
                      "style": {
                        "marginBottom": 20,
                        "marginTop": 20
                      },
                      "viewBox": "0 0 117 38"
                    },
                    "type": "ia.shapes.svg"
                  },
                  {
                    "meta": {
                      "name": "VTest"
                    },
                    "position": {
                      "basis": "300px",
                      "display": false
                    },
                    "props": {
                      "elements": [
                        {
                          "elements": [
                            {
                              "clipRule": "evenodd",
                              "d": "M90.5 -0.5C85.8151 0.930267 83.9283 7.11664 83.002 12H46H9.20062C8.27428 7.11664 5.18483 0.930273 0.5 -0.5C4.76271 2.1455 7.10128 7.3684 7.10128 12.7543C7.10128 18.1402 5.76271 23.3545 1.5 26C6.18484 24.5697 8.27428 18.8834 9.20062 14H46H83.002C83.9283 18.8834 86.3152 24.5697 91 26C86.7373 23.3545 85.1013 18.1402 85.1013 12.7543C85.1013 7.36841 86.2373 2.1455 90.5 -0.5Z",
                              "fill": {
                                "paint": "#8AB1C99E",
                                "rule": "evenodd"
                              },
                              "name": "path",
                              "type": "path"
                            }
                          ],
                          "filter": "url(#filter0_d_147_391)",
                          "name": "group",
                          "type": "group"
                        },
                        {
                          "elements": [
                            {
                              "elements": [
                                {
                                  "floodOpacity": "0",
                                  "name": "feFlood",
                                  "result": "BackgroundImageFix",
                                  "type": "feFlood"
                                },
                                {
                                  "in": "SourceAlpha",
                                  "name": "feColorMatrix",
                                  "result": "hardAlpha",
                                  "type": "matrix",
                                  "values": "0 0 0 0 0 0 0 0 0 0 0 0 0 0 0 0 0 0 127 0"
                                },
                                {
                                  "dy": "4",
                                  "name": "feOffset",
                                  "type": "feOffset"
                                },
                                {
                                  "name": "feGaussianBlur",
                                  "stdDeviation": "2",
                                  "type": "feGaussianBlur"
                                },
                                {
                                  "in2": "hardAlpha",
                                  "name": "feComposite",
                                  "operator": "out",
                                  "type": "feComposite"
                                },
                                {
                                  "name": "feColorMatrix",
                                  "type": "matrix",
                                  "values": "0 0 0 0 0 0 0 0 0 0 0 0 0 0 0 0 0 0 0.25 0"
                                },
                                {
                                  "in2": "BackgroundImageFix",
                                  "mode": "normal",
                                  "name": "feBlend",
                                  "result": "effect1_dropShadow_147_391",
                                  "type": "feBlend"
                                },
                                {
                                  "in": "SourceGraphic",
                                  "in2": "effect1_dropShadow_147_391",
                                  "mode": "normal",
                                  "name": "feBlend",
                                  "result": "shape",
                                  "type": "feBlend"
                                }
                              ],
                              "filterUnits": "userSpaceOnUse",
                              "height": "34.5",
                              "id": "filter0_d_147_391",
                              "name": "filter0_d_147_391",
                              "type": "filter",
                              "width": "98.5",
                              "x": "-3.5",
                              "y": "-0.5"
                            }
                          ],
                          "name": "defs",
                          "type": "defs"
                        }
                      ],
                      "fill": {
                        "paint": "transparent"
                      },
                      "viewBox": "0 0 93 26"
                    },
                    "type": "ia.shapes.svg"
                  },
                  {
                    "meta": {
                      "name": "Subtract 1"
                    },
                    "position": {
                      "basis": "300px"
                    },
                    "propConfig": {
                      "props.elements[0].elements[0].elements[0].fill.paint": {
                        "binding": {
                          "config": {
                            "path": "../VTest.props.elements[0].elements[0].fill.paint"
                          },
                          "type": "property"
                        }
                      },
                      "props.elements[0].elements[1].elements[0].fill.paint": {
                        "binding": {
                          "config": {
                            "path": "this.props.elements[0].elements[0].elements[0].fill.paint"
                          },
                          "type": "property"
                        }
                      }
                    },
                    "props": {
                      "elements": [
                        {
                          "clipPath": "url(#clip0_147_390)",
                          "elements": [
                            {
                              "elements": [
                                {
                                  "clipRule": "evenodd",
                                  "d": "M90.5 -0.5C85.8151 0.930267 83.9283 7.11664 83.002 12H46H9.20062C8.27428 7.11664 5.18483 0.930273 0.5 -0.5C4.76271 2.1455 7.10128 7.3684 7.10128 12.7543C7.10128 18.1402 5.76271 23.3545 1.5 26C6.18484 24.5697 8.27428 18.8834 9.20062 14H46H83.002C83.9283 18.8834 86.3152 24.5697 91 26C86.7373 23.3545 85.1013 18.1402 85.1013 12.7543C85.1013 7.36841 86.2373 2.1455 90.5 -0.5Z",
                                  "fill": {
                                    "rule": "evenodd"
                                  },
                                  "name": "path",
                                  "type": "path"
                                }
                              ],
                              "filter": "url(#filter0_d_147_390)",
                              "name": "group",
                              "type": "group"
                            },
                            {
                              "elements": [
                                {
                                  "d": "M48.5119 12.6548C49.1786 13.0423 49.1744 14.0066 48.5044 14.3883L41.7528 18.2348C41.0845 18.6155 40.2544 18.1307 40.2578 17.3616L40.2913 9.6103C40.2946 8.84114 41.1288 8.36354 41.7938 8.75005L48.5119 12.6548Z",
                                  "fill": {},
                                  "name": "path",
                                  "type": "path"
                                }
                              ],
                              "filter": "url(#filter1_d_147_390)",
                              "name": "group",
                              "type": "group"
                            }
                          ],
                          "name": "group",
                          "type": "group"
                        },
                        {
                          "elements": [
                            {
                              "elements": [
                                {
                                  "floodOpacity": "0",
                                  "name": "feFlood",
                                  "result": "BackgroundImageFix",
                                  "type": "feFlood"
                                },
                                {
                                  "in": "SourceAlpha",
                                  "name": "feColorMatrix",
                                  "result": "hardAlpha",
                                  "type": "matrix",
                                  "values": "0 0 0 0 0 0 0 0 0 0 0 0 0 0 0 0 0 0 127 0"
                                },
                                {
                                  "dy": "4",
                                  "name": "feOffset",
                                  "type": "feOffset"
                                },
                                {
                                  "name": "feGaussianBlur",
                                  "stdDeviation": "2",
                                  "type": "feGaussianBlur"
                                },
                                {
                                  "in2": "hardAlpha",
                                  "name": "feComposite",
                                  "operator": "out",
                                  "type": "feComposite"
                                },
                                {
                                  "name": "feColorMatrix",
                                  "type": "matrix",
                                  "values": "0 0 0 0 0 0 0 0 0 0 0 0 0 0 0 0 0 0 0.25 0"
                                },
                                {
                                  "in2": "BackgroundImageFix",
                                  "mode": "normal",
                                  "name": "feBlend",
                                  "result": "effect1_dropShadow_147_390",
                                  "type": "feBlend"
                                },
                                {
                                  "in": "SourceGraphic",
                                  "in2": "effect1_dropShadow_147_390",
                                  "mode": "normal",
                                  "name": "feBlend",
                                  "result": "shape",
                                  "type": "feBlend"
                                }
                              ],
                              "filterUnits": "userSpaceOnUse",
                              "height": "34.5",
                              "id": "filter0_d_147_390",
                              "name": "filter0_d_147_390",
                              "type": "filter",
                              "width": "98.5",
                              "x": "-3.5",
                              "y": "-0.5"
                            },
                            {
                              "elements": [
                                {
                                  "floodOpacity": "0",
                                  "name": "feFlood",
                                  "result": "BackgroundImageFix",
                                  "type": "feFlood"
                                },
                                {
                                  "in": "SourceAlpha",
                                  "name": "feColorMatrix",
                                  "result": "hardAlpha",
                                  "type": "matrix",
                                  "values": "0 0 0 0 0 0 0 0 0 0 0 0 0 0 0 0 0 0 127 0"
                                },
                                {
                                  "dy": "4",
                                  "name": "feOffset",
                                  "type": "feOffset"
                                },
                                {
                                  "name": "feGaussianBlur",
                                  "stdDeviation": "2",
                                  "type": "feGaussianBlur"
                                },
                                {
                                  "in2": "hardAlpha",
                                  "name": "feComposite",
                                  "operator": "out",
                                  "type": "feComposite"
                                },
                                {
                                  "name": "feColorMatrix",
                                  "type": "matrix",
                                  "values": "0 0 0 0 0 0 0 0 0 0 0 0 0 0 0 0 0 0 0.25 0"
                                },
                                {
                                  "in2": "BackgroundImageFix",
                                  "mode": "normal",
                                  "name": "feBlend",
                                  "result": "effect1_dropShadow_147_390",
                                  "type": "feBlend"
                                },
                                {
                                  "in": "SourceGraphic",
                                  "in2": "effect1_dropShadow_147_390",
                                  "mode": "normal",
                                  "name": "feBlend",
                                  "result": "shape",
                                  "type": "feBlend"
                                }
                              ],
                              "filterUnits": "userSpaceOnUse",
                              "height": "17.7543",
                              "id": "filter1_d_147_390",
                              "name": "filter1_d_147_390",
                              "type": "filter",
                              "width": "16.7516",
                              "x": "36.2578",
                              "y": "8.61316"
                            },
                            {
                              "elements": [
                                {
                                  "fill": {
                                    "paint": "white"
                                  },
                                  "height": "26",
                                  "name": "rect",
                                  "type": "rect",
                                  "width": "93"
                                }
                              ],
                              "id": "clip0_147_390",
                              "name": "clip0_147_390",
                              "type": "clipPath"
                            }
                          ],
                          "name": "defs",
                          "type": "defs"
                        }
                      ],
                      "fill": {
                        "paint": "transparent"
                      },
                      "viewBox": "0 0 93 26"
                    },
                    "type": "ia.shapes.svg"
                  }
                ],
                "meta": {
                  "name": "FlexContainer"
                },
                "position": {
                  "basis": "100px",
                  "shrink": 0
                },
                "props": {
                  "style": {
                    "marginTop": 30
                  }
                },
                "type": "ia.container.flex"
              },
              {
                "meta": {
                  "name": "FlexContainer_0"
                },
                "position": {
                  "basis": "200px"
                },
                "type": "ia.container.flex"
              }
            ],
            "meta": {
              "name": "FlexContainer_0"
            },
            "position": {
              "basis": "100px",
              "grow": 1,
              "shrink": 0
            },
            "props": {
              "direction": "column"
            },
            "type": "ia.container.flex"
          },
          {
            "meta": {
              "name": "FlexRepeater_1"
            },
            "position": {
              "basis": "200px"
            },
            "propConfig": {
              "props.instances[0].Status": {
                "binding": {
                  "config": {
                    "path": "parent.custom.Status"
                  },
                  "type": "property"
                }
              },
              "props.instances[0].progress": {
                "binding": {
                  "config": {
                    "path": "parent.custom.progress"
                  },
                  "type": "property"
                }
              },
              "props.instances[0].stage": {
                "binding": {
                  "config": {
                    "path": "parent.custom.stage"
                  },
                  "type": "property"
                }
              }
            },
            "props": {
              "instances": [
                {
                  "STAGES": "Quality",
                  "T_Stage": 3,
                  "instancePosition": {},
                  "instanceStyle": {
                    "classes": ""
                  }
                }
              ],
              "justify": "space-around",
              "path": "Sub_View/Track_template",
              "useDefaultViewHeight": false,
              "useDefaultViewWidth": false
            },
            "type": "ia.display.flex-repeater"
          },
          {
            "children": [
              {
                "children": [
                  {
                    "meta": {
                      "name": "VTest"
                    },
                    "position": {
                      "basis": "300px",
                      "display": false
                    },
                    "props": {
                      "elements": [
                        {
                          "elements": [
                            {
                              "clipRule": "evenodd",
                              "d": "M90.5 -0.5C85.8151 0.930267 83.9283 7.11664 83.002 12H46H9.20062C8.27428 7.11664 5.18483 0.930273 0.5 -0.5C4.76271 2.1455 7.10128 7.3684 7.10128 12.7543C7.10128 18.1402 5.76271 23.3545 1.5 26C6.18484 24.5697 8.27428 18.8834 9.20062 14H46H83.002C83.9283 18.8834 86.3152 24.5697 91 26C86.7373 23.3545 85.1013 18.1402 85.1013 12.7543C85.1013 7.36841 86.2373 2.1455 90.5 -0.5Z",
                              "fill": {
                                "paint": "#8AB1C99E",
                                "rule": "evenodd"
                              },
                              "name": "path",
                              "type": "path"
                            }
                          ],
                          "filter": "url(#filter0_d_147_391)",
                          "name": "group",
                          "type": "group"
                        },
                        {
                          "elements": [
                            {
                              "elements": [
                                {
                                  "floodOpacity": "0",
                                  "name": "feFlood",
                                  "result": "BackgroundImageFix",
                                  "type": "feFlood"
                                },
                                {
                                  "in": "SourceAlpha",
                                  "name": "feColorMatrix",
                                  "result": "hardAlpha",
                                  "type": "matrix",
                                  "values": "0 0 0 0 0 0 0 0 0 0 0 0 0 0 0 0 0 0 127 0"
                                },
                                {
                                  "dy": "4",
                                  "name": "feOffset",
                                  "type": "feOffset"
                                },
                                {
                                  "name": "feGaussianBlur",
                                  "stdDeviation": "2",
                                  "type": "feGaussianBlur"
                                },
                                {
                                  "in2": "hardAlpha",
                                  "name": "feComposite",
                                  "operator": "out",
                                  "type": "feComposite"
                                },
                                {
                                  "name": "feColorMatrix",
                                  "type": "matrix",
                                  "values": "0 0 0 0 0 0 0 0 0 0 0 0 0 0 0 0 0 0 0.25 0"
                                },
                                {
                                  "in2": "BackgroundImageFix",
                                  "mode": "normal",
                                  "name": "feBlend",
                                  "result": "effect1_dropShadow_147_391",
                                  "type": "feBlend"
                                },
                                {
                                  "in": "SourceGraphic",
                                  "in2": "effect1_dropShadow_147_391",
                                  "mode": "normal",
                                  "name": "feBlend",
                                  "result": "shape",
                                  "type": "feBlend"
                                }
                              ],
                              "filterUnits": "userSpaceOnUse",
                              "height": "34.5",
                              "id": "filter0_d_147_391",
                              "name": "filter0_d_147_391",
                              "type": "filter",
                              "width": "98.5",
                              "x": "-3.5",
                              "y": "-0.5"
                            }
                          ],
                          "name": "defs",
                          "type": "defs"
                        }
                      ],
                      "fill": {
                        "paint": "transparent"
                      },
                      "viewBox": "0 0 93 26"
                    },
                    "type": "ia.shapes.svg"
                  },
                  {
                    "meta": {
                      "name": "Subtract 1"
                    },
                    "position": {
                      "basis": "300px"
                    },
                    "propConfig": {
                      "props.elements[0].elements[0].elements[0].fill.paint": {
                        "binding": {
                          "config": {
                            "path": "../VTest.props.elements[0].elements[0].fill.paint"
                          },
                          "type": "property"
                        }
                      },
                      "props.elements[0].elements[1].elements[0].fill.paint": {
                        "binding": {
                          "config": {
                            "path": "this.props.elements[0].elements[0].elements[0].fill.paint"
                          },
                          "type": "property"
                        }
                      }
                    },
                    "props": {
                      "elements": [
                        {
                          "clipPath": "url(#clip0_147_390)",
                          "elements": [
                            {
                              "elements": [
                                {
                                  "clipRule": "evenodd",
                                  "d": "M90.5 -0.5C85.8151 0.930267 83.9283 7.11664 83.002 12H46H9.20062C8.27428 7.11664 5.18483 0.930273 0.5 -0.5C4.76271 2.1455 7.10128 7.3684 7.10128 12.7543C7.10128 18.1402 5.76271 23.3545 1.5 26C6.18484 24.5697 8.27428 18.8834 9.20062 14H46H83.002C83.9283 18.8834 86.3152 24.5697 91 26C86.7373 23.3545 85.1013 18.1402 85.1013 12.7543C85.1013 7.36841 86.2373 2.1455 90.5 -0.5Z",
                                  "fill": {
                                    "rule": "evenodd"
                                  },
                                  "name": "path",
                                  "type": "path"
                                }
                              ],
                              "filter": "url(#filter0_d_147_390)",
                              "name": "group",
                              "type": "group"
                            },
                            {
                              "elements": [
                                {
                                  "d": "M48.5119 12.6548C49.1786 13.0423 49.1744 14.0066 48.5044 14.3883L41.7528 18.2348C41.0845 18.6155 40.2544 18.1307 40.2578 17.3616L40.2913 9.6103C40.2946 8.84114 41.1288 8.36354 41.7938 8.75005L48.5119 12.6548Z",
                                  "fill": {},
                                  "name": "path",
                                  "type": "path"
                                }
                              ],
                              "filter": "url(#filter1_d_147_390)",
                              "name": "group",
                              "type": "group"
                            }
                          ],
                          "name": "group",
                          "type": "group"
                        },
                        {
                          "elements": [
                            {
                              "elements": [
                                {
                                  "floodOpacity": "0",
                                  "name": "feFlood",
                                  "result": "BackgroundImageFix",
                                  "type": "feFlood"
                                },
                                {
                                  "in": "SourceAlpha",
                                  "name": "feColorMatrix",
                                  "result": "hardAlpha",
                                  "type": "matrix",
                                  "values": "0 0 0 0 0 0 0 0 0 0 0 0 0 0 0 0 0 0 127 0"
                                },
                                {
                                  "dy": "4",
                                  "name": "feOffset",
                                  "type": "feOffset"
                                },
                                {
                                  "name": "feGaussianBlur",
                                  "stdDeviation": "2",
                                  "type": "feGaussianBlur"
                                },
                                {
                                  "in2": "hardAlpha",
                                  "name": "feComposite",
                                  "operator": "out",
                                  "type": "feComposite"
                                },
                                {
                                  "name": "feColorMatrix",
                                  "type": "matrix",
                                  "values": "0 0 0 0 0 0 0 0 0 0 0 0 0 0 0 0 0 0 0.25 0"
                                },
                                {
                                  "in2": "BackgroundImageFix",
                                  "mode": "normal",
                                  "name": "feBlend",
                                  "result": "effect1_dropShadow_147_390",
                                  "type": "feBlend"
                                },
                                {
                                  "in": "SourceGraphic",
                                  "in2": "effect1_dropShadow_147_390",
                                  "mode": "normal",
                                  "name": "feBlend",
                                  "result": "shape",
                                  "type": "feBlend"
                                }
                              ],
                              "filterUnits": "userSpaceOnUse",
                              "height": "34.5",
                              "id": "filter0_d_147_390",
                              "name": "filter0_d_147_390",
                              "type": "filter",
                              "width": "98.5",
                              "x": "-3.5",
                              "y": "-0.5"
                            },
                            {
                              "elements": [
                                {
                                  "floodOpacity": "0",
                                  "name": "feFlood",
                                  "result": "BackgroundImageFix",
                                  "type": "feFlood"
                                },
                                {
                                  "in": "SourceAlpha",
                                  "name": "feColorMatrix",
                                  "result": "hardAlpha",
                                  "type": "matrix",
                                  "values": "0 0 0 0 0 0 0 0 0 0 0 0 0 0 0 0 0 0 127 0"
                                },
                                {
                                  "dy": "4",
                                  "name": "feOffset",
                                  "type": "feOffset"
                                },
                                {
                                  "name": "feGaussianBlur",
                                  "stdDeviation": "2",
                                  "type": "feGaussianBlur"
                                },
                                {
                                  "in2": "hardAlpha",
                                  "name": "feComposite",
                                  "operator": "out",
                                  "type": "feComposite"
                                },
                                {
                                  "name": "feColorMatrix",
                                  "type": "matrix",
                                  "values": "0 0 0 0 0 0 0 0 0 0 0 0 0 0 0 0 0 0 0.25 0"
                                },
                                {
                                  "in2": "BackgroundImageFix",
                                  "mode": "normal",
                                  "name": "feBlend",
                                  "result": "effect1_dropShadow_147_390",
                                  "type": "feBlend"
                                },
                                {
                                  "in": "SourceGraphic",
                                  "in2": "effect1_dropShadow_147_390",
                                  "mode": "normal",
                                  "name": "feBlend",
                                  "result": "shape",
                                  "type": "feBlend"
                                }
                              ],
                              "filterUnits": "userSpaceOnUse",
                              "height": "17.7543",
                              "id": "filter1_d_147_390",
                              "name": "filter1_d_147_390",
                              "type": "filter",
                              "width": "16.7516",
                              "x": "36.2578",
                              "y": "8.61316"
                            },
                            {
                              "elements": [
                                {
                                  "fill": {
                                    "paint": "white"
                                  },
                                  "height": "26",
                                  "name": "rect",
                                  "type": "rect",
                                  "width": "93"
                                }
                              ],
                              "id": "clip0_147_390",
                              "name": "clip0_147_390",
                              "type": "clipPath"
                            }
                          ],
                          "name": "defs",
                          "type": "defs"
                        }
                      ],
                      "fill": {
                        "paint": "transparent"
                      },
                      "viewBox": "0 0 93 26"
                    },
                    "type": "ia.shapes.svg"
                  }
                ],
                "meta": {
                  "name": "FlexContainer"
                },
                "position": {
                  "basis": "100px",
                  "shrink": 0
                },
                "props": {
                  "style": {
                    "marginTop": 30
                  }
                },
                "type": "ia.container.flex"
              },
              {
                "meta": {
                  "name": "FlexContainer_0"
                },
                "position": {
                  "basis": "200px"
                },
                "type": "ia.container.flex"
              }
            ],
            "meta": {
              "name": "FlexContainer_1"
            },
            "position": {
              "basis": "100px",
              "grow": 1,
              "shrink": 0
            },
            "props": {
              "direction": "column"
            },
            "type": "ia.container.flex"
          },
          {
            "meta": {
              "name": "FlexRepeater_2"
            },
            "position": {
              "basis": "200px"
            },
            "propConfig": {
              "props.instances[0].Status": {
                "binding": {
                  "config": {
                    "path": "parent.custom.Status"
                  },
                  "type": "property"
                }
              },
              "props.instances[0].progress": {
                "binding": {
                  "config": {
                    "path": "parent.custom.progress"
                  },
                  "type": "property"
                }
              },
              "props.instances[0].stage": {
                "binding": {
                  "config": {
                    "path": "parent.custom.stage"
                  },
                  "type": "property"
                }
              }
            },
            "props": {
              "instances": [
                {
                  "STAGES": "Operation",
                  "T_Stage": 4,
                  "instancePosition": {},
                  "instanceStyle": {
                    "classes": ""
                  }
                }
              ],
              "justify": "space-around",
              "path": "Sub_View/Track_template",
              "useDefaultViewHeight": false,
              "useDefaultViewWidth": false
            },
            "type": "ia.display.flex-repeater"
          },
          {
            "children": [
              {
                "children": [
                  {
                    "meta": {
                      "name": "VTest"
                    },
                    "position": {
                      "basis": "300px",
                      "display": false
                    },
                    "props": {
                      "elements": [
                        {
                          "elements": [
                            {
                              "clipRule": "evenodd",
                              "d": "M90.5 -0.5C85.8151 0.930267 83.9283 7.11664 83.002 12H46H9.20062C8.27428 7.11664 5.18483 0.930273 0.5 -0.5C4.76271 2.1455 7.10128 7.3684 7.10128 12.7543C7.10128 18.1402 5.76271 23.3545 1.5 26C6.18484 24.5697 8.27428 18.8834 9.20062 14H46H83.002C83.9283 18.8834 86.3152 24.5697 91 26C86.7373 23.3545 85.1013 18.1402 85.1013 12.7543C85.1013 7.36841 86.2373 2.1455 90.5 -0.5Z",
                              "fill": {
                                "paint": "#8AB1C99E",
                                "rule": "evenodd"
                              },
                              "name": "path",
                              "type": "path"
                            }
                          ],
                          "filter": "url(#filter0_d_147_391)",
                          "name": "group",
                          "type": "group"
                        },
                        {
                          "elements": [
                            {
                              "elements": [
                                {
                                  "floodOpacity": "0",
                                  "name": "feFlood",
                                  "result": "BackgroundImageFix",
                                  "type": "feFlood"
                                },
                                {
                                  "in": "SourceAlpha",
                                  "name": "feColorMatrix",
                                  "result": "hardAlpha",
                                  "type": "matrix",
                                  "values": "0 0 0 0 0 0 0 0 0 0 0 0 0 0 0 0 0 0 127 0"
                                },
                                {
                                  "dy": "4",
                                  "name": "feOffset",
                                  "type": "feOffset"
                                },
                                {
                                  "name": "feGaussianBlur",
                                  "stdDeviation": "2",
                                  "type": "feGaussianBlur"
                                },
                                {
                                  "in2": "hardAlpha",
                                  "name": "feComposite",
                                  "operator": "out",
                                  "type": "feComposite"
                                },
                                {
                                  "name": "feColorMatrix",
                                  "type": "matrix",
                                  "values": "0 0 0 0 0 0 0 0 0 0 0 0 0 0 0 0 0 0 0.25 0"
                                },
                                {
                                  "in2": "BackgroundImageFix",
                                  "mode": "normal",
                                  "name": "feBlend",
                                  "result": "effect1_dropShadow_147_391",
                                  "type": "feBlend"
                                },
                                {
                                  "in": "SourceGraphic",
                                  "in2": "effect1_dropShadow_147_391",
                                  "mode": "normal",
                                  "name": "feBlend",
                                  "result": "shape",
                                  "type": "feBlend"
                                }
                              ],
                              "filterUnits": "userSpaceOnUse",
                              "height": "34.5",
                              "id": "filter0_d_147_391",
                              "name": "filter0_d_147_391",
                              "type": "filter",
                              "width": "98.5",
                              "x": "-3.5",
                              "y": "-0.5"
                            }
                          ],
                          "name": "defs",
                          "type": "defs"
                        }
                      ],
                      "fill": {
                        "paint": "transparent"
                      },
                      "viewBox": "0 0 93 26"
                    },
                    "type": "ia.shapes.svg"
                  },
                  {
                    "meta": {
                      "name": "Subtract 1"
                    },
                    "position": {
                      "basis": "300px"
                    },
                    "propConfig": {
                      "props.elements[0].elements[0].elements[0].fill.paint": {
                        "binding": {
                          "config": {
                            "path": "../VTest.props.elements[0].elements[0].fill.paint"
                          },
                          "type": "property"
                        }
                      },
                      "props.elements[0].elements[1].elements[0].fill.paint": {
                        "binding": {
                          "config": {
                            "path": "this.props.elements[0].elements[0].elements[0].fill.paint"
                          },
                          "type": "property"
                        }
                      }
                    },
                    "props": {
                      "elements": [
                        {
                          "clipPath": "url(#clip0_147_390)",
                          "elements": [
                            {
                              "elements": [
                                {
                                  "clipRule": "evenodd",
                                  "d": "M90.5 -0.5C85.8151 0.930267 83.9283 7.11664 83.002 12H46H9.20062C8.27428 7.11664 5.18483 0.930273 0.5 -0.5C4.76271 2.1455 7.10128 7.3684 7.10128 12.7543C7.10128 18.1402 5.76271 23.3545 1.5 26C6.18484 24.5697 8.27428 18.8834 9.20062 14H46H83.002C83.9283 18.8834 86.3152 24.5697 91 26C86.7373 23.3545 85.1013 18.1402 85.1013 12.7543C85.1013 7.36841 86.2373 2.1455 90.5 -0.5Z",
                                  "fill": {
                                    "rule": "evenodd"
                                  },
                                  "name": "path",
                                  "type": "path"
                                }
                              ],
                              "filter": "url(#filter0_d_147_390)",
                              "name": "group",
                              "type": "group"
                            },
                            {
                              "elements": [
                                {
                                  "d": "M48.5119 12.6548C49.1786 13.0423 49.1744 14.0066 48.5044 14.3883L41.7528 18.2348C41.0845 18.6155 40.2544 18.1307 40.2578 17.3616L40.2913 9.6103C40.2946 8.84114 41.1288 8.36354 41.7938 8.75005L48.5119 12.6548Z",
                                  "fill": {},
                                  "name": "path",
                                  "type": "path"
                                }
                              ],
                              "filter": "url(#filter1_d_147_390)",
                              "name": "group",
                              "type": "group"
                            }
                          ],
                          "name": "group",
                          "type": "group"
                        },
                        {
                          "elements": [
                            {
                              "elements": [
                                {
                                  "floodOpacity": "0",
                                  "name": "feFlood",
                                  "result": "BackgroundImageFix",
                                  "type": "feFlood"
                                },
                                {
                                  "in": "SourceAlpha",
                                  "name": "feColorMatrix",
                                  "result": "hardAlpha",
                                  "type": "matrix",
                                  "values": "0 0 0 0 0 0 0 0 0 0 0 0 0 0 0 0 0 0 127 0"
                                },
                                {
                                  "dy": "4",
                                  "name": "feOffset",
                                  "type": "feOffset"
                                },
                                {
                                  "name": "feGaussianBlur",
                                  "stdDeviation": "2",
                                  "type": "feGaussianBlur"
                                },
                                {
                                  "in2": "hardAlpha",
                                  "name": "feComposite",
                                  "operator": "out",
                                  "type": "feComposite"
                                },
                                {
                                  "name": "feColorMatrix",
                                  "type": "matrix",
                                  "values": "0 0 0 0 0 0 0 0 0 0 0 0 0 0 0 0 0 0 0.25 0"
                                },
                                {
                                  "in2": "BackgroundImageFix",
                                  "mode": "normal",
                                  "name": "feBlend",
                                  "result": "effect1_dropShadow_147_390",
                                  "type": "feBlend"
                                },
                                {
                                  "in": "SourceGraphic",
                                  "in2": "effect1_dropShadow_147_390",
                                  "mode": "normal",
                                  "name": "feBlend",
                                  "result": "shape",
                                  "type": "feBlend"
                                }
                              ],
                              "filterUnits": "userSpaceOnUse",
                              "height": "34.5",
                              "id": "filter0_d_147_390",
                              "name": "filter0_d_147_390",
                              "type": "filter",
                              "width": "98.5",
                              "x": "-3.5",
                              "y": "-0.5"
                            },
                            {
                              "elements": [
                                {
                                  "floodOpacity": "0",
                                  "name": "feFlood",
                                  "result": "BackgroundImageFix",
                                  "type": "feFlood"
                                },
                                {
                                  "in": "SourceAlpha",
                                  "name": "feColorMatrix",
                                  "result": "hardAlpha",
                                  "type": "matrix",
                                  "values": "0 0 0 0 0 0 0 0 0 0 0 0 0 0 0 0 0 0 127 0"
                                },
                                {
                                  "dy": "4",
                                  "name": "feOffset",
                                  "type": "feOffset"
                                },
                                {
                                  "name": "feGaussianBlur",
                                  "stdDeviation": "2",
                                  "type": "feGaussianBlur"
                                },
                                {
                                  "in2": "hardAlpha",
                                  "name": "feComposite",
                                  "operator": "out",
                                  "type": "feComposite"
                                },
                                {
                                  "name": "feColorMatrix",
                                  "type": "matrix",
                                  "values": "0 0 0 0 0 0 0 0 0 0 0 0 0 0 0 0 0 0 0.25 0"
                                },
                                {
                                  "in2": "BackgroundImageFix",
                                  "mode": "normal",
                                  "name": "feBlend",
                                  "result": "effect1_dropShadow_147_390",
                                  "type": "feBlend"
                                },
                                {
                                  "in": "SourceGraphic",
                                  "in2": "effect1_dropShadow_147_390",
                                  "mode": "normal",
                                  "name": "feBlend",
                                  "result": "shape",
                                  "type": "feBlend"
                                }
                              ],
                              "filterUnits": "userSpaceOnUse",
                              "height": "17.7543",
                              "id": "filter1_d_147_390",
                              "name": "filter1_d_147_390",
                              "type": "filter",
                              "width": "16.7516",
                              "x": "36.2578",
                              "y": "8.61316"
                            },
                            {
                              "elements": [
                                {
                                  "fill": {
                                    "paint": "white"
                                  },
                                  "height": "26",
                                  "name": "rect",
                                  "type": "rect",
                                  "width": "93"
                                }
                              ],
                              "id": "clip0_147_390",
                              "name": "clip0_147_390",
                              "type": "clipPath"
                            }
                          ],
                          "name": "defs",
                          "type": "defs"
                        }
                      ],
                      "fill": {
                        "paint": "transparent"
                      },
                      "viewBox": "0 0 93 26"
                    },
                    "type": "ia.shapes.svg"
                  }
                ],
                "meta": {
                  "name": "FlexContainer"
                },
                "position": {
                  "basis": "100px",
                  "shrink": 0
                },
                "props": {
                  "style": {
                    "marginTop": 30
                  }
                },
                "type": "ia.container.flex"
              },
              {
                "meta": {
                  "name": "FlexContainer_0"
                },
                "position": {
                  "basis": "200px"
                },
                "type": "ia.container.flex"
              }
            ],
            "meta": {
              "name": "FlexContainer_2"
            },
            "position": {
              "basis": "100px",
              "grow": 1,
              "shrink": 0
            },
            "props": {
              "direction": "column"
            },
            "type": "ia.container.flex"
          },
          {
            "meta": {
              "name": "FlexRepeater_3"
            },
            "position": {
              "basis": "200px"
            },
            "propConfig": {
              "props.instances[0].Status": {
                "binding": {
                  "config": {
                    "path": "parent.custom.Status"
                  },
                  "type": "property"
                }
              },
              "props.instances[0].progress": {
                "binding": {
                  "config": {
                    "path": "parent.custom.progress"
                  },
                  "type": "property"
                }
              },
              "props.instances[0].stage": {
                "binding": {
                  "config": {
                    "path": "parent.custom.stage"
                  },
                  "type": "property"
                }
              }
            },
            "props": {
              "instances": [
                {
                  "STAGES": "Bundling",
                  "T_Stage": 5,
                  "instancePosition": {},
                  "instanceStyle": {
                    "classes": ""
                  }
                }
              ],
              "justify": "space-around",
              "path": "Sub_View/Track_template",
              "useDefaultViewHeight": false,
              "useDefaultViewWidth": false
            },
            "type": "ia.display.flex-repeater"
          }
        ],
        "custom": {
          "Status": "PPC Pending",
          "progress": "Pending",
          "stage": 2
        },
        "meta": {
          "name": "Out"
        },
        "position": {
          "basis": "588px",
          "grow": 1
        },
        "propConfig": {
          "custom.stage": {
            "onChange": {
              "enabled": null,
              "script": "\tA\u003dcurrentValue.value\n\tif A\u003d\u003d1:\n\t\tself.getChild(\"FlexContainer\").getChild(\"FlexContainer\").getChild(\"VTest\").props.elements[0].elements[0].fill.paint\u003d\u0027#8AB1C99E\u0027\n\t\tself.getChild(\"FlexContainer_0\").getChild(\"FlexContainer\").getChild(\"VTest\").props.elements[0].elements[0].fill.paint\u003d\u0027#8AB1C99E\u0027\n\t\tself.getChild(\"FlexContainer_1\").getChild(\"FlexContainer\").getChild(\"VTest\").props.elements[0].elements[0].fill.paint\u003d\u0027#8AB1C99E\u0027\n\t\tself.getChild(\"FlexContainer_2\").getChild(\"FlexContainer\").getChild(\"VTest\").props.elements[0].elements[0].fill.paint\u003d\u0027#8AB1C99E\u0027\n\telif A\u003d\u003d2:\n\t\tself.getChild(\"FlexContainer\").getChild(\"FlexContainer\").getChild(\"VTest\").props.elements[0].elements[0].fill.paint\u003d\u0027#50D26B\u0027\n\t\tself.getChild(\"FlexContainer_0\").getChild(\"FlexContainer\").getChild(\"VTest\").props.elements[0].elements[0].fill.paint\u003d\u0027#8AB1C99E\u0027\n\t\tself.getChild(\"FlexContainer_1\").getChild(\"FlexContainer\").getChild(\"VTest\").props.elements[0].elements[0].fill.paint\u003d\u0027#8AB1C99E\u0027\n\t\tself.getChild(\"FlexContainer_2\").getChild(\"FlexContainer\").getChild(\"VTest\").props.elements[0].elements[0].fill.paint\u003d\u0027#8AB1C99E\u0027\n\telif A\u003d\u003d3:\n\t\tself.getChild(\"FlexContainer\").getChild(\"FlexContainer\").getChild(\"VTest\").props.elements[0].elements[0].fill.paint\u003d\u0027#50D26B\u0027\n\t\tself.getChild(\"FlexContainer_0\").getChild(\"FlexContainer\").getChild(\"VTest\").props.elements[0].elements[0].fill.paint\u003d\u0027#50D26B\u0027\n\t\tself.getChild(\"FlexContainer_1\").getChild(\"FlexContainer\").getChild(\"VTest\").props.elements[0].elements[0].fill.paint\u003d\u0027#8AB1C99E\u0027\n\t\tself.getChild(\"FlexContainer_2\").getChild(\"FlexContainer\").getChild(\"VTest\").props.elements[0].elements[0].fill.paint\u003d\u0027#8AB1C99E\u0027\n\telif A\u003d\u003d4:\n\t\tself.getChild(\"FlexContainer\").getChild(\"FlexContainer\").getChild(\"VTest\").props.elements[0].elements[0].fill.paint\u003d\u0027#50D26B\u0027\n\t\tself.getChild(\"FlexContainer_0\").getChild(\"FlexContainer\").getChild(\"VTest\").props.elements[0].elements[0].fill.paint\u003d\u0027#50D26B\u0027\n\t\tself.getChild(\"FlexContainer_1\").getChild(\"FlexContainer\").getChild(\"VTest\").props.elements[0].elements[0].fill.paint\u003d\u0027#50D26B\u0027\n\t\tself.getChild(\"FlexContainer_2\").getChild(\"FlexContainer\").getChild(\"VTest\").props.elements[0].elements[0].fill.paint\u003d\u0027#8AB1C99E\u0027\t\n\telif A\u003d\u003d5 or A\u003d\u003d6:\n\t\tself.getChild(\"FlexContainer\").getChild(\"FlexContainer\").getChild(\"VTest\").props.elements[0].elements[0].fill.paint\u003d\u0027#50D26B\u0027\n\t\tself.getChild(\"FlexContainer_0\").getChild(\"FlexContainer\").getChild(\"VTest\").props.elements[0].elements[0].fill.paint\u003d\u0027#50D26B\u0027\n\t\tself.getChild(\"FlexContainer_1\").getChild(\"FlexContainer\").getChild(\"VTest\").props.elements[0].elements[0].fill.paint\u003d\u0027#50D26B\u0027\n\t\tself.getChild(\"FlexContainer_2\").getChild(\"FlexContainer\").getChild(\"VTest\").props.elements[0].elements[0].fill.paint\u003d\u0027#50D26B\u0027\t\n\n\telse:\n\t\tself.getChild(\"FlexContainer\").getChild(\"FlexContainer\").getChild(\"VTest\").props.elements[0].elements[0].fill.paint\u003d\u0027#8AB1C99E\u0027\n\t\tself.getChild(\"FlexContainer_0\").getChild(\"FlexContainer\").getChild(\"VTest\").props.elements[0].elements[0].fill.paint\u003d\u0027#8AB1C99E\u0027\n\t\tself.getChild(\"FlexContainer_1\").getChild(\"FlexContainer\").getChild(\"VTest\").props.elements[0].elements[0].fill.paint\u003d\u0027#8AB1C99E\u0027\n\t\tself.getChild(\"FlexContainer_2\").getChild(\"FlexContainer\").getChild(\"VTest\").props.elements[0].elements[0].fill.paint\u003d\u0027#8AB1C99E\u0027\t\t\t\t\t\t\t\t\t\t\t\t"
            }
          }
        },
        "props": {
          "style": {
            "overflow": "hidden",
            "padding": "",
            "paddingLeft": 80,
            "paddingRight": 80
          }
        },
        "type": "ia.container.flex"
      }
    ],
    "meta": {
      "name": "root"
    },
    "props": {
      "direction": "column",
      "style": {
        "backgroundColor": "#E3E3E3",
        "paddingBottom": 10,
        "paddingLeft": 10,
        "paddingRight": 10,
        "paddingTop": 10
      }
    },
    "type": "ia.container.flex"
  }
}