{
  "custom": {
    "SS": 4,
    "WR": 2
  },
  "params": {
    "STAGES": "PPC",
    "Status": "PPC Hold",
    "T_Stage": 3,
    "progress": "Completed",
    "stage": 3
  },
  "propConfig": {
    "custom.SS": {
      "binding": {
        "config": {
          "path": "view.params.progress"
        },
        "transforms": [
          {
            "code": "\tA\u003dself.params.T_Stage\n\tB\u003dself.params.stage\n\tprogress\u003dvalue\n\n\tif(progress\u003d\u003d\u0027Pending\u0027):\n\t\treturn 1\n\telif(progress\u003d\u003d\u0027Inprogress\u0027):\n\t\treturn 2\n\telif(progress\u003d\u003d\u0027Hold\u0027):\n\t\treturn 3\n\telif(progress\u003d\u003d\u0027Completed\u0027):\t\n\t\treturn 4\n\n\t\t\t\t\t\n\telse:\n\t\treturn 0\t",
            "type": "script"
          }
        ],
        "type": "property"
      },
      "persistent": true
    },
    "custom.WR": {
      "binding": {
        "config": {
          "path": "view.params.stage"
        },
        "transforms": [
          {
            "code": "\tA\u003dself.params.T_Stage\n\tB\u003dvalue\n\t#Current Stage\n\tif A\u003d\u003dB:\n\t\tSTAGE\u003dself.params.STAGES\n\t\tSTATUS\u003dself.params.Status\n\t\t\n\t\t#Check Matching with STAGE\n\t\tX\u003dSTATUS.split()\n\t\tPROGRESS\u003dself.params.progress\n\t\tif(X[0]\u003d\u003dSTAGE):\n\t\t\t#Visible of ICON Begins\n\t\t\tif(PROGRESS\u003d\u003d\u0027Pending\u0027):\n\t\t\t\tself.getChild(\"root\").getChild(\"Pending\").getChild(\"completed\").position.display\u003dbool(0)\n\t\t\t\tself.getChild(\"root\").getChild(\"Pending\").getChild(\"hold\").position.display\u003dbool(1)\n\t\t\t\t\n\t\t\t\tself.getChild(\"root\").getChild(\"inprogress\").getChild(\"completed\").position.display\u003dbool(0)\n\t\t\t\tself.getChild(\"root\").getChild(\"inprogress\").getChild(\"hold\").position.display\u003dbool(0)\n\t\t\t\t\n\t\t\t\tself.getChild(\"root\").getChild(\"hold\").getChild(\"completed\").position.display\u003dbool(0)\n\t\t\t\tself.getChild(\"root\").getChild(\"hold\").getChild(\"hold\").position.display\u003dbool(0)\n\t\t\t\t\n\t\t\t\tself.getChild(\"root\").getChild(\"completed\").getChild(\"completed\").position.display\u003dbool(0)\n\t\t\t\tself.getChild(\"root\").getChild(\"completed\").getChild(\"hold\").position.display\u003dbool(0)\n\t\t\t\n\t\t\telif(PROGRESS\u003d\u003d\u0027Inprogress\u0027):\n\t\t\t\tself.getChild(\"root\").getChild(\"Pending\").getChild(\"completed\").position.display\u003dbool(1)\n\t\t\t\tself.getChild(\"root\").getChild(\"Pending\").getChild(\"hold\").position.display\u003dbool(0)\n\t\t\t\t\n\t\t\t\tself.getChild(\"root\").getChild(\"inprogress\").getChild(\"completed\").position.display\u003dbool(0)\n\t\t\t\tself.getChild(\"root\").getChild(\"inprogress\").getChild(\"hold\").position.display\u003dbool(1)\n\t\t\t\t\n\t\t\t\tself.getChild(\"root\").getChild(\"hold\").getChild(\"completed\").position.display\u003dbool(0)\n\t\t\t\tself.getChild(\"root\").getChild(\"hold\").getChild(\"hold\").position.display\u003dbool(0)\n\t\t\t\t\n\t\t\t\tself.getChild(\"root\").getChild(\"completed\").getChild(\"completed\").position.display\u003dbool(0)\n\t\t\t\tself.getChild(\"root\").getChild(\"completed\").getChild(\"hold\").position.display\u003dbool(0)\n\t\t\t\n\t\t\telif(PROGRESS\u003d\u003d\u0027Hold\u0027):\n\t\t\t\tself.getChild(\"root\").getChild(\"Pending\").getChild(\"completed\").position.display\u003dbool(1)\n\t\t\t\tself.getChild(\"root\").getChild(\"Pending\").getChild(\"hold\").position.display\u003dbool(0)\n\t\t\t\t\n\t\t\t\tself.getChild(\"root\").getChild(\"inprogress\").getChild(\"completed\").position.display\u003dbool(1)\n\t\t\t\tself.getChild(\"root\").getChild(\"inprogress\").getChild(\"hold\").position.display\u003dbool(0)\n\t\t\t\t\n\t\t\t\tself.getChild(\"root\").getChild(\"hold\").getChild(\"completed\").position.display\u003dbool(0)\n\t\t\t\tself.getChild(\"root\").getChild(\"hold\").getChild(\"hold\").position.display\u003dbool(1)\n\t\t\t\t\n\t\t\t\tself.getChild(\"root\").getChild(\"completed\").getChild(\"completed\").position.display\u003dbool(0)\n\t\t\t\tself.getChild(\"root\").getChild(\"completed\").getChild(\"hold\").position.display\u003dbool(0)\t\t\t\n\n\t\t\telif(PROGRESS\u003d\u003d\u0027Completed\u0027):\n\t\t\t\tself.getChild(\"root\").getChild(\"Pending\").getChild(\"completed\").position.display\u003dbool(1)\n\t\t\t\tself.getChild(\"root\").getChild(\"Pending\").getChild(\"hold\").position.display\u003dbool(0)\n\t\t\t\t\n\t\t\t\tself.getChild(\"root\").getChild(\"inprogress\").getChild(\"completed\").position.display\u003dbool(1)\n\t\t\t\tself.getChild(\"root\").getChild(\"inprogress\").getChild(\"hold\").position.display\u003dbool(0)\n\t\t\t\t\n\t\t\t\tself.getChild(\"root\").getChild(\"hold\").getChild(\"completed\").position.display\u003dbool(1)\n\t\t\t\tself.getChild(\"root\").getChild(\"hold\").getChild(\"hold\").position.display\u003dbool(0)\n\t\t\t\t\n\t\t\t\tself.getChild(\"root\").getChild(\"completed\").getChild(\"completed\").position.display\u003dbool(0)\n\t\t\t\tself.getChild(\"root\").getChild(\"completed\").getChild(\"hold\").position.display\u003dbool(1)\t\t\t\n\t\telse:\n\t\t\tprint \u0027Hi\u0027\t\n\t\treturn 2\n\t\tself.getChild(\"root\").getChild(\"Main Icon\").custom.color\u003d\u0027#50D26B\u0027\n\t\t\n\t#Within Range\t\n\telif A\u003cB:\n\t\tself.getChild(\"root\").getChild(\"Pending\").getChild(\"completed\").position.display\u003dbool(1)\n\t\tself.getChild(\"root\").getChild(\"Pending\").getChild(\"hold\").position.display\u003dbool(0)\n\t\t\n\t\tself.getChild(\"root\").getChild(\"inprogress\").getChild(\"completed\").position.display\u003dbool(1)\n\t\tself.getChild(\"root\").getChild(\"inprogress\").getChild(\"hold\").position.display\u003dbool(0)\n\t\t\n\t\tself.getChild(\"root\").getChild(\"hold\").getChild(\"completed\").position.display\u003dbool(1)\n\t\tself.getChild(\"root\").getChild(\"hold\").getChild(\"hold\").position.display\u003dbool(0)\n\t\t\n\t\tself.getChild(\"root\").getChild(\"completed\").getChild(\"completed\").position.display\u003dbool(1)\n\t\tself.getChild(\"root\").getChild(\"completed\").getChild(\"hold\").position.display\u003dbool(0)\n\t\t\n\t\tself.getChild(\"root\").getChild(\"Main Icon\").custom.color\u003d\u0027#50D26B\u0027\n\t\treturn 1\n\t\t\n\t#out of Range\t\n\telif A\u003eB:\n\t\tself.getChild(\"root\").getChild(\"Pending\").getChild(\"completed\").position.display\u003dbool(0)\n\t\tself.getChild(\"root\").getChild(\"Pending\").getChild(\"hold\").position.display\u003dbool(0)\n\t\t\n\t\tself.getChild(\"root\").getChild(\"inprogress\").getChild(\"completed\").position.display\u003dbool(0)\n\t\tself.getChild(\"root\").getChild(\"inprogress\").getChild(\"hold\").position.display\u003dbool(0)\n\t\t\n\t\tself.getChild(\"root\").getChild(\"hold\").getChild(\"completed\").position.display\u003dbool(0)\n\t\tself.getChild(\"root\").getChild(\"hold\").getChild(\"hold\").position.display\u003dbool(0)\n\t\t\n\t\tself.getChild(\"root\").getChild(\"completed\").getChild(\"completed\").position.display\u003dbool(0)\n\t\tself.getChild(\"root\").getChild(\"completed\").getChild(\"hold\").position.display\u003dbool(0)\n\t\t\n\t\tself.getChild(\"root\").getChild(\"Main Icon\").custom.color\u003d\u0027#8AB1C99E\u0027\n\t\treturn 3\t\t",
            "type": "script"
          }
        ],
        "type": "property"
      },
      "persistent": true
    },
    "params.STAGES": {
      "paramDirection": "input",
      "persistent": true
    },
    "params.Status": {
      "paramDirection": "input",
      "persistent": true
    },
    "params.T_Stage": {
      "paramDirection": "input",
      "persistent": true
    },
    "params.progress": {
      "paramDirection": "input",
      "persistent": true
    },
    "params.stage": {
      "paramDirection": "input",
      "persistent": true
    }
  },
  "props": {
    "defaultSize": {
      "height": 1400,
      "width": 372
    }
  },
  "root": {
    "children": [
      {
        "children": [
          {
            "meta": {
              "name": "QA"
            },
            "position": {
              "basis": "100px",
              "grow": 1,
              "shrink": 0
            },
            "propConfig": {
              "position.display": {
                "binding": {
                  "config": {
                    "path": "view.params.T_Stage"
                  },
                  "transforms": [
                    {
                      "code": "\tif value\u003d\u003d3:\n\t\treturn bool(1)\n\telse:\n\t\treturn bool(0)\t",
                      "type": "script"
                    }
                  ],
                  "type": "property"
                }
              },
              "props.elements[0].fill.paint": {
                "binding": {
                  "config": {
                    "path": "parent.custom.color"
                  },
                  "type": "property"
                }
              }
            },
            "props": {
              "elements": [
                {
                  "cx": "9.5",
                  "cy": "9.5",
                  "fill": {},
                  "name": "circle",
                  "r": "9.5",
                  "type": "circle"
                },
                {
                  "clipRule": "evenodd",
                  "d": "M14.5901 15.0295L13.2152 14.8244L12.5325 15.839C12.0378 16.3488 11.724 15.5109 11.5854 15.2189L10.2587 13.1389C10.5642 13.051 10.9332 12.7961 11.3163 12.511C12.0719 12.5237 12.7757 12.4133 13.294 11.8665L14.8216 14.3156L14.9544 14.55C15.0578 14.8556 15.0037 15.0578 14.6018 15.0295H14.5901ZM4.40443 15.0295L5.77928 14.8244L6.46788 15.839C6.96259 16.3488 7.27634 15.5109 7.415 15.2189L8.7358 13.1389C8.43028 13.051 8.0613 12.7961 7.67822 12.511C6.92264 12.5237 6.21876 12.4133 5.70055 11.8665L4.17294 14.3156L4.04603 14.5471C3.94145 14.8527 3.99668 15.0549 4.40443 15.0265V15.0295ZM12.2846 4.78169C12.3719 4.80934 12.4518 4.85117 12.5196 4.90473L13.1917 5.42034C13.2594 5.47317 13.3152 5.53569 13.3562 5.60491C13.3973 5.67602 13.4198 5.75358 13.422 5.83244C13.4251 5.91134 13.4096 5.98997 13.3762 6.06388C13.3431 6.13747 13.2909 6.20414 13.2234 6.25919L13.1341 6.34024C13.2815 6.55665 13.3997 6.78589 13.4867 7.02382H13.5513C13.6462 7.02014 13.741 7.03277 13.8298 7.06092C13.9173 7.08887 13.9972 7.13104 14.0648 7.18495C14.1332 7.23734 14.188 7.30081 14.2258 7.37146C14.2644 7.44186 14.2864 7.51779 14.2904 7.59509L14.3245 8.36363C14.3296 8.44057 14.3161 8.51759 14.2846 8.59008C14.2531 8.66256 14.2043 8.72902 14.1412 8.78549C14.0771 8.84367 13.9996 8.8905 13.9132 8.92318C13.8268 8.95469 13.7338 8.97193 13.6394 8.97396H13.5055C13.4245 9.21107 13.313 9.44025 13.1729 9.65754L13.2211 9.69269L13.234 9.70343C13.3009 9.75723 13.354 9.82166 13.3903 9.89288C13.4282 9.96335 13.449 10.0394 13.4514 10.1165C13.455 10.1929 13.441 10.2691 13.4103 10.3411C13.3787 10.4129 13.3313 10.4791 13.2705 10.5364L13.2622 10.5433L12.6371 11.1009C12.5745 11.1595 12.4986 11.2073 12.4138 11.2415C12.3266 11.2756 12.2317 11.2942 12.1353 11.2962C12.0393 11.2983 11.9436 11.2854 11.8533 11.2581C11.7649 11.2303 11.6847 11.187 11.6183 11.1311L11.5208 11.0511C11.2641 11.1703 10.9927 11.2659 10.7111 11.3362V11.3919C10.7164 11.4706 10.7008 11.5492 10.6653 11.6223C10.6331 11.6954 10.5826 11.762 10.5172 11.8176C10.4545 11.8748 10.378 11.9204 10.2928 11.9514C10.2086 11.9838 10.1176 12.0024 10.0249 12.0061L9.10007 12.0335C9.00586 12.0386 8.91137 12.0277 8.82245 12.0013C8.73352 11.9749 8.65204 11.9337 8.58304 11.8801C8.51338 11.8266 8.45708 11.7623 8.41735 11.6907C8.37716 11.6192 8.35363 11.542 8.34802 11.4632V11.3509C8.0626 11.2838 7.78679 11.1911 7.52546 11.0745L7.48081 11.1145L7.46906 11.1253C7.40465 11.1812 7.32704 11.2254 7.24109 11.2552C7.07067 11.317 6.87837 11.323 6.7029 11.2718C6.61681 11.245 6.5372 11.2057 6.46788 11.1555L6.45966 11.1487L5.78633 10.6224C5.71857 10.5688 5.66285 10.5057 5.62182 10.4358C5.5817 10.3644 5.55932 10.2871 5.55602 10.2083C5.5543 10.1298 5.56983 10.0517 5.60184 9.97784C5.63773 9.90542 5.68954 9.83919 5.75461 9.78253L5.84979 9.69758C5.70704 9.48369 5.59203 9.25783 5.50666 9.02376H5.44086C5.34617 9.02816 5.25149 9.01516 5.16354 8.98568C5.0759 8.95846 4.99591 8.91658 4.92852 8.86264C4.86037 8.81005 4.80563 8.74662 4.76753 8.67612C4.72956 8.60553 4.70764 8.52971 4.7029 8.45249L4.66883 7.68396C4.66371 7.60592 4.67607 7.52778 4.70525 7.45349C4.73961 7.38133 4.78982 7.3151 4.85332 7.25819C4.91737 7.19925 4.99485 7.15145 5.08128 7.11756C5.16791 7.08652 5.26079 7.06929 5.35508 7.06678H5.48904C5.57055 6.82967 5.68243 6.6005 5.82276 6.38321L5.77928 6.34415C5.70824 6.29168 5.65171 6.22705 5.6136 6.1547C5.57303 6.08343 5.55063 6.00597 5.54779 5.92717C5.54346 5.84852 5.55907 5.77 5.59362 5.6967C5.62709 5.62417 5.6774 5.55781 5.74168 5.50139L6.36212 4.93989C6.42546 4.88196 6.50116 4.83428 6.58539 4.79926C6.67123 4.76587 6.76444 4.74758 6.85919 4.74555C6.95354 4.74293 7.04764 4.75519 7.13651 4.78169C7.22506 4.80923 7.30528 4.85257 7.37152 4.90864L7.47611 4.98871C7.73225 4.8701 8.00287 4.77451 8.28339 4.70356V4.64497C8.27866 4.56631 8.29429 4.48772 8.32922 4.41451C8.3625 4.34189 8.41283 4.2755 8.47728 4.2192C8.53959 4.1616 8.61562 4.11538 8.70055 4.08346C8.78482 4.05115 8.87577 4.03259 8.96846 4.02878L9.89208 4.00046C9.98666 3.99748 10.0811 4.00907 10.1706 4.03464C10.2588 4.06138 10.339 4.10369 10.4056 4.15866C10.4792 4.21058 10.5389 4.2748 10.5807 4.34713C10.618 4.41912 10.6388 4.4963 10.6418 4.57466V4.68599C10.9271 4.75345 11.2028 4.8461 11.4643 4.96235L11.5055 4.92621C11.5687 4.86746 11.6464 4.82081 11.7334 4.7895C11.8191 4.75558 11.9124 4.73695 12.0072 4.73481C12.1018 4.73136 12.1961 4.74398 12.2846 4.77192V4.78169ZM8.44555 7.41834L9.11418 7.94176L10.4561 6.80312C10.5889 6.69082 10.6723 6.60195 10.8357 6.7416L11.368 7.19373C11.5431 7.33728 11.5337 7.42127 11.368 7.55505L9.41617 9.14778C9.06365 9.43098 9.12945 9.44856 8.7781 9.15853L7.54896 8.14293C7.53296 8.12994 7.52052 8.11422 7.51252 8.09686C7.50451 8.0795 7.50111 8.06091 7.50256 8.04236C7.50401 8.0238 7.51028 8.00573 7.52092 7.98938C7.53157 7.97303 7.54634 7.95878 7.56424 7.94762L8.18116 7.41638C8.27516 7.33631 8.3492 7.34119 8.44555 7.41638V7.41834ZM8.90384 5.56292C9.48795 5.46534 10.0938 5.51387 10.6447 5.70237C11.1956 5.89087 11.6669 6.21089 11.999 6.62196C12.3312 7.03303 12.5092 7.5167 12.5105 8.01183C12.5119 8.50696 12.3366 8.99131 12.0068 9.40366C11.677 9.81601 11.2075 10.1378 10.6576 10.3285C10.1078 10.5191 9.50222 10.57 8.91757 10.4747C8.33292 10.3793 7.7954 10.1421 7.37296 9.79294C6.95053 9.44378 6.66214 8.99838 6.54426 8.51304C6.4661 8.19057 6.46513 7.85848 6.54141 7.5357C6.61769 7.21293 6.76972 6.90581 6.98883 6.63186C7.20794 6.35792 7.48983 6.12252 7.8184 5.93911C8.14698 5.7557 8.51581 5.62787 8.90384 5.56292Z",
                  "fill": {
                    "paint": "#FFFFFF",
                    "rule": "evenodd"
                  },
                  "name": "path",
                  "type": "path"
                }
              ],
              "fill": {
                "paint": "transparent"
              },
              "preserveAspectRatio": "xMidYMin",
              "viewBox": "0 0 19 19"
            },
            "type": "ia.shapes.svg"
          },
          {
            "meta": {
              "name": "Toolshop"
            },
            "position": {
              "basis": "100px",
              "grow": 1,
              "shrink": 0
            },
            "propConfig": {
              "position.display": {
                "binding": {
                  "config": {
                    "path": "view.params.T_Stage"
                  },
                  "transforms": [
                    {
                      "code": "\tif value\u003d\u003d2:\n\t\treturn bool(1)\n\telse:\n\t\treturn bool(0)\t\n\t\t",
                      "type": "script"
                    }
                  ],
                  "type": "property"
                }
              },
              "props.elements[0].fill.paint": {
                "binding": {
                  "config": {
                    "path": "parent.custom.color"
                  },
                  "type": "property"
                }
              }
            },
            "props": {
              "elements": [
                {
                  "cx": "9.5",
                  "cy": "9.5",
                  "fill": {},
                  "name": "circle",
                  "r": "9.5",
                  "type": "circle"
                },
                {
                  "clipRule": "evenodd",
                  "d": "M9.2897 5.31112C9.02876 5.19861 8.75932 5.13987 8.48149 5.13987C8.06362 5.13987 7.71996 5.28769 7.45052 5.58084L5.12551 8.14909L5.3674 8.41892L4.48488 9.40158L3 7.75736L3.88243 6.78161L4.15606 7.07713L6.46829 4.52302C6.78646 4.17362 7.12806 4 7.49291 4C8.106 4 8.70425 4.43632 9.2897 5.31112ZM12.818 4.58392C13.0707 4.58392 13.3133 4.63154 13.5391 4.71889L12.9654 5.40538C11.6622 6.96419 13.1329 7.86609 14.4289 6.79597L14.9288 6.3833C14.9752 6.57905 15 6.78463 15 6.99648C15 8.32898 14.0231 9.40914 12.8179 9.40914C12.4247 9.40914 12.0557 9.29415 11.7372 9.09289L10.6774 10.3368C11.6749 11.3926 12.6726 12.4482 13.6702 13.5037L12.3169 15C11.3731 13.912 10.4297 12.8234 9.48658 11.7347L7.62836 13.9155C7.48724 14.1823 7.22543 14.3617 6.92581 14.3617C6.47669 14.3617 6.11243 13.959 6.11243 13.4624C6.11243 13.2477 6.18069 13.0504 6.29427 12.8958L6.29309 12.8945L6.30022 12.8877C6.35891 12.8097 6.42932 12.7428 6.50843 12.6903L8.59839 10.7095L6.02161 7.72551L7.09085 6.54342C8.08276 7.59681 8.88794 8.44181 9.88111 9.49368L11.0397 8.39538C10.7854 8.00084 10.6358 7.5181 10.6358 6.99658C10.6358 5.66398 11.6127 4.58392 12.818 4.58392ZM5.79592 5.11882L4.73312 6.29389L4.52941 6.06877L5.59221 4.89359L5.79592 5.11882Z",
                  "fill": {
                    "paint": "#FFFFFF",
                    "rule": "evenodd"
                  },
                  "name": "path",
                  "type": "path"
                }
              ],
              "fill": {
                "paint": "transparent"
              },
              "viewBox": "0 0 19 19"
            },
            "type": "ia.shapes.svg"
          },
          {
            "meta": {
              "name": "Bundling"
            },
            "position": {
              "basis": "100px",
              "grow": 1,
              "shrink": 0
            },
            "propConfig": {
              "position.display": {
                "binding": {
                  "config": {
                    "path": "view.params.T_Stage"
                  },
                  "transforms": [
                    {
                      "code": "\tif value\u003d\u003d5 or value\u003d\u003d6:\n\t\treturn bool(1)\n\telse:\n\t\treturn bool(0)\t\n\t",
                      "type": "script"
                    }
                  ],
                  "type": "property"
                }
              },
              "props.elements[0].fill.paint": {
                "binding": {
                  "config": {
                    "path": "parent.custom.color"
                  },
                  "type": "property"
                }
              }
            },
            "props": {
              "elements": [
                {
                  "cx": "9.5",
                  "cy": "9.5",
                  "fill": {},
                  "name": "circle",
                  "r": "9.5",
                  "type": "circle"
                },
                {
                  "d": "M9.33345 10.928L5.64156 9.11432L4.68822 10.1769C6.0269 10.8376 7.2604 11.4616 8.59526 12.1222L9.33345 10.9325V10.928ZM10.545 4V5.91932H11.5012C11.5668 5.91588 11.6324 5.92773 11.6919 5.95382C11.7515 5.97991 11.8033 6.01943 11.8425 6.06882C12.0204 6.31948 11.7765 6.56745 11.6083 6.74112C11.1301 7.23438 10.0439 8.33459 9.80677 8.5942C9.77016 8.63761 9.72353 8.67269 9.67037 8.6968C9.6172 8.72092 9.5589 8.73345 9.49983 8.73345C9.44075 8.73345 9.38245 8.72092 9.32929 8.6968C9.27613 8.67269 9.22949 8.63761 9.19289 8.5942C8.9481 8.32564 7.80161 7.17441 7.34551 6.69368C7.18773 6.52717 6.99171 6.29979 7.15427 6.06703C7.19344 6.01777 7.24502 5.97834 7.30441 5.95225C7.3638 5.92617 7.42916 5.91424 7.49467 5.91753H8.45087V4H10.545ZM7.38949 8.14839L5.89208 8.84486L9.5725 10.6559L13.2596 8.84128L11.6781 8.0714L11.9362 7.80284L13.3705 8.49573L14.4099 7.58083L12.8331 6.77514C12.8938 6.66282 12.9338 6.54178 12.9517 6.41706L14.9244 7.39284C14.9373 7.3993 14.9489 7.40778 14.9588 7.4179C14.9718 7.43012 14.9822 7.44464 14.9893 7.46061C14.9964 7.47659 15 7.49371 15 7.511C15 7.5283 14.9964 7.54542 14.9893 7.56139C14.9822 7.57737 14.9718 7.59188 14.9588 7.6041L13.6918 8.76787L14.9186 10.1429C14.9427 10.1699 14.9544 10.2047 14.9511 10.2398C14.9479 10.2748 14.93 10.3072 14.9014 10.33C14.8923 10.3363 14.8827 10.342 14.8727 10.347L13.7683 10.8931V12.9413C13.7683 12.9675 13.76 12.9931 13.7445 13.0149C13.729 13.0367 13.7071 13.0538 13.6813 13.064L9.69776 14.9564C9.68232 14.9724 9.66296 14.9846 9.64135 14.992C9.61974 14.9994 9.59653 15.0017 9.57374 14.9988C9.55095 14.9959 9.52926 14.9878 9.51055 14.9753C9.49184 14.9628 9.47667 14.9461 9.46636 14.9269L5.47518 13.0595C5.45187 13.0484 5.43229 13.0315 5.41862 13.0107C5.40495 12.9898 5.39772 12.9658 5.39772 12.9413V10.9074L4.27419 10.356C4.26421 10.3509 4.25462 10.3453 4.2455 10.339C4.21687 10.3162 4.19899 10.2838 4.19577 10.2487C4.19254 10.2137 4.20423 10.1789 4.22829 10.1519L5.42354 8.80905L4.03609 7.58083C4.02352 7.56761 4.01387 7.55218 4.00773 7.53544C4.00159 7.5187 3.99906 7.50098 4.00031 7.48331C4.00156 7.46565 4.00655 7.44839 4.01499 7.43255C4.02343 7.41671 4.03516 7.4026 4.04948 7.39105C4.05812 7.38456 4.06741 7.37886 4.07721 7.37404L6.0795 6.31322C6.0888 6.44271 6.11811 6.57026 6.16651 6.69189L4.54575 7.55487L5.67694 8.5396L7.11984 7.87088L7.39236 8.14929L7.38949 8.14839ZM13.5245 9.12775L9.83928 10.9379L10.5574 12.1303L14.4348 10.1608L13.5245 9.12775Z",
                  "fill": {
                    "paint": "#FFFFFF"
                  },
                  "name": "path",
                  "type": "path"
                }
              ],
              "fill": {
                "paint": "transparent"
              },
              "viewBox": "0 0 19 19"
            },
            "type": "ia.shapes.svg"
          },
          {
            "meta": {
              "name": "PPC"
            },
            "position": {
              "basis": "100px",
              "grow": 1,
              "shrink": 0
            },
            "propConfig": {
              "position.display": {
                "binding": {
                  "config": {
                    "path": "view.params.T_Stage"
                  },
                  "transforms": [
                    {
                      "code": "\tif value\u003d\u003d1:\n\t\treturn bool(1)\n\telse:\n\t\treturn bool(0)\t",
                      "type": "script"
                    }
                  ],
                  "type": "property"
                }
              },
              "props.elements[0].fill.paint": {
                "binding": {
                  "config": {
                    "path": "parent.custom.color"
                  },
                  "type": "property"
                }
              }
            },
            "props": {
              "elements": [
                {
                  "cx": "9.5",
                  "cy": "9.5",
                  "fill": {},
                  "name": "circle",
                  "r": "9.5",
                  "type": "circle"
                },
                {
                  "clipRule": "evenodd",
                  "d": "M7.21957 4.00104H8.32029C8.38496 3.43649 8.81313 3 9.33222 3C9.84797 3 10.2737 3.43065 10.3427 3.98935L11.4587 4.00104C11.5208 4.00104 11.5709 4.05414 11.5709 4.1207V5.4378C11.5709 5.50386 11.5208 5.55721 11.4587 5.55721H7.22076C7.15967 5.55721 7.10835 5.50386 7.10835 5.4378V4.1207C7.1074 4.05414 7.15752 4.00104 7.21957 4.00104ZM12.5174 10.7141C13.889 10.7141 15 11.8978 15 13.3572C15 14.8173 13.8883 16 12.5174 16C11.1456 16 10.0346 14.8165 10.0346 13.3572C10.0346 11.897 11.1465 10.7141 12.5174 10.7141ZM12.3597 12.3366C12.3628 12.2548 12.3883 12.1968 12.436 12.1633C12.5644 12.0723 12.6907 12.1966 12.7797 12.2827L13.657 13.2012C13.7487 13.3003 13.7499 13.4148 13.657 13.5137L12.7558 14.4542C12.6706 14.5353 12.5542 14.6349 12.436 14.5508C12.3883 14.5167 12.3628 14.4591 12.3597 14.3773V13.9245H11.6986C11.573 13.9245 11.468 13.814 11.468 13.6791V13.0353C11.468 12.9001 11.5716 12.7896 11.6986 12.7896H12.3597V12.3366ZM5.9957 4.50587H6.56706V5.1253H5.9957C5.8821 5.1253 5.77828 5.17509 5.70358 5.25487C5.62864 5.3344 5.58186 5.44492 5.58186 5.56585V13.5825C5.58186 13.7032 5.62864 13.8137 5.70358 13.8935C5.77876 13.9735 5.88258 14.0233 5.9957 14.0233H9.39952C9.43962 14.2378 9.49905 14.4451 9.57542 14.6428H5.9957C5.72243 14.6428 5.47303 14.5231 5.2926 14.331C5.11265 14.1394 5 13.8739 5 13.5825V5.56585C5 5.27418 5.11217 5.00893 5.29236 4.81711C5.47255 4.62529 5.72172 4.50587 5.9957 4.50587ZM13.0974 10.0286V5.56585C13.0974 5.44542 13.0504 5.3349 12.9752 5.25487C12.9007 5.17484 12.7971 5.1253 12.6831 5.1253H12.1122V4.50587H12.6831C12.9561 4.50587 13.2045 4.62554 13.3852 4.81736C13.5668 5.00944 13.679 5.2752 13.679 5.56585V10.2054C13.4931 10.1277 13.2986 10.068 13.0974 10.0286ZM8.16301 9.82356C7.99284 9.82356 7.85465 9.67645 7.85465 9.4953C7.85465 9.31389 7.99284 9.16679 8.16301 9.16679H11.5716C11.742 9.16679 11.8802 9.31389 11.8802 9.4953C11.8802 9.67645 11.742 9.82356 11.5716 9.82356H8.16301ZM7.13604 9.12868C7.32625 9.12868 7.48043 9.29255 7.48043 9.4953C7.48043 9.69805 7.32625 9.86218 7.13604 9.86218C6.94558 9.86218 6.79141 9.69805 6.79141 9.4953C6.79141 9.29255 6.94558 9.12868 7.13604 9.12868ZM7.13604 11.1262C7.32625 11.1262 7.48043 11.2903 7.48043 11.4931C7.48043 11.6955 7.32625 11.8597 7.13604 11.8597C6.94558 11.8597 6.79141 11.6955 6.79141 11.4931C6.79141 11.2903 6.94558 11.1262 7.13604 11.1262ZM8.16325 11.8211C7.99308 11.8211 7.85465 11.6739 7.85465 11.4928C7.85465 11.3116 7.99308 11.1643 8.16325 11.1643H10.0955C9.93454 11.3653 9.79629 11.5858 9.68353 11.8211H8.16325ZM7.13604 7.13118C7.32625 7.13118 7.48043 7.29531 7.48043 7.49805C7.48043 7.7008 7.32625 7.86493 7.13604 7.86493C6.94558 7.86493 6.79141 7.7008 6.79141 7.49805C6.79141 7.29531 6.94558 7.13118 7.13604 7.13118ZM8.16301 7.82657C7.99284 7.82657 7.85465 7.67921 7.85465 7.49805C7.85465 7.3169 7.99284 7.16954 8.16301 7.16954H11.5716C11.742 7.16954 11.8802 7.3169 11.8802 7.49805C11.8802 7.67921 11.742 7.82657 11.5716 7.82657H8.16301ZM9.32052 3.51195C9.61408 3.51195 9.85179 3.76551 9.85179 4.07776C9.85179 4.39027 9.61408 4.64332 9.32052 4.64332C9.02721 4.64332 8.78902 4.39027 8.78902 4.07776C8.78902 3.76551 9.02721 3.51195 9.32052 3.51195Z",
                  "fill": {
                    "paint": "#FFFFFF",
                    "rule": "evenodd"
                  },
                  "name": "path",
                  "type": "path"
                }
              ],
              "fill": {
                "paint": "transparent"
              },
              "preserveAspectRatio": "xMidYMin",
              "style": {
                "paddingLeft": 20
              },
              "viewBox": "0 0 19 19"
            },
            "type": "ia.shapes.svg"
          },
          {
            "meta": {
              "name": "Operator"
            },
            "position": {
              "basis": "300px"
            },
            "propConfig": {
              "position.display": {
                "binding": {
                  "config": {
                    "path": "view.params.T_Stage"
                  },
                  "transforms": [
                    {
                      "code": "\tif value\u003d\u003d4:\n\t\treturn bool(1)\n\telse:\n\t\treturn bool(0)\t\n\t",
                      "type": "script"
                    }
                  ],
                  "type": "property"
                }
              },
              "props.elements[0].fill.paint": {
                "binding": {
                  "config": {
                    "path": "parent.custom.color"
                  },
                  "type": "property"
                }
              }
            },
            "props": {
              "elements": [
                {
                  "cx": "9.5",
                  "cy": "9.5",
                  "fill": {},
                  "name": "circle",
                  "r": "9.5",
                  "type": "circle"
                },
                {
                  "clipPath": "url(#clip0_151_836)",
                  "elements": [
                    {
                      "d": "M12.2643 11.0422C11.6901 11.0422 11.1885 11.5438 11.1885 12.118C11.1885 12.6922 11.6912 13.1938 12.2643 13.1938C12.8374 13.1938 13.3401 12.6911 13.3401 12.118C13.3401 11.5449 12.8385 11.0422 12.2643 11.0422ZM12.2643 12.4766C12.0487 12.4766 11.9057 12.3336 11.9057 12.118C11.9057 11.9024 12.0487 11.7594 12.2643 11.7594C12.4799 11.7594 12.6229 11.9024 12.6229 12.118C12.6229 12.3336 12.4799 12.4766 12.2643 12.4766Z",
                      "fill": {
                        "paint": "#FFFFFF"
                      },
                      "name": "path",
                      "type": "path"
                    },
                    {
                      "d": "M14.8471 11.4724C14.8471 11.4009 14.8471 11.4009 14.8471 11.4009V11.3294C14.8471 11.3294 14.8471 11.3294 14.8471 11.2579L14.7756 11.1864C14.7756 11.1864 14.7756 11.1864 14.7041 11.1864H14.6326H14.56C14.56 11.1864 14.56 11.1864 14.4885 11.1864C14.2729 11.1864 14.2014 11.1149 14.2014 11.0434C14.1299 10.9719 14.1299 10.9004 14.2729 10.6848V10.6133V10.5418V10.4681V10.3966V10.3251C14.2729 10.3251 14.2729 10.2536 14.2014 10.2536C13.8428 9.89498 13.4127 9.60788 12.9815 9.53638C12.91 9.53638 12.8385 9.53638 12.8385 9.53638H12.767C12.6955 9.53638 12.624 9.60788 12.624 9.67938C12.481 9.96648 12.4084 9.96648 12.3369 9.96648C12.2654 9.96648 12.1939 9.96648 12.0498 9.75088C11.9783 9.67938 11.9068 9.60788 11.8342 9.60788C11.7627 9.60788 11.6912 9.60788 11.6912 9.60788C11.0455 9.67938 10.6154 9.89498 10.2568 10.2536C10.1138 10.3966 10.1138 10.5407 10.2568 10.6837C10.2568 10.6837 10.2568 10.6837 10.2568 10.7552C10.3998 11.0423 10.3998 11.1138 10.3283 11.1138C10.2568 11.1853 10.2568 11.2568 9.96969 11.2568C9.96969 11.2568 9.96969 11.2568 9.89819 11.2568C9.89819 11.2568 9.89819 11.2568 9.82669 11.2568C9.75519 11.2568 9.75519 11.2568 9.75519 11.3283L9.68369 11.3998V11.4713C9.60999 11.688 9.60999 11.8321 9.60999 12.1181C9.60999 12.4041 9.68149 12.6208 9.75299 12.9068C9.75299 12.9783 9.82449 13.0498 9.82449 13.0498C9.89599 13.0498 9.96749 13.1213 9.96749 13.1213H10.039C10.182 13.1213 10.3261 13.1213 10.3261 13.1928C10.3976 13.2643 10.3976 13.4084 10.3261 13.6229C10.3261 13.6944 10.2546 13.6944 10.2546 13.7659C10.2546 13.9089 10.2546 13.9815 10.3261 14.053C10.6132 14.3401 10.9718 14.5546 11.4019 14.6987H11.4734C11.6164 14.6987 11.689 14.6272 11.7605 14.4831C11.832 14.2675 11.9761 14.2675 12.1191 14.2675C12.1906 14.2675 12.2621 14.2675 12.4062 14.4831C12.4777 14.6261 12.5492 14.6261 12.6933 14.6261H12.7648C13.1949 14.4831 13.5535 14.2675 13.8406 13.9804C13.9836 13.8374 13.9836 13.6933 13.9121 13.5503C13.9121 13.5503 13.9121 13.5503 13.9121 13.4788C13.7691 13.1917 13.8406 13.1202 13.8406 13.0487C13.8406 12.9772 13.9121 12.9057 14.1992 12.9772H14.2707H14.3422C14.4852 12.9772 14.5578 12.9057 14.5578 12.7616C14.6293 12.546 14.7008 12.2589 14.7008 11.9729C14.9186 11.9036 14.9186 11.688 14.8471 11.4724ZM13.4127 12.9079C13.3412 13.1235 13.2697 13.4106 13.4127 13.7692C13.2697 13.8407 13.1256 13.9848 12.9826 13.9848C12.8396 13.8418 12.624 13.6262 12.2654 13.6262C11.9783 13.6262 11.6912 13.7692 11.4767 13.9848C11.3337 13.9848 11.1896 13.8418 11.0466 13.7692C11.1896 13.4821 11.1181 13.195 10.9751 12.9079C10.8321 12.6208 10.545 12.5493 10.2579 12.5493C10.2579 12.4063 10.2579 12.3337 10.2579 12.1907C10.2579 12.1192 10.2579 12.0477 10.2579 11.9751C10.4735 11.9751 10.7606 11.8321 10.9036 11.4724C11.1192 11.1138 10.9751 10.8267 10.9036 10.6111C11.0466 10.4681 11.2622 10.324 11.4778 10.2525C11.6208 10.4681 11.8364 10.6111 12.195 10.6111C12.5536 10.6111 12.7692 10.3955 12.9122 10.2525C13.1278 10.324 13.2708 10.4681 13.4864 10.6111C13.4149 10.8267 13.3434 11.1138 13.5579 11.3998C13.7009 11.6869 13.9165 11.8299 14.2036 11.8299C14.2036 11.9014 14.2751 12.0455 14.2751 12.117C14.2751 12.26 14.2751 12.3326 14.2036 12.4756C13.9143 12.4767 13.6272 12.6208 13.4127 12.9079Z",
                      "fill": {
                        "paint": "#FFFFFF"
                      },
                      "name": "path",
                      "type": "path"
                    },
                    {
                      "d": "M6.52561 8.10085H12.1213C12.2643 8.10085 12.4799 8.02935 12.5514 7.88525C12.6229 7.74225 12.6944 7.52665 12.5514 7.38255C12.4799 7.16695 12.3358 6.95245 12.1213 6.80835C12.1213 6.30565 11.8342 4.87125 9.53851 4.15405C9.46701 4.15405 9.46701 4.15405 9.39551 4.15405C9.39551 4.15405 9.32401 4.15405 9.25251 4.15405C8.82241 4.22555 6.74121 4.87125 6.52671 6.73685C6.38371 6.80835 6.09661 7.02395 5.95251 7.45405C6.02401 7.52555 6.02401 7.74115 6.09551 7.88415C6.23851 8.02935 6.38261 8.10085 6.52561 8.10085ZM6.95571 7.24065C7.09871 7.16915 7.24281 7.02505 7.24281 6.81055C7.31431 5.37505 8.96431 4.87345 9.39551 4.72935C11.3315 5.37505 11.4756 6.45085 11.4756 6.80945C11.4756 6.95245 11.5471 7.09655 11.6912 7.23955C11.7627 7.31105 11.7627 7.31105 11.8342 7.38255H6.81271C6.88421 7.31215 6.95571 7.31215 6.95571 7.24065Z",
                      "fill": {
                        "paint": "#FFFFFF"
                      },
                      "name": "path",
                      "type": "path"
                    },
                    {
                      "d": "M11.7627 8.31641C11.5471 8.31641 11.4756 8.53201 11.4756 8.67501C11.4756 8.74651 11.4756 8.81801 11.4756 8.96211C11.4756 9.17771 11.6186 9.32071 11.8342 9.32071C12.0498 9.32071 12.1928 9.17771 12.1928 8.96211C12.1928 8.81911 12.1928 8.67501 12.1928 8.60351C12.1213 8.38791 11.9057 8.31641 11.7627 8.31641Z",
                      "fill": {
                        "paint": "#FFFFFF"
                      },
                      "name": "path",
                      "type": "path"
                    },
                    {
                      "d": "M9.39552 14.1266H4.87562C4.87562 14.0551 4.87562 14.0551 4.94712 14.0551C5.16272 13.6965 5.87992 13.0508 7.81702 12.4766C7.88852 12.4766 7.96002 12.4051 7.96002 12.4051C8.31862 12.1895 8.60572 11.6879 8.39012 11.1137C8.39012 11.0422 8.31862 10.9707 8.24712 10.8981L8.10412 10.7551C7.88852 10.5395 7.17132 9.96641 7.17132 8.67501C7.17132 8.45941 7.02832 8.31641 6.81272 8.31641C6.59712 8.31641 6.45412 8.45941 6.45412 8.67501C6.45412 10.325 7.38692 11.0422 7.67402 11.3293C7.74552 11.6164 7.60252 11.7594 7.53102 11.832C5.52132 12.4766 4.66002 13.1949 4.30142 13.6965C4.22992 13.8395 4.01432 14.3422 4.15842 14.6293C4.22992 14.7723 4.37402 14.8449 4.51702 14.8449H9.32292C9.53852 14.8449 9.68152 14.7019 9.68152 14.4863C9.68152 14.2707 9.61002 14.1266 9.39552 14.1266Z",
                      "fill": {
                        "paint": "#FFFFFF"
                      },
                      "name": "path",
                      "type": "path"
                    }
                  ],
                  "name": "group",
                  "type": "group"
                },
                {
                  "elements": [
                    {
                      "elements": [
                        {
                          "fill": {
                            "paint": "#FFFFFF"
                          },
                          "height": "11",
                          "name": "rect",
                          "transform": "translate(4 4)",
                          "type": "rect",
                          "width": "11"
                        }
                      ],
                      "id": "clip0_151_836",
                      "name": "clip0_151_836",
                      "type": "clipPath"
                    }
                  ],
                  "name": "defs",
                  "type": "defs"
                }
              ],
              "fill": {
                "paint": "transparent"
              },
              "viewBox": "0 0 19 19"
            },
            "type": "ia.shapes.svg"
          }
        ],
        "custom": {
          "color": "#8AB1C99E"
        },
        "meta": {
          "name": "Main Icon"
        },
        "position": {
          "basis": "100px",
          "shrink": 0
        },
        "type": "ia.container.flex"
      },
      {
        "meta": {
          "name": "Subtract 6"
        },
        "position": {
          "basis": "150px"
        },
        "propConfig": {
          "props.elements[0].elements[0].elements[0].fill.paint": {
            "binding": {
              "config": {
                "expression": "now(100)"
              },
              "transforms": [
                {
                  "code": "\tA\u003dself.parent.getChild(\"Pending\").getChild(\"hold\").position.display\n\tB\u003dself.parent.getChild(\"Pending\").getChild(\"completed\").position.display\n\tif A\u003d\u003dbool(1) or B\u003d\u003dbool(1):\n\t\treturn \u0027#50D26B\u0027\n\telse:\t\n\t\treturn \u0027#E3E3E3\u0027",
                  "type": "script"
                }
              ],
              "type": "expr"
            }
          }
        },
        "props": {
          "elements": [
            {
              "clipPath": "url(#clip0_152_404)",
              "elements": [
                {
                  "elements": [
                    {
                      "clipRule": "evenodd",
                      "d": "M0 1.37634C0.880164 4.60036 4.68716 5.89883 7.69231 6.53629L7.69231 32L7.69231 57.3243C4.68716 57.9618 0.880168 60.0879 0 63.3118C1.628 60.3783 4.84209 58.769 8.15649 58.769C11.4709 58.769 14.6797 59.6902 16.3077 62.6237C15.4275 59.3997 11.9282 57.9618 8.92308 57.3243L8.92308 32L8.92308 6.53629C11.9282 5.89883 15.4275 4.25621 16.3077 1.03226C14.6797 3.96573 11.4709 5.0916 8.15649 5.0916C4.8421 5.0916 1.628 4.30982 0 1.37634Z",
                      "fill": {
                        "rule": "evenodd"
                      },
                      "name": "path",
                      "type": "path"
                    }
                  ],
                  "filter": "url(#filter0_d_152_404)",
                  "name": "group",
                  "type": "group"
                },
                {
                  "fill": {
                    "paint": "#E3E3E3"
                  },
                  "height": "1.84615",
                  "name": "rect",
                  "transform": "rotate(-90 7.38464 55.0538)",
                  "type": "rect",
                  "width": "1.37634",
                  "x": "7.38464",
                  "y": "55.0538"
                },
                {
                  "fill": {
                    "paint": "#E3E3E3"
                  },
                  "height": "1.84615",
                  "name": "rect",
                  "transform": "rotate(-90 7.38464 51.6129)",
                  "type": "rect",
                  "width": "1.37634",
                  "x": "7.38464",
                  "y": "51.6129"
                },
                {
                  "fill": {
                    "paint": "#E3E3E3"
                  },
                  "height": "1.84615",
                  "name": "rect",
                  "transform": "rotate(-90 7.38464 48.1721)",
                  "type": "rect",
                  "width": "1.37634",
                  "x": "7.38464",
                  "y": "48.1721"
                },
                {
                  "fill": {
                    "paint": "#E3E3E3"
                  },
                  "height": "1.84615",
                  "name": "rect",
                  "transform": "rotate(-90 7.38464 44.7312)",
                  "type": "rect",
                  "width": "1.37634",
                  "x": "7.38464",
                  "y": "44.7312"
                },
                {
                  "fill": {
                    "paint": "#E3E3E3"
                  },
                  "height": "1.84615",
                  "name": "rect",
                  "transform": "rotate(-90 7.38464 41.2903)",
                  "type": "rect",
                  "width": "1.37634",
                  "x": "7.38464",
                  "y": "41.2903"
                },
                {
                  "fill": {
                    "paint": "#E3E3E3"
                  },
                  "height": "1.84615",
                  "name": "rect",
                  "transform": "rotate(-90 7.38464 37.8495)",
                  "type": "rect",
                  "width": "1.37634",
                  "x": "7.38464",
                  "y": "37.8495"
                },
                {
                  "fill": {
                    "paint": "#E3E3E3"
                  },
                  "height": "1.84615",
                  "name": "rect",
                  "transform": "rotate(-90 7.38464 34.4086)",
                  "type": "rect",
                  "width": "1.37634",
                  "x": "7.38464",
                  "y": "34.4086"
                },
                {
                  "fill": {
                    "paint": "#E3E3E3"
                  },
                  "height": "1.84615",
                  "name": "rect",
                  "transform": "rotate(-90 7.38464 30.9678)",
                  "type": "rect",
                  "width": "1.37634",
                  "x": "7.38464",
                  "y": "30.9678"
                },
                {
                  "fill": {
                    "paint": "#E3E3E3"
                  },
                  "height": "1.84615",
                  "name": "rect",
                  "transform": "rotate(-90 7.38464 27.5269)",
                  "type": "rect",
                  "width": "1.37634",
                  "x": "7.38464",
                  "y": "27.5269"
                },
                {
                  "fill": {
                    "paint": "#E3E3E3"
                  },
                  "height": "1.84615",
                  "name": "rect",
                  "transform": "rotate(-90 7.38464 24.0861)",
                  "type": "rect",
                  "width": "1.37634",
                  "x": "7.38464",
                  "y": "24.0861"
                },
                {
                  "fill": {
                    "paint": "#E3E3E3"
                  },
                  "height": "1.84615",
                  "name": "rect",
                  "transform": "rotate(-90 7.38464 20.6451)",
                  "type": "rect",
                  "width": "1.37634",
                  "x": "7.38464",
                  "y": "20.6451"
                },
                {
                  "fill": {
                    "paint": "#E3E3E3"
                  },
                  "height": "1.84615",
                  "name": "rect",
                  "transform": "rotate(-90 7.38464 17.2043)",
                  "type": "rect",
                  "width": "1.37634",
                  "x": "7.38464",
                  "y": "17.2043"
                },
                {
                  "fill": {
                    "paint": "#E3E3E3"
                  },
                  "height": "1.84615",
                  "name": "rect",
                  "transform": "rotate(-90 7.38464 13.7634)",
                  "type": "rect",
                  "width": "1.37634",
                  "x": "7.38464",
                  "y": "13.7634"
                },
                {
                  "fill": {
                    "paint": "#E3E3E3"
                  },
                  "height": "1.84615",
                  "name": "rect",
                  "transform": "rotate(-90 7.38464 10.3226)",
                  "type": "rect",
                  "width": "1.37634",
                  "x": "7.38464",
                  "y": "10.3226"
                }
              ],
              "name": "group",
              "type": "group"
            },
            {
              "elements": [
                {
                  "elements": [
                    {
                      "floodOpacity": "0",
                      "name": "feFlood",
                      "result": "BackgroundImageFix",
                      "type": "feFlood"
                    },
                    {
                      "in": "SourceAlpha",
                      "name": "feColorMatrix",
                      "result": "hardAlpha",
                      "type": "matrix",
                      "values": "0 0 0 0 0 0 0 0 0 0 0 0 0 0 0 0 0 0 127 0"
                    },
                    {
                      "dy": "4",
                      "name": "feOffset",
                      "type": "feOffset"
                    },
                    {
                      "name": "feGaussianBlur",
                      "stdDeviation": "2",
                      "type": "feGaussianBlur"
                    },
                    {
                      "in2": "hardAlpha",
                      "name": "feComposite",
                      "operator": "out",
                      "type": "feComposite"
                    },
                    {
                      "name": "feColorMatrix",
                      "type": "matrix",
                      "values": "0 0 0 0 0 0 0 0 0 0 0 0 0 0 0 0 0 0 0.25 0"
                    },
                    {
                      "in2": "BackgroundImageFix",
                      "mode": "normal",
                      "name": "feBlend",
                      "result": "effect1_dropShadow_152_404",
                      "type": "feBlend"
                    },
                    {
                      "in": "SourceGraphic",
                      "in2": "effect1_dropShadow_152_404",
                      "mode": "normal",
                      "name": "feBlend",
                      "result": "shape",
                      "type": "feBlend"
                    }
                  ],
                  "filterUnits": "userSpaceOnUse",
                  "height": "70.2796",
                  "id": "filter0_d_152_404",
                  "name": "filter0_d_152_404",
                  "type": "filter",
                  "width": "24.3077",
                  "x": "-4",
                  "y": "1.03223"
                },
                {
                  "elements": [
                    {
                      "fill": {
                        "paint": "white"
                      },
                      "height": "16",
                      "name": "rect",
                      "transform": "matrix(0 -1 1 0 0 64)",
                      "type": "rect",
                      "width": "64"
                    }
                  ],
                  "id": "clip0_152_404",
                  "name": "clip0_152_404",
                  "type": "clipPath"
                }
              ],
              "name": "defs",
              "type": "defs"
            }
          ],
          "fill": {
            "paint": "transparent"
          },
          "preserveAspectRatio": "xMinYMin",
          "style": {
            "marginLeft": 70
          },
          "viewBox": "0 0 16 64"
        },
        "type": "ia.shapes.svg"
      },
      {
        "children": [
          {
            "meta": {
              "name": "hold"
            },
            "position": {
              "basis": "40px",
              "display": false,
              "shrink": 0
            },
            "propConfig": {
              "position.display": {
                "binding": {
                  "config": {
                    "path": "view.params.progress"
                  },
                  "enabled": false,
                  "previewEnabled": false,
                  "transforms": [
                    {
                      "code": "\tA\u003dself.view.params.T_Stage\n\tB\u003dself.view.params.stage\n\tprogress\u003dvalue\n\t\n\tif (A\u003c\u003dB) and (progress\u003d\u003d\u0027Pending\u0027):\n\t\treturn bool(1)\n\telse:\t\n\t\treturn bool(0)",
                      "type": "script"
                    }
                  ],
                  "type": "property"
                }
              }
            },
            "props": {
              "color": "#D4D455",
              "path": "material/cancel"
            },
            "type": "ia.display.icon"
          },
          {
            "meta": {
              "name": "completed"
            },
            "position": {
              "basis": "40px"
            },
            "propConfig": {
              "position.display": {
                "binding": {
                  "config": {
                    "path": "view.custom.SS"
                  },
                  "enabled": false,
                  "previewEnabled": false,
                  "transforms": [
                    {
                      "fallback": null,
                      "inputType": "scalar",
                      "mappings": [
                        {
                          "input": 0,
                          "output": false
                        },
                        {
                          "input": 1,
                          "output": false
                        },
                        {
                          "input": 2,
                          "output": true
                        },
                        {
                          "input": 3,
                          "output": true
                        },
                        {
                          "input": 4,
                          "output": true
                        },
                        {
                          "input": 8,
                          "output": true
                        }
                      ],
                      "outputType": "scalar",
                      "type": "map"
                    }
                  ],
                  "type": "property"
                }
              }
            },
            "props": {
              "color": "#50D26B",
              "path": "material/check_circle"
            },
            "type": "ia.display.icon"
          },
          {
            "meta": {
              "name": "Label"
            },
            "position": {
              "basis": "52px",
              "shrink": 0
            },
            "propConfig": {
              "position.display": {
                "binding": {
                  "config": {
                    "expression": "now(100)"
                  },
                  "transforms": [
                    {
                      "code": "\tA\u003dself.getSibling(\"hold\").position.display\n\tB\u003dself.getSibling(\"completed\").position.display\n\tif A\u003d\u003dbool(1) or B\u003d\u003dbool(1):\n\t\treturn bool(1)\n\telse:\t\n\t\treturn bool(0)",
                      "type": "script"
                    }
                  ],
                  "type": "expr"
                }
              }
            },
            "props": {
              "text": "Pending",
              "textStyle": {
                "color": "#000000C9",
                "fontFamily": "Roboto",
                "fontSize": 12,
                "fontWeight": "normal",
                "textAlign": "center"
              }
            },
            "type": "ia.display.label"
          }
        ],
        "meta": {
          "name": "Pending"
        },
        "position": {
          "basis": "40px"
        },
        "props": {
          "style": {
            "marginLeft": 70
          }
        },
        "type": "ia.container.flex"
      },
      {
        "meta": {
          "name": "Subtract 7"
        },
        "position": {
          "basis": "150px"
        },
        "propConfig": {
          "props.elements[0].elements[0].elements[0].fill.paint": {
            "binding": {
              "config": {
                "expression": "now(100)"
              },
              "transforms": [
                {
                  "code": "\tA\u003dself.parent.getChild(\"inprogress\").getChild(\"completed\").position.display\n\tB\u003dself.parent.getChild(\"inprogress\").getChild(\"hold\").position.display\n\tif A\u003d\u003dbool(1) or B\u003d\u003dbool(1):\n\t\treturn \u0027#50D26B\u0027\n\telse:\t\n\t\treturn \u0027#E3E3E3\u0027",
                  "type": "script"
                }
              ],
              "type": "expr"
            }
          }
        },
        "props": {
          "elements": [
            {
              "clipPath": "url(#clip0_152_404)",
              "elements": [
                {
                  "elements": [
                    {
                      "clipRule": "evenodd",
                      "d": "M0 1.37634C0.880164 4.60036 4.68716 5.89883 7.69231 6.53629L7.69231 32L7.69231 57.3243C4.68716 57.9618 0.880168 60.0879 0 63.3118C1.628 60.3783 4.84209 58.769 8.15649 58.769C11.4709 58.769 14.6797 59.6902 16.3077 62.6237C15.4275 59.3997 11.9282 57.9618 8.92308 57.3243L8.92308 32L8.92308 6.53629C11.9282 5.89883 15.4275 4.25621 16.3077 1.03226C14.6797 3.96573 11.4709 5.0916 8.15649 5.0916C4.8421 5.0916 1.628 4.30982 0 1.37634Z",
                      "fill": {
                        "rule": "evenodd"
                      },
                      "name": "path",
                      "type": "path"
                    }
                  ],
                  "filter": "url(#filter0_d_152_404)",
                  "name": "group",
                  "type": "group"
                },
                {
                  "fill": {
                    "paint": "#E3E3E3"
                  },
                  "height": "1.84615",
                  "name": "rect",
                  "transform": "rotate(-90 7.38464 55.0538)",
                  "type": "rect",
                  "width": "1.37634",
                  "x": "7.38464",
                  "y": "55.0538"
                },
                {
                  "fill": {
                    "paint": "#E3E3E3"
                  },
                  "height": "1.84615",
                  "name": "rect",
                  "transform": "rotate(-90 7.38464 51.6129)",
                  "type": "rect",
                  "width": "1.37634",
                  "x": "7.38464",
                  "y": "51.6129"
                },
                {
                  "fill": {
                    "paint": "#E3E3E3"
                  },
                  "height": "1.84615",
                  "name": "rect",
                  "transform": "rotate(-90 7.38464 48.1721)",
                  "type": "rect",
                  "width": "1.37634",
                  "x": "7.38464",
                  "y": "48.1721"
                },
                {
                  "fill": {
                    "paint": "#E3E3E3"
                  },
                  "height": "1.84615",
                  "name": "rect",
                  "transform": "rotate(-90 7.38464 44.7312)",
                  "type": "rect",
                  "width": "1.37634",
                  "x": "7.38464",
                  "y": "44.7312"
                },
                {
                  "fill": {
                    "paint": "#E3E3E3"
                  },
                  "height": "1.84615",
                  "name": "rect",
                  "transform": "rotate(-90 7.38464 41.2903)",
                  "type": "rect",
                  "width": "1.37634",
                  "x": "7.38464",
                  "y": "41.2903"
                },
                {
                  "fill": {
                    "paint": "#E3E3E3"
                  },
                  "height": "1.84615",
                  "name": "rect",
                  "transform": "rotate(-90 7.38464 37.8495)",
                  "type": "rect",
                  "width": "1.37634",
                  "x": "7.38464",
                  "y": "37.8495"
                },
                {
                  "fill": {
                    "paint": "#E3E3E3"
                  },
                  "height": "1.84615",
                  "name": "rect",
                  "transform": "rotate(-90 7.38464 34.4086)",
                  "type": "rect",
                  "width": "1.37634",
                  "x": "7.38464",
                  "y": "34.4086"
                },
                {
                  "fill": {
                    "paint": "#E3E3E3"
                  },
                  "height": "1.84615",
                  "name": "rect",
                  "transform": "rotate(-90 7.38464 30.9678)",
                  "type": "rect",
                  "width": "1.37634",
                  "x": "7.38464",
                  "y": "30.9678"
                },
                {
                  "fill": {
                    "paint": "#E3E3E3"
                  },
                  "height": "1.84615",
                  "name": "rect",
                  "transform": "rotate(-90 7.38464 27.5269)",
                  "type": "rect",
                  "width": "1.37634",
                  "x": "7.38464",
                  "y": "27.5269"
                },
                {
                  "fill": {
                    "paint": "#E3E3E3"
                  },
                  "height": "1.84615",
                  "name": "rect",
                  "transform": "rotate(-90 7.38464 24.0861)",
                  "type": "rect",
                  "width": "1.37634",
                  "x": "7.38464",
                  "y": "24.0861"
                },
                {
                  "fill": {
                    "paint": "#E3E3E3"
                  },
                  "height": "1.84615",
                  "name": "rect",
                  "transform": "rotate(-90 7.38464 20.6451)",
                  "type": "rect",
                  "width": "1.37634",
                  "x": "7.38464",
                  "y": "20.6451"
                },
                {
                  "fill": {
                    "paint": "#E3E3E3"
                  },
                  "height": "1.84615",
                  "name": "rect",
                  "transform": "rotate(-90 7.38464 17.2043)",
                  "type": "rect",
                  "width": "1.37634",
                  "x": "7.38464",
                  "y": "17.2043"
                },
                {
                  "fill": {
                    "paint": "#E3E3E3"
                  },
                  "height": "1.84615",
                  "name": "rect",
                  "transform": "rotate(-90 7.38464 13.7634)",
                  "type": "rect",
                  "width": "1.37634",
                  "x": "7.38464",
                  "y": "13.7634"
                },
                {
                  "fill": {
                    "paint": "#E3E3E3"
                  },
                  "height": "1.84615",
                  "name": "rect",
                  "transform": "rotate(-90 7.38464 10.3226)",
                  "type": "rect",
                  "width": "1.37634",
                  "x": "7.38464",
                  "y": "10.3226"
                }
              ],
              "name": "group",
              "type": "group"
            },
            {
              "elements": [
                {
                  "elements": [
                    {
                      "floodOpacity": "0",
                      "name": "feFlood",
                      "result": "BackgroundImageFix",
                      "type": "feFlood"
                    },
                    {
                      "in": "SourceAlpha",
                      "name": "feColorMatrix",
                      "result": "hardAlpha",
                      "type": "matrix",
                      "values": "0 0 0 0 0 0 0 0 0 0 0 0 0 0 0 0 0 0 127 0"
                    },
                    {
                      "dy": "4",
                      "name": "feOffset",
                      "type": "feOffset"
                    },
                    {
                      "name": "feGaussianBlur",
                      "stdDeviation": "2",
                      "type": "feGaussianBlur"
                    },
                    {
                      "in2": "hardAlpha",
                      "name": "feComposite",
                      "operator": "out",
                      "type": "feComposite"
                    },
                    {
                      "name": "feColorMatrix",
                      "type": "matrix",
                      "values": "0 0 0 0 0 0 0 0 0 0 0 0 0 0 0 0 0 0 0.25 0"
                    },
                    {
                      "in2": "BackgroundImageFix",
                      "mode": "normal",
                      "name": "feBlend",
                      "result": "effect1_dropShadow_152_404",
                      "type": "feBlend"
                    },
                    {
                      "in": "SourceGraphic",
                      "in2": "effect1_dropShadow_152_404",
                      "mode": "normal",
                      "name": "feBlend",
                      "result": "shape",
                      "type": "feBlend"
                    }
                  ],
                  "filterUnits": "userSpaceOnUse",
                  "height": "70.2796",
                  "id": "filter0_d_152_404",
                  "name": "filter0_d_152_404",
                  "type": "filter",
                  "width": "24.3077",
                  "x": "-4",
                  "y": "1.03223"
                },
                {
                  "elements": [
                    {
                      "fill": {
                        "paint": "white"
                      },
                      "height": "16",
                      "name": "rect",
                      "transform": "matrix(0 -1 1 0 0 64)",
                      "type": "rect",
                      "width": "64"
                    }
                  ],
                  "id": "clip0_152_404",
                  "name": "clip0_152_404",
                  "type": "clipPath"
                }
              ],
              "name": "defs",
              "type": "defs"
            }
          ],
          "fill": {
            "paint": "transparent"
          },
          "preserveAspectRatio": "xMinYMin",
          "style": {
            "marginLeft": 70
          },
          "viewBox": "0 0 16 64"
        },
        "type": "ia.shapes.svg"
      },
      {
        "children": [
          {
            "meta": {
              "name": "hold"
            },
            "position": {
              "basis": "40px",
              "display": false
            },
            "props": {
              "color": "#D4D455",
              "path": "material/cancel"
            },
            "type": "ia.display.icon"
          },
          {
            "meta": {
              "name": "completed"
            },
            "position": {
              "basis": "40px"
            },
            "props": {
              "color": "#50D26B",
              "path": "material/check_circle"
            },
            "type": "ia.display.icon"
          },
          {
            "meta": {
              "name": "Label"
            },
            "position": {
              "basis": "59px"
            },
            "propConfig": {
              "position.display": {
                "binding": {
                  "config": {
                    "expression": "now(100)"
                  },
                  "transforms": [
                    {
                      "code": "\tA\u003dself.getSibling(\"hold\").position.display\n\tB\u003dself.getSibling(\"completed\").position.display\n\tif A\u003d\u003dbool(1) or B\u003d\u003dbool(1):\n\t\treturn bool(1)\n\telse:\t\n\t\treturn bool(0)",
                      "type": "script"
                    }
                  ],
                  "type": "expr"
                }
              }
            },
            "props": {
              "text": "In-Progress",
              "textStyle": {
                "color": "#060000",
                "fontFamily": "Roboto",
                "fontSize": 12,
                "fontWeight": "normal",
                "textAlign": "center"
              }
            },
            "type": "ia.display.label"
          }
        ],
        "meta": {
          "name": "inprogress"
        },
        "position": {
          "basis": "40px"
        },
        "props": {
          "style": {
            "marginLeft": 70
          }
        },
        "type": "ia.container.flex"
      },
      {
        "meta": {
          "name": "Subtract 8"
        },
        "position": {
          "basis": "150px"
        },
        "propConfig": {
          "props.elements[0].elements[0].elements[0].fill.paint": {
            "binding": {
              "config": {
                "expression": "now(100)"
              },
              "transforms": [
                {
                  "code": "\tA\u003dself.parent.getChild(\"hold\").getChild(\"hold\").position.display\n\tB\u003dself.parent.getChild(\"hold\").getChild(\"completed\").position.display\n\tif A\u003d\u003dbool(1) or B\u003d\u003dbool(1):\n\t\treturn \u0027#50D26B\u0027\n\telse:\t\n\t\treturn \u0027#E3E3E3\u0027",
                  "type": "script"
                }
              ],
              "type": "expr"
            }
          }
        },
        "props": {
          "elements": [
            {
              "clipPath": "url(#clip0_152_404)",
              "elements": [
                {
                  "elements": [
                    {
                      "clipRule": "evenodd",
                      "d": "M0 1.37634C0.880164 4.60036 4.68716 5.89883 7.69231 6.53629L7.69231 32L7.69231 57.3243C4.68716 57.9618 0.880168 60.0879 0 63.3118C1.628 60.3783 4.84209 58.769 8.15649 58.769C11.4709 58.769 14.6797 59.6902 16.3077 62.6237C15.4275 59.3997 11.9282 57.9618 8.92308 57.3243L8.92308 32L8.92308 6.53629C11.9282 5.89883 15.4275 4.25621 16.3077 1.03226C14.6797 3.96573 11.4709 5.0916 8.15649 5.0916C4.8421 5.0916 1.628 4.30982 0 1.37634Z",
                      "fill": {
                        "rule": "evenodd"
                      },
                      "name": "path",
                      "type": "path"
                    }
                  ],
                  "filter": "url(#filter0_d_152_404)",
                  "name": "group",
                  "type": "group"
                },
                {
                  "fill": {
                    "paint": "#E3E3E3"
                  },
                  "height": "1.84615",
                  "name": "rect",
                  "transform": "rotate(-90 7.38464 55.0538)",
                  "type": "rect",
                  "width": "1.37634",
                  "x": "7.38464",
                  "y": "55.0538"
                },
                {
                  "fill": {
                    "paint": "#E3E3E3"
                  },
                  "height": "1.84615",
                  "name": "rect",
                  "transform": "rotate(-90 7.38464 51.6129)",
                  "type": "rect",
                  "width": "1.37634",
                  "x": "7.38464",
                  "y": "51.6129"
                },
                {
                  "fill": {
                    "paint": "#E3E3E3"
                  },
                  "height": "1.84615",
                  "name": "rect",
                  "transform": "rotate(-90 7.38464 48.1721)",
                  "type": "rect",
                  "width": "1.37634",
                  "x": "7.38464",
                  "y": "48.1721"
                },
                {
                  "fill": {
                    "paint": "#E3E3E3"
                  },
                  "height": "1.84615",
                  "name": "rect",
                  "transform": "rotate(-90 7.38464 44.7312)",
                  "type": "rect",
                  "width": "1.37634",
                  "x": "7.38464",
                  "y": "44.7312"
                },
                {
                  "fill": {
                    "paint": "#E3E3E3"
                  },
                  "height": "1.84615",
                  "name": "rect",
                  "transform": "rotate(-90 7.38464 41.2903)",
                  "type": "rect",
                  "width": "1.37634",
                  "x": "7.38464",
                  "y": "41.2903"
                },
                {
                  "fill": {
                    "paint": "#E3E3E3"
                  },
                  "height": "1.84615",
                  "name": "rect",
                  "transform": "rotate(-90 7.38464 37.8495)",
                  "type": "rect",
                  "width": "1.37634",
                  "x": "7.38464",
                  "y": "37.8495"
                },
                {
                  "fill": {
                    "paint": "#E3E3E3"
                  },
                  "height": "1.84615",
                  "name": "rect",
                  "transform": "rotate(-90 7.38464 34.4086)",
                  "type": "rect",
                  "width": "1.37634",
                  "x": "7.38464",
                  "y": "34.4086"
                },
                {
                  "fill": {
                    "paint": "#E3E3E3"
                  },
                  "height": "1.84615",
                  "name": "rect",
                  "transform": "rotate(-90 7.38464 30.9678)",
                  "type": "rect",
                  "width": "1.37634",
                  "x": "7.38464",
                  "y": "30.9678"
                },
                {
                  "fill": {
                    "paint": "#E3E3E3"
                  },
                  "height": "1.84615",
                  "name": "rect",
                  "transform": "rotate(-90 7.38464 27.5269)",
                  "type": "rect",
                  "width": "1.37634",
                  "x": "7.38464",
                  "y": "27.5269"
                },
                {
                  "fill": {
                    "paint": "#E3E3E3"
                  },
                  "height": "1.84615",
                  "name": "rect",
                  "transform": "rotate(-90 7.38464 24.0861)",
                  "type": "rect",
                  "width": "1.37634",
                  "x": "7.38464",
                  "y": "24.0861"
                },
                {
                  "fill": {
                    "paint": "#E3E3E3"
                  },
                  "height": "1.84615",
                  "name": "rect",
                  "transform": "rotate(-90 7.38464 20.6451)",
                  "type": "rect",
                  "width": "1.37634",
                  "x": "7.38464",
                  "y": "20.6451"
                },
                {
                  "fill": {
                    "paint": "#E3E3E3"
                  },
                  "height": "1.84615",
                  "name": "rect",
                  "transform": "rotate(-90 7.38464 17.2043)",
                  "type": "rect",
                  "width": "1.37634",
                  "x": "7.38464",
                  "y": "17.2043"
                },
                {
                  "fill": {
                    "paint": "#E3E3E3"
                  },
                  "height": "1.84615",
                  "name": "rect",
                  "transform": "rotate(-90 7.38464 13.7634)",
                  "type": "rect",
                  "width": "1.37634",
                  "x": "7.38464",
                  "y": "13.7634"
                },
                {
                  "fill": {
                    "paint": "#E3E3E3"
                  },
                  "height": "1.84615",
                  "name": "rect",
                  "transform": "rotate(-90 7.38464 10.3226)",
                  "type": "rect",
                  "width": "1.37634",
                  "x": "7.38464",
                  "y": "10.3226"
                }
              ],
              "name": "group",
              "type": "group"
            },
            {
              "elements": [
                {
                  "elements": [
                    {
                      "floodOpacity": "0",
                      "name": "feFlood",
                      "result": "BackgroundImageFix",
                      "type": "feFlood"
                    },
                    {
                      "in": "SourceAlpha",
                      "name": "feColorMatrix",
                      "result": "hardAlpha",
                      "type": "matrix",
                      "values": "0 0 0 0 0 0 0 0 0 0 0 0 0 0 0 0 0 0 127 0"
                    },
                    {
                      "dy": "4",
                      "name": "feOffset",
                      "type": "feOffset"
                    },
                    {
                      "name": "feGaussianBlur",
                      "stdDeviation": "2",
                      "type": "feGaussianBlur"
                    },
                    {
                      "in2": "hardAlpha",
                      "name": "feComposite",
                      "operator": "out",
                      "type": "feComposite"
                    },
                    {
                      "name": "feColorMatrix",
                      "type": "matrix",
                      "values": "0 0 0 0 0 0 0 0 0 0 0 0 0 0 0 0 0 0 0.25 0"
                    },
                    {
                      "in2": "BackgroundImageFix",
                      "mode": "normal",
                      "name": "feBlend",
                      "result": "effect1_dropShadow_152_404",
                      "type": "feBlend"
                    },
                    {
                      "in": "SourceGraphic",
                      "in2": "effect1_dropShadow_152_404",
                      "mode": "normal",
                      "name": "feBlend",
                      "result": "shape",
                      "type": "feBlend"
                    }
                  ],
                  "filterUnits": "userSpaceOnUse",
                  "height": "70.2796",
                  "id": "filter0_d_152_404",
                  "name": "filter0_d_152_404",
                  "type": "filter",
                  "width": "24.3077",
                  "x": "-4",
                  "y": "1.03223"
                },
                {
                  "elements": [
                    {
                      "fill": {
                        "paint": "white"
                      },
                      "height": "16",
                      "name": "rect",
                      "transform": "matrix(0 -1 1 0 0 64)",
                      "type": "rect",
                      "width": "64"
                    }
                  ],
                  "id": "clip0_152_404",
                  "name": "clip0_152_404",
                  "type": "clipPath"
                }
              ],
              "name": "defs",
              "type": "defs"
            }
          ],
          "fill": {
            "paint": "transparent"
          },
          "preserveAspectRatio": "xMinYMin",
          "style": {
            "marginLeft": 70
          },
          "viewBox": "0 0 16 64"
        },
        "type": "ia.shapes.svg"
      },
      {
        "children": [
          {
            "meta": {
              "name": "completed"
            },
            "position": {
              "basis": "40px"
            },
            "props": {
              "color": "#50D26B",
              "path": "material/check_circle"
            },
            "type": "ia.display.icon"
          },
          {
            "meta": {
              "name": "hold"
            },
            "position": {
              "basis": "40px",
              "display": false
            },
            "props": {
              "color": "#D4D455",
              "path": "material/cancel"
            },
            "type": "ia.display.icon"
          },
          {
            "meta": {
              "name": "Label"
            },
            "position": {
              "basis": "44px"
            },
            "propConfig": {
              "position.display": {
                "binding": {
                  "config": {
                    "expression": "now(100)"
                  },
                  "transforms": [
                    {
                      "code": "\tA\u003dself.getSibling(\"hold\").position.display\n\tB\u003dself.getSibling(\"completed\").position.display\n\tif A\u003d\u003dbool(1) or B\u003d\u003dbool(1):\n\t\treturn bool(1)\n\telse:\t\n\t\treturn bool(0)",
                      "type": "script"
                    }
                  ],
                  "type": "expr"
                }
              }
            },
            "props": {
              "text": "Hold",
              "textStyle": {
                "color": "#060000",
                "fontFamily": "Roboto",
                "fontSize": 12,
                "fontWeight": "normal",
                "textAlign": "center"
              }
            },
            "type": "ia.display.label"
          }
        ],
        "meta": {
          "name": "hold"
        },
        "position": {
          "basis": "40px"
        },
        "props": {
          "style": {
            "marginLeft": 70
          }
        },
        "type": "ia.container.flex"
      },
      {
        "meta": {
          "name": "Subtract 9"
        },
        "position": {
          "basis": "150px"
        },
        "propConfig": {
          "props.elements[0].elements[0].elements[0].fill.paint": {
            "binding": {
              "config": {
                "expression": "now(100)"
              },
              "transforms": [
                {
                  "code": "\tA\u003dself.parent.getChild(\"completed\").getChild(\"hold\").position.display\n\tB\u003dself.parent.getChild(\"completed\").getChild(\"completed\").position.display\n\tif A\u003d\u003dbool(1) or B\u003d\u003dbool(1):\n\t\treturn \u0027#50D26B\u0027\n\telse:\t\n\t\treturn \u0027#E3E3E3\u0027",
                  "type": "script"
                }
              ],
              "type": "expr"
            }
          }
        },
        "props": {
          "elements": [
            {
              "clipPath": "url(#clip0_152_404)",
              "elements": [
                {
                  "elements": [
                    {
                      "clipRule": "evenodd",
                      "d": "M0 1.37634C0.880164 4.60036 4.68716 5.89883 7.69231 6.53629L7.69231 32L7.69231 57.3243C4.68716 57.9618 0.880168 60.0879 0 63.3118C1.628 60.3783 4.84209 58.769 8.15649 58.769C11.4709 58.769 14.6797 59.6902 16.3077 62.6237C15.4275 59.3997 11.9282 57.9618 8.92308 57.3243L8.92308 32L8.92308 6.53629C11.9282 5.89883 15.4275 4.25621 16.3077 1.03226C14.6797 3.96573 11.4709 5.0916 8.15649 5.0916C4.8421 5.0916 1.628 4.30982 0 1.37634Z",
                      "fill": {
                        "rule": "evenodd"
                      },
                      "name": "path",
                      "type": "path"
                    }
                  ],
                  "filter": "url(#filter0_d_152_404)",
                  "name": "group",
                  "type": "group"
                },
                {
                  "fill": {
                    "paint": "#E3E3E3"
                  },
                  "height": "1.84615",
                  "name": "rect",
                  "transform": "rotate(-90 7.38464 55.0538)",
                  "type": "rect",
                  "width": "1.37634",
                  "x": "7.38464",
                  "y": "55.0538"
                },
                {
                  "fill": {
                    "paint": "#E3E3E3"
                  },
                  "height": "1.84615",
                  "name": "rect",
                  "transform": "rotate(-90 7.38464 51.6129)",
                  "type": "rect",
                  "width": "1.37634",
                  "x": "7.38464",
                  "y": "51.6129"
                },
                {
                  "fill": {
                    "paint": "#E3E3E3"
                  },
                  "height": "1.84615",
                  "name": "rect",
                  "transform": "rotate(-90 7.38464 48.1721)",
                  "type": "rect",
                  "width": "1.37634",
                  "x": "7.38464",
                  "y": "48.1721"
                },
                {
                  "fill": {
                    "paint": "#E3E3E3"
                  },
                  "height": "1.84615",
                  "name": "rect",
                  "transform": "rotate(-90 7.38464 44.7312)",
                  "type": "rect",
                  "width": "1.37634",
                  "x": "7.38464",
                  "y": "44.7312"
                },
                {
                  "fill": {
                    "paint": "#E3E3E3"
                  },
                  "height": "1.84615",
                  "name": "rect",
                  "transform": "rotate(-90 7.38464 41.2903)",
                  "type": "rect",
                  "width": "1.37634",
                  "x": "7.38464",
                  "y": "41.2903"
                },
                {
                  "fill": {
                    "paint": "#E3E3E3"
                  },
                  "height": "1.84615",
                  "name": "rect",
                  "transform": "rotate(-90 7.38464 37.8495)",
                  "type": "rect",
                  "width": "1.37634",
                  "x": "7.38464",
                  "y": "37.8495"
                },
                {
                  "fill": {
                    "paint": "#E3E3E3"
                  },
                  "height": "1.84615",
                  "name": "rect",
                  "transform": "rotate(-90 7.38464 34.4086)",
                  "type": "rect",
                  "width": "1.37634",
                  "x": "7.38464",
                  "y": "34.4086"
                },
                {
                  "fill": {
                    "paint": "#E3E3E3"
                  },
                  "height": "1.84615",
                  "name": "rect",
                  "transform": "rotate(-90 7.38464 30.9678)",
                  "type": "rect",
                  "width": "1.37634",
                  "x": "7.38464",
                  "y": "30.9678"
                },
                {
                  "fill": {
                    "paint": "#E3E3E3"
                  },
                  "height": "1.84615",
                  "name": "rect",
                  "transform": "rotate(-90 7.38464 27.5269)",
                  "type": "rect",
                  "width": "1.37634",
                  "x": "7.38464",
                  "y": "27.5269"
                },
                {
                  "fill": {
                    "paint": "#E3E3E3"
                  },
                  "height": "1.84615",
                  "name": "rect",
                  "transform": "rotate(-90 7.38464 24.0861)",
                  "type": "rect",
                  "width": "1.37634",
                  "x": "7.38464",
                  "y": "24.0861"
                },
                {
                  "fill": {
                    "paint": "#E3E3E3"
                  },
                  "height": "1.84615",
                  "name": "rect",
                  "transform": "rotate(-90 7.38464 20.6451)",
                  "type": "rect",
                  "width": "1.37634",
                  "x": "7.38464",
                  "y": "20.6451"
                },
                {
                  "fill": {
                    "paint": "#E3E3E3"
                  },
                  "height": "1.84615",
                  "name": "rect",
                  "transform": "rotate(-90 7.38464 17.2043)",
                  "type": "rect",
                  "width": "1.37634",
                  "x": "7.38464",
                  "y": "17.2043"
                },
                {
                  "fill": {
                    "paint": "#E3E3E3"
                  },
                  "height": "1.84615",
                  "name": "rect",
                  "transform": "rotate(-90 7.38464 13.7634)",
                  "type": "rect",
                  "width": "1.37634",
                  "x": "7.38464",
                  "y": "13.7634"
                },
                {
                  "fill": {
                    "paint": "#E3E3E3"
                  },
                  "height": "1.84615",
                  "name": "rect",
                  "transform": "rotate(-90 7.38464 10.3226)",
                  "type": "rect",
                  "width": "1.37634",
                  "x": "7.38464",
                  "y": "10.3226"
                }
              ],
              "name": "group",
              "type": "group"
            },
            {
              "elements": [
                {
                  "elements": [
                    {
                      "floodOpacity": "0",
                      "name": "feFlood",
                      "result": "BackgroundImageFix",
                      "type": "feFlood"
                    },
                    {
                      "in": "SourceAlpha",
                      "name": "feColorMatrix",
                      "result": "hardAlpha",
                      "type": "matrix",
                      "values": "0 0 0 0 0 0 0 0 0 0 0 0 0 0 0 0 0 0 127 0"
                    },
                    {
                      "dy": "4",
                      "name": "feOffset",
                      "type": "feOffset"
                    },
                    {
                      "name": "feGaussianBlur",
                      "stdDeviation": "2",
                      "type": "feGaussianBlur"
                    },
                    {
                      "in2": "hardAlpha",
                      "name": "feComposite",
                      "operator": "out",
                      "type": "feComposite"
                    },
                    {
                      "name": "feColorMatrix",
                      "type": "matrix",
                      "values": "0 0 0 0 0 0 0 0 0 0 0 0 0 0 0 0 0 0 0.25 0"
                    },
                    {
                      "in2": "BackgroundImageFix",
                      "mode": "normal",
                      "name": "feBlend",
                      "result": "effect1_dropShadow_152_404",
                      "type": "feBlend"
                    },
                    {
                      "in": "SourceGraphic",
                      "in2": "effect1_dropShadow_152_404",
                      "mode": "normal",
                      "name": "feBlend",
                      "result": "shape",
                      "type": "feBlend"
                    }
                  ],
                  "filterUnits": "userSpaceOnUse",
                  "height": "70.2796",
                  "id": "filter0_d_152_404",
                  "name": "filter0_d_152_404",
                  "type": "filter",
                  "width": "24.3077",
                  "x": "-4",
                  "y": "1.03223"
                },
                {
                  "elements": [
                    {
                      "fill": {
                        "paint": "white"
                      },
                      "height": "16",
                      "name": "rect",
                      "transform": "matrix(0 -1 1 0 0 64)",
                      "type": "rect",
                      "width": "64"
                    }
                  ],
                  "id": "clip0_152_404",
                  "name": "clip0_152_404",
                  "type": "clipPath"
                }
              ],
              "name": "defs",
              "type": "defs"
            }
          ],
          "fill": {
            "paint": "transparent"
          },
          "preserveAspectRatio": "xMinYMin",
          "style": {
            "marginLeft": 70
          },
          "viewBox": "0 0 16 64"
        },
        "type": "ia.shapes.svg"
      },
      {
        "children": [
          {
            "meta": {
              "name": "completed"
            },
            "position": {
              "basis": "40px",
              "display": false
            },
            "props": {
              "color": "#50D26B",
              "path": "material/check_circle"
            },
            "type": "ia.display.icon"
          },
          {
            "meta": {
              "name": "hold"
            },
            "position": {
              "basis": "40px"
            },
            "props": {
              "color": "#D4D455",
              "path": "material/cancel"
            },
            "type": "ia.display.icon"
          },
          {
            "meta": {
              "name": "Label"
            },
            "position": {
              "basis": "74px"
            },
            "propConfig": {
              "position.display": {
                "binding": {
                  "config": {
                    "expression": "now(100)"
                  },
                  "transforms": [
                    {
                      "code": "\tA\u003dself.getSibling(\"hold\").position.display\n\tB\u003dself.getSibling(\"completed\").position.display\n\tif A\u003d\u003dbool(1) or B\u003d\u003dbool(1):\n\t\treturn bool(1)\n\telse:\t\n\t\treturn bool(0)",
                      "type": "script"
                    }
                  ],
                  "type": "expr"
                }
              }
            },
            "props": {
              "text": "Completed",
              "textStyle": {
                "color": "#060000",
                "fontFamily": "Roboto",
                "fontSize": 12,
                "fontWeight": "normal",
                "textAlign": "center"
              }
            },
            "type": "ia.display.label"
          }
        ],
        "meta": {
          "name": "completed"
        },
        "position": {
          "basis": "40px"
        },
        "props": {
          "style": {
            "marginLeft": 70,
            "overflow": "hidden"
          }
        },
        "type": "ia.container.flex"
      }
    ],
    "meta": {
      "name": "root"
    },
    "props": {
      "direction": "column",
      "style": {
        "padding": 20
      }
    },
    "type": "ia.container.flex"
  }
}