{
  "custom": {},
  "params": {},
  "props": {
    "defaultSize": {
      "height": 424
    }
  },
  "root": {
    "children": [
      {
        "children": [
          {
            "meta": {
              "name": "FlexContainer"
            },
            "position": {
              "basis": "30px"
            },
            "type": "ia.container.flex"
          },
          {
            "meta": {
              "name": "Label"
            },
            "position": {
              "basis": "152px"
            },
            "props": {
              "text": "Planning Order Creation",
              "textStyle": {
                "fontFamily": "Roboto",
                "fontSize": 14,
                "fontWeight": "bold"
              }
            },
            "type": "ia.display.label"
          }
        ],
        "meta": {
          "name": "FlexContainer"
        },
        "position": {
          "basis": "40px"
        },
        "type": "ia.container.flex"
      },
      {
        "children": [
          {
            "children": [
              {
                "meta": {
                  "name": "FlexContainer"
                },
                "position": {
                  "basis": "30px"
                },
                "type": "ia.container.flex"
              },
              {
                "meta": {
                  "name": "Dropdown"
                },
                "position": {
                  "basis": "221px"
                },
                "props": {
                  "options": [
                    {
                      "label": "Bangalore",
                      "value": "Bangalore"
                    },
                    {
                      "label": "Dobbaspet",
                      "value": "Dobbaspet"
                    },
                    {
                      "label": "Bhiwadi",
                      "value": "Bhiwadi"
                    }
                  ],
                  "style": {
                    "borderBottomLeftRadius": 10,
                    "borderBottomRightRadius": 10,
                    "borderTopLeftRadius": 10,
                    "borderTopRightRadius": 10,
                    "marginRight": 25
                  },
                  "value": "Select..."
                },
                "type": "ia.input.dropdown"
              },
              {
                "events": {
                  "dom": {
                    "onClick": {
                      "config": {
                        "script": "\tself.parent.parent.parent.getChild(\"EmbeddedView\").props.path\u003d\u0027PPC/PPC_screens/SO_planning_frame\u0027"
                      },
                      "scope": "G",
                      "type": "script"
                    }
                  }
                },
                "meta": {
                  "name": "Button"
                },
                "position": {
                  "basis": "80px"
                },
                "props": {
                  "style": {
                    "borderBottomLeftRadius": 5,
                    "borderBottomRightRadius": 5,
                    "borderTopLeftRadius": 5,
                    "borderTopRightRadius": 5
                  },
                  "text": "Submit"
                },
                "type": "ia.input.button"
              }
            ],
            "meta": {
              "name": "FlexContainer_0"
            },
            "position": {
              "basis": "30px",
              "grow": 1,
              "shrink": 0
            },
            "props": {
              "alignContent": "space-around"
            },
            "type": "ia.container.flex"
          }
        ],
        "meta": {
          "name": "FlexContainer_0"
        },
        "position": {
          "basis": "29px"
        },
        "type": "ia.container.flex"
      },
      {
        "meta": {
          "name": "EmbeddedView"
        },
        "position": {
          "basis": "320px",
          "grow": 1,
          "shrink": 0
        },
        "type": "ia.display.view"
      }
    ],
    "meta": {
      "name": "root"
    },
    "props": {
      "direction": "column",
      "style": {
        "overflow": "hidden"
      }
    },
    "type": "ia.container.flex"
  }
}