{
  "custom": {},
  "params": {
    "sto_po": ""
  },
  "propConfig": {
    "params.sto_po": {
      "paramDirection": "input",
      "persistent": true
    }
  },
  "props": {
    "defaultSize": {
      "height": 157,
      "width": 304
    }
  },
  "root": {
    "children": [
      {
        "meta": {
          "name": "Label_0"
        },
        "position": {
          "basis": "32px"
        },
        "props": {
          "style": {
            "backgroundColor": "#D5D5D5",
            "color": "#808080",
            "fontSize": 19,
            "marginBottom": "10px",
            "textAlign": "center"
          },
          "text": "Click below"
        },
        "type": "ia.display.label"
      },
      {
        "custom": {
          "qrRaw": "B.NO-LOG ID:AG26J00051  LOG DIA:152.40 LENGTH:5700.00 ALLOY:A5S WEIGHT:280.59 SAP ID:0003947357 PO_NO:003000011512 8"
        },
        "events": {
          "dom": {
            "onMouseEnter": [
              {
                "config": {
                  "script": "\timport re\n\timport time \n\tLOGID \u003d \"B.NO-LOG ID:AG26J00051  LOG DIA:152.40 LENGTH:5700.00 ALLOY:A5S WEIGHT:280.59 SAP ID:0003947357 PO_NO:003000011512 8\"\n\tself.custom.qrRaw \u003d LOGID\n\t#logid \u003d self.props.text\n\t#self.parent.parent.parent.getChild(\"TextField\").props.text \u003d logid\n\t#LOGID\u003dself.parent.parent.parent.getChild(\"TextField\").props.text\n\tif len(str(LOGID))\u003e20 and len(str(LOGID))\u003c\u003d110:\n\t    LOGID\u003dQRDATA.getLOGID.LOGID(LOGID)\n\t    \n\telif len(str(LOGID))\u003e110:    \n\t#   Collect LOG ID if len \u003e 100 character\n\t    text \u003d str(LOGID)    \n\t    log_ids \u003d re.findall(r\u0027B\\.NO-LOG ID:\\s*(\\S+)\u0027, text)\n\t    quoted_data_list \u003d [\"\" + item + \"\" for item in log_ids]\n\t    data_string \u003d \u0027, \u0027.join(quoted_data_list)\n\t    LOGID\u003d data_string\n\t   \n\n\telse:\n\t    LOGID\u003dLOGID \n\t   \n\tself.props.text\u003dLOGID[0:10]\t\t\n\t\t\t\t"
                },
                "scope": "G",
                "stopPropagation": true,
                "type": "script"
              },
              {
                "config": {
                  "config": {
                    "backgroundColor": "AUTO",
                    "cameraPreference": "BACK",
                    "type": "QR_CODE",
                    "uuid": "c4ab3d5e-6359-4cc0-98f3-b49c6cea583e"
                  },
                  "context": {}
                },
                "scope": "C",
                "type": "native/barcode"
              }
            ]
          }
        },
        "meta": {
          "name": "TextField"
        },
        "position": {
          "basis": "44px"
        },
        "props": {
          "style": {
            "fontSize": "22px",
            "fontWeight": "bold",
            "marginBottom": "10px",
            "marginLeft": "20px",
            "marginRight": "20px",
            "textAlign": "center"
          },
          "text": "AG26J00051"
        },
        "type": "ia.input.text-field"
      },
      {
        "events": {
          "dom": {
            "onClick": {
              "config": {
                "script": "\trawQR \u003d self.getSibling(\"TextField\").custom.qrRaw\n\tLOGID \u003d self.getSibling(\"TextField\").props.text\t  \n\tpayload \u003d {\"A\" : LOGID}\n\tsystem.perspective.sendMessage(\"logID\", payload, scope \u003d \"session\")\n\tsystem.perspective.print(\u0027logid sent\u0027)\n\t#check if the scanned data is present on 75\n\tquery1 \u003d \u0027\u0027\u0027select [Log_ID]\n\t\t\t\tfrom [dbo].[Receiving_Logid]\n\t\t\t\twhere [Log_ID]\u003d?\u0027\u0027\u0027\n\targs1 \u003d [LOGID]\n\tdata \u003d system.db.runPrepQuery(query1, args1, \u0027Receivingdata\u0027)\n\t#if data is not present go to 236 data and fetch for that log id\n\tif(len(data)\u003c1):\n\t\tquery2 \u003d \u0027\u0027\u0027select \n\t\t\t\t[MESDispatch_UUID],\n\t\t\t\t[Log_ID],\n\t\t\t\t[Po_No],\n\t\t\t\t[Alloy],\n\t\t\t\t[Dia],\n\t\t\t\t[Length],\n\t\t\t\t[Weight],\n\t\t\t\t[SAP_ID],\n\t\t\t\t[SFG]\n\t\t\t\tfrom [dbo].[Dispatch_Logid]\n\t\t\twhere [Log_ID]\u003d?\u0027\u0027\u0027\n\t\t\n\t\tdata1 \u003d system.db.runPrepQuery(query2, args1, \u0027DispatchedData\u0027)\n\t\t#data1 \u003d system.dataset.toDataSet(data11)\n\t\tuid \u003d data1[0][\u0027MESDispatch_UUID\u0027]\n\t\t#uid \u003d data1[0]\n\t\tlogid \u003d data1[0][\u0027Log_ID\u0027]\n\t\tpono \u003d data1[0][\u0027Po_No\u0027]\n\t\talloy \u003d data1[0][\u0027Alloy\u0027]\n\t\tdia \u003d data1[0][\u0027Dia\u0027]\n\t\tlength \u003d data1[0][\u0027Length\u0027]\n\t\tweight \u003d data1[0][\u0027Weight\u0027]\n\t\tsapid \u003d data1[0][\u0027SAP_ID\u0027]\n\t\tsfg \u003d data1[0][\u0027SFG\u0027]\n\t#after fetching the data add it into the 75 data \n\t\tquery3 \u003d \u0027\u0027\u0027insert into [JALLOG].[dbo].[Receiving_Logid]([MESDispatch_UUID]\n\t      ,[Log_ID]\n\t      ,[Alloy]\n\t      ,[Dia]\n\t      ,[Length]\n\t      ,[Weight]\n\t      ,[SAP_ID]\n\t      ,[QR_Raw]\n\t      ,[SFG]\n\t      ,[Po_No])values (?,?,?,?,?,?,?,?,?,?)\u0027\u0027\u0027\n\t   \targs2 \u003d [uid,logid,alloy,dia,length,weight,sapid,rawQR,sfg,pono]\n\t   \tdata3 \u003d system.db.runPrepUpdate(query3, args2, \u0027Receivingdata\u0027)\n\t   \t\n\t   \tsystem.perspective.print(\u0027Insert query executed\u0027)\n\t   \tself.getSibling(\"Label\").meta.visible \u003d False\n\telse:\n\t\tself.getSibling(\"Label\").meta.visible \u003d True\n\t\tself.getSibling(\"Label\").props.text \u003d \"Log is already scanned\"\n\tsystem.perspective.closePopup(\u0027JejZDfsP\u0027)\n\t\t   \n\t#get the length and weight pass it to main view\n\tquery4 \u003d \u0027\u0027\u0027 select \n\t  \t  sum(L.Weight) as total_weight,\n\t  \t  count(L.Log_ID) as total_logs\n\t  \t  from [dbo].[Dispatch_Logid] as L\n\t  \t  join [dbo].[MES_Dispatch] as M\n\t  \t  on L.MESDispatch_UUID \u003d M.UUID\n\t  \t  Where M.UUID \u003d ? \u0027\u0027\u0027\n\targs4 \u003d[self.view.params.sto_po]\n\tdata4 \u003d system.db.runPrepQuery(query4, args4, \u0027Dispatcheddata\u0027)\n\ttw \u003d data4[0][\u0027total_weight\u0027]\n\ttl \u003d data4[0][\u0027total_logs\u0027]\n\tpayload1 \u003d {\"total_weight\" : tw ,\"total_logs\" : tl }\n\tsystem.perspective.sendMessage(\"totals\", payload1, scope \u003d \"session\")\n\tsystem.perspective.print(\u0027----------------------------Totals sent-------------------\u0027)"
              },
              "scope": "G",
              "type": "script"
            }
          }
        },
        "meta": {
          "name": "Button"
        },
        "position": {
          "basis": "44px"
        },
        "props": {
          "style": {
            "backgroundColor": "#000080",
            "marginLeft": 50,
            "marginRight": 50,
            "marginTop": 20
          },
          "text": "OK"
        },
        "type": "ia.input.button"
      },
      {
        "meta": {
          "name": "Label"
        },
        "position": {
          "basis": "32px"
        },
        "props": {
          "style": {
            "color": "#DF312B",
            "fontFamily": "Verdana",
            "fontSize": 20,
            "fontWeight": "bold",
            "textAlign": "center"
          },
          "text": "Log is already scanned"
        },
        "type": "ia.display.label"
      },
      {
        "meta": {
          "name": "Label_1"
        },
        "position": {
          "basis": "32px"
        },
        "propConfig": {
          "props.text": {
            "binding": {
              "config": {
                "path": "view.params.sto_po"
              },
              "type": "property"
            }
          }
        },
        "type": "ia.display.label"
      }
    ],
    "meta": {
      "name": "root"
    },
    "props": {
      "direction": "column",
      "justify": "center"
    },
    "type": "ia.container.flex"
  }
}