{
  "custom": {},
  "params": {},
  "props": {
    "defaultSize": {
      "height": 900,
      "width": 656
    }
  },
  "root": {
    "children": [
      {
        "meta": {
          "name": "ReportViewer"
        },
        "position": {
          "height": 885,
          "width": 620,
          "x": 22,
          "y": 8
        },
        "props": {
          "page": 1,
          "pageCount": 2,
          "source": "LS_1",
          "zoomLevel": 100
        },
        "type": "ia.reporting.report-viewer"
      }
    ],
    "meta": {
      "name": "root"
    },
    "type": "ia.container.coord"
  }
}