{
  "custom": {},
  "params": {},
  "props": {
    "defaultSize": {
      "width": 1197
    }
  },
  "root": {
    "children": [
      {
        "meta": {
          "name": "FlexRepeater"
        },
        "position": {
          "basis": "800px"
        },
        "props": {
          "direction": "column",
          "elementStyle": {
            "marginBottom": 10,
            "marginTop": 10
          },
          "instances": [
            {
              "instancePosition": {},
              "instanceStyle": {
                "classes": ""
              },
              "rack_no": 4,
              "selected": true
            },
            {
              "instancePosition": {},
              "instanceStyle": {
                "classes": ""
              },
              "rack_no": 7,
              "selected": true
            },
            {
              "instancePosition": {},
              "instanceStyle": {
                "classes": ""
              },
              "rack_no": 6,
              "selected": false
            }
          ],
          "path": "Template/Homogenization/log_row",
          "useDefaultViewWidth": false
        },
        "type": "ia.display.flex-repeater"
      }
    ],
    "meta": {
      "name": "root"
    },
    "props": {
      "direction": "column"
    },
    "type": "ia.container.flex"
  }
}