{
  "custom": {},
  "events": {
    "system": {
      "onStartup": {
        "config": {
          "script": "\tuuid \u003d self.session.custom.Log_receiving.uuid\n\tq1\u003d\u0027\u0027\u0027Select [Vehicle_No],\n\t\t\t     [Vehicle_wgt_after_unloading],\n\t\t\t     [Vehicle_wgt_before_unloading],\n\t\t\t     [status], \n\t\t\t     [Remarks] from [JALLOG].[dbo].[MES_Receiving] where [UUID] \u003d ? \u0027\u0027\u0027\n\ta1\u003d[str(uuid)]\n\td1\u003dsystem.db.runPrepQuery(q1,a1,\u0027Receivingdata\u0027)\n\tif d1[0][\u0027status\u0027] \u003d\u003d \u0027Inprogress\u0027 or d1[0][\u0027status\u0027] \u003d\u003d\u0027Completed\u0027:\n\t\tself.getChild(\"root\").getChild(\"Vehicle_details\").getChild(\"Vehicle number\").getChild(\"Num_field\").getChild(\"NumericEntryField\").props.value \u003d d1[0][\u0027Vehicle_No\u0027]  \n\t\tself.getChild(\"root\").getChild(\"Vehicle_details\").getChild(\"Vehicle weight_before\").getChild(\"Num_Field\").getChild(\"NumericEntryField\").props.value \u003d d1[0][\u0027Vehicle_wgt_before_unloading\u0027]\n\t\tself.getChild(\"root\").getChild(\"Vehicle_details\").getChild(\"Vehicle weight_after\").getChild(\"Num_Field\").getChild(\"NumericEntryField\").props.value \u003d d1[0][\u0027Vehicle_wgt_after_unloading\u0027]\n\t\tself.getChild(\"root\").getChild(\"Remarks\").getChild(\"TextArea\").props.text \u003d d1[0][\u0027Remarks\u0027]\n\t\tself.getChild(\"root\").getChild(\"Remarks\").getChild(\"TextArea\").props.enabled \u003d False\n\t\tself.getChild(\"root\").getChild(\"confirm\").getChild(\"Button\").position.display \u003d bool(0)\n\telse:\n\t\tself.getChild(\"root\").getChild(\"Vehicle_details\").getChild(\"Vehicle number\").getChild(\"Num_field\").getChild(\"NumericEntryField\").props.value \u003d d1[0][\u0027Vehicle_No\u0027]   \n\t\tself.getChild(\"root\").getChild(\"Vehicle_details\").getChild(\"Vehicle weight_before\").getChild(\"Num_Field\").getChild(\"NumericEntryField\").props.value \u003d d1[0][\u0027Vehicle_wgt_before_unloading\u0027]\n\t\tself.getChild(\"root\").getChild(\"Vehicle_details\").getChild(\"Vehicle weight_after\").getChild(\"Num_Field\").getChild(\"NumericEntryField\").props.value \u003d d1[0][\u0027Vehicle_wgt_after_unloading\u0027]\n\t\tself.getChild(\"root\").getChild(\"Remarks\").getChild(\"TextArea\").props.text \u003d \u0027\u0027\n\t\tself.getChild(\"root\").getChild(\"confirm\").getChild(\"Button\").position.display \u003d bool(1)\n\t"
        },
        "scope": "G",
        "type": "script"
      }
    }
  },
  "params": {},
  "props": {
    "defaultSize": {
      "height": 609,
      "width": 2236
    }
  },
  "root": {
    "children": [
      {
        "children": [
          {
            "events": {
              "component": {
                "onEditCellCommit": {
                  "config": {
                    "script": "\tvalueToSet \u003d event.value\n\tself.props.data\u003d system.dataset.setValue(self.props.data, event.row, event.column, valueToSet)"
                  },
                  "scope": "G",
                  "type": "script"
                }
              }
            },
            "meta": {
              "name": "Table"
            },
            "position": {
              "grow": 1,
              "shrink": 0
            },
            "propConfig": {
              "props.data": {
                "binding": {
                  "config": {
                    "path": "/root.custom.a"
                  },
                  "overlayOptOut": true,
                  "transforms": [
                    {
                      "code": "\tuuid\u003dself.session.custom.Log_receiving.uuid\n\tq1\u003d\u0027\u0027\u0027 Select [Log_ID], \n\t\t\t\t   [SFG],\n\t\t\t\t   [Weight], \n\t\t\t\t   [Alloy], \n\t\t\t\t   [Length], \n\t\t\t\t   [SAP_ID] FROM [JALLOG].[dbo].[Receiving_Logid]\n\t\t\t\t   where MESDispatch_UUID \u003d ?\u0027\u0027\u0027\n \targs\u003d[uuid]\n \tdata1 \u003d system.db.runPrepQuery(q1,args,\u0027Receivingdata\u0027)\n \treturn data1",
                      "type": "script"
                    }
                  ],
                  "type": "property"
                }
              }
            },
            "props": {
              "cells": {
                "style": {
                  "classes": "Table/Table_Cell"
                }
              },
              "columns": [
                {
                  "align": "center",
                  "boolean": "checkbox",
                  "dateFormat": "MM/DD/YYYY",
                  "editable": false,
                  "field": "Log_ID",
                  "filter": {
                    "boolean": {
                      "condition": ""
                    },
                    "date": {
                      "condition": "",
                      "value": ""
                    },
                    "enabled": false,
                    "number": {
                      "condition": "",
                      "value": ""
                    },
                    "string": {
                      "condition": "",
                      "value": ""
                    },
                    "visible": "on-hover"
                  },
                  "footer": {
                    "align": "center",
                    "justify": "left",
                    "style": {
                      "classes": ""
                    },
                    "title": ""
                  },
                  "header": {
                    "align": "center",
                    "justify": "center",
                    "style": {
                      "classes": ""
                    },
                    "title": "Log ID"
                  },
                  "justify": "center",
                  "number": "value",
                  "numberFormat": "0,0.##",
                  "progressBar": {
                    "bar": {
                      "color": "",
                      "style": {
                        "classes": ""
                      }
                    },
                    "max": 100,
                    "min": 0,
                    "track": {
                      "color": "",
                      "style": {
                        "classes": ""
                      }
                    },
                    "value": {
                      "enabled": true,
                      "format": "0,0.##",
                      "justify": "center",
                      "style": {
                        "classes": ""
                      }
                    }
                  },
                  "render": "auto",
                  "resizable": true,
                  "sort": "none",
                  "sortable": false,
                  "strictWidth": false,
                  "style": {
                    "classes": ""
                  },
                  "toggleSwitch": {
                    "color": {
                      "selected": "",
                      "unselected": ""
                    }
                  },
                  "viewParams": {},
                  "viewPath": "",
                  "visible": true,
                  "width": ""
                },
                {
                  "align": "center",
                  "boolean": "checkbox",
                  "dateFormat": "MM/DD/YYYY",
                  "editable": false,
                  "field": "SFG",
                  "filter": {
                    "boolean": {
                      "condition": ""
                    },
                    "date": {
                      "condition": "",
                      "value": ""
                    },
                    "enabled": false,
                    "number": {
                      "condition": "",
                      "value": ""
                    },
                    "string": {
                      "condition": "",
                      "value": ""
                    },
                    "visible": "on-hover"
                  },
                  "footer": {
                    "align": "center",
                    "justify": "left",
                    "style": {
                      "classes": ""
                    },
                    "title": ""
                  },
                  "header": {
                    "align": "center",
                    "justify": "center",
                    "style": {
                      "classes": ""
                    },
                    "title": "SFG_Code"
                  },
                  "justify": "center",
                  "number": "value",
                  "numberFormat": "0,0.##",
                  "progressBar": {
                    "bar": {
                      "color": "",
                      "style": {
                        "classes": ""
                      }
                    },
                    "max": 100,
                    "min": 0,
                    "track": {
                      "color": "",
                      "style": {
                        "classes": ""
                      }
                    },
                    "value": {
                      "enabled": true,
                      "format": "0,0.##",
                      "justify": "center",
                      "style": {
                        "classes": ""
                      }
                    }
                  },
                  "render": "auto",
                  "resizable": true,
                  "sort": "none",
                  "sortable": false,
                  "strictWidth": false,
                  "style": {
                    "classes": ""
                  },
                  "toggleSwitch": {
                    "color": {
                      "selected": "",
                      "unselected": ""
                    }
                  },
                  "viewParams": {},
                  "viewPath": "",
                  "visible": true,
                  "width": ""
                },
                {
                  "align": "center",
                  "boolean": "checkbox",
                  "dateFormat": "MM/DD/YYYY",
                  "editable": false,
                  "field": "Length",
                  "filter": {
                    "boolean": {
                      "condition": ""
                    },
                    "date": {
                      "condition": "",
                      "value": ""
                    },
                    "enabled": false,
                    "number": {
                      "condition": "",
                      "value": ""
                    },
                    "string": {
                      "condition": "",
                      "value": ""
                    },
                    "visible": "on-hover"
                  },
                  "footer": {
                    "align": "center",
                    "justify": "left",
                    "style": {
                      "classes": ""
                    },
                    "title": ""
                  },
                  "header": {
                    "align": "center",
                    "justify": "center",
                    "style": {
                      "classes": ""
                    },
                    "title": "Length"
                  },
                  "justify": "center",
                  "number": "value",
                  "numberFormat": "0,0.##",
                  "progressBar": {
                    "bar": {
                      "color": "",
                      "style": {
                        "classes": ""
                      }
                    },
                    "max": 100,
                    "min": 0,
                    "track": {
                      "color": "",
                      "style": {
                        "classes": ""
                      }
                    },
                    "value": {
                      "enabled": true,
                      "format": "0,0.##",
                      "justify": "center",
                      "style": {
                        "classes": ""
                      }
                    }
                  },
                  "render": "auto",
                  "resizable": true,
                  "sort": "none",
                  "sortable": false,
                  "strictWidth": false,
                  "style": {
                    "classes": ""
                  },
                  "toggleSwitch": {
                    "color": {
                      "selected": "",
                      "unselected": ""
                    }
                  },
                  "viewParams": {},
                  "viewPath": "",
                  "visible": true,
                  "width": ""
                },
                {
                  "align": "center",
                  "boolean": "checkbox",
                  "dateFormat": "MM/DD/YYYY",
                  "editable": false,
                  "field": "Weight",
                  "filter": {
                    "boolean": {
                      "condition": ""
                    },
                    "date": {
                      "condition": "",
                      "value": ""
                    },
                    "enabled": false,
                    "number": {
                      "condition": "",
                      "value": ""
                    },
                    "string": {
                      "condition": "",
                      "value": ""
                    },
                    "visible": "on-hover"
                  },
                  "footer": {
                    "align": "center",
                    "justify": "left",
                    "style": {
                      "classes": ""
                    },
                    "title": ""
                  },
                  "header": {
                    "align": "center",
                    "justify": "center",
                    "style": {
                      "classes": ""
                    },
                    "title": "Quantity"
                  },
                  "justify": "center",
                  "number": "value",
                  "numberFormat": "0,0.##",
                  "progressBar": {
                    "bar": {
                      "color": "",
                      "style": {
                        "classes": ""
                      }
                    },
                    "max": 100,
                    "min": 0,
                    "track": {
                      "color": "",
                      "style": {
                        "classes": ""
                      }
                    },
                    "value": {
                      "enabled": true,
                      "format": "0,0.##",
                      "justify": "center",
                      "style": {
                        "classes": ""
                      }
                    }
                  },
                  "render": "auto",
                  "resizable": true,
                  "sort": "none",
                  "sortable": false,
                  "strictWidth": false,
                  "style": {
                    "classes": ""
                  },
                  "toggleSwitch": {
                    "color": {
                      "selected": "",
                      "unselected": ""
                    }
                  },
                  "viewParams": {},
                  "viewPath": "",
                  "visible": true,
                  "width": ""
                },
                {
                  "align": "center",
                  "boolean": "checkbox",
                  "dateFormat": "MM/DD/YYYY",
                  "editable": false,
                  "field": "Alloy",
                  "filter": {
                    "boolean": {
                      "condition": ""
                    },
                    "date": {
                      "condition": "",
                      "value": ""
                    },
                    "enabled": false,
                    "number": {
                      "condition": "",
                      "value": ""
                    },
                    "string": {
                      "condition": "",
                      "value": ""
                    },
                    "visible": "on-hover"
                  },
                  "footer": {
                    "align": "center",
                    "justify": "left",
                    "style": {
                      "classes": ""
                    },
                    "title": ""
                  },
                  "header": {
                    "align": "center",
                    "justify": "center",
                    "style": {
                      "classes": ""
                    },
                    "title": "Alloy"
                  },
                  "justify": "center",
                  "number": "value",
                  "numberFormat": "0,0.##",
                  "progressBar": {
                    "bar": {
                      "color": "",
                      "style": {
                        "classes": ""
                      }
                    },
                    "max": 100,
                    "min": 0,
                    "track": {
                      "color": "",
                      "style": {
                        "classes": ""
                      }
                    },
                    "value": {
                      "enabled": true,
                      "format": "0,0.##",
                      "justify": "center",
                      "style": {
                        "classes": ""
                      }
                    }
                  },
                  "render": "auto",
                  "resizable": true,
                  "sort": "none",
                  "sortable": false,
                  "strictWidth": false,
                  "style": {
                    "classes": ""
                  },
                  "toggleSwitch": {
                    "color": {
                      "selected": "",
                      "unselected": ""
                    }
                  },
                  "viewParams": {},
                  "viewPath": "",
                  "visible": true,
                  "width": ""
                },
                {
                  "align": "center",
                  "boolean": "checkbox",
                  "dateFormat": "MM/DD/YYYY",
                  "editable": false,
                  "field": "SAP_ID",
                  "filter": {
                    "boolean": {
                      "condition": ""
                    },
                    "date": {
                      "condition": "",
                      "value": ""
                    },
                    "enabled": false,
                    "number": {
                      "condition": "",
                      "value": ""
                    },
                    "string": {
                      "condition": "",
                      "value": ""
                    },
                    "visible": "on-hover"
                  },
                  "footer": {
                    "align": "center",
                    "justify": "left",
                    "style": {
                      "classes": ""
                    },
                    "title": ""
                  },
                  "header": {
                    "align": "center",
                    "justify": "center",
                    "style": {
                      "classes": ""
                    },
                    "title": "SAP ID"
                  },
                  "justify": "center",
                  "number": "value",
                  "numberFormat": "0,0.##",
                  "progressBar": {
                    "bar": {
                      "color": "",
                      "style": {
                        "classes": ""
                      }
                    },
                    "max": 100,
                    "min": 0,
                    "track": {
                      "color": "",
                      "style": {
                        "classes": ""
                      }
                    },
                    "value": {
                      "enabled": true,
                      "format": "0,0.##",
                      "justify": "center",
                      "style": {
                        "classes": ""
                      }
                    }
                  },
                  "render": "auto",
                  "resizable": true,
                  "sort": "none",
                  "sortable": false,
                  "strictWidth": false,
                  "style": {
                    "classes": ""
                  },
                  "toggleSwitch": {
                    "color": {
                      "selected": "",
                      "unselected": ""
                    }
                  },
                  "viewParams": {},
                  "viewPath": "",
                  "visible": true,
                  "width": ""
                }
              ],
              "headerStyle": {
                "classes": "Table/Table_Header",
                "height": 30
              },
              "pager": {
                "bottom": false,
                "initialOption": 200
              },
              "rows": {
                "height": 44,
                "style": {
                  "classes": "Table/Table_Row"
                }
              },
              "selection": {
                "enableRowSelection": false
              },
              "style": {
                "classes": "Table/Table_style"
              },
              "virtualized": false
            },
            "scripts": {
              "customMethods": [],
              "extensionFunctions": null,
              "messageHandlers": [
                {
                  "messageType": "Tableref",
                  "pageScope": true,
                  "script": "\t# implement your handler here\n\tself.refreshBinding(props.data)",
                  "sessionScope": false,
                  "viewScope": false
                }
              ]
            },
            "type": "ia.display.table"
          }
        ],
        "meta": {
          "name": "table"
        },
        "position": {
          "shrink": 0
        },
        "props": {
          "direction": "column"
        },
        "type": "ia.container.flex"
      },
      {
        "children": [
          {
            "children": [
              {
                "children": [
                  {
                    "meta": {
                      "name": "Label"
                    },
                    "position": {
                      "basis": "165px"
                    },
                    "props": {
                      "style": {
                        "fontFamily": "Roboto",
                        "fontSize": 16
                      },
                      "text": "Vehicle Number"
                    },
                    "type": "ia.display.label"
                  }
                ],
                "meta": {
                  "name": "label"
                },
                "position": {
                  "basis": "200px"
                },
                "props": {
                  "justify": "center"
                },
                "type": "ia.container.flex"
              },
              {
                "children": [
                  {
                    "meta": {
                      "name": "NumericEntryField"
                    },
                    "position": {
                      "basis": "312px"
                    },
                    "propConfig": {
                      "custom.enable": {
                        "binding": {
                          "config": {
                            "path": "this.props.value"
                          },
                          "transforms": [
                            {
                              "code": "\tif len(value)\u003e0:\n\t\treturn True\n\telse:\n\t\treturn False\t",
                              "type": "script"
                            }
                          ],
                          "type": "property"
                        }
                      }
                    },
                    "props": {
                      "align": "center",
                      "enabled": false,
                      "format": "none",
                      "spinner": {
                        "enabled": false
                      }
                    },
                    "type": "ia.input.numeric-entry-field"
                  }
                ],
                "meta": {
                  "name": "Num_field"
                },
                "position": {
                  "basis": "200px"
                },
                "type": "ia.container.flex"
              }
            ],
            "meta": {
              "name": "Vehicle number"
            },
            "position": {
              "basis": "298px"
            },
            "props": {
              "direction": "column"
            },
            "type": "ia.container.flex"
          },
          {
            "children": [
              {
                "children": [
                  {
                    "meta": {
                      "name": "Label"
                    },
                    "position": {
                      "basis": "248px"
                    },
                    "props": {
                      "style": {
                        "fontFamily": "Roboto",
                        "fontSize": 16
                      },
                      "text": "Vehicle weight before unloading"
                    },
                    "type": "ia.display.label"
                  }
                ],
                "meta": {
                  "name": "label"
                },
                "position": {
                  "basis": "200px"
                },
                "props": {
                  "justify": "center",
                  "style": {
                    "overflow": "hidden"
                  }
                },
                "type": "ia.container.flex"
              },
              {
                "children": [
                  {
                    "meta": {
                      "name": "NumericEntryField"
                    },
                    "position": {
                      "basis": "312px"
                    },
                    "propConfig": {
                      "custom.enable": {
                        "binding": {
                          "config": {
                            "path": "..../Vehicle weight_after/Num_Field/NumericEntryField.props.value"
                          },
                          "transforms": [
                            {
                              "code": "\tif value is not None:\n\t\treturn True\n\telse:\n\t\treturn False\t",
                              "type": "script"
                            }
                          ],
                          "type": "property"
                        }
                      }
                    },
                    "props": {
                      "align": "center",
                      "enabled": false,
                      "format": "none",
                      "spinner": {
                        "enabled": false
                      }
                    },
                    "type": "ia.input.numeric-entry-field"
                  }
                ],
                "meta": {
                  "name": "Num_Field"
                },
                "position": {
                  "basis": "200px"
                },
                "type": "ia.container.flex"
              }
            ],
            "meta": {
              "name": "Vehicle weight_before"
            },
            "position": {
              "basis": "298px"
            },
            "props": {
              "direction": "column"
            },
            "type": "ia.container.flex"
          },
          {
            "children": [
              {
                "children": [
                  {
                    "meta": {
                      "name": "Label"
                    },
                    "position": {
                      "basis": "248px"
                    },
                    "props": {
                      "style": {
                        "fontFamily": "Roboto",
                        "fontSize": 16
                      },
                      "text": "Vehicle weight after unloading"
                    },
                    "type": "ia.display.label"
                  }
                ],
                "meta": {
                  "name": "label"
                },
                "position": {
                  "basis": "200px"
                },
                "props": {
                  "justify": "center",
                  "style": {
                    "overflow": "hidden"
                  }
                },
                "type": "ia.container.flex"
              },
              {
                "children": [
                  {
                    "meta": {
                      "name": "NumericEntryField"
                    },
                    "position": {
                      "basis": "312px"
                    },
                    "propConfig": {
                      "custom.enable": {
                        "binding": {
                          "config": {
                            "path": "this.props.value"
                          },
                          "transforms": [
                            {
                              "code": "\tif value is not None:\n\t\treturn True\n\telse:\n\t\treturn False\t",
                              "type": "script"
                            }
                          ],
                          "type": "property"
                        }
                      }
                    },
                    "props": {
                      "align": "center",
                      "enabled": false,
                      "format": "none",
                      "spinner": {
                        "enabled": false
                      }
                    },
                    "type": "ia.input.numeric-entry-field"
                  }
                ],
                "meta": {
                  "name": "Num_Field"
                },
                "position": {
                  "basis": "200px"
                },
                "type": "ia.container.flex"
              }
            ],
            "meta": {
              "name": "Vehicle weight_after"
            },
            "position": {
              "basis": "298px"
            },
            "props": {
              "direction": "column"
            },
            "type": "ia.container.flex"
          },
          {
            "meta": {
              "name": "FlexContainer"
            },
            "position": {
              "basis": "473px"
            },
            "type": "ia.container.flex"
          }
        ],
        "meta": {
          "name": "Vehicle_details"
        },
        "position": {
          "basis": "60px"
        },
        "props": {
          "justify": "space-around"
        },
        "type": "ia.container.flex"
      },
      {
        "children": [
          {
            "custom": {
              "enable": false
            },
            "meta": {
              "name": "TextArea"
            },
            "position": {
              "basis": "92px"
            },
            "propConfig": {
              "custom.enable": {
                "binding": {
                  "config": {
                    "path": "this.props.text"
                  },
                  "enabled": false,
                  "transforms": [
                    {
                      "code": "\tb \u003d self.props.text\n\ta \u003d len(b.strip())\n#\treturn a\n\tif a\u003e0 :\n\t\treturn True\n\telse:\t\n\t\treturn False",
                      "type": "script"
                    }
                  ],
                  "type": "property"
                }
              }
            },
            "props": {
              "placeholder": " Enter Remarks",
              "style": {
                "borderColor": "#E9E2E2",
                "borderStyle": "solid",
                "borderWidth": 1,
                "margin": 15,
                "marginBottom": 10,
                "marginTop": 10,
                "padding": 10
              }
            },
            "type": "ia.input.text-area"
          }
        ],
        "meta": {
          "name": "Remarks"
        },
        "position": {
          "basis": "92px"
        },
        "props": {
          "direction": "column",
          "justify": "space-between",
          "wrap": "wrap"
        },
        "type": "ia.container.flex"
      },
      {
        "children": [
          {
            "custom": {
              "a": 1
            },
            "events": {
              "dom": {
                "onClick": {
                  "config": {
                    "script": "\n\tuid\u003dself.session.custom.Log_receiving.uuid\n\trem\u003dself.parent.parent.getChild(\"Remarks\").getChild(\"TextArea\").props.text\n\tq1\u003d\u0027\u0027\u0027UPDATE [dbo].[MES_Receiving]\n\t   SET [status]\u003d?\n\t   ,[Remarks]\u003d?\n\t   where UUID\u003d?\n\t\u0027\u0027\u0027\n\targs1\u003d[\u0027Inprogress\u0027,str(rem),str(uid)]\n\tself.parent.parent.getChild(\"Remarks\").getChild(\"TextArea\").props.text \u003d rem\n\tself.parent.parent.getChild(\"Remarks\").getChild(\"TextArea\").props.enabled \u003d False\n\td1\u003dsystem.db.runPrepUpdate(q1, args1,\u0027Receivingdata\u0027)\n\n\tself.position.display\u003dFalse\n\t#system.perspective.sendMessage(\"Tableref\", payload \u003d {\u0027A\u0027:1}, scope \u003d \"page\")"
                  },
                  "scope": "G",
                  "type": "script"
                }
              }
            },
            "meta": {
              "name": "Button"
            },
            "position": {
              "basis": "80px"
            },
            "propConfig": {
              "meta.visible": {
                "binding": {
                  "config": {
                    "path": "session.custom.Log_receiving.status"
                  },
                  "transforms": [
                    {
                      "code": "\tif value \u003d\u003d \u0027Inprogress\u0027 or value\u003d\u003d\u0027Completed\u0027:\n\t\t\treturn False\n\telse:\n\t\t\treturn True",
                      "type": "script"
                    }
                  ],
                  "type": "property"
                }
              },
              "props.enabled": {
                "binding": {
                  "config": {
                    "expression": "now(1000) //{.../Vehicle_details/Vehicle number/Num_field/NumericEntryField.custom.enable}\u0026\u0026{.../Vehicle_details/Vehicle weight_before/Num_Field/NumericEntryField.custom.enable}\u0026\u0026{.../Vehicle_details/Vehicle weight_after/Num_Field/NumericEntryField.custom.enable}\u0026\u0026{.../Vehicle_details/Vehicle weight_after/Num_Field/NumericEntryField.custom.enable}\u0026\u0026{.../Remarks/TextArea.custom.enable}"
                  },
                  "transforms": [
                    {
                      "code": "\tif self.parent.parent.getChild(\"Remarks\").getChild(\"TextArea\").props.text!\u003d\u0027\u0027:\n\t\treturn bool(1)\n\telse:\n\t\treturn bool(0)",
                      "type": "script"
                    }
                  ],
                  "type": "expr"
                }
              }
            },
            "props": {
              "text": "Confirm"
            },
            "type": "ia.input.button"
          }
        ],
        "meta": {
          "name": "confirm",
          "tooltip": {
            "enabled": true
          }
        },
        "position": {
          "basis": "30px"
        },
        "props": {
          "alignItems": "center",
          "justify": "center"
        },
        "type": "ia.container.flex"
      }
    ],
    "custom": {
      "a": 1,
      "refresh": "",
      "status": ""
    },
    "meta": {
      "name": "root"
    },
    "props": {
      "direction": "column",
      "style": {
        "margin": 10
      }
    },
    "type": "ia.container.flex"
  }
}