{
  "custom": {},
  "params": {
    "height": 200,
    "width": 200,
    "x": 100,
    "y": 100
  },
  "propConfig": {
    "params.height": {
      "paramDirection": "input",
      "persistent": true
    },
    "params.width": {
      "paramDirection": "input",
      "persistent": true
    },
    "params.x": {
      "paramDirection": "input",
      "persistent": true
    },
    "params.y": {
      "paramDirection": "input",
      "persistent": true
    }
  },
  "props": {
    "defaultSize": {
      "height": 1150,
      "width": 1325
    }
  },
  "root": {
    "children": [
      {
        "meta": {
          "name": "Motor"
        },
        "position": {
          "height": 192.05,
          "width": 226.05,
          "x": 996,
          "y": 918.04
        },
        "type": "ia.symbol.motor"
      },
      {
        "meta": {
          "name": "Valve"
        },
        "position": {
          "height": 166.98,
          "width": 186.03,
          "x": 230.02,
          "y": 159.05
        },
        "type": "ia.symbol.valve"
      }
    ],
    "meta": {
      "name": "root"
    },
    "position": {
      "rotate": {
        "anchor": "50% 50%",
        "angle": "0deg"
      }
    },
    "propConfig": {
      "position.height": {
        "binding": {
          "config": {
            "path": "view.params.height"
          },
          "type": "property"
        }
      },
      "position.width": {
        "binding": {
          "config": {
            "path": "view.params.width"
          },
          "type": "property"
        }
      },
      "position.x": {
        "binding": {
          "config": {
            "path": "view.params.x"
          },
          "type": "property"
        }
      },
      "position.y": {
        "binding": {
          "config": {
            "path": "view.params.y"
          },
          "type": "property"
        }
      }
    },
    "props": {
      "aspectRatio": "996:918"
    },
    "type": "ia.container.coord"
  }
}