{
  "custom": {
    "po_no": null,
    "uid": null
  },
  "params": {
    "DieNo": "\"\"",
    "Die_allocation": 1,
    "remarks": ""
  },
  "propConfig": {
    "custom.po_no": {
      "binding": {
        "config": {
          "path": "session.custom.inprogresstableexpandview"
        },
        "type": "property"
      },
      "persistent": true
    },
    "custom.uid": {
      "binding": {
        "config": {
          "path": "view.custom.po_no"
        },
        "transforms": [
          {
            "code": "\ta \u003d \u0027\u0027\u0027 select [UID] FROM [JALOMS].[tool].[multiplePO] \n\t\t\t\twhere PO_No \u003d ? \u0027\u0027\u0027\n\t\t\t\t\n\targs\u003d [str(value)]\n\tdata \u003d system.db.runPrepQuery(a, args, \u0027OMS\u0027)\n\treturn data[0][\u0027UID\u0027] \n",
            "type": "script"
          }
        ],
        "type": "property"
      },
      "persistent": true
    },
    "params.DieNo": {
      "paramDirection": "input",
      "persistent": true
    },
    "params.Die_allocation": {
      "paramDirection": "input",
      "persistent": true
    },
    "params.remarks": {
      "paramDirection": "input",
      "persistent": true
    }
  },
  "props": {
    "defaultSize": {
      "height": 212,
      "width": 1120
    }
  },
  "root": {
    "children": [
      {
        "children": [
          {
            "children": [
              {
                "meta": {
                  "name": "Label"
                },
                "position": {
                  "basis": "224px"
                },
                "propConfig": {
                  "props.text": {
                    "binding": {
                      "config": {
                        "path": "view.params.Die_allocation"
                      },
                      "enabled": false,
                      "transforms": [
                        {
                          "code": "\ta\u003d\" Die Allocation\" \n\tb\u003d\" Die Allocation\" \n\tc\u003d\" Die Allocation\"\n\td\u003d\" Die Allocation\" \n\tif value\u003d\u003d1:\n\t\treturn str(value)+a\n\telif value\u003d\u003d2:\n\t\treturn str(value)+b\n\telif value\u003d\u003d3:\n\t\treturn str(value)+c\n\telse:\n\t\treturn str(value)+d",
                          "type": "script"
                        }
                      ],
                      "type": "property"
                    }
                  }
                },
                "props": {
                  "style": {
                    "color": "#FFFFFF",
                    "fontFamily": "Roboto",
                    "fontSize": 24,
                    "marginLeft": 10
                  },
                  "text": "Die Allocation"
                },
                "type": "ia.display.label"
              }
            ],
            "meta": {
              "name": "FlexContainer"
            },
            "position": {
              "basis": "51px"
            },
            "props": {
              "style": {
                "backgroundColor": "#3F5462",
                "classes": "#3F5462"
              }
            },
            "type": "ia.container.flex"
          },
          {
            "children": [
              {
                "children": [
                  {
                    "meta": {
                      "name": "Label"
                    },
                    "position": {
                      "basis": "100px"
                    },
                    "props": {
                      "style": {
                        "classes": "Toolshop/Entry_label"
                      },
                      "text": "Die No*"
                    },
                    "type": "ia.display.label"
                  },
                  {
                    "custom": {
                      "value": "value"
                    },
                    "meta": {
                      "name": "Dropdown"
                    },
                    "position": {
                      "basis": "209px"
                    },
                    "propConfig": {
                      "props.value": {
                        "binding": {
                          "config": {
                            "path": "view.params.DieNo"
                          },
                          "overlayOptOut": true,
                          "type": "property"
                        }
                      }
                    },
                    "props": {
                      "dropdownOptionStyle": {
                        "classes": "\n"
                      },
                      "options": [
                        {
                          "label": "Die1",
                          "value": "Die1"
                        },
                        {
                          "label": "Die2",
                          "value": "Die2"
                        },
                        {
                          "label": "Die3",
                          "value": "Die3"
                        },
                        {
                          "label": "Die4",
                          "value": "Die4"
                        },
                        {
                          "label": "Die5",
                          "value": "Die5"
                        },
                        {
                          "label": "Die6",
                          "value": "Die6"
                        },
                        {
                          "label": "Die7",
                          "value": "Die7"
                        }
                      ],
                      "placeholder": {
                        "text": ""
                      },
                      "style": {
                        "classes": "Toolshop/Entry_field"
                      }
                    },
                    "type": "ia.input.dropdown"
                  },
                  {
                    "meta": {
                      "name": "Label_0"
                    },
                    "position": {
                      "basis": "100px"
                    },
                    "props": {
                      "style": {
                        "classes": "Toolshop/Entry_label"
                      },
                      "text": "No.of Cavities"
                    },
                    "type": "ia.display.label"
                  },
                  {
                    "custom": {
                      "text_bkp_script": null
                    },
                    "meta": {
                      "name": "TextField_0"
                    },
                    "position": {
                      "basis": "209px"
                    },
                    "propConfig": {
                      "custom.text_bkp_script": {
                        "binding": {
                          "config": {
                            "path": "../Dropdown.props.value"
                          },
                          "enabled": false,
                          "overlayOptOut": true,
                          "transforms": [
                            {
                              "code": "\tquery\u003d\u0027\u0027\u0027SELECT\n\t\ttrim([Die_No]) as Die_No\n\t\t,[No_of_Cavity]\n\t\t,trim([Die_Desc]) as Die_Desc\n\t\t,trim([Backer]) as Backer\n\t\t,trim([Bolster]) as Bolster\n\t\t,trim([Special_Backer]) as Special_Backer\n\t\t,trim([Welding_Chamber]) as Welding_Chamber\n\t\t,trim([Ring]) as Ring\n\t\t,trim([Toolings]) as Toolings\n\t\t,trim([Die_type]) as Die_type\n\t\tFROM [JALOMS].[dbo].[Die_Data]\n\t\twhere Die_No\u003d?\u0027\u0027\u0027\n\t\n\targs\u003d[value]  \n\tdata\u003dsystem.db.runPrepQuery(query, args, \u0027OMS\u0027)\n\t\t\n\t#No of cavity \n\tself.props.text \u003d (data[0][\u0027No_of_Cavity\u0027])\n\t\t\n\t#backer Prop\n\tself.getSibling(\"TextField_1\").props.text\u003d(data[0][\u0027Backer\u0027])\n\t\n\t#Die Desc\n\tself.getSibling(\"TextField_2\").props.text \u003d data[0][\u0027Die_Desc\u0027]\n\t\n\t#Bolster\n\tself.parent.parent.getChild(\"FlexContainer_0\").getChild(\"TextField\").props.text \u003d data[0][\u0027Bolster\u0027]\n\t\n\t# Sp Backer\n\tself.parent.parent.getChild(\"FlexContainer_0\").getChild(\"TextField_0\").props.text \u003d data[0][\u0027Special_Backer\u0027]\n\t\n\t# Weld Chamber \n\tself.parent.parent.getChild(\"FlexContainer_0\").getChild(\"TextField_1\").props.text \u003d data [0][\u0027Welding_Chamber\u0027]\n\t\n\t#Ring type\n\tself.parent.parent.getChild(\"FlexContainer_0\").getChild(\"TextField_2\").props.text \u003d data [0][\u0027Ring\u0027]\n\t\n\t#Die type \n\tself.parent.parent.getChild(\"FlexContainer_1\").getChild(\"TextField\").props.text \u003d data [0][\u0027Die_type\u0027]\n\t\n\t#tooling\n\tself.parent.parent.getChild(\"FlexContainer_1\").getChild(\"TextField_0\").props.text \u003d data [0][\u0027Toolings\u0027]\n\t\n\treturn str(data[0][\u0027No_of_Cavity\u0027]) \n\t",
                              "type": "script"
                            }
                          ],
                          "type": "property"
                        }
                      },
                      "props.text": {
                        "binding": {
                          "config": {
                            "path": "../Dropdown.props.value"
                          },
                          "overlayOptOut": true,
                          "transforms": [
                            {
                              "code": "\t\n\t    # Define the SQL query\n    query \u003d \u0027\u0027\u0027\n        SELECT\n            trim([Die_No]) as Die_No,\n            [No_of_Cavity],\n            trim([Die_Desc]) as Die_Desc,\n            trim([Backer]) as Backer,\n            trim([Bolster]) as Bolster,\n            trim([Special_Backer]) as Special_Backer,\n            trim([Welding_Chamber]) as Welding_Chamber,\n            trim([Ring]) as Ring,\n            trim([Toolings]) as Toolings,\n            trim([Die_type]) as Die_type\n        FROM [JALOMS].[dbo].[Die_Data]\n        WHERE Die_No \u003d ?\n    \u0027\u0027\u0027\n    # Set the parameter value for the query\n    args \u003d [value]  \n\n    # Execute the query\n    data \u003d system.db.runPrepQuery(query, args, \u0027OMS\u0027)\n\n    # Check if any data is returned\n    if data:\n        # Set the text properties of text fields with retrieved data\n        self.getSibling(\"TextField_1\").props.text \u003d data[0][\u0027Backer\u0027]\n        self.getSibling(\"TextField_2\").props.text \u003d data[0][\u0027Die_Desc\u0027]\n        self.parent.parent.getChild(\"FlexContainer_0\").getChild(\"TextField\").props.text \u003d data[0][\u0027Bolster\u0027]\n        self.parent.parent.getChild(\"FlexContainer_0\").getChild(\"TextField_0\").props.text \u003d data[0][\u0027Special_Backer\u0027]\n        self.parent.parent.getChild(\"FlexContainer_0\").getChild(\"TextField_1\").props.text \u003d data[0][\u0027Welding_Chamber\u0027]\n        self.parent.parent.getChild(\"FlexContainer_0\").getChild(\"TextField_2\").props.text \u003d data[0][\u0027Ring\u0027]\n        self.parent.parent.getChild(\"FlexContainer_1\").getChild(\"TextField\").props.text \u003d data[0][\u0027Die_type\u0027]\n        self.parent.parent.getChild(\"FlexContainer_1\").getChild(\"TextField_0\").props.text \u003d data[0][\u0027Toolings\u0027]\n        \n        # Return the value of No_of_Cavity column\n        return data[0][\u0027No_of_Cavity\u0027]\n    else:\n        # Return a default value or handle the case when no data is returned\n        return \"\"  # You can change this to return a default value if needed\n\t\n\n\n\n\n",
                              "type": "script"
                            }
                          ],
                          "type": "property"
                        }
                      }
                    },
                    "props": {
                      "enabled": false,
                      "style": {
                        "classes": "Toolshop/Entry_field"
                      }
                    },
                    "type": "ia.input.text-field"
                  },
                  {
                    "meta": {
                      "name": "Label_2"
                    },
                    "position": {
                      "basis": "100px"
                    },
                    "props": {
                      "style": {
                        "classes": "Toolshop/Entry_label"
                      },
                      "text": "Backer"
                    },
                    "type": "ia.display.label"
                  },
                  {
                    "meta": {
                      "name": "TextField_1"
                    },
                    "position": {
                      "basis": "209px"
                    },
                    "props": {
                      "enabled": false,
                      "style": {
                        "classes": "Toolshop/Entry_field"
                      }
                    },
                    "type": "ia.input.text-field"
                  },
                  {
                    "meta": {
                      "name": "Label_1"
                    },
                    "position": {
                      "basis": "100px"
                    },
                    "props": {
                      "style": {
                        "classes": "Toolshop/Entry_label"
                      },
                      "text": "Die Description"
                    },
                    "type": "ia.display.label"
                  },
                  {
                    "meta": {
                      "name": "TextField_2"
                    },
                    "position": {
                      "basis": "209px"
                    },
                    "props": {
                      "enabled": false,
                      "style": {
                        "classes": "Toolshop/Entry_field"
                      }
                    },
                    "type": "ia.input.text-field"
                  }
                ],
                "meta": {
                  "name": "FlexContainer"
                },
                "position": {
                  "basis": "55px"
                },
                "props": {
                  "justify": "space-evenly"
                },
                "type": "ia.container.flex"
              },
              {
                "children": [
                  {
                    "meta": {
                      "name": "Label"
                    },
                    "position": {
                      "basis": "100px"
                    },
                    "props": {
                      "style": {
                        "classes": "Toolshop/Entry_label"
                      },
                      "text": "Bolster"
                    },
                    "type": "ia.display.label"
                  },
                  {
                    "meta": {
                      "name": "TextField"
                    },
                    "position": {
                      "basis": "209px"
                    },
                    "props": {
                      "enabled": false,
                      "style": {
                        "classes": "Toolshop/Entry_field"
                      }
                    },
                    "type": "ia.input.text-field"
                  },
                  {
                    "meta": {
                      "name": "Label_0"
                    },
                    "position": {
                      "basis": "100px"
                    },
                    "props": {
                      "style": {
                        "classes": "Toolshop/Entry_label"
                      },
                      "text": "Special Backer"
                    },
                    "type": "ia.display.label"
                  },
                  {
                    "meta": {
                      "name": "TextField_0"
                    },
                    "position": {
                      "basis": "209px"
                    },
                    "props": {
                      "enabled": false,
                      "style": {
                        "classes": "Toolshop/Entry_field"
                      }
                    },
                    "type": "ia.input.text-field"
                  },
                  {
                    "meta": {
                      "name": "Label_2"
                    },
                    "position": {
                      "basis": "100px"
                    },
                    "props": {
                      "style": {
                        "classes": "Toolshop/Entry_label"
                      },
                      "text": "Welding Chamber"
                    },
                    "type": "ia.display.label"
                  },
                  {
                    "meta": {
                      "name": "TextField_1"
                    },
                    "position": {
                      "basis": "209px"
                    },
                    "props": {
                      "enabled": false,
                      "style": {
                        "classes": "Toolshop/Entry_field"
                      }
                    },
                    "type": "ia.input.text-field"
                  },
                  {
                    "meta": {
                      "name": "Label_1"
                    },
                    "position": {
                      "basis": "100px"
                    },
                    "props": {
                      "style": {
                        "classes": "Toolshop/Entry_label"
                      },
                      "text": "Ring Entry"
                    },
                    "type": "ia.display.label"
                  },
                  {
                    "meta": {
                      "name": "TextField_2"
                    },
                    "position": {
                      "basis": "209px"
                    },
                    "props": {
                      "enabled": false,
                      "style": {
                        "classes": "Toolshop/Entry_field"
                      }
                    },
                    "type": "ia.input.text-field"
                  }
                ],
                "meta": {
                  "name": "FlexContainer_0"
                },
                "position": {
                  "basis": "55px"
                },
                "props": {
                  "justify": "space-evenly"
                },
                "type": "ia.container.flex"
              },
              {
                "children": [
                  {
                    "meta": {
                      "name": "Label"
                    },
                    "position": {
                      "basis": "100px"
                    },
                    "props": {
                      "style": {
                        "classes": "Toolshop/Entry_label"
                      },
                      "text": "Die Type"
                    },
                    "type": "ia.display.label"
                  },
                  {
                    "meta": {
                      "name": "TextField"
                    },
                    "position": {
                      "basis": "209px"
                    },
                    "props": {
                      "enabled": false,
                      "style": {
                        "classes": "Toolshop/Entry_field"
                      }
                    },
                    "type": "ia.input.text-field"
                  },
                  {
                    "meta": {
                      "name": "Label_0"
                    },
                    "position": {
                      "basis": "100px"
                    },
                    "props": {
                      "style": {
                        "classes": "Toolshop/Entry_label"
                      },
                      "text": "Tooling"
                    },
                    "type": "ia.display.label"
                  },
                  {
                    "meta": {
                      "name": "TextField_0"
                    },
                    "position": {
                      "basis": "209px"
                    },
                    "props": {
                      "enabled": false,
                      "style": {
                        "classes": "Toolshop/Entry_field"
                      }
                    },
                    "type": "ia.input.text-field"
                  },
                  {
                    "meta": {
                      "name": "Label_2"
                    },
                    "position": {
                      "basis": "230px"
                    },
                    "props": {
                      "style": {
                        "classes": "Toolshop/Entry_label"
                      },
                      "text": "Tool Shop Remarks"
                    },
                    "type": "ia.display.label"
                  },
                  {
                    "meta": {
                      "name": "TextField_1"
                    },
                    "position": {
                      "basis": "450px"
                    },
                    "propConfig": {
                      "props.text": {
                        "binding": {
                          "config": {
                            "path": "view.params.remarks"
                          },
                          "overlayOptOut": true,
                          "type": "property"
                        }
                      }
                    },
                    "props": {
                      "style": {
                        "classes": "Toolshop/Entry_field"
                      }
                    },
                    "type": "ia.input.text-field"
                  }
                ],
                "meta": {
                  "name": "FlexContainer_1"
                },
                "position": {
                  "basis": "55px"
                },
                "props": {
                  "justify": "space-evenly"
                },
                "type": "ia.container.flex"
              }
            ],
            "meta": {
              "name": "FlexContainer_0"
            },
            "position": {
              "basis": "200px"
            },
            "props": {
              "direction": "column"
            },
            "type": "ia.container.flex"
          }
        ],
        "meta": {
          "name": "FlexContainer"
        },
        "position": {
          "basis": "268px"
        },
        "props": {
          "direction": "column",
          "style": {
            "borderBottomLeftRadius": "4px",
            "borderBottomRightRadius": "4px",
            "borderColor": "#C6C6C6",
            "borderStyle": "solid",
            "borderTopLeftRadius": "4px",
            "borderTopRightRadius": "4px",
            "borderWidth": "1px"
          }
        },
        "type": "ia.container.flex"
      },
      {
        "children": [
          {
            "children": [
              {
                "meta": {
                  "name": "Label"
                },
                "position": {
                  "basis": "50px"
                },
                "type": "ia.display.label"
              },
              {
                "meta": {
                  "name": "Label_0"
                },
                "position": {
                  "basis": "50px"
                },
                "type": "ia.display.label"
              }
            ],
            "meta": {
              "name": "FlexContainer_0"
            },
            "position": {
              "basis": "200px",
              "display": false
            },
            "props": {
              "justify": "space-around"
            },
            "type": "ia.container.flex"
          },
          {
            "children": [
              {
                "events": {
                  "dom": {
                    "onClick": [
                      {
                        "config": {
                          "script": "\t# Capture data from popup \u0026 add it to Flex Repeater\n\ta \u003d self.parent.parent.parent.getChild(\"FlexContainer\").getChild(\"FlexContainer_0\").getChild(\"FlexContainer\").getChild(\"Dropdown\").props.value  \n\tsystem.perspective.sendMessage(\u0027addToFlexRepeater\u0027, {\u0027value\u0027: a})"
                        },
                        "enabled": false,
                        "scope": "G",
                        "type": "script"
                      },
                      {
                        "config": {
                          "script": "\t\t\n    # Retrieve data from input fields\n    uid\u003d self.view.custom.uid\n    po_no \u003d self.view.custom.po_no\n    \n    dieno \u003d self.parent.parent.parent.getChild(\"FlexContainer\").getChild(\"FlexContainer_0\").getChild(\"FlexContainer\").getChild(\"Dropdown\").props.value \n    nocavity \u003d self.parent.parent.parent.getChild(\"FlexContainer\").getChild(\"FlexContainer_0\").getChild(\"FlexContainer\").getChild(\"TextField_0\").props.text \n    die_desc \u003d self.parent.parent.parent.getChild(\"FlexContainer\").getChild(\"FlexContainer_0\").getChild(\"FlexContainer\").getChild(\"TextField_2\").props.text\n    backer \u003d self.parent.parent.parent.getChild(\"FlexContainer\").getChild(\"FlexContainer_0\").getChild(\"FlexContainer\").getChild(\"TextField_1\").props.text  \n    bolster \u003d self.parent.parent.parent.getChild(\"FlexContainer\").getChild(\"FlexContainer_0\").getChild(\"FlexContainer_0\").getChild(\"TextField\").props.text \n    sp_backer \u003d self.parent.parent.parent.getChild(\"FlexContainer\").getChild(\"FlexContainer_0\").getChild(\"FlexContainer_0\").getChild(\"TextField_0\").props.text\n    weld_chamber \u003d self.parent.parent.parent.getChild(\"FlexContainer\").getChild(\"FlexContainer_0\").getChild(\"FlexContainer_0\").getChild(\"TextField_1\").props.text\n    ring \u003d self.parent.parent.parent.getChild(\"FlexContainer\").getChild(\"FlexContainer_0\").getChild(\"FlexContainer_0\").getChild(\"TextField_2\").props.text\n    #    die_type \u003d self.parent.parent.parent.getChild(\"FlexContainer\").getChild(\"FlexContainer_0\").getChild(\"FlexContainer_1\").getChild(\"TextField\").props.text\n    tooling \u003d self.parent.parent.parent.getChild(\"FlexContainer\").getChild(\"FlexContainer_0\").getChild(\"FlexContainer_1\").getChild(\"TextField_0\").props.text\n    remarks \u003d self.parent.parent.parent.getChild(\"FlexContainer\").getChild(\"FlexContainer_0\").getChild(\"FlexContainer_1\").getChild(\"TextField_1\").props.text\n    \n    error \u003d []\n    if not dieno:\n       error.append(\u0027No data\u0027)\n    if not remarks:\n       error.append(\u0027No data\u0027)\n    \n    if error:\n       system.perspective.openPopup(\u0027abcerror\u0027, \u0027Test/Error\u0027)\n    else:\n       # Check if Die No already exists in the database\n       query \u003d \"SELECT COUNT(*) FROM tool.Toolshop_Main WHERE PO_No \u003d ? AND die_no \u003d ?\"\n       existing_records \u003d system.db.runPrepQuery(query, [po_no, dieno], \u0027OMS\u0027)\n       if existing_records[0][0] \u003e 0:\n           # Die No already exists, show error popup\n           system.perspective.openPopup(\u0027asddieerror\u0027, \u0027Test/die error\u0027)\n       else:\n           # Insert data into the database\n           sql \u003d \"INSERT INTO tool.Toolshop_Main (die_no, No_of_Cavity, Die_Desc, Backer, Bolster, Special_Backer, Welding_Chamber, Ring, Toolings, ts_remarks, PO_No, UID) VALUES (?, ?, ?, ?, ?, ?, ?, ?, ?, ?, ?, ?)\"\n           system.db.runPrepUpdate(sql, [dieno, nocavity, die_desc, backer, bolster, sp_backer, weld_chamber, ring, tooling, remarks, po_no, uid], \u0027OMS\u0027)\n           system.perspective.sendMessage(\u0027Refresh\u0027, payload\u003d{\u0027A\u0027:1}, scope\u003d\u0027page\u0027)\n           system.perspective.closePopup(\u0027abcd7890\u0027)"
                        },
                        "scope": "G",
                        "type": "script"
                      }
                    ]
                  }
                },
                "meta": {
                  "name": "save"
                },
                "position": {
                  "basis": "100px"
                },
                "props": {
                  "image": {
                    "style": {
                      "classes": "Toolshop/button"
                    }
                  },
                  "style": {
                    "classes": "Popup/button"
                  },
                  "text": "Save"
                },
                "type": "ia.input.button"
              },
              {
                "events": {
                  "dom": {
                    "onClick": {
                      "config": {
                        "script": "\t#clear drop action\n\t#self.getSibling(\"\").props.value \u003d None\n\tself.parent.parent.parent.getChild(\"FlexContainer\").getChild(\"FlexContainer_0\").getChild(\"FlexContainer\").getChild(\"Dropdown\").props.value \u003d \"\"\n\tself.parent.parent.parent.getChild(\"FlexContainer\").getChild(\"FlexContainer_0\").getChild(\"FlexContainer\").getChild(\"TextField_0\").props.text \u003d \"\"\n\tself.parent.parent.parent.getChild(\"FlexContainer\").getChild(\"FlexContainer_0\").getChild(\"FlexContainer\").getChild(\"TextField_1\").props.text \u003d \"\"\n\tself.parent.parent.parent.getChild(\"FlexContainer\").getChild(\"FlexContainer_0\").getChild(\"FlexContainer\").getChild(\"TextField_2\").props.text \u003d \"\"\n\tself.parent.parent.parent.getChild(\"FlexContainer\").getChild(\"FlexContainer_0\").getChild(\"FlexContainer_0\").getChild(\"TextField\").props.text \u003d \"\"\n\tself.parent.parent.parent.getChild(\"FlexContainer\").getChild(\"FlexContainer_0\").getChild(\"FlexContainer_0\").getChild(\"TextField_0\").props.text \u003d \"\"\n\tself.parent.parent.parent.getChild(\"FlexContainer\").getChild(\"FlexContainer_0\").getChild(\"FlexContainer_0\").getChild(\"TextField_1\").props.text \u003d \"\"\n\tself.parent.parent.parent.getChild(\"FlexContainer\").getChild(\"FlexContainer_0\").getChild(\"FlexContainer_0\").getChild(\"TextField_2\").props.text \u003d \"\"\n\tself.parent.parent.parent.getChild(\"FlexContainer\").getChild(\"FlexContainer_0\").getChild(\"FlexContainer_1\").getChild(\"TextField\").props.text \u003d \"\"\n\tself.parent.parent.parent.getChild(\"FlexContainer\").getChild(\"FlexContainer_0\").getChild(\"FlexContainer_1\").getChild(\"TextField_0\").props.text \u003d \"\"\n\tself.parent.parent.parent.getChild(\"FlexContainer\").getChild(\"FlexContainer_0\").getChild(\"FlexContainer_1\").getChild(\"TextField_1\").props.text \u003d \"\""
                      },
                      "scope": "G",
                      "type": "script"
                    }
                  }
                },
                "meta": {
                  "name": "clear"
                },
                "position": {
                  "basis": "100px"
                },
                "props": {
                  "style": {
                    "classes": "Popup/button"
                  },
                  "text": "Clear"
                },
                "type": "ia.input.button"
              },
              {
                "events": {
                  "dom": {
                    "onClick": {
                      "config": {
                        "script": "\tsystem.perspective.closePopup(\u0027abcd7890\u0027)\n\t"
                      },
                      "scope": "G",
                      "type": "script"
                    }
                  }
                },
                "meta": {
                  "name": "close"
                },
                "position": {
                  "basis": "100px"
                },
                "props": {
                  "image": {
                    "style": {
                      "classes": "Toolshop/button"
                    }
                  },
                  "style": {
                    "classes": "Popup/button"
                  },
                  "text": "Close"
                },
                "type": "ia.input.button"
              }
            ],
            "meta": {
              "name": "FlexContainer"
            },
            "position": {
              "basis": "479px"
            },
            "props": {
              "alignItems": "center",
              "justify": "space-evenly",
              "style": {
                "overflow": "visible"
              }
            },
            "type": "ia.container.flex"
          }
        ],
        "meta": {
          "name": "Buttons"
        },
        "position": {
          "basis": "50px",
          "grow": 1
        },
        "props": {
          "justify": "space-around",
          "style": {
            "overflow": "hidden",
            "paddingTop": 10
          }
        },
        "type": "ia.container.flex"
      }
    ],
    "meta": {
      "name": "root"
    },
    "props": {
      "direction": "column",
      "style": {
        "classes": "Operator/flex_rep",
        "marginBottom": 5,
        "marginTop": 5
      }
    },
    "type": "ia.container.flex"
  }
}