{
  "custom": {},
  "params": {
    "rack_no": 7
  },
  "propConfig": {
    "params.rack_no": {
      "paramDirection": "input",
      "persistent": true
    }
  },
  "props": {
    "defaultSize": {
      "height": 60,
      "width": 823
    }
  },
  "root": {
    "children": [
      {
        "meta": {
          "name": "FlexRepeater"
        },
        "position": {
          "basis": "1255px",
          "grow": 1
        },
        "propConfig": {
          "props.instances": {
            "binding": {
              "config": {
                "path": "view.params.rack_no"
              },
              "overlayOptOut": true,
              "transforms": [
                {
                  "code": "\n\ttry:\n\t\tquery\u003d\u0027\u0027\u0027  select trim(log_batch_no) as log_no \n\t\t  FROM [CIMS].[dbo].[mes_endcut_homogenize_dispatch] \n\t\t  where rack_no\u003d ? and [homogenization_end_execution_date] is null and [homogenization_end_execution_time] is null\u0027\u0027\u0027\n\t\tdata\u003dsystem.db.runPrepQuery(query, [value], \u0027CIMS2\u0027)  \n\t\tFdata\u003d[]\n\t\tfor i in range(len(data)):\n\t\t\tA\u003d{\n\t\t\t  \"instanceStyle\": {\n\t\t\t    \"classes\": \"\"\n\t\t\t  },\n\t\t\t  \"instancePosition\": {},\n\t\t\t  \"logID\": data[i][\u0027log_no\u0027]\n\t\t\t  }\n\t\t\tFdata.append(A)\n\t\treturn Fdata\n\t\t\t\n\texcept:\t\n\t\t\treturn[]\n\t",
                  "type": "script"
                }
              ],
              "type": "property"
            }
          }
        },
        "props": {
          "justify": "space-around",
          "loading": {
            "order": "with-parent"
          },
          "path": "Template/Homogenization/loginfo"
        },
        "type": "ia.display.flex-repeater"
      }
    ],
    "meta": {
      "name": "root"
    },
    "props": {
      "direction": "column",
      "style": {
        "backgroundColor": "#F7EAEA"
      }
    },
    "type": "ia.container.flex"
  }
}