{
  "custom": {
    "FromDate": "2024-1-1 00:00:01",
    "No_Of_PreviousDate": 200,
    "ToDate": "2024-1-4 23:59:59"
  },
  "params": {
    "FromDate": "2024-1-1 00:00:01",
    "ToDate": "2024-1-4 23:59:59",
    "downloadData": {
      "$": [
        "ds",
        192,
        1709289285852
      ],
      "$columns": [
        {
          "data": [],
          "name": "PO_NO",
          "type": "String"
        },
        {
          "data": [],
          "name": "Melt_Machine",
          "type": "String"
        },
        {
          "data": [],
          "name": "S_Alloy",
          "type": "String"
        },
        {
          "data": [],
          "name": "I_Alloy",
          "type": "String"
        },
        {
          "data": [],
          "name": "Press",
          "type": "String"
        },
        {
          "data": [],
          "name": "EC Ingot",
          "type": "Double"
        },
        {
          "data": [],
          "name": "In_House_Scrap",
          "type": "Double"
        },
        {
          "data": [],
          "name": "Dross_ingot",
          "type": "Double"
        },
        {
          "data": [],
          "name": "Flat_Bar",
          "type": "Double"
        },
        {
          "data": [],
          "name": "Imp_Scrap",
          "type": "Double"
        },
        {
          "data": [],
          "name": "CrMA",
          "type": "Double"
        },
        {
          "data": [],
          "name": "MNMA",
          "type": "Double"
        },
        {
          "data": [],
          "name": "Si Pure",
          "type": "Double"
        },
        {
          "data": [],
          "name": "Drain_Metal_IN",
          "type": "Double"
        },
        {
          "data": [],
          "name": "Drain_Metal_OUT",
          "type": "Double"
        },
        {
          "data": [],
          "name": "Dross_Gen",
          "type": "Double"
        },
        {
          "data": [],
          "name": "Melt_loss",
          "type": "Double"
        },
        {
          "data": [],
          "name": "Yield",
          "type": "Double"
        },
        {
          "data": [],
          "name": "Melt_Recovery",
          "type": "Double"
        },
        {
          "data": [],
          "name": "Supv_name",
          "type": "String"
        },
        {
          "data": [],
          "name": "Oprt_name",
          "type": "String"
        },
        {
          "data": [],
          "name": "Start_DT",
          "type": "Date"
        },
        {
          "data": [],
          "name": "End_DT",
          "type": "Date"
        },
        {
          "data": [],
          "name": "Elapased_Time",
          "type": "String"
        },
        {
          "data": [],
          "name": "Transfer_Time",
          "type": "String"
        },
        {
          "data": [],
          "name": "Remarks",
          "type": "String"
        }
      ]
    }
  },
  "propConfig": {
    "custom.FromDate": {
      "binding": {
        "config": {
          "expression": "{view.params.FromDate}"
        },
        "overlayOptOut": true,
        "type": "expr"
      },
      "persistent": true
    },
    "custom.No_Of_PreviousDate": {
      "persistent": true
    },
    "custom.ToDate": {
      "binding": {
        "config": {
          "expression": "{view.params.ToDate}"
        },
        "overlayOptOut": true,
        "type": "expr"
      },
      "persistent": true
    },
    "params.FromDate": {
      "onChange": {
        "enabled": null,
        "script": "#\tif previousValue.value!\u003dcurrentValue.value:\n\tself.getChild(\"root\").getChild(\"Table1\").refreshBinding(\u0027props.data\u0027)\n"
      },
      "paramDirection": "input",
      "persistent": true
    },
    "params.ToDate": {
      "onChange": {
        "enabled": null,
        "script": "#\tif previousValue.value!\u003dcurrentValue.value:\n\tself.getChild(\"root\").getChild(\"Table1\").refreshBinding(\u0027props.data\u0027)"
      },
      "paramDirection": "input",
      "persistent": true
    },
    "params.downloadData": {
      "binding": {
        "config": {
          "path": "/root/Table_0.props.data"
        },
        "overlayOptOut": true,
        "transforms": [
          {
            "code": "\ttry:\n\t\tdataSet \u003d value\n\t\torgColumns \u003d system.dataset.getColumnHeaders(dataSet)\n\t\tdisplayColumns \u003d self.getChild(\"root\").getChild(\"Table_0\").props.columns\n\t\theaders \u003d []\n\t\tnewData \u003d []\n\t\tshowColumns \u003d []\n\t\tfinalDataset \u003d []\n\t\t\t\n\t\tfor oIdx in range(dataSet.getColumnCount()):\n\t\t\n\t\t\t# we want to know if orgColumns[oIdx] is found in displayColumns\n\t\t\tmatch \u003d False; # we haven\u0027t found it yet\n\t\t\tz \u003d 2\n\t\t\tfor sIdx in range(len(displayColumns)):\n\t\t\t\t\n\t\t\t\tif(orgColumns[oIdx] \u003d\u003d displayColumns[sIdx].field):\n\t\t\t\t\t# we have found orgColumns[oIdx] in displayColumns, so we can stop searching\n\t\t\t\t\tmatch \u003d True;\n\t\t\t\t\tbreak;\n\t\t\t\t# if we never find orgColumns[oIdx] in displayColumns, the for loop will simply end,\n\t\t\t\t# and match will remain false\n\t\t\t# add orgColumns[oIdx] to showColumns only if we find a match.\n\t\t\tif (match):\n\t\t\t\n\t\t\t\tshowColumns.append(orgColumns[oIdx]);\n\t\t\t\theaders.append(displayColumns[oIdx].header.title)\n\t\t\t\t\n\t\tfilterDataset \u003d system.dataset.filterColumns(dataSet, showColumns)\n\t\t\n\t\tfor rowIndex in range(filterDataset.getRowCount()):\n\t\t\trow \u003d [filterDataset.getValueAt(rowIndex,col) for col in range(filterDataset.getColumnCount())]\n\t\t\tnewData.append(row)\n\t\t\t\n\t\tfilterDataset \u003d system.dataset.toDataSet(headers, newData)\n\t\tfinalDataset \u003d system.dataset.toPyDataSet(filterDataset)\n\t\treturn finalDataset\n\texcept:\n\t\treturn []\t\n\t",
            "type": "script"
          }
        ],
        "type": "property"
      },
      "paramDirection": "output",
      "persistent": true
    }
  },
  "props": {
    "defaultSize": {
      "width": 1233
    }
  },
  "root": {
    "children": [
      {
        "meta": {
          "name": "Table1"
        },
        "position": {
          "basis": "400px",
          "grow": 1
        },
        "propConfig": {
          "props.data": {
            "binding": {
              "config": {
                "path": "view.custom.FromDate"
              },
              "overlayOptOut": true,
              "transforms": [
                {
                  "code": "\tFROM\u003dself.view.custom.FromDate\n\tTO\u003dself.view.custom.ToDate\n\tdt\u003dsystem.date.now()\n\tFrom\u003dsystem.date.addHours(dt, -48)\n\t\n\tquery\u003d\u0027\u0027\u0027SELECT \n\t    DISTINCT trim(o.[production_order]) as PO_NO,\n\t    SUBSTRING(TRIM(\u0027 \u0027 FROM main.[Machine]), 1, CHARINDEX(\u0027+\u0027, TRIM(\u0027 \u0027 FROM main.[Machine]) + \u0027+\u0027) -1) AS Melt_Machine,\n\t    trim(o.standard_alloy) as S_Alloy,\n\t\ttrim(o.internal_alloy) as I_Alloy,\n\t\ttrim(main.[Press]) as Press,\n\t \t--SUBSTRING(TRIM(\u0027 \u0027 FROM main.[Machine]), 5, CHARINDEX(\u0027+\u0027, TRIM(\u0027 \u0027 FROM main.[Machine]) + \u0027+\u0027) -1) AS Hold_Machine,\n\t\t--SUBSTRING(TRIM(\u0027 \u0027 FROM main.[Machine]), 9, CHARINDEX(\u0027+\u0027, TRIM(\u0027 \u0027 FROM main.[Machine]) + \u0027+\u0027) -1) AS Cast_Machine,\n\t    (select SUM([qty]) AS \u0027EC Ingot\u0027 \n\t\t  FROM\n\t\t\t\t        [CIMS].[dbo].[mes_MF\u0026HF_operation]\n\t\t\t\t    WHERE\n\t\t\t\t        [prod_order] \u003d o.[production_order]\n\t\t\t\t        AND [material_code] in(\u00271100000037\u0027,\u00271100000001\u0027,\u00271100000003\u0027)\n\t\t\t\t        AND [oprn] in (10)\n\t\t\t\t\t\t) as \u0027EC Ingot\u0027,\n\t    (select SUM([qty]) AS \u0027In-House Scrap\u0027 \n\t\t  FROM [CIMS].[dbo].[mes_MF\u0026HF_operation]\n\t\tWHERE\n\t\t\t[prod_order] \u003d o.[production_order]\n\t\t\tAND [material_code] in(\u00271100000006\u0027)\n\t\t\tAND [oprn] in (10)\n\t\t\t) as \u0027In_House_Scrap\u0027,\n\t   (select SUM([qty]) \n\t\t\t FROM [CIMS].[dbo].[mes_MF\u0026HF_operation]\n\t\t\tWHERE\n\t\t\t[prod_order] \u003d o.[production_order]\n\t\t\tAND [material_code] in(\u00278XDROSSINGOTXXXXXXXXXXXXX\u0027)\n\t\t\tAND [oprn] in (10)\n\t\t\t) as \u0027Dross_ingot\u0027,\n\t    (select SUM([qty]) \n\t\t\t FROM [CIMS].[dbo].[mes_MF\u0026HF_operation]\n\t\t\tWHERE\n\t\t\t[prod_order] \u003d o.[production_order]\n\t\t\tAND [material_code] in(\u00271100000015\u0027)\n\t\t\tAND [oprn] in (10)\n\t\t\t) as \u0027Flat_Bar\u0027,\n\t\t(select SUM([qty]) \n\t\t\t FROM [CIMS].[dbo].[mes_MF\u0026HF_operation]\n\t\t\tWHERE\n\t\t\t[prod_order] \u003d o.[production_order]\n\t\t\tAND [material_code] in(\u00271100000015\u0027)\n\t\t\tAND [oprn] in (10)\n\t\t\t) as \u0027Imp_Scrap\u0027,\n\t\t(select SUM([qty]) \n\t\t\t FROM [CIMS].[dbo].[mes_MF\u0026HF_operation]\n\t\t\tWHERE\n\t\t\t[prod_order] \u003d o.[production_order]\n\t\t\tAND [material_code] in(\u00278XMASTERALLOYXCRXXXXXXXXX\u0027)\n\t\t\tAND [oprn] in (10)\n\t\t\t) as \u0027CrMA\u0027,\n\t\t(select SUM([qty]) \n\t\t\t FROM [CIMS].[dbo].[mes_MF\u0026HF_operation]\n\t\t\tWHERE\n\t\t\t[prod_order] \u003d o.[production_order]\n\t\t\tAND [material_code] in(\u00278XMASTERALLOYXMNXXXXXXXXX\u0027)\n\t\t\tAND [oprn] in (10)\n\t\t\t) as \u0027MNMA\u0027,\n\t\t(select SUM([qty]) \n\t\t\t FROM [CIMS].[dbo].[mes_MF\u0026HF_operation]\n\t\t\tWHERE\n\t\t\t[prod_order] \u003d o.[production_order]\n\t\t\tAND [material_code] in(\u00271100000008\u0027)\n\t\t\tAND [oprn] in (10)\n\t\t\t) as \u0027Si Pure\u0027,\n\t\t(select SUM([qty]) \n\t\t\t FROM [CIMS].[dbo].[mes_MF\u0026HF_operation]\n\t\t\tWHERE\n\t\t\t[prod_order] \u003d o.[production_order]\n\t\t\tAND [material_code] in(\u00272400000077\u0027)\n\t\t\tAND material_selection\u003d\u0027IN\u0027\n\t\t\t) as \u0027Drain_Metal_IN\u0027,\n\t\t(select SUM([qty]) \n\t\t\t FROM [CIMS].[dbo].[mes_MF\u0026HF_operation]\n\t\t\tWHERE\n\t\t\t[prod_order] \u003d o.[production_order]\n\t\t\tAND [material_code] in(\u00272400000077\u0027)\n\t\t\tAND material_selection\u003d\u0027OUT\u0027\n\t\t\t) as \u0027Drain_Metal_OUT\u0027,\n\t\t(select SUM([qty]) \n\t\t\t FROM [CIMS].[dbo].[mes_MF\u0026HF_operation]\n\t\t\tWHERE\n\t\t\t[prod_order] \u003d o.[production_order]\n\t\t\tAND [material_code] in(\u00278XINHOUSEDROSSXXXXXXXXXXX\u0027)\n\t\t\tAND material_selection\u003d\u0027OUT\u0027\n\t\t\t) as \u0027Dross_Gen\u0027,\n\t\t((\n\t\t\t\tSELECT\n\t\t\t\t    SUM([qty]) AS qty_out\n\t\t\t\tFROM\n\t\t\t\t    [CIMS].[dbo].[mes_MF\u0026HF_operation]\n\t\t\t\tWHERE\n\t\t\t\t    [prod_order] \u003d o.[production_order]\n\t\t\t\t    AND [material_selection] \u003d \u0027OUT\u0027\n\t\t\t\t    AND [oprn] IN (10)\n\t\t\t)/(\tSELECT\n\t\t\t\t    SUM([qty]) AS qty_in\n\t\t\t\tFROM\n\t\t\t\t    [CIMS].[dbo].[mes_MF\u0026HF_operation]\n\t\t\t\tWHERE\n\t\t\t\t    [prod_order] \u003d o.[production_order]\n\t\t\t\t    AND [material_selection] \u003d \u0027IN\u0027\n\t\t\t\t    AND [oprn] IN (10)))*100 as Melt_loss,\n\t\t((\n\t\t\t\tSELECT\n\t\t\t\t    SUM([qty]) AS qty_in\n\t\t\t\tFROM\n\t\t\t\t    [CIMS].[dbo].[mes_MF\u0026HF_operation]\n\t\t\t\tWHERE\n\t\t\t\t    [prod_order] \u003d o.[production_order]\n\t\t\t\t    AND [material_selection] \u003d \u0027IN\u0027\n\t\t\t\t    AND [oprn] IN (10)\n\t\t\t)-(\n\t\t\t\tSELECT\n\t\t\t\t    SUM([qty]) AS qty_out\n\t\t\t\tFROM\n\t\t\t\t    [CIMS].[dbo].[mes_MF\u0026HF_operation]\n\t\t\t\tWHERE\n\t\t\t\t    [prod_order] \u003d o.[production_order]\n\t\t\t\t    AND [material_selection] \u003d \u0027OUT\u0027\n\t\t\t\t    AND [oprn] IN (10)\n\t\t\t)) as Yield,\n\t\t(((\n\t\t\t\tSELECT\n\t\t\t\t    SUM([qty]) AS qty_in\n\t\t\t\tFROM\n\t\t\t\t    [CIMS].[dbo].[mes_MF\u0026HF_operation]\n\t\t\t\tWHERE\n\t\t\t\t    [prod_order] \u003d o.[production_order]\n\t\t\t\t    AND [material_selection] \u003d \u0027IN\u0027\n\t\t\t\t    AND [oprn] IN (10)\n\t\t\t)-(\n\t\t\t\tSELECT\n\t\t\t\t    SUM([qty]) AS qty_out\n\t\t\t\tFROM\n\t\t\t\t    [CIMS].[dbo].[mes_MF\u0026HF_operation]\n\t\t\t\tWHERE\n\t\t\t\t    [prod_order] \u003d o.[production_order]\n\t\t\t\t    AND [material_selection] \u003d \u0027OUT\u0027\n\t\t\t\t    AND [oprn] IN (10)\n\t\t\t))/\t(\n\t\t\t\tSELECT\n\t\t\t\t    SUM([qty]) AS qty_in\n\t\t\t\tFROM\n\t\t\t\t    [CIMS].[dbo].[mes_MF\u0026HF_operation]\n\t\t\t\tWHERE\n\t\t\t\t    [prod_order] \u003d o.[production_order]\n\t\t\t\t    AND [material_selection] \u003d \u0027IN\u0027\n\t\t\t\t    AND [oprn] IN (10)\n\t\t\t))*100 as Melt_Recovery,\n\t\t(SELECT trim(supv_name)\n\t\t\t\t FROM [CIMS].[dbo].[mes_operation_status] \n\t\t\t\t WHERE oprn \u003d 10 and [prod_order] \u003d o.[production_order]) AS Supv_name,\n\t\t(SELECT trim(oprt_name)\n\t\t\t\t FROM [CIMS].[dbo].[mes_operation_status] \n\t\t\t\t WHERE oprn \u003d 10 and [prod_order] \u003d o.[production_order]) AS Oprt_name,\n\t\t(SELECT \n\t    CONVERT(DATETIME, \n\t        CONVERT(VARCHAR, [oprn_start_execution_date], 23) \n\t        + \u0027 \u0027 \n\t        + CONVERT(VARCHAR(12), [oprn_start_execution_time], 108)\n\t    ) FROM [CIMS].[dbo].[mes_operation_status] \n\t\twhere oprn\u003d10 and [prod_order]\u003d o.[production_order]) as Start_DT,\n\t\t(SELECT \n\t    CONVERT(DATETIME, \n\t        CONVERT(VARCHAR, [oprn_end_execution_date], 23) \n\t        + \u0027 \u0027 \n\t        + CONVERT(VARCHAR(12), [oprn_end_execution_time], 108)\n\t    ) FROM [CIMS].[dbo].[mes_operation_status] \n\t\twhere oprn\u003d10 and [prod_order]\u003d o.[production_order]) as End_DT,\n\t\t(SELECT \n\t\t\tCONVERT(VARCHAR, DATEDIFF(MINUTE, Start_DT, End_DT) / 60) + \u0027:\u0027 + RIGHT(\u00270\u0027 + CONVERT(VARCHAR, DATEDIFF(MINUTE, Start_DT, End_DT) % 60), 2) AS ElapsedTime\n\t\tFROM (\n\t\t\tSELECT \n\t\t\t\tCONVERT(DATETIME, \n\t\t\t\t\tCONVERT(VARCHAR, [oprn_start_execution_date], 23) \n\t\t\t\t\t+ \u0027 \u0027 \n\t\t\t\t\t+ CONVERT(VARCHAR(12), [oprn_start_execution_time], 108)\n\t\t\t\t) AS Start_DT,\n\t\t\t\tCONVERT(DATETIME, \n\t\t\t\t\tCONVERT(VARCHAR, [oprn_end_execution_date], 23) \n\t\t\t\t\t+ \u0027 \u0027 \n\t\t\t\t\t+ CONVERT(VARCHAR(12), [oprn_end_execution_time], 108)\n\t\t\t\t) AS End_DT\n\t\t\tFROM [CIMS].[dbo].[mes_operation_status] \n\t\t\tWHERE oprn \u003d 10 and [prod_order]\u003d o.[production_order]\n\t\t) AS Subquery) as \u0027Elapased_Time\u0027,\n\t\t(\n\t\tSELECT top(1)\n\t\t\tCONVERT(VARCHAR, DATEDIFF(MINUTE, Start_DT, End_DT) / 60) + \u0027:\u0027 + RIGHT(\u00270\u0027 + CONVERT(VARCHAR, DATEDIFF(MINUTE, Start_DT, End_DT) % 60), 2) AS ElapsedTime\n\t\tFROM (\n\t\t\tSELECT \n\t\t\t\t(SELECT TOP 1\n\t\t\t\t\tCONVERT(DATETIME, \n\t\t\t\t\t\tCONVERT(VARCHAR, [oprn_end_execution_date], 23) \n\t\t\t\t\t\t+ \u0027 \u0027 \n\t\t\t\t\t\t+ CONVERT(VARCHAR(12), [oprn_end_execution_time], 108)\n\t\t\t\t\t) \n\t\t\t\t FROM [CIMS].[dbo].[mes_operation_status] \n\t\t\t\t WHERE oprn \u003d 10 and [prod_order] \u003d o.[production_order]) AS Start_DT,\n\t\t\t\t(SELECT TOP 1\n\t\t\t\t\tCONVERT(DATETIME, \n\t\t\t\t\t\tCONVERT(VARCHAR, [oprn_start_execution_date], 23) \n\t\t\t\t\t\t+ \u0027 \u0027 \n\t\t\t\t\t\t+ CONVERT(VARCHAR(12), [oprn_start_execution_time], 108)\n\t\t\t\t\t) \n\t\t\t\t FROM [CIMS].[dbo].[mes_operation_status] \n\t\t\t\t WHERE oprn \u003d 20 and [prod_order] \u003d o.[production_order]) AS End_DT\n\t\t\tFROM [CIMS].[dbo].[mes_operation_status] \n\t\t\tWHERE [prod_order] \u003d o.[production_order]\n\t\t) AS Subquery) as \u0027Transfer_Time\u0027,\n\t\t(SELECT trim(remarks)\n\t\t\t\t FROM [CIMS].[dbo].[mes_operation_status] \n\t\t\t\t WHERE oprn \u003d 10 and [prod_order] \u003d o.[production_order]) AS Remarks\n\tFROM \n\t  [CIMS].[dbo].[mes_main] main\n\t\n\t  JOIN  [CIMS].[dbo].[mes_MF\u0026HF_operation] MFHF ON main.[PO]  \u003d MFHF.[prod_order]\n\t  JOIN  [CIMS].[dbo].[mes_orders] o ON main.[PO]  \u003d o.[production_order]\n\t  JOIN  [CIMS].[dbo].[mes_operation_status] op ON main.[PO]  \u003d op.[prod_order]\n\tWHERE \n\t    MFHF.[date_time] \u003e\u003d ? and MFHF.[date_time] \u003c\u003d ? and MFHF.[oprn]\u003d10\u0027\u0027\u0027\n\targs\u003d[FROM,TO]\n#\targs\u003d[FROM,dt]\n\tdataset\u003dsystem.db.runPrepQuery(query, args, \u0027CIMS2\u0027)\n\tself.view.params.downloadData\u003ddataset\n\treturn dataset\n\t",
                  "type": "script"
                }
              ],
              "type": "property"
            }
          }
        },
        "props": {
          "cells": {
            "allowEditOn": "single-click",
            "style": {
              "classes": "Table/Table_Cell",
              "fontFamily": "Arial",
              "fontSize": 12,
              "textAlign": "left"
            }
          },
          "columns": [
            {
              "align": "center",
              "boolean": "checkbox",
              "dateFormat": "MM/DD/YYYY",
              "editable": false,
              "field": "PO_NO",
              "filter": {
                "boolean": {
                  "condition": ""
                },
                "date": {
                  "condition": "",
                  "value": ""
                },
                "enabled": true,
                "number": {
                  "condition": "",
                  "value": ""
                },
                "string": {
                  "condition": "",
                  "value": ""
                },
                "visible": "on-hover"
              },
              "footer": {
                "align": "center",
                "justify": "left",
                "style": {
                  "classes": ""
                },
                "title": ""
              },
              "header": {
                "align": "center",
                "justify": "center",
                "style": {
                  "classes": ""
                },
                "title": "PO NO"
              },
              "justify": "center",
              "number": "value",
              "numberFormat": "0,0.##",
              "progressBar": {
                "bar": {
                  "color": "",
                  "style": {
                    "classes": ""
                  }
                },
                "max": 100,
                "min": 0,
                "track": {
                  "color": "",
                  "style": {
                    "classes": ""
                  }
                },
                "value": {
                  "enabled": true,
                  "format": "0,0.##",
                  "justify": "center",
                  "style": {
                    "classes": ""
                  }
                }
              },
              "render": "string",
              "resizable": false,
              "sort": "none",
              "sortable": false,
              "strictWidth": false,
              "style": {
                "classes": "test1"
              },
              "toggleSwitch": {
                "color": {
                  "selected": "",
                  "unselected": ""
                }
              },
              "viewParams": {
                "In_Out": "Out",
                "rowData": {}
              },
              "viewPath": "LogTrackTemplates/LogStandLogIdView",
              "visible": true,
              "width": ""
            },
            {
              "align": "center",
              "boolean": "checkbox",
              "dateFormat": "MM/DD/YYYY",
              "editable": false,
              "field": "Melt_Machine",
              "filter": {
                "boolean": {
                  "condition": ""
                },
                "date": {
                  "condition": "",
                  "value": ""
                },
                "enabled": true,
                "number": {
                  "condition": "",
                  "value": ""
                },
                "string": {
                  "condition": "",
                  "value": ""
                },
                "visible": "on-hover"
              },
              "footer": {
                "align": "center",
                "justify": "left",
                "style": {
                  "classes": ""
                },
                "title": ""
              },
              "header": {
                "align": "center",
                "justify": "center",
                "style": {
                  "classes": ""
                },
                "title": "Melt Machine"
              },
              "justify": "center",
              "number": "value",
              "numberFormat": "0,0.##",
              "progressBar": {
                "bar": {
                  "color": "",
                  "style": {
                    "classes": ""
                  }
                },
                "max": 100,
                "min": 0,
                "track": {
                  "color": "",
                  "style": {
                    "classes": ""
                  }
                },
                "value": {
                  "enabled": true,
                  "format": "0,0.##",
                  "justify": "center",
                  "style": {
                    "classes": ""
                  }
                }
              },
              "render": "string",
              "resizable": true,
              "sort": "none",
              "sortable": false,
              "strictWidth": false,
              "style": {
                "classes": "test1"
              },
              "toggleSwitch": {
                "color": {
                  "selected": "",
                  "unselected": ""
                }
              },
              "viewParams": {},
              "viewPath": "",
              "visible": true,
              "width": ""
            },
            {
              "align": "center",
              "boolean": "checkbox",
              "dateFormat": "MM/DD/YYYY",
              "editable": false,
              "field": "S_Alloy",
              "filter": {
                "boolean": {
                  "condition": ""
                },
                "date": {
                  "condition": "",
                  "value": ""
                },
                "enabled": true,
                "number": {
                  "condition": "",
                  "value": ""
                },
                "string": {
                  "condition": "",
                  "value": ""
                },
                "visible": "on-hover"
              },
              "footer": {
                "align": "center",
                "justify": "left",
                "style": {
                  "classes": ""
                },
                "title": ""
              },
              "header": {
                "align": "center",
                "justify": "center",
                "style": {
                  "classes": ""
                },
                "title": "Standard Alloy"
              },
              "justify": "center",
              "number": "value",
              "numberFormat": "0,0.##",
              "progressBar": {
                "bar": {
                  "color": "",
                  "style": {
                    "classes": ""
                  }
                },
                "max": 100,
                "min": 0,
                "track": {
                  "color": "",
                  "style": {
                    "classes": ""
                  }
                },
                "value": {
                  "enabled": true,
                  "format": "0,0.##",
                  "justify": "center",
                  "style": {
                    "classes": ""
                  }
                }
              },
              "render": "auto",
              "resizable": true,
              "sort": "none",
              "sortable": false,
              "strictWidth": false,
              "style": {
                "classes": "test1"
              },
              "toggleSwitch": {
                "color": {
                  "selected": "",
                  "unselected": ""
                }
              },
              "viewParams": {},
              "viewPath": "",
              "visible": true,
              "width": ""
            },
            {
              "align": "center",
              "boolean": "checkbox",
              "dateFormat": "MM/DD/YYYY",
              "editable": false,
              "field": "I_Alloy",
              "filter": {
                "boolean": {
                  "condition": ""
                },
                "date": {
                  "condition": "",
                  "value": ""
                },
                "enabled": true,
                "number": {
                  "condition": "",
                  "value": ""
                },
                "string": {
                  "condition": "",
                  "value": ""
                },
                "visible": "on-hover"
              },
              "footer": {
                "align": "center",
                "justify": "left",
                "style": {
                  "classes": ""
                },
                "title": ""
              },
              "header": {
                "align": "center",
                "justify": "center",
                "style": {
                  "classes": ""
                },
                "title": "Internal Alloy"
              },
              "justify": "center",
              "number": "value",
              "numberFormat": "0,0.##",
              "progressBar": {
                "bar": {
                  "color": "",
                  "style": {
                    "classes": ""
                  }
                },
                "max": 100,
                "min": 0,
                "track": {
                  "color": "",
                  "style": {
                    "classes": ""
                  }
                },
                "value": {
                  "enabled": true,
                  "format": "0,0.##",
                  "justify": "center",
                  "style": {
                    "classes": ""
                  }
                }
              },
              "render": "auto",
              "resizable": true,
              "sort": "none",
              "sortable": false,
              "strictWidth": false,
              "style": {
                "classes": "test1"
              },
              "toggleSwitch": {
                "color": {
                  "selected": "",
                  "unselected": ""
                }
              },
              "viewParams": {},
              "viewPath": "",
              "visible": true,
              "width": ""
            },
            {
              "align": "center",
              "boolean": "checkbox",
              "dateFormat": "MM/DD/YYYY",
              "editable": false,
              "field": "Press",
              "filter": {
                "boolean": {
                  "condition": ""
                },
                "date": {
                  "condition": "",
                  "value": ""
                },
                "enabled": false,
                "number": {
                  "condition": "",
                  "value": ""
                },
                "string": {
                  "condition": "",
                  "value": ""
                },
                "visible": "on-hover"
              },
              "footer": {
                "align": "center",
                "justify": "left",
                "style": {
                  "classes": ""
                },
                "title": ""
              },
              "header": {
                "align": "center",
                "justify": "center",
                "style": {
                  "classes": ""
                },
                "title": "Press"
              },
              "justify": "center",
              "number": "value",
              "numberFormat": "0,0.##",
              "progressBar": {
                "bar": {
                  "color": "",
                  "style": {
                    "classes": ""
                  }
                },
                "max": 100,
                "min": 0,
                "track": {
                  "color": "",
                  "style": {
                    "classes": ""
                  }
                },
                "value": {
                  "enabled": true,
                  "format": "0,0.##",
                  "justify": "center",
                  "style": {
                    "classes": ""
                  }
                }
              },
              "render": "auto",
              "resizable": true,
              "sort": "none",
              "sortable": false,
              "strictWidth": true,
              "style": {
                "classes": ""
              },
              "toggleSwitch": {
                "color": {
                  "selected": "",
                  "unselected": ""
                }
              },
              "viewParams": {},
              "viewPath": "",
              "visible": true,
              "width": 50
            },
            {
              "align": "center",
              "boolean": "checkbox",
              "dateFormat": "MM/DD/YYYY",
              "editable": false,
              "field": "EC Ingot",
              "filter": {
                "boolean": {
                  "condition": ""
                },
                "date": {
                  "condition": "",
                  "value": ""
                },
                "enabled": false,
                "number": {
                  "condition": "",
                  "value": ""
                },
                "string": {
                  "condition": "",
                  "value": ""
                },
                "visible": "on-hover"
              },
              "footer": {
                "align": "center",
                "justify": "left",
                "style": {
                  "classes": ""
                },
                "title": ""
              },
              "header": {
                "align": "center",
                "justify": "center",
                "style": {
                  "classes": ""
                },
                "title": "EC Ingot (kg)"
              },
              "justify": "center",
              "number": "value",
              "numberFormat": "0,0.##",
              "progressBar": {
                "bar": {
                  "color": "",
                  "style": {
                    "classes": ""
                  }
                },
                "max": 100,
                "min": 0,
                "track": {
                  "color": "",
                  "style": {
                    "classes": ""
                  }
                },
                "value": {
                  "enabled": true,
                  "format": "0,0.##",
                  "justify": "center",
                  "style": {
                    "classes": ""
                  }
                }
              },
              "render": "number",
              "resizable": true,
              "sort": "none",
              "sortable": false,
              "strictWidth": false,
              "style": {
                "classes": ""
              },
              "toggleSwitch": {
                "color": {
                  "selected": "",
                  "unselected": ""
                }
              },
              "viewParams": {},
              "viewPath": "",
              "visible": true,
              "width": ""
            },
            {
              "align": "center",
              "boolean": "checkbox",
              "dateFormat": "MM/DD/YYYY",
              "editable": false,
              "field": "In_House_Scrap",
              "filter": {
                "boolean": {
                  "condition": ""
                },
                "date": {
                  "condition": "",
                  "value": ""
                },
                "enabled": false,
                "number": {
                  "condition": "",
                  "value": ""
                },
                "string": {
                  "condition": "",
                  "value": ""
                },
                "visible": "on-hover"
              },
              "footer": {
                "align": "center",
                "justify": "left",
                "style": {
                  "classes": ""
                },
                "title": ""
              },
              "header": {
                "align": "center",
                "justify": "center",
                "style": {
                  "classes": ""
                },
                "title": "In House Scrap (kg)"
              },
              "justify": "center",
              "number": "value",
              "numberFormat": "0,0.##",
              "progressBar": {
                "bar": {
                  "color": "",
                  "style": {
                    "classes": ""
                  }
                },
                "max": 100,
                "min": 0,
                "track": {
                  "color": "",
                  "style": {
                    "classes": ""
                  }
                },
                "value": {
                  "enabled": true,
                  "format": "0,0.##",
                  "justify": "center",
                  "style": {
                    "classes": ""
                  }
                }
              },
              "render": "number",
              "resizable": true,
              "sort": "none",
              "sortable": false,
              "strictWidth": false,
              "style": {
                "classes": ""
              },
              "toggleSwitch": {
                "color": {
                  "selected": "",
                  "unselected": ""
                }
              },
              "viewParams": {},
              "viewPath": "",
              "visible": true,
              "width": ""
            },
            {
              "align": "center",
              "boolean": "checkbox",
              "dateFormat": "MM/DD/YYYY",
              "editable": false,
              "field": "Dross_ingot",
              "filter": {
                "boolean": {
                  "condition": ""
                },
                "date": {
                  "condition": "",
                  "value": ""
                },
                "enabled": false,
                "number": {
                  "condition": "",
                  "value": ""
                },
                "string": {
                  "condition": "",
                  "value": ""
                },
                "visible": "on-hover"
              },
              "footer": {
                "align": "center",
                "justify": "left",
                "style": {
                  "classes": ""
                },
                "title": ""
              },
              "header": {
                "align": "center",
                "justify": "center",
                "style": {
                  "classes": ""
                },
                "title": "Dross Ingot (kg)"
              },
              "justify": "center",
              "number": "value",
              "numberFormat": "0,0.##",
              "progressBar": {
                "bar": {
                  "color": "",
                  "style": {
                    "classes": ""
                  }
                },
                "max": 100,
                "min": 0,
                "track": {
                  "color": "",
                  "style": {
                    "classes": ""
                  }
                },
                "value": {
                  "enabled": true,
                  "format": "0,0.##",
                  "justify": "center",
                  "style": {
                    "classes": ""
                  }
                }
              },
              "render": "number",
              "resizable": true,
              "sort": "none",
              "sortable": false,
              "strictWidth": false,
              "style": {
                "classes": ""
              },
              "toggleSwitch": {
                "color": {
                  "selected": "",
                  "unselected": ""
                }
              },
              "viewParams": {},
              "viewPath": "",
              "visible": true,
              "width": ""
            },
            {
              "align": "center",
              "boolean": "checkbox",
              "dateFormat": "DD/MM/YYYY",
              "editable": false,
              "field": "Flat_Bar",
              "filter": {
                "boolean": {
                  "condition": ""
                },
                "date": {
                  "condition": "",
                  "value": ""
                },
                "enabled": true,
                "number": {
                  "condition": "",
                  "value": ""
                },
                "string": {
                  "condition": "",
                  "value": ""
                },
                "visible": "on-hover"
              },
              "footer": {
                "align": "center",
                "justify": "left",
                "style": {
                  "classes": ""
                },
                "title": ""
              },
              "header": {
                "align": "center",
                "justify": "center",
                "style": {
                  "classes": ""
                },
                "title": "Flat Bar (kg)"
              },
              "justify": "center",
              "number": "value",
              "numberFormat": "0,0.##",
              "progressBar": {
                "bar": {
                  "color": "",
                  "style": {
                    "classes": ""
                  }
                },
                "max": 100,
                "min": 0,
                "track": {
                  "color": "",
                  "style": {
                    "classes": ""
                  }
                },
                "value": {
                  "enabled": true,
                  "format": "0,0.##",
                  "justify": "center",
                  "style": {
                    "classes": ""
                  }
                }
              },
              "render": "number",
              "resizable": false,
              "sort": "none",
              "sortable": false,
              "strictWidth": false,
              "style": {
                "classes": "test1"
              },
              "toggleSwitch": {
                "color": {
                  "selected": "",
                  "unselected": ""
                }
              },
              "viewParams": {},
              "viewPath": "",
              "visible": true,
              "width": ""
            },
            {
              "align": "center",
              "boolean": "checkbox",
              "dateFormat": "DD/MM/YYYY HH:mm",
              "editable": false,
              "field": "Imp_Scrap",
              "filter": {
                "boolean": {
                  "condition": ""
                },
                "date": {
                  "condition": "",
                  "value": ""
                },
                "enabled": true,
                "number": {
                  "condition": "",
                  "value": ""
                },
                "string": {
                  "condition": "",
                  "value": ""
                },
                "visible": "on-hover"
              },
              "footer": {
                "align": "center",
                "justify": "left",
                "style": {
                  "classes": ""
                },
                "title": ""
              },
              "header": {
                "align": "center",
                "justify": "center",
                "style": {
                  "classes": ""
                },
                "title": "Imp Scrap (kg)"
              },
              "justify": "center",
              "number": "value",
              "numberFormat": "0,0.##",
              "progressBar": {
                "bar": {
                  "color": "",
                  "style": {
                    "classes": ""
                  }
                },
                "max": 100,
                "min": 0,
                "track": {
                  "color": "",
                  "style": {
                    "classes": ""
                  }
                },
                "value": {
                  "enabled": true,
                  "format": "0,0.##",
                  "justify": "center",
                  "style": {
                    "classes": ""
                  }
                }
              },
              "render": "number",
              "resizable": false,
              "sort": "none",
              "sortable": false,
              "strictWidth": false,
              "style": {
                "classes": "test1"
              },
              "toggleSwitch": {
                "color": {
                  "selected": "",
                  "unselected": ""
                }
              },
              "viewParams": {},
              "viewPath": "",
              "visible": true,
              "width": ""
            },
            {
              "align": "center",
              "boolean": "checkbox",
              "dateFormat": "DD/MM/YYYY HH:mm",
              "editable": false,
              "field": "CrMA",
              "filter": {
                "boolean": {
                  "condition": ""
                },
                "date": {
                  "condition": "",
                  "value": ""
                },
                "enabled": false,
                "number": {
                  "condition": "",
                  "value": ""
                },
                "string": {
                  "condition": "",
                  "value": ""
                },
                "visible": "on-hover"
              },
              "footer": {
                "align": "center",
                "justify": "left",
                "style": {
                  "classes": ""
                },
                "title": ""
              },
              "header": {
                "align": "center",
                "justify": "center",
                "style": {
                  "classes": ""
                },
                "title": "CrMA (kg)"
              },
              "justify": "center",
              "number": "value",
              "numberFormat": "0,0.##",
              "progressBar": {
                "bar": {
                  "color": "",
                  "style": {
                    "classes": ""
                  }
                },
                "max": 100,
                "min": 0,
                "track": {
                  "color": "",
                  "style": {
                    "classes": ""
                  }
                },
                "value": {
                  "enabled": true,
                  "format": "0,0.##",
                  "justify": "center",
                  "style": {
                    "classes": ""
                  }
                }
              },
              "render": "number",
              "resizable": false,
              "sort": "none",
              "sortable": false,
              "strictWidth": false,
              "style": {
                "classes": "test1"
              },
              "toggleSwitch": {
                "color": {
                  "selected": "",
                  "unselected": ""
                }
              },
              "viewParams": {},
              "viewPath": "",
              "visible": true,
              "width": ""
            },
            {
              "align": "center",
              "boolean": "checkbox",
              "dateFormat": "DD/MM/YYYY HH:mm",
              "editable": false,
              "field": "MNMA",
              "filter": {
                "boolean": {
                  "condition": ""
                },
                "date": {
                  "condition": "",
                  "value": ""
                },
                "enabled": false,
                "number": {
                  "condition": "",
                  "value": ""
                },
                "string": {
                  "condition": "",
                  "value": ""
                },
                "visible": "on-hover"
              },
              "footer": {
                "align": "center",
                "justify": "left",
                "style": {
                  "classes": ""
                },
                "title": ""
              },
              "header": {
                "align": "center",
                "justify": "center",
                "style": {
                  "classes": ""
                },
                "title": "MNMA (kg)"
              },
              "justify": "center",
              "number": "value",
              "numberFormat": "0,0.##",
              "progressBar": {
                "bar": {
                  "color": "",
                  "style": {
                    "classes": ""
                  }
                },
                "max": 100,
                "min": 0,
                "track": {
                  "color": "",
                  "style": {
                    "classes": ""
                  }
                },
                "value": {
                  "enabled": true,
                  "format": "0,0.##",
                  "justify": "center",
                  "style": {
                    "classes": ""
                  }
                }
              },
              "render": "number",
              "resizable": false,
              "sort": "none",
              "sortable": false,
              "strictWidth": false,
              "style": {
                "classes": "test1"
              },
              "toggleSwitch": {
                "color": {
                  "selected": "",
                  "unselected": ""
                }
              },
              "viewParams": {},
              "viewPath": "",
              "visible": true,
              "width": ""
            },
            {
              "align": "center",
              "boolean": "checkbox",
              "dateFormat": "DD/MM/YYYY HH:mm",
              "editable": false,
              "field": "Si Pure",
              "filter": {
                "boolean": {
                  "condition": ""
                },
                "date": {
                  "condition": "",
                  "value": ""
                },
                "enabled": false,
                "number": {
                  "condition": "",
                  "value": ""
                },
                "string": {
                  "condition": "",
                  "value": ""
                },
                "visible": "on-hover"
              },
              "footer": {
                "align": "center",
                "justify": "left",
                "style": {
                  "classes": ""
                },
                "title": ""
              },
              "header": {
                "align": "center",
                "justify": "center",
                "style": {
                  "classes": ""
                },
                "title": "Si Pure (kg)"
              },
              "justify": "center",
              "number": "value",
              "numberFormat": "0,0.##",
              "progressBar": {
                "bar": {
                  "color": "",
                  "style": {
                    "classes": ""
                  }
                },
                "max": 100,
                "min": 0,
                "track": {
                  "color": "",
                  "style": {
                    "classes": ""
                  }
                },
                "value": {
                  "enabled": true,
                  "format": "0,0.##",
                  "justify": "center",
                  "style": {
                    "classes": ""
                  }
                }
              },
              "render": "number",
              "resizable": false,
              "sort": "none",
              "sortable": false,
              "strictWidth": false,
              "style": {
                "classes": "test1"
              },
              "toggleSwitch": {
                "color": {
                  "selected": "",
                  "unselected": ""
                }
              },
              "viewParams": {},
              "viewPath": "",
              "visible": true,
              "width": ""
            },
            {
              "align": "center",
              "boolean": "checkbox",
              "dateFormat": "DD/MM/YYYY HH:mm",
              "editable": false,
              "field": "Drain_Metal_IN",
              "filter": {
                "boolean": {
                  "condition": ""
                },
                "date": {
                  "condition": "",
                  "value": ""
                },
                "enabled": false,
                "number": {
                  "condition": "",
                  "value": ""
                },
                "string": {
                  "condition": "",
                  "value": ""
                },
                "visible": "on-hover"
              },
              "footer": {
                "align": "center",
                "justify": "left",
                "style": {
                  "classes": ""
                },
                "title": ""
              },
              "header": {
                "align": "center",
                "justify": "center",
                "style": {
                  "classes": ""
                },
                "title": "Drain IN (kg)"
              },
              "justify": "center",
              "number": "value",
              "numberFormat": "0,0.##",
              "progressBar": {
                "bar": {
                  "color": "",
                  "style": {
                    "classes": ""
                  }
                },
                "max": 100,
                "min": 0,
                "track": {
                  "color": "",
                  "style": {
                    "classes": ""
                  }
                },
                "value": {
                  "enabled": true,
                  "format": "0,0.##",
                  "justify": "center",
                  "style": {
                    "classes": ""
                  }
                }
              },
              "render": "number",
              "resizable": false,
              "sort": "none",
              "sortable": false,
              "strictWidth": false,
              "style": {
                "classes": "test1"
              },
              "toggleSwitch": {
                "color": {
                  "selected": "",
                  "unselected": ""
                }
              },
              "viewParams": {},
              "viewPath": "",
              "visible": true,
              "width": ""
            },
            {
              "align": "center",
              "boolean": "checkbox",
              "dateFormat": "DD/MM/YYYY HH:mm",
              "editable": false,
              "field": "Drain_Metal_OUT",
              "filter": {
                "boolean": {
                  "condition": ""
                },
                "date": {
                  "condition": "",
                  "value": ""
                },
                "enabled": false,
                "number": {
                  "condition": "",
                  "value": ""
                },
                "string": {
                  "condition": "",
                  "value": ""
                },
                "visible": "on-hover"
              },
              "footer": {
                "align": "center",
                "justify": "left",
                "style": {
                  "classes": ""
                },
                "title": ""
              },
              "header": {
                "align": "center",
                "justify": "center",
                "style": {
                  "classes": ""
                },
                "title": "Drain OUT (kg)"
              },
              "justify": "center",
              "number": "value",
              "numberFormat": "0,0.##",
              "progressBar": {
                "bar": {
                  "color": "",
                  "style": {
                    "classes": ""
                  }
                },
                "max": 100,
                "min": 0,
                "track": {
                  "color": "",
                  "style": {
                    "classes": ""
                  }
                },
                "value": {
                  "enabled": true,
                  "format": "0,0.##",
                  "justify": "center",
                  "style": {
                    "classes": ""
                  }
                }
              },
              "render": "number",
              "resizable": false,
              "sort": "none",
              "sortable": false,
              "strictWidth": false,
              "style": {
                "classes": "test1"
              },
              "toggleSwitch": {
                "color": {
                  "selected": "",
                  "unselected": ""
                }
              },
              "viewParams": {},
              "viewPath": "",
              "visible": true,
              "width": ""
            },
            {
              "align": "center",
              "boolean": "checkbox",
              "dateFormat": "DD/MM/YYYY HH:mm",
              "editable": false,
              "field": "Dross_Gen",
              "filter": {
                "boolean": {
                  "condition": ""
                },
                "date": {
                  "condition": "",
                  "value": ""
                },
                "enabled": false,
                "number": {
                  "condition": "",
                  "value": ""
                },
                "string": {
                  "condition": "",
                  "value": ""
                },
                "visible": "on-hover"
              },
              "footer": {
                "align": "center",
                "justify": "left",
                "style": {
                  "classes": ""
                },
                "title": ""
              },
              "header": {
                "align": "center",
                "justify": "center",
                "style": {
                  "classes": ""
                },
                "title": "Dross (kg)"
              },
              "justify": "center",
              "number": "value",
              "numberFormat": "0,0.##",
              "progressBar": {
                "bar": {
                  "color": "",
                  "style": {
                    "classes": ""
                  }
                },
                "max": 100,
                "min": 0,
                "track": {
                  "color": "",
                  "style": {
                    "classes": ""
                  }
                },
                "value": {
                  "enabled": true,
                  "format": "0,0.##",
                  "justify": "center",
                  "style": {
                    "classes": ""
                  }
                }
              },
              "render": "number",
              "resizable": false,
              "sort": "none",
              "sortable": false,
              "strictWidth": false,
              "style": {
                "classes": "test1"
              },
              "toggleSwitch": {
                "color": {
                  "selected": "",
                  "unselected": ""
                }
              },
              "viewParams": {},
              "viewPath": "",
              "visible": true,
              "width": ""
            },
            {
              "align": "center",
              "boolean": "checkbox",
              "dateFormat": "DD/MM/YYYY HH:mm",
              "editable": false,
              "field": "Melt_loss",
              "filter": {
                "boolean": {
                  "condition": ""
                },
                "date": {
                  "condition": "",
                  "value": ""
                },
                "enabled": false,
                "number": {
                  "condition": "",
                  "value": ""
                },
                "string": {
                  "condition": "",
                  "value": ""
                },
                "visible": "on-hover"
              },
              "footer": {
                "align": "center",
                "justify": "left",
                "style": {
                  "classes": ""
                },
                "title": ""
              },
              "header": {
                "align": "center",
                "justify": "center",
                "style": {
                  "classes": ""
                },
                "title": "Melt loss (kg)"
              },
              "justify": "center",
              "number": "value",
              "numberFormat": "0,0.##",
              "progressBar": {
                "bar": {
                  "color": "",
                  "style": {
                    "classes": ""
                  }
                },
                "max": 100,
                "min": 0,
                "track": {
                  "color": "",
                  "style": {
                    "classes": ""
                  }
                },
                "value": {
                  "enabled": true,
                  "format": "0,0.##",
                  "justify": "center",
                  "style": {
                    "classes": ""
                  }
                }
              },
              "render": "number",
              "resizable": false,
              "sort": "none",
              "sortable": false,
              "strictWidth": false,
              "style": {
                "classes": "test1"
              },
              "toggleSwitch": {
                "color": {
                  "selected": "",
                  "unselected": ""
                }
              },
              "viewParams": {},
              "viewPath": "",
              "visible": true,
              "width": ""
            },
            {
              "align": "center",
              "boolean": "checkbox",
              "dateFormat": "DD/MM/YYYY HH:mm",
              "editable": false,
              "field": "Yield",
              "filter": {
                "boolean": {
                  "condition": ""
                },
                "date": {
                  "condition": "",
                  "value": ""
                },
                "enabled": false,
                "number": {
                  "condition": "",
                  "value": ""
                },
                "string": {
                  "condition": "",
                  "value": ""
                },
                "visible": "on-hover"
              },
              "footer": {
                "align": "center",
                "justify": "left",
                "style": {
                  "classes": ""
                },
                "title": ""
              },
              "header": {
                "align": "center",
                "justify": "center",
                "style": {
                  "classes": ""
                },
                "title": "Yield (kg)"
              },
              "justify": "center",
              "number": "value",
              "numberFormat": "0,0.##",
              "progressBar": {
                "bar": {
                  "color": "",
                  "style": {
                    "classes": ""
                  }
                },
                "max": 100,
                "min": 0,
                "track": {
                  "color": "",
                  "style": {
                    "classes": ""
                  }
                },
                "value": {
                  "enabled": true,
                  "format": "0,0.##",
                  "justify": "center",
                  "style": {
                    "classes": ""
                  }
                }
              },
              "render": "number",
              "resizable": false,
              "sort": "none",
              "sortable": false,
              "strictWidth": false,
              "style": {
                "classes": "test1"
              },
              "toggleSwitch": {
                "color": {
                  "selected": "",
                  "unselected": ""
                }
              },
              "viewParams": {},
              "viewPath": "",
              "visible": true,
              "width": ""
            },
            {
              "align": "center",
              "boolean": "checkbox",
              "dateFormat": "DD/MM/YYYY HH:mm",
              "editable": false,
              "field": "Melt_Recovery",
              "filter": {
                "boolean": {
                  "condition": ""
                },
                "date": {
                  "condition": "",
                  "value": ""
                },
                "enabled": false,
                "number": {
                  "condition": "",
                  "value": ""
                },
                "string": {
                  "condition": "",
                  "value": ""
                },
                "visible": "on-hover"
              },
              "footer": {
                "align": "center",
                "justify": "left",
                "style": {
                  "classes": ""
                },
                "title": ""
              },
              "header": {
                "align": "center",
                "justify": "center",
                "style": {
                  "classes": ""
                },
                "title": "Melt Recovery (kg)"
              },
              "justify": "center",
              "number": "value",
              "numberFormat": "0,0.##",
              "progressBar": {
                "bar": {
                  "color": "",
                  "style": {
                    "classes": ""
                  }
                },
                "max": 100,
                "min": 0,
                "track": {
                  "color": "",
                  "style": {
                    "classes": ""
                  }
                },
                "value": {
                  "enabled": true,
                  "format": "0,0.##",
                  "justify": "center",
                  "style": {
                    "classes": ""
                  }
                }
              },
              "render": "number",
              "resizable": false,
              "sort": "none",
              "sortable": false,
              "strictWidth": false,
              "style": {
                "classes": "test1"
              },
              "toggleSwitch": {
                "color": {
                  "selected": "",
                  "unselected": ""
                }
              },
              "viewParams": {},
              "viewPath": "",
              "visible": true,
              "width": ""
            },
            {
              "align": "center",
              "boolean": "checkbox",
              "dateFormat": "DD/MM/YYYY HH:mm",
              "editable": false,
              "field": "Supv_name",
              "filter": {
                "boolean": {
                  "condition": ""
                },
                "date": {
                  "condition": "",
                  "value": ""
                },
                "enabled": false,
                "number": {
                  "condition": "",
                  "value": ""
                },
                "string": {
                  "condition": "",
                  "value": ""
                },
                "visible": "on-hover"
              },
              "footer": {
                "align": "center",
                "justify": "left",
                "style": {
                  "classes": ""
                },
                "title": ""
              },
              "header": {
                "align": "center",
                "justify": "center",
                "style": {
                  "classes": ""
                },
                "title": "Supervisor"
              },
              "justify": "center",
              "number": "value",
              "numberFormat": "0,0.##",
              "progressBar": {
                "bar": {
                  "color": "",
                  "style": {
                    "classes": ""
                  }
                },
                "max": 100,
                "min": 0,
                "track": {
                  "color": "",
                  "style": {
                    "classes": ""
                  }
                },
                "value": {
                  "enabled": true,
                  "format": "0,0.##",
                  "justify": "center",
                  "style": {
                    "classes": ""
                  }
                }
              },
              "render": "string",
              "resizable": false,
              "sort": "none",
              "sortable": false,
              "strictWidth": false,
              "style": {
                "classes": "test1"
              },
              "toggleSwitch": {
                "color": {
                  "selected": "",
                  "unselected": ""
                }
              },
              "viewParams": {},
              "viewPath": "",
              "visible": true,
              "width": ""
            },
            {
              "align": "center",
              "boolean": "checkbox",
              "dateFormat": "DD/MM/YYYY HH:mm",
              "editable": false,
              "field": "Oprt_name",
              "filter": {
                "boolean": {
                  "condition": ""
                },
                "date": {
                  "condition": "",
                  "value": ""
                },
                "enabled": false,
                "number": {
                  "condition": "",
                  "value": ""
                },
                "string": {
                  "condition": "",
                  "value": ""
                },
                "visible": "on-hover"
              },
              "footer": {
                "align": "center",
                "justify": "left",
                "style": {
                  "classes": ""
                },
                "title": ""
              },
              "header": {
                "align": "center",
                "justify": "center",
                "style": {
                  "classes": ""
                },
                "title": "Operator"
              },
              "justify": "center",
              "number": "value",
              "numberFormat": "0,0.##",
              "progressBar": {
                "bar": {
                  "color": "",
                  "style": {
                    "classes": ""
                  }
                },
                "max": 100,
                "min": 0,
                "track": {
                  "color": "",
                  "style": {
                    "classes": ""
                  }
                },
                "value": {
                  "enabled": true,
                  "format": "0,0.##",
                  "justify": "center",
                  "style": {
                    "classes": ""
                  }
                }
              },
              "render": "string",
              "resizable": false,
              "sort": "none",
              "sortable": false,
              "strictWidth": false,
              "style": {
                "classes": "test1"
              },
              "toggleSwitch": {
                "color": {
                  "selected": "",
                  "unselected": ""
                }
              },
              "viewParams": {},
              "viewPath": "",
              "visible": true,
              "width": ""
            },
            {
              "align": "center",
              "boolean": "checkbox",
              "dateFormat": "DD/MM/YYYY HH:mm",
              "editable": false,
              "field": "Start_DT",
              "filter": {
                "boolean": {
                  "condition": ""
                },
                "date": {
                  "condition": "",
                  "value": ""
                },
                "enabled": false,
                "number": {
                  "condition": "",
                  "value": ""
                },
                "string": {
                  "condition": "",
                  "value": ""
                },
                "visible": "on-hover"
              },
              "footer": {
                "align": "center",
                "justify": "left",
                "style": {
                  "classes": ""
                },
                "title": ""
              },
              "header": {
                "align": "center",
                "justify": "center",
                "style": {
                  "classes": ""
                },
                "title": "Start"
              },
              "justify": "center",
              "number": "value",
              "numberFormat": "0,0.##",
              "progressBar": {
                "bar": {
                  "color": "",
                  "style": {
                    "classes": ""
                  }
                },
                "max": 100,
                "min": 0,
                "track": {
                  "color": "",
                  "style": {
                    "classes": ""
                  }
                },
                "value": {
                  "enabled": true,
                  "format": "0,0.##",
                  "justify": "center",
                  "style": {
                    "classes": ""
                  }
                }
              },
              "render": "date",
              "resizable": false,
              "sort": "none",
              "sortable": false,
              "strictWidth": false,
              "style": {
                "classes": "test1"
              },
              "toggleSwitch": {
                "color": {
                  "selected": "",
                  "unselected": ""
                }
              },
              "viewParams": {},
              "viewPath": "",
              "visible": true,
              "width": ""
            },
            {
              "align": "center",
              "boolean": "checkbox",
              "dateFormat": "DD/MM/YYYY HH:mm",
              "editable": false,
              "field": "End_DT",
              "filter": {
                "boolean": {
                  "condition": ""
                },
                "date": {
                  "condition": "",
                  "value": ""
                },
                "enabled": false,
                "number": {
                  "condition": "",
                  "value": ""
                },
                "string": {
                  "condition": "",
                  "value": ""
                },
                "visible": "on-hover"
              },
              "footer": {
                "align": "center",
                "justify": "left",
                "style": {
                  "classes": ""
                },
                "title": ""
              },
              "header": {
                "align": "center",
                "justify": "center",
                "style": {
                  "classes": ""
                },
                "title": "End"
              },
              "justify": "center",
              "number": "value",
              "numberFormat": "0,0.##",
              "progressBar": {
                "bar": {
                  "color": "",
                  "style": {
                    "classes": ""
                  }
                },
                "max": 100,
                "min": 0,
                "track": {
                  "color": "",
                  "style": {
                    "classes": ""
                  }
                },
                "value": {
                  "enabled": true,
                  "format": "0,0.##",
                  "justify": "center",
                  "style": {
                    "classes": ""
                  }
                }
              },
              "render": "date",
              "resizable": false,
              "sort": "none",
              "sortable": false,
              "strictWidth": false,
              "style": {
                "classes": "test1"
              },
              "toggleSwitch": {
                "color": {
                  "selected": "",
                  "unselected": ""
                }
              },
              "viewParams": {},
              "viewPath": "",
              "visible": true,
              "width": ""
            },
            {
              "align": "center",
              "boolean": "checkbox",
              "dateFormat": "DD/MM/YYYY HH:mm",
              "editable": false,
              "field": "Elapased_Time",
              "filter": {
                "boolean": {
                  "condition": ""
                },
                "date": {
                  "condition": "",
                  "value": ""
                },
                "enabled": false,
                "number": {
                  "condition": "",
                  "value": ""
                },
                "string": {
                  "condition": "",
                  "value": ""
                },
                "visible": "on-hover"
              },
              "footer": {
                "align": "center",
                "justify": "left",
                "style": {
                  "classes": ""
                },
                "title": ""
              },
              "header": {
                "align": "center",
                "justify": "center",
                "style": {
                  "classes": ""
                },
                "title": "Elapased time (hh:mm)"
              },
              "justify": "center",
              "number": "value",
              "numberFormat": "0,0.##",
              "progressBar": {
                "bar": {
                  "color": "",
                  "style": {
                    "classes": ""
                  }
                },
                "max": 100,
                "min": 0,
                "track": {
                  "color": "",
                  "style": {
                    "classes": ""
                  }
                },
                "value": {
                  "enabled": true,
                  "format": "0,0.##",
                  "justify": "center",
                  "style": {
                    "classes": ""
                  }
                }
              },
              "render": "string",
              "resizable": false,
              "sort": "none",
              "sortable": false,
              "strictWidth": false,
              "style": {
                "classes": "test1"
              },
              "toggleSwitch": {
                "color": {
                  "selected": "",
                  "unselected": ""
                }
              },
              "viewParams": {},
              "viewPath": "",
              "visible": true,
              "width": ""
            },
            {
              "align": "center",
              "boolean": "checkbox",
              "dateFormat": "DD/MM/YYYY HH:mm",
              "editable": false,
              "field": "Transfer_Time",
              "filter": {
                "boolean": {
                  "condition": ""
                },
                "date": {
                  "condition": "",
                  "value": ""
                },
                "enabled": false,
                "number": {
                  "condition": "",
                  "value": ""
                },
                "string": {
                  "condition": "",
                  "value": ""
                },
                "visible": "on-hover"
              },
              "footer": {
                "align": "center",
                "justify": "left",
                "style": {
                  "classes": ""
                },
                "title": ""
              },
              "header": {
                "align": "center",
                "justify": "center",
                "style": {
                  "classes": ""
                },
                "title": "Transfer time (hh:mm)"
              },
              "justify": "center",
              "number": "value",
              "numberFormat": "0,0.##",
              "progressBar": {
                "bar": {
                  "color": "",
                  "style": {
                    "classes": ""
                  }
                },
                "max": 100,
                "min": 0,
                "track": {
                  "color": "",
                  "style": {
                    "classes": ""
                  }
                },
                "value": {
                  "enabled": true,
                  "format": "0,0.##",
                  "justify": "center",
                  "style": {
                    "classes": ""
                  }
                }
              },
              "render": "string",
              "resizable": false,
              "sort": "none",
              "sortable": false,
              "strictWidth": false,
              "style": {
                "classes": "test1"
              },
              "toggleSwitch": {
                "color": {
                  "selected": "",
                  "unselected": ""
                }
              },
              "viewParams": {},
              "viewPath": "",
              "visible": true,
              "width": ""
            },
            {
              "align": "center",
              "boolean": "checkbox",
              "dateFormat": "DD/MM/YYYY HH:mm",
              "editable": false,
              "field": "Remarks",
              "filter": {
                "boolean": {
                  "condition": ""
                },
                "date": {
                  "condition": "",
                  "value": ""
                },
                "enabled": false,
                "number": {
                  "condition": "",
                  "value": ""
                },
                "string": {
                  "condition": "",
                  "value": ""
                },
                "visible": "on-hover"
              },
              "footer": {
                "align": "center",
                "justify": "left",
                "style": {
                  "classes": ""
                },
                "title": ""
              },
              "header": {
                "align": "center",
                "justify": "center",
                "style": {
                  "classes": ""
                },
                "title": "Remark"
              },
              "justify": "center",
              "number": "value",
              "numberFormat": "0,0.##",
              "progressBar": {
                "bar": {
                  "color": "",
                  "style": {
                    "classes": ""
                  }
                },
                "max": 100,
                "min": 0,
                "track": {
                  "color": "",
                  "style": {
                    "classes": ""
                  }
                },
                "value": {
                  "enabled": true,
                  "format": "0,0.##",
                  "justify": "center",
                  "style": {
                    "classes": ""
                  }
                }
              },
              "render": "string",
              "resizable": false,
              "sort": "none",
              "sortable": false,
              "strictWidth": false,
              "style": {
                "classes": "test1"
              },
              "toggleSwitch": {
                "color": {
                  "selected": "",
                  "unselected": ""
                }
              },
              "viewParams": {},
              "viewPath": "",
              "visible": true,
              "width": ""
            }
          ],
          "dragOrderable": false,
          "headerStyle": {
            "classes": "Table/Table_Header"
          },
          "rows": {
            "height": 33,
            "style": {
              "classes": "Table/Table_Row"
            }
          },
          "style": {
            "marginLeft": 2,
            "marginRight": 2,
            "marginTop": 4
          }
        },
        "type": "ia.display.table"
      }
    ],
    "meta": {
      "name": "root"
    },
    "props": {
      "direction": "column"
    },
    "type": "ia.container.flex"
  }
}