{
  "custom": {},
  "params": {},
  "props": {
    "defaultSize": {
      "height": 201,
      "width": 379
    }
  },
  "root": {
    "children": [
      {
        "children": [
          {
            "meta": {
              "name": "Label"
            },
            "position": {
              "basis": "165px"
            },
            "props": {
              "style": {
                "fontFamily": "Roboto",
                "fontSize": 14
              },
              "text": "Enter CIMS LOG ID \u003d "
            },
            "type": "ia.display.label"
          },
          {
            "meta": {
              "name": "TextField"
            },
            "position": {
              "basis": "200px"
            },
            "type": "ia.input.text-field"
          }
        ],
        "meta": {
          "name": "FlexContainer"
        },
        "position": {
          "basis": "40px",
          "shrink": 0
        },
        "props": {
          "justify": "space-around"
        },
        "type": "ia.container.flex"
      },
      {
        "children": [
          {
            "meta": {
              "name": "Label"
            },
            "position": {
              "basis": "165px"
            },
            "props": {
              "style": {
                "fontFamily": "Roboto",
                "fontSize": 14
              },
              "text": "Select Printer \u003d "
            },
            "type": "ia.display.label"
          },
          {
            "meta": {
              "name": "Dropdown"
            },
            "position": {
              "basis": "200px",
              "shrink": 0
            },
            "props": {
              "options": [
                {
                  "label": "CAST-1",
                  "value": "ZDesigner ZT230-300dpi ZPL"
                },
                {
                  "label": "CAST-2",
                  "value": "ZDesigner ZT230-300dpi ZPL-CAST2"
                }
              ],
              "search": {
                "enabled": false
              },
              "value": "ZDesigner ZT230-300dpi ZPL"
            },
            "type": "ia.input.dropdown"
          }
        ],
        "meta": {
          "name": "FlexContainer_0"
        },
        "position": {
          "basis": "40px",
          "shrink": 0
        },
        "props": {
          "justify": "space-around"
        },
        "type": "ia.container.flex"
      },
      {
        "events": {
          "dom": {
            "onClick": {
              "config": {
                "script": "\timport time\n#\tprinter\u003dsystem.tag.read(\u0027[B_IMS]Printer\u0027).value\n\tprinter\u003dself.parent.getChild(\"FlexContainer_0\").getChild(\"Dropdown\").props.value\n\t\n\tlogId \u003d self.parent.getChild(\"FlexContainer\").getChild(\"TextField\").props.text\n\tlogId\u003dlogId.replace(\u0027 \u0027,\u0027\u0027)\n\tsystem.perspective.openPopup(\u0027Print_loding\u0027,\u0027CastingPageTemplates/print_svg\u0027,params \u003d {\u0027LOGID\u0027:str(logId)},showCloseIcon\u003dFalse,modal\u003dTrue,draggable\u003dFalse)\n\t\n#\tparams \u003d {\u0027LogID\u0027:logId,\u0027Alloy\u0027:alloy,\u0027Weight\u0027:actualWeight}\n\tparams \u003d {\u0027LogID\u0027:logId}\n\t\n\tsetting \u003d {\u0027primaryPrinterName\u0027:str(printer),\u0027backupPrinterName\u0027:str(printer)}\n\tsystem.report.executeAndDistribute(path\u003d\u0027E_Barcode\u0027, project\u003d\u0027Jindal_IMS\u0027, parameters\u003dparams, action\u003d\u0027print\u0027, actionSettings\u003dsetting)\n\ttime.sleep(0.5)\n\t\n\t#  Print SVG Close\t\n\tsystem.perspective.closePopup(\u0027Print_loding\u0027)\n\t\n\t# Close the popup\n\tsystem.perspective.closePopup(\u0027VjOtxu2U\u0027)\n#\tsystem.perspective.closePopup(\u0027LogID Edit View\u0027)\n\t"
              },
              "scope": "G",
              "type": "script"
            }
          }
        },
        "meta": {
          "name": "Button"
        },
        "position": {
          "basis": "40px",
          "shrink": 0
        },
        "props": {
          "image": {
            "style": {
              "marginBottom": 2,
              "marginLeft": 2,
              "marginRight": 2,
              "marginTop": 2
            }
          },
          "style": {
            "marginBottom": 2,
            "marginLeft": 20,
            "marginRight": 20,
            "marginTop": 20
          },
          "text": "Print"
        },
        "type": "ia.input.button"
      }
    ],
    "meta": {
      "name": "root"
    },
    "props": {
      "direction": "column",
      "justify": "space-around"
    },
    "type": "ia.container.flex"
  }
}