{
  "custom": {},
  "params": {},
  "props": {
    "defaultSize": {
      "height": 557,
      "width": 1600
    }
  },
  "root": {
    "children": [
      {
        "children": [
          {
            "children": [
              {
                "meta": {
                  "name": "Label"
                },
                "position": {
                  "basis": "200px"
                },
                "props": {
                  "style": {
                    "classes": "PPC/entry_label"
                  },
                  "text": "Planned Quenching"
                },
                "type": "ia.display.label"
              },
              {
                "meta": {
                  "name": "Dropdown"
                },
                "position": {
                  "basis": "190px"
                },
                "props": {
                  "multiSelect": true,
                  "style": {
                    "classes": "PPC/entry_field"
                  }
                },
                "type": "ia.input.dropdown"
              },
              {
                "meta": {
                  "name": "Label_0"
                },
                "position": {
                  "basis": "200px"
                },
                "props": {
                  "style": {
                    "classes": "PPC/entry_label"
                  },
                  "text": "Cut Length tolerance lower"
                },
                "type": "ia.display.label"
              },
              {
                "meta": {
                  "name": "NumericEntryField"
                },
                "position": {
                  "basis": "62px"
                },
                "props": {
                  "style": {
                    "classes": "PPC/entry_field"
                  }
                },
                "type": "ia.input.numeric-entry-field"
              },
              {
                "meta": {
                  "name": "TextField"
                },
                "position": {
                  "basis": "62px"
                },
                "props": {
                  "style": {
                    "classes": "PPC/entry_field"
                  },
                  "text": "mm"
                },
                "type": "ia.input.text-field"
              },
              {
                "meta": {
                  "name": "Label_1"
                },
                "position": {
                  "basis": "200px"
                },
                "props": {
                  "style": {
                    "classes": "PPC/entry_label"
                  },
                  "text": "Cut length tolerance upper"
                },
                "type": "ia.display.label"
              },
              {
                "meta": {
                  "name": "NumericEntryField_0"
                },
                "position": {
                  "basis": "62px"
                },
                "props": {
                  "style": {
                    "classes": "PPC/entry_field"
                  }
                },
                "type": "ia.input.numeric-entry-field"
              },
              {
                "meta": {
                  "name": "TextField_0"
                },
                "position": {
                  "basis": "62px"
                },
                "props": {
                  "style": {
                    "classes": "PPC/entry_field"
                  },
                  "text": "mm"
                },
                "type": "ia.input.text-field"
              }
            ],
            "meta": {
              "name": "FlexContainer"
            },
            "position": {
              "basis": "45px"
            },
            "props": {
              "justify": "space-between",
              "style": {
                "overflow": "hidden",
                "paddingRight": "60px"
              }
            },
            "type": "ia.container.flex"
          },
          {
            "children": [
              {
                "meta": {
                  "name": "Label"
                },
                "position": {
                  "basis": "200px"
                },
                "props": {
                  "style": {
                    "classes": "PPC/entry_label"
                  },
                  "text": "Planned Internal Alloy"
                },
                "type": "ia.display.label"
              },
              {
                "meta": {
                  "name": "Dropdown"
                },
                "position": {
                  "basis": "190px"
                },
                "props": {
                  "multiSelect": true,
                  "style": {
                    "classes": "PPC/entry_field"
                  }
                },
                "type": "ia.input.dropdown"
              },
              {
                "meta": {
                  "name": "Label_0"
                },
                "position": {
                  "basis": "200px"
                },
                "props": {
                  "style": {
                    "classes": "PPC/entry_label"
                  },
                  "text": "Planned Frontend Coring Length"
                },
                "type": "ia.display.label"
              },
              {
                "meta": {
                  "name": "NumericEntryField"
                },
                "position": {
                  "basis": "62px"
                },
                "props": {
                  "style": {
                    "classes": "PPC/entry_field"
                  }
                },
                "type": "ia.input.numeric-entry-field"
              },
              {
                "meta": {
                  "name": "TextField"
                },
                "position": {
                  "basis": "62px"
                },
                "props": {
                  "style": {
                    "classes": "PPC/entry_field"
                  },
                  "text": "mm"
                },
                "type": "ia.input.text-field"
              },
              {
                "meta": {
                  "name": "Label_1"
                },
                "position": {
                  "basis": "200px"
                },
                "props": {
                  "style": {
                    "classes": "PPC/entry_label"
                  },
                  "text": "Planned Backend Coring Length"
                },
                "type": "ia.display.label"
              },
              {
                "meta": {
                  "name": "NumericEntryField_0"
                },
                "position": {
                  "basis": "62px"
                },
                "props": {
                  "style": {
                    "classes": "PPC/entry_field"
                  }
                },
                "type": "ia.input.numeric-entry-field"
              },
              {
                "meta": {
                  "name": "TextField_0"
                },
                "position": {
                  "basis": "62px"
                },
                "props": {
                  "style": {
                    "classes": "PPC/entry_field"
                  },
                  "text": "mm"
                },
                "type": "ia.input.text-field"
              }
            ],
            "meta": {
              "name": "FlexContainer_1"
            },
            "position": {
              "basis": "45px"
            },
            "props": {
              "justify": "space-between",
              "style": {
                "overflow": "hidden",
                "paddingRight": "60px"
              }
            },
            "type": "ia.container.flex"
          }
        ],
        "meta": {
          "name": "Qa_1st_part"
        },
        "position": {
          "basis": "120px"
        },
        "props": {
          "direction": "column",
          "justify": "space-between"
        },
        "type": "ia.container.flex"
      },
      {
        "children": [
          {
            "children": [
              {
                "meta": {
                  "name": "Label"
                },
                "position": {
                  "basis": "300px"
                },
                "props": {
                  "style": {
                    "classes": "PPC/entry_label"
                  },
                  "text": "Marketing Remarks"
                },
                "type": "ia.display.label"
              },
              {
                "meta": {
                  "name": "TextField"
                },
                "position": {
                  "basis": "1170px"
                },
                "props": {
                  "style": {
                    "classes": "PPC/entry_field"
                  }
                },
                "type": "ia.input.text-field"
              }
            ],
            "meta": {
              "name": "FlexContainer"
            },
            "position": {
              "basis": "50px"
            },
            "type": "ia.container.flex"
          },
          {
            "children": [
              {
                "meta": {
                  "name": "Label"
                },
                "position": {
                  "basis": "300px"
                },
                "props": {
                  "style": {
                    "classes": "PPC/entry_label"
                  },
                  "text": "Toolshop Remarks"
                },
                "type": "ia.display.label"
              },
              {
                "meta": {
                  "name": "TextField"
                },
                "position": {
                  "basis": "1170px"
                },
                "props": {
                  "style": {
                    "classes": "PPC/entry_field"
                  }
                },
                "type": "ia.input.text-field"
              }
            ],
            "meta": {
              "name": "FlexContainer_0"
            },
            "position": {
              "basis": "50px"
            },
            "type": "ia.container.flex"
          },
          {
            "children": [
              {
                "meta": {
                  "name": "Label"
                },
                "position": {
                  "basis": "300px"
                },
                "props": {
                  "style": {
                    "classes": "PPC/entry_label"
                  },
                  "text": "PPC Remarks"
                },
                "type": "ia.display.label"
              },
              {
                "meta": {
                  "name": "TextField"
                },
                "position": {
                  "basis": "1170px"
                },
                "props": {
                  "style": {
                    "classes": "PPC/entry_field"
                  }
                },
                "type": "ia.input.text-field"
              }
            ],
            "meta": {
              "name": "FlexContainer_1"
            },
            "position": {
              "basis": "50px"
            },
            "type": "ia.container.flex"
          },
          {
            "children": [
              {
                "meta": {
                  "name": "Label"
                },
                "position": {
                  "basis": "300px"
                },
                "props": {
                  "style": {
                    "classes": "PPC/entry_label"
                  },
                  "text": "QA Remarks"
                },
                "type": "ia.display.label"
              },
              {
                "meta": {
                  "name": "TextField"
                },
                "position": {
                  "basis": "1170px"
                },
                "props": {
                  "style": {
                    "classes": "PPC/entry_field"
                  }
                },
                "type": "ia.input.text-field"
              }
            ],
            "meta": {
              "name": "FlexContainer_2"
            },
            "position": {
              "basis": "50px"
            },
            "type": "ia.container.flex"
          }
        ],
        "meta": {
          "name": "Qa_2nd_part"
        },
        "position": {
          "basis": "234px"
        },
        "props": {
          "direction": "column",
          "justify": "space-between",
          "style": {
            "overflow": "hidden"
          }
        },
        "type": "ia.container.flex"
      },
      {
        "children": [
          {
            "meta": {
              "name": "Label"
            },
            "position": {
              "basis": "102px"
            },
            "props": {
              "style": {
                "classes": "PPC/entry_label"
              },
              "text": "Double billet"
            },
            "type": "ia.display.label"
          },
          {
            "meta": {
              "name": "Checkbox"
            },
            "position": {
              "basis": "52px"
            },
            "props": {
              "selected": true,
              "text": ""
            },
            "type": "ia.input.checkbox"
          },
          {
            "meta": {
              "name": "Label_0"
            },
            "position": {
              "basis": "66px"
            },
            "props": {
              "style": {
                "classes": "PPC/entry_label"
              },
              "text": "Call QA"
            },
            "type": "ia.display.label"
          },
          {
            "meta": {
              "name": "Checkbox_0"
            },
            "position": {
              "basis": "52px"
            },
            "props": {
              "selected": true,
              "text": ""
            },
            "type": "ia.input.checkbox"
          },
          {
            "meta": {
              "name": "Label_1"
            },
            "position": {
              "basis": "118px"
            },
            "props": {
              "style": {
                "classes": "PPC/entry_label"
              },
              "text": "Run in Daytime"
            },
            "type": "ia.display.label"
          },
          {
            "meta": {
              "name": "Checkbox_1"
            },
            "position": {
              "basis": "52px"
            },
            "props": {
              "selected": true,
              "text": ""
            },
            "type": "ia.input.checkbox"
          }
        ],
        "meta": {
          "name": "Qa_3rd_part"
        },
        "position": {
          "basis": "40px"
        },
        "props": {
          "style": {
            "paddingLeft": "12.7px"
          }
        },
        "type": "ia.container.flex"
      },
      {
        "children": [
          {
            "children": [
              {
                "meta": {
                  "name": "Button"
                },
                "position": {
                  "basis": "80px"
                },
                "props": {
                  "style": {
                    "classes": "PPC/button"
                  },
                  "text": "Hold"
                },
                "type": "ia.input.button"
              },
              {
                "meta": {
                  "name": "Button_0"
                },
                "position": {
                  "basis": "80px"
                },
                "props": {
                  "style": {
                    "classes": "PPC/button"
                  },
                  "text": "Complete"
                },
                "type": "ia.input.button"
              },
              {
                "meta": {
                  "name": "Button_1"
                },
                "position": {
                  "basis": "80px"
                },
                "props": {
                  "style": {
                    "classes": "PPC/button"
                  },
                  "text": "Reassign"
                },
                "type": "ia.input.button"
              }
            ],
            "meta": {
              "name": "FlexContainer"
            },
            "position": {
              "basis": "285px"
            },
            "props": {
              "style": {
                "overflow": "hidden"
              }
            },
            "type": "ia.container.flex"
          },
          {
            "meta": {
              "name": "FlexContainer_0"
            },
            "position": {
              "basis": "1100px"
            },
            "type": "ia.container.flex"
          },
          {
            "children": [
              {
                "meta": {
                  "name": "Button"
                },
                "position": {
                  "basis": "80px"
                },
                "props": {
                  "style": {
                    "classes": "PPC/button"
                  },
                  "text": "Clear"
                },
                "type": "ia.input.button"
              },
              {
                "meta": {
                  "name": "Button_0"
                },
                "position": {
                  "basis": "80px"
                },
                "props": {
                  "style": {
                    "classes": "PPC/button"
                  },
                  "text": "Update"
                },
                "type": "ia.input.button"
              }
            ],
            "meta": {
              "name": "FlexContainer_1"
            },
            "position": {
              "basis": "200px"
            },
            "type": "ia.container.flex"
          }
        ],
        "meta": {
          "name": "Qa_button"
        },
        "position": {
          "basis": "45px"
        },
        "props": {
          "style": {
            "paddingLeft": "5px"
          }
        },
        "type": "ia.container.flex"
      }
    ],
    "meta": {
      "name": "root"
    },
    "props": {
      "direction": "column",
      "justify": "space-around"
    },
    "type": "ia.container.flex"
  }
}