{
  "custom": {},
  "params": {},
  "props": {
    "defaultSize": {
      "height": 189,
      "width": 297
    }
  },
  "root": {
    "children": [
      {
        "meta": {
          "name": "Image"
        },
        "position": {
          "basis": "55px"
        },
        "props": {
          "altText": "aaa",
          "fit": {
            "height": 50,
            "mode": "absolute",
            "width": 50
          },
          "source": "/system/images/check-mark_5290058.png",
          "style": {
            "textAlign": "center"
          }
        },
        "type": "ia.display.image"
      },
      {
        "meta": {
          "name": "Label"
        },
        "position": {
          "basis": "63px"
        },
        "props": {
          "style": {
            "fontSize": "19px",
            "fontWeight": "bold",
            "textAlign": "center"
          },
          "text": "Logs Received Successfully"
        },
        "type": "ia.display.label"
      },
      {
        "custom": {
          "flag": 1
        },
        "events": {
          "dom": {
            "onClick": {
              "config": {
                "script": "#\tsystem.perspective.print(\u0027Sending............\u0027)\n#\tpayload \u003d {\u0027A\u0027:1}\n#\tsystem.perspective.sendMessage(\"ok\", payload , scope\u003d\"session\")\n\tsystem.perspective.closePopup(\u0027xFxzffV2\u0027)\n"
              },
              "scope": "G",
              "type": "script"
            }
          },
          "system": {
            "onShutdown": {
              "config": {
                "script": "\tsystem.perspective.navigate(view \u003d\u0027CardView\u0027)"
              },
              "scope": "G",
              "type": "script"
            }
          }
        },
        "meta": {
          "name": "Button"
        },
        "position": {
          "basis": "31px"
        },
        "props": {
          "style": {
            "backgroundColor": "#000080",
            "borderBottomLeftRadius": "10px",
            "borderBottomRightRadius": "10px",
            "borderTopLeftRadius": "10px",
            "borderTopRightRadius": "10px",
            "marginLeft": "80px",
            "marginRight": "80px",
            "marginTop": "30px"
          },
          "text": "OK"
        },
        "type": "ia.input.button"
      }
    ],
    "meta": {
      "name": "root"
    },
    "props": {
      "direction": "column",
      "justify": "center"
    },
    "type": "ia.container.flex"
  }
}