{
  "custom": {},
  "params": {
    "sto_po": ""
  },
  "propConfig": {
    "params.sto_po": {
      "paramDirection": "input",
      "persistent": true
    }
  },
  "props": {
    "defaultSize": {
      "height": 450,
      "width": 300
    }
  },
  "root": {
    "children": [
      {
        "children": [
          {
            "meta": {
              "name": "Label"
            },
            "position": {
              "basis": "132px"
            },
            "props": {
              "style": {
                "fontWeight": "bold"
              },
              "text": "Scanned Qty"
            },
            "type": "ia.display.label"
          },
          {
            "meta": {
              "name": "NumericEntryField"
            },
            "position": {
              "basis": "127px"
            },
            "propConfig": {
              "props.value": {
                "binding": {
                  "config": {
                    "path": ".../Table.props.data"
                  },
                  "transforms": [
                    {
                      "code": "\trows \u003d system.dataset.toPyDataSet(value)\n\treturn len(rows)",
                      "type": "script"
                    }
                  ],
                  "type": "property"
                }
              }
            },
            "props": {
              "style": {
                "borderColor": "#D5D5D5",
                "borderStyle": "inset",
                "borderWidth": "2px",
                "classes": "\n",
                "fontWeight": "bold"
              }
            },
            "type": "ia.input.numeric-entry-field"
          },
          {
            "meta": {
              "name": "Label_0",
              "visible": false
            },
            "position": {
              "basis": "13px"
            },
            "propConfig": {
              "props.text": {
                "binding": {
                  "config": {
                    "path": "view.params.sto_po"
                  },
                  "type": "property"
                }
              }
            },
            "type": "ia.display.label"
          }
        ],
        "meta": {
          "name": "FlexContainer"
        },
        "position": {
          "basis": "47px"
        },
        "props": {
          "justify": "flex-end",
          "style": {
            "backgroundColor": "#EAE7E7",
            "marginBottom": "10px",
            "marginTop": "10px",
            "paddingBottom": 10,
            "paddingTop": 10
          }
        },
        "type": "ia.container.flex"
      },
      {
        "meta": {
          "name": "Table"
        },
        "position": {
          "basis": "358px"
        },
        "propConfig": {
          "props.data": {
            "binding": {
              "config": {
                "parameters": {
                  "newValue1": "{view.params.sto_po}"
                },
                "queryPath": "ViewList"
              },
              "type": "query"
            }
          }
        },
        "props": {
          "cells": {
            "style": {
              "classes": "Table/Table_Cell"
            }
          },
          "columns": [
            {
              "align": "center",
              "boolean": "checkbox",
              "dateFormat": "MM/DD/YYYY",
              "editable": false,
              "field": "Log_ID",
              "filter": {
                "boolean": {
                  "condition": ""
                },
                "date": {
                  "condition": "",
                  "value": ""
                },
                "enabled": false,
                "number": {
                  "condition": "",
                  "value": ""
                },
                "string": {
                  "condition": "",
                  "value": ""
                },
                "visible": "on-hover"
              },
              "footer": {
                "align": "center",
                "justify": "left",
                "style": {
                  "classes": ""
                },
                "title": ""
              },
              "header": {
                "align": "center",
                "justify": "center",
                "style": {
                  "backgroundColor": "#201A92",
                  "classes": "Table/Table_Header",
                  "color": "#FFFFFF",
                  "marginLeft": "1px",
                  "marginRight": "1px"
                },
                "title": "LOG ID"
              },
              "justify": "center",
              "number": "value",
              "numberFormat": "0,0.##",
              "progressBar": {
                "bar": {
                  "color": "",
                  "style": {
                    "classes": ""
                  }
                },
                "max": 100,
                "min": 0,
                "track": {
                  "color": "",
                  "style": {
                    "classes": ""
                  }
                },
                "value": {
                  "enabled": true,
                  "format": "0,0.##",
                  "justify": "center",
                  "style": {
                    "classes": ""
                  }
                }
              },
              "render": "auto",
              "resizable": true,
              "sort": "none",
              "sortable": true,
              "strictWidth": false,
              "style": {
                "classes": ""
              },
              "toggleSwitch": {
                "color": {
                  "selected": "",
                  "unselected": ""
                }
              },
              "viewParams": {},
              "viewPath": "",
              "visible": true,
              "width": ""
            },
            {
              "align": "center",
              "boolean": "checkbox",
              "dateFormat": "MM/DD/YYYY",
              "editable": false,
              "field": "SAP_ID",
              "filter": {
                "boolean": {
                  "condition": ""
                },
                "date": {
                  "condition": "",
                  "value": ""
                },
                "enabled": false,
                "number": {
                  "condition": "",
                  "value": ""
                },
                "string": {
                  "condition": "",
                  "value": ""
                },
                "visible": "on-hover"
              },
              "footer": {
                "align": "center",
                "justify": "left",
                "style": {
                  "classes": ""
                },
                "title": ""
              },
              "header": {
                "align": "center",
                "justify": "center",
                "style": {
                  "backgroundColor": "#343497",
                  "classes": {
                    "backgroundColor": "",
                    "classes": "Table/Table_Header",
                    "color": "#FFFFFF",
                    "marginLeft": "1px",
                    "marginRight": "1px"
                  },
                  "color": "#FFFFFF",
                  "marginLeft": "2px",
                  "marginRight": "2px",
                  "paddingBottom": 2,
                  "paddingLeft": "2px",
                  "paddingRight": 2,
                  "paddingTop": 2
                },
                "title": "SAP ID"
              },
              "justify": "center",
              "number": "value",
              "numberFormat": "0,0.##",
              "progressBar": {
                "bar": {
                  "color": "",
                  "style": {
                    "classes": ""
                  }
                },
                "max": 100,
                "min": 0,
                "track": {
                  "color": "",
                  "style": {
                    "classes": ""
                  }
                },
                "value": {
                  "enabled": true,
                  "format": "0,0.##",
                  "justify": "center",
                  "style": {
                    "classes": ""
                  }
                }
              },
              "render": "auto",
              "resizable": true,
              "sort": "none",
              "sortable": true,
              "strictWidth": false,
              "style": {
                "classes": ""
              },
              "toggleSwitch": {
                "color": {
                  "selected": "",
                  "unselected": ""
                }
              },
              "viewParams": {},
              "viewPath": "",
              "visible": true,
              "width": ""
            }
          ],
          "filter": {
            "style": {
              "classes": "Table/PPC/Header_PPC Table/PPC/Row_PPC Table/QA_Entry/Header_PPC Table/QA_Entry/Row_PPC"
            }
          },
          "headerGroupStyle": {
            "backgroundColor": "#5274BB",
            "classes": "Table/Table_Header "
          },
          "rows": {
            "style": {
              "classes": "Table/Table_Row"
            }
          },
          "style": {
            "classes": "Table/Table_Header Table/Table_style",
            "marginTop": "7px"
          }
        },
        "type": "ia.display.table"
      }
    ],
    "meta": {
      "name": "root"
    },
    "props": {
      "direction": "column",
      "style": {
        "marginLeft": "2px",
        "marginRight": "2px"
      }
    },
    "type": "ia.container.flex"
  }
}