{
  "scope": "A",
  "documentation": "Report template for basic tabular report, powered by \nstatic CSV data. \n\nReplace the \"static_data\" data source\nwith your own query or historian data source to get started.\n",
  "version": 1,
  "restricted": false,
  "overridable": true,
  "files": [
    "data.bin"
  ],
  "attributes": {
    "lastModification": {
      "actor": "cimsuser1",
      "timestamp": "2024-03-04T05:36:08Z"
    },
    "lastModificationSignature": "354b88f7f65a093cd396d39d8a7db956dca56f525a6770b3c1f369e13945b6b2"
  }
}