{
  "custom": {},
  "events": {
    "system": {
      "onStartup": {
        "config": {
          "script": "\tLocation\u003dself.params.Location\n\tL_NO\u003dself.params.L_No\n\t\n\t\n\tquery \u003d \u0027\u0027\u0027\n\t\tSELECT trim([log_id]) as log_id\t\t     \n\t\t  FROM [CIMS].[dbo].[mes_logtracker]\n\t\t  WHERE [log_stand_no] \u003d ?\n\t\t  AND [location] \u003d ?\n\t\t  AND [log_outward_date] IS NULL\n\t\t\u0027\u0027\u0027\n\tdataSet \u003d system.db.runPrepQuery(query, [L_NO, Location], \u0027CIMS2\u0027)\n\tRC \u003d dataSet.getRowCount() # len(dataSet)\n\tFdata\u003d[]\n\t\n\tfor i in range (len(dataSet)):\n\t\tA\u003d\t{\n\t\t\t  \"instanceStyle\": {\n\t\t\t    \"classes\": \"\"\n\t\t\t  },\n\t\t\t  \"instancePosition\": {},\n\t\t\t  \"logID\": dataSet[i][\"log_id\"]\n\t\t\t}\n\t\tFdata.append(A)\t\n\tself.params.NoOfInLogs \u003dlen(dataSet)\n\t\n\tself.getChild(\"root\").getChild(\"FlexRepeater\").props.instances\u003dFdata"
        },
        "scope": "G",
        "type": "script"
      }
    }
  },
  "params": {
    "L_No": 1,
    "Location": "DF",
    "NoOfInLogs": 286
  },
  "propConfig": {
    "params.L_No": {
      "paramDirection": "input",
      "persistent": true
    },
    "params.Location": {
      "paramDirection": "input",
      "persistent": true
    },
    "params.NoOfInLogs": {
      "paramDirection": "output",
      "persistent": true
    }
  },
  "props": {
    "defaultSize": {
      "height": 975,
      "width": 1223
    }
  },
  "root": {
    "children": [
      {
        "meta": {
          "name": "FlexRepeater"
        },
        "position": {
          "basis": "320px",
          "grow": 1
        },
        "propConfig": {
          "props.instances": {
            "binding": {
              "config": {
                "expression": "now(10000)"
              },
              "overlayOptOut": true,
              "transforms": [
                {
                  "code": "\tLocation\u003dself.view.params.Location\n\tL_NO\u003dself.view.params.L_No\n\t\n\t\n\tquery \u003d \u0027\u0027\u0027\n\t\tSELECT trim([log_id]) as log_id\t\t     \n\t\t  FROM [CIMS].[dbo].[mes_logtracker]\n\t\t  WHERE [log_stand_no] \u003d ?\n\t\t  AND [location] \u003d ?\n\t\t  AND [log_outward_date] IS NULL\n\t\t\u0027\u0027\u0027\n\tdataSet \u003d system.db.runPrepQuery(query, [L_NO, Location], \u0027CIMS2\u0027)\n\tRC \u003d dataSet.getRowCount() # len(dataSet)\n\tFdata\u003d[]\n\t\n\tfor i in range (len(dataSet)):\n\t\tA\u003d\t{\n\t\t\t  \"instanceStyle\": {\n\t\t\t    \"classes\": \"\"\n\t\t\t  },\n\t\t\t  \"instancePosition\": {},\n\t\t\t  \"logID\": dataSet[i][\"log_id\"]\n\t\t\t}\n\t\tFdata.append(A)\t\n\tself.view.params.NoOfInLogs \u003dlen(dataSet)\n\t\n\treturn Fdata",
                  "type": "script"
                }
              ],
              "type": "expr"
            }
          }
        },
        "props": {
          "alignContent": "flex-start",
          "alignItems": "flex-start",
          "elementStyle": {
            "marginLeft": 10,
            "marginRight": 10
          },
          "path": "Template/Homogenization/loginfo_Logstand",
          "style": {
            "borderBottomLeftRadius": 6,
            "borderBottomRightRadius": 6,
            "borderTopLeftRadius": 6,
            "borderTopRightRadius": 6,
            "marginLeft": 20,
            "marginRight": 1,
            "marginTop": 5
          },
          "wrap": "wrap"
        },
        "type": "ia.display.flex-repeater"
      }
    ],
    "meta": {
      "name": "root"
    },
    "props": {
      "direction": "column"
    },
    "type": "ia.container.flex"
  }
}