{
  "custom": {
    "SOPO": "value",
    "a": 0
  },
  "params": {},
  "propConfig": {
    "custom.SOPO": {
      "persistent": true
    },
    "custom.a": {
      "persistent": true
    }
  },
  "props": {
    "defaultSize": {
      "height": 655,
      "width": 1391
    }
  },
  "root": {
    "children": [
      {
        "children": [
          {
            "events": {
              "component": {
                "onActionPerformed": {
                  "config": {
                    "script": "\t\n\tvalueToSet \u003d event.value\n\tself.props.data \u003d system.dataset.setValue(self.props.data, event.row, event.column, valueToSet)"
                  },
                  "scope": "G",
                  "type": "script"
                }
              },
              "dom": {
                "onClick": {
                  "config": {
                    "script": "\t# Get the data from the table\n\ttable_data \u003d self.parent.parent.getChild(\"Table\").props.data\n\tdata \u003d system.dataset.toPyDataSet(table_data)\n\tnum_rows \u003d len(data)\n\t \n\t# Initialize lists to store column values\n\tsono_values \u003d []\n\tsolineitem_values \u003d []\n\tmaterialcode_values \u003d []\n\torderquantity_values \u003d []\n\t \n\t# Initialize a list to store the indices of selected rows\n\ts1 \u003d []\n\t \n\t# Check which rows have checkbox value as 1\n\tfor i in range(num_rows):\n\t    if data[i][\"MRP_RUN\"] \u003d\u003d 1:\n\t        s1.append(i)\n\n\t# Insert selected rows into the Creation table and update stage in so_planning\n\tfor index in s1:\n\t    sono_values.append(data[index][0])\n\t    solineitem_values.append(data[index][1])\n\t    materialcode_values.append(data[index][2])\n\t    orderquantity_values.append(data[index][5])\n\t \n\t    # Construct the query to insert into Creation table\n\t    insert_query \u003d \u0027\u0027\u0027INSERT INTO [PPC].[ppc].[Creation] ([SO_NO], [SO_LINE_ITEM], [Material_code], [order_qty]) VALUES (?, ?, ?, ?)\u0027\u0027\u0027\n\t    for i in range(len(sono_values)):\n\t    \t    args \u003d [sono_values[i], solineitem_values[i], materialcode_values[i], orderquantity_values[i]]\n\t    \t    system.db.runPrepUpdate(insert_query, args, \u0027PPC\u0027)\n\t    \n\t\t#update creation table stage as 2\n\tupdate_creation_query \u003d \u0027\u0027\u0027UPDATE [PPC].[ppc].[Creation] SET stage \u003d 2 WHERE SO_NO \u003d ?\u0027\u0027\u0027\n\tsystem.db.runPrepUpdate(update_creation_query, [sono_values[-1]], \u0027PPC\u0027)\t \n\t    # Update stage in so_planning\n\tupdate_query \u003d \u0027\u0027\u0027UPDATE [PPC].[ppc].[so_planning] SET stage \u003d 100 WHERE SO_NO IN ({})\u0027\u0027\u0027.format(\u0027,\u0027.join([\u0027?\u0027] * len(sono_values)))\n\t  \n\tsystem.db.runPrepUpdate(update_query, []+sono_values, \u0027PPC\u0027)\n\tsystem.perspective.sendMessage(\u0027Refresh\u0027, payload\u003d{\u0027A\u0027:1},scope\u003d\u0027page\u0027)\n\t"
                  },
                  "scope": "G",
                  "type": "script"
                }
              }
            },
            "meta": {
              "name": "MRP_RUN"
            },
            "position": {
              "basis": "98px"
            },
            "props": {
              "text": "MRP_RUN"
            },
            "type": "ia.input.button"
          },
          {
            "events": {
              "component": {
                "onActionPerformed": {
                  "config": {
                    "script": "\tvalueToSet \u003d event.value\n\tself.props.data \u003d system.dataset.setValue(self.props.data, event.row, event.column, valueToSet)"
                  },
                  "scope": "G",
                  "type": "script"
                }
              },
              "dom": {
                "onClick": {
                  "config": {
                    "script": "\n\t# Get the data from the table\n\ttable_data \u003d self.parent.parent.getChild(\"Table\").props.data\n\tdata \u003d system.dataset.toPyDataSet(table_data)\n\tnum_rows \u003d len(data)\n\t \n\t# Initialize lists to store column values\n\tsono_values \u003d []\n\tsolineitem_values \u003d []\n\tplant_values \u003d []\n\tmaterialcode_values \u003d []\n\t\n\t \n\t# Initialize a list to store the indices of selected rows\n\ts1 \u003d []\n\t \n\t# Check which rows have checkbox value as 1\n\tfor i in range(num_rows):\n\t    if data[i][\"Hold\"] \u003d\u003d 1:\n\t        s1.append(i)\n\n\t# Insert selected rows into the Creation table and update stage in so_planning\n\tfor index in s1:\n\t    sono_values.append(data[index][0])\n\t    solineitem_values.append(data[index][1])\n\t    materialcode_values.append(data[index][2])\n\t    plant_values.append(data[index][4])\n\t   \n\t \n\t    # Construct the query to insert into Creation table\n\t    insert_query \u003d \u0027\u0027\u0027INSERT INTO [ppc].[holding]\n\t               ([SO_NO]\n\t               ,[SO_LINE_ITEM]\n\t               ,[plant]\n\t               ,[Material_code]\n\t               ,[Hold_status]) VALUES (?, ?, ?, ?,?)\u0027\u0027\u0027\n\t    for i in range(len(sono_values)):\n\t    \t    args \u003d [sono_values[i], solineitem_values[i], materialcode_values[i], plant_values[i],\u0027SOplanning_hold\u0027]\n\t    \t    system.db.runPrepUpdate(insert_query, args, \u0027PPC\u0027)\n\t    \n#\t \n\t    # Update stage in so_planning\n\t    update_query \u003d \u0027\u0027\u0027UPDATE [PPC].[ppc].[so_planning] SET stage \u003d 11 WHERE SO_NO IN ({})\u0027\u0027\u0027.format(\u0027,\u0027.join([\u0027?\u0027] * len(sono_values)))\n\t  \n\t    system.db.runPrepUpdate(update_query, []+sono_values, \u0027PPC\u0027)\n\t    update_holding_query \u003d \u0027\u0027\u0027UPDATE [PPC].[ppc].[holding] SET stage \u003d 11 WHERE SO_NO IN ({}) AND Hold_status \u003d \u0027SOplanning_hold\u0027 \u0027\u0027\u0027.format(\u0027,\u0027.join([\u0027?\u0027] * len(sono_values)))\n\t    system.db.runPrepUpdate(update_holding_query, []+sono_values, \u0027PPC\u0027)\n\t    system.perspective.sendMessage(\u0027hold_soplan\u0027, payload\u003d{\u0027A\u0027:2},scope\u003d\u0027page\u0027)\n\t"
                  },
                  "scope": "G",
                  "type": "script"
                }
              }
            },
            "meta": {
              "name": "soplanning_hold"
            },
            "position": {
              "basis": "80px"
            },
            "props": {
              "style": {
                "marginRight": 5
              },
              "text": "HOLD"
            },
            "type": "ia.input.button"
          }
        ],
        "meta": {
          "name": "FlexContainer"
        },
        "position": {
          "basis": "32px",
          "grow": 1,
          "shrink": 0
        },
        "props": {
          "justify": "flex-end"
        },
        "type": "ia.container.flex"
      },
      {
        "events": {
          "component": {
            "onEditCellCommit": {
              "config": {
                "script": "\tvalueToSet \u003d event.value\n\tself.props.data \u003d system.dataset.setValue(self.props.data, event.row, event.column, valueToSet)"
              },
              "scope": "G",
              "type": "script"
            }
          }
        },
        "meta": {
          "name": "Table"
        },
        "position": {
          "basis": "800px"
        },
        "propConfig": {
          "props.data": {
            "binding": {
              "config": {
                "path": "view.custom.a"
              },
              "transforms": [
                {
                  "code": "\tq1\u003d\u0027\u0027\u0027SELECT [SO_NO]\n\t\t        ,[SO_LINE_ITEM]\n\t\t        ,[Material_code]\n\t\t        ,[Press]\n\t\t        ,[plant]\n\t\t        ,[Qty]\n\t\t        ,[Zone]\n\t\t        ,[Start_date]\n\t\t        ,[End_date]\n\t\t        ,0 as \u0027MRP_RUN\u0027\n\t\t        ,0 as \u0027Hold\u0027\n\t\t        ,[Hold_remarks]\n\t\t        \n\t\t    FROM [PPC].[ppc].[SO_Planning] where stage \u003d1\u0027\u0027\u0027\n\targs\u003d[]\n\tdata\u003dsystem.db.runPrepQuery(q1, args, \u0027PPC\u0027)  \n\treturn data",
                  "type": "script"
                }
              ],
              "type": "property"
            }
          }
        },
        "props": {
          "cells": {
            "allowEditOn": "single-click",
            "style": {
              "classes": "table/Table_Cell"
            }
          },
          "columns": [
            {
              "align": "center",
              "boolean": "checkbox",
              "dateFormat": "MM/DD/YYYY",
              "editable": false,
              "field": "SO_NO",
              "filter": {
                "boolean": {
                  "condition": ""
                },
                "date": {
                  "condition": "",
                  "value": ""
                },
                "enabled": false,
                "number": {
                  "condition": "",
                  "value": ""
                },
                "string": {
                  "condition": "",
                  "value": ""
                },
                "visible": "on-hover"
              },
              "footer": {
                "align": "center",
                "justify": "left",
                "style": {
                  "classes": ""
                },
                "title": ""
              },
              "header": {
                "align": "center",
                "justify": "center",
                "style": {
                  "classes": ""
                },
                "title": "SO_NO"
              },
              "justify": "center",
              "number": "value",
              "numberFormat": "0,0.##",
              "progressBar": {
                "bar": {
                  "color": "",
                  "style": {
                    "classes": ""
                  }
                },
                "max": 100,
                "min": 0,
                "track": {
                  "color": "",
                  "style": {
                    "classes": ""
                  }
                },
                "value": {
                  "enabled": true,
                  "format": "0,0.##",
                  "justify": "center",
                  "style": {
                    "classes": ""
                  }
                }
              },
              "render": "auto",
              "resizable": false,
              "sort": "none",
              "sortable": false,
              "strictWidth": false,
              "style": {
                "classes": ""
              },
              "toggleSwitch": {
                "color": {
                  "selected": "",
                  "unselected": ""
                }
              },
              "viewParams": {},
              "viewPath": "",
              "visible": true,
              "width": ""
            },
            {
              "align": "center",
              "boolean": "checkbox",
              "dateFormat": "MM/DD/YYYY",
              "editable": false,
              "field": "SO_LINE_ITEM",
              "filter": {
                "boolean": {
                  "condition": ""
                },
                "date": {
                  "condition": "",
                  "value": ""
                },
                "enabled": false,
                "number": {
                  "condition": "",
                  "value": ""
                },
                "string": {
                  "condition": "",
                  "value": ""
                },
                "visible": "on-hover"
              },
              "footer": {
                "align": "center",
                "justify": "left",
                "style": {
                  "classes": ""
                },
                "title": ""
              },
              "header": {
                "align": "center",
                "justify": "center",
                "style": {
                  "classes": ""
                },
                "title": "SO_LINE_ITEM"
              },
              "justify": "center",
              "number": "value",
              "numberFormat": "0,0.##",
              "progressBar": {
                "bar": {
                  "color": "",
                  "style": {
                    "classes": ""
                  }
                },
                "max": 100,
                "min": 0,
                "track": {
                  "color": "",
                  "style": {
                    "classes": ""
                  }
                },
                "value": {
                  "enabled": true,
                  "format": "0,0.##",
                  "justify": "center",
                  "style": {
                    "classes": ""
                  }
                }
              },
              "render": "auto",
              "resizable": false,
              "sort": "none",
              "sortable": false,
              "strictWidth": false,
              "style": {
                "classes": ""
              },
              "toggleSwitch": {
                "color": {
                  "selected": "",
                  "unselected": ""
                }
              },
              "viewParams": {},
              "viewPath": "",
              "visible": true,
              "width": ""
            },
            {
              "align": "center",
              "boolean": "checkbox",
              "dateFormat": "MM/DD/YYYY",
              "editable": false,
              "field": "MATERIAL_CODE",
              "filter": {
                "boolean": {
                  "condition": ""
                },
                "date": {
                  "condition": "",
                  "value": ""
                },
                "enabled": false,
                "number": {
                  "condition": "",
                  "value": ""
                },
                "string": {
                  "condition": "",
                  "value": ""
                },
                "visible": "on-hover"
              },
              "footer": {
                "align": "center",
                "justify": "left",
                "style": {
                  "classes": ""
                },
                "title": ""
              },
              "header": {
                "align": "center",
                "justify": "center",
                "style": {
                  "classes": ""
                },
                "title": "MATERIAL_CODE"
              },
              "justify": "center",
              "number": "value",
              "numberFormat": "0,0.##",
              "progressBar": {
                "bar": {
                  "color": "",
                  "style": {
                    "classes": ""
                  }
                },
                "max": 100,
                "min": 0,
                "track": {
                  "color": "",
                  "style": {
                    "classes": ""
                  }
                },
                "value": {
                  "enabled": true,
                  "format": "0,0.##",
                  "justify": "center",
                  "style": {
                    "classes": ""
                  }
                }
              },
              "render": "auto",
              "resizable": false,
              "sort": "none",
              "sortable": false,
              "strictWidth": false,
              "style": {
                "classes": ""
              },
              "toggleSwitch": {
                "color": {
                  "selected": "",
                  "unselected": ""
                }
              },
              "viewParams": {},
              "viewPath": "",
              "visible": true,
              "width": ""
            },
            {
              "align": "center",
              "boolean": "value",
              "dateFormat": "MM/DD/YYYY",
              "editable": true,
              "field": "Press",
              "filter": {
                "boolean": {
                  "condition": ""
                },
                "date": {
                  "condition": "",
                  "value": ""
                },
                "enabled": false,
                "number": {
                  "condition": "",
                  "value": ""
                },
                "string": {
                  "condition": "",
                  "value": ""
                },
                "visible": "on-hover"
              },
              "footer": {
                "align": "center",
                "justify": "left",
                "style": {
                  "classes": ""
                },
                "title": ""
              },
              "header": {
                "align": "center",
                "justify": "center",
                "style": {
                  "classes": ""
                },
                "title": "Press"
              },
              "justify": "center",
              "number": "value",
              "numberFormat": "0,0.##",
              "progressBar": {
                "bar": {
                  "color": "",
                  "style": {
                    "classes": ""
                  }
                },
                "max": 100,
                "min": 0,
                "track": {
                  "color": "",
                  "style": {
                    "classes": ""
                  }
                },
                "value": {
                  "enabled": true,
                  "format": "0,0.##",
                  "justify": "center",
                  "style": {
                    "classes": ""
                  }
                }
              },
              "render": "view",
              "resizable": false,
              "sort": "none",
              "sortable": false,
              "strictWidth": false,
              "style": {
                "classes": "",
                "marginLeft": 15,
                "marginRight": 15
              },
              "toggleSwitch": {
                "color": {
                  "selected": "",
                  "unselected": ""
                }
              },
              "viewParams": {
                "Column": "Press"
              },
              "viewPath": "Template/dropdown_press",
              "visible": true,
              "width": ""
            },
            {
              "align": "center",
              "boolean": "checkbox",
              "dateFormat": "MM/DD/YYYY",
              "editable": false,
              "field": "plant",
              "filter": {
                "boolean": {
                  "condition": ""
                },
                "date": {
                  "condition": "",
                  "value": ""
                },
                "enabled": false,
                "number": {
                  "condition": "",
                  "value": ""
                },
                "string": {
                  "condition": "",
                  "value": ""
                },
                "visible": "on-hover"
              },
              "footer": {
                "align": "center",
                "justify": "left",
                "style": {
                  "classes": ""
                },
                "title": ""
              },
              "header": {
                "align": "center",
                "justify": "center",
                "style": {
                  "classes": ""
                },
                "title": "Plant"
              },
              "justify": "center",
              "number": "value",
              "numberFormat": "0,0.##",
              "progressBar": {
                "bar": {
                  "color": "",
                  "style": {
                    "classes": ""
                  }
                },
                "max": 100,
                "min": 0,
                "track": {
                  "color": "",
                  "style": {
                    "classes": ""
                  }
                },
                "value": {
                  "enabled": true,
                  "format": "0,0.##",
                  "justify": "center",
                  "style": {
                    "classes": ""
                  }
                }
              },
              "render": "view",
              "resizable": false,
              "sort": "none",
              "sortable": false,
              "strictWidth": false,
              "style": {
                "classes": "",
                "marginLeft": 15,
                "marginRight": 15
              },
              "toggleSwitch": {
                "color": {
                  "selected": "",
                  "unselected": ""
                }
              },
              "viewParams": {
                "column": "plant"
              },
              "viewPath": "Template/dropdown_plant",
              "visible": true,
              "width": ""
            },
            {
              "align": "center",
              "boolean": "checkbox",
              "dateFormat": "MM/DD/YYYY",
              "editable": false,
              "field": "QUANTITY",
              "filter": {
                "boolean": {
                  "condition": ""
                },
                "date": {
                  "condition": "",
                  "value": ""
                },
                "enabled": false,
                "number": {
                  "condition": "",
                  "value": ""
                },
                "string": {
                  "condition": "",
                  "value": ""
                },
                "visible": "on-hover"
              },
              "footer": {
                "align": "center",
                "justify": "left",
                "style": {
                  "classes": ""
                },
                "title": ""
              },
              "header": {
                "align": "center",
                "justify": "center",
                "style": {
                  "classes": ""
                },
                "title": "QUANTITY"
              },
              "justify": "center",
              "number": "value",
              "numberFormat": "0,0.##",
              "progressBar": {
                "bar": {
                  "color": "",
                  "style": {
                    "classes": ""
                  }
                },
                "max": 100,
                "min": 0,
                "track": {
                  "color": "",
                  "style": {
                    "classes": ""
                  }
                },
                "value": {
                  "enabled": true,
                  "format": "0,0.##",
                  "justify": "center",
                  "style": {
                    "classes": ""
                  }
                }
              },
              "render": "auto",
              "resizable": false,
              "sort": "none",
              "sortable": false,
              "strictWidth": false,
              "style": {
                "classes": ""
              },
              "toggleSwitch": {
                "color": {
                  "selected": "",
                  "unselected": ""
                }
              },
              "viewParams": {},
              "viewPath": "",
              "visible": true,
              "width": ""
            },
            {
              "align": "center",
              "boolean": "value",
              "dateFormat": "MM/DD/YYYY",
              "editable": false,
              "field": "Zone",
              "filter": {
                "boolean": {
                  "condition": ""
                },
                "date": {
                  "condition": "",
                  "value": ""
                },
                "enabled": false,
                "number": {
                  "condition": "",
                  "value": ""
                },
                "string": {
                  "condition": "",
                  "value": ""
                },
                "visible": "on-hover"
              },
              "footer": {
                "align": "center",
                "justify": "left",
                "style": {
                  "classes": ""
                },
                "title": ""
              },
              "header": {
                "align": "center",
                "justify": "center",
                "style": {
                  "classes": ""
                },
                "title": "Zone"
              },
              "justify": "center",
              "number": "value",
              "numberFormat": "0,0.##",
              "progressBar": {
                "bar": {
                  "color": "",
                  "style": {
                    "classes": ""
                  }
                },
                "max": 100,
                "min": 0,
                "track": {
                  "color": "",
                  "style": {
                    "classes": ""
                  }
                },
                "value": {
                  "enabled": true,
                  "format": "0,0.##",
                  "justify": "center",
                  "style": {
                    "classes": ""
                  }
                }
              },
              "render": "auto",
              "resizable": false,
              "sort": "none",
              "sortable": false,
              "strictWidth": false,
              "style": {
                "classes": ""
              },
              "toggleSwitch": {
                "color": {
                  "selected": "",
                  "unselected": ""
                }
              },
              "viewParams": {},
              "viewPath": "",
              "visible": true,
              "width": ""
            },
            {
              "align": "center",
              "boolean": "value",
              "dateFormat": "MM/DD/YYYY",
              "editable": false,
              "field": "START_DATE",
              "filter": {
                "boolean": {
                  "condition": ""
                },
                "date": {
                  "condition": "",
                  "value": ""
                },
                "enabled": false,
                "number": {
                  "condition": "",
                  "value": ""
                },
                "string": {
                  "condition": "",
                  "value": ""
                },
                "visible": "on-hover"
              },
              "footer": {
                "align": "center",
                "justify": "left",
                "style": {
                  "classes": ""
                },
                "title": ""
              },
              "header": {
                "align": "center",
                "justify": "center",
                "style": {
                  "classes": ""
                },
                "title": "START_DATE"
              },
              "justify": "center",
              "number": "value",
              "numberFormat": "0,0.##",
              "progressBar": {
                "bar": {
                  "color": "",
                  "style": {
                    "classes": ""
                  }
                },
                "max": 100,
                "min": 0,
                "track": {
                  "color": "",
                  "style": {
                    "classes": ""
                  }
                },
                "value": {
                  "enabled": true,
                  "format": "0,0.##",
                  "justify": "center",
                  "style": {
                    "classes": ""
                  }
                }
              },
              "render": "date",
              "resizable": false,
              "sort": "none",
              "sortable": false,
              "strictWidth": false,
              "style": {
                "classes": ""
              },
              "toggleSwitch": {
                "color": {
                  "selected": "",
                  "unselected": ""
                }
              },
              "viewParams": {},
              "viewPath": "",
              "visible": true,
              "width": ""
            },
            {
              "align": "center",
              "boolean": "checkbox",
              "dateFormat": "MM/DD/YYYY",
              "editable": true,
              "field": "END_DATE",
              "filter": {
                "boolean": {
                  "condition": ""
                },
                "date": {
                  "condition": "",
                  "value": ""
                },
                "enabled": false,
                "number": {
                  "condition": "",
                  "value": ""
                },
                "string": {
                  "condition": "",
                  "value": ""
                },
                "visible": "on-hover"
              },
              "footer": {
                "align": "center",
                "justify": "left",
                "style": {
                  "classes": ""
                },
                "title": ""
              },
              "header": {
                "align": "center",
                "justify": "center",
                "style": {
                  "classes": ""
                },
                "title": "END_DATE"
              },
              "justify": "center",
              "nullFormat": {
                "includeNullStrings": false,
                "nullFormatValue": "",
                "strict": false
              },
              "number": "value",
              "numberFormat": "0,0.##",
              "progressBar": {
                "bar": {
                  "color": "",
                  "style": {
                    "classes": ""
                  }
                },
                "max": 100,
                "min": 0,
                "track": {
                  "color": "",
                  "style": {
                    "classes": ""
                  }
                },
                "value": {
                  "enabled": true,
                  "format": "0,0.##",
                  "justify": "center",
                  "style": {
                    "classes": ""
                  }
                }
              },
              "render": "date",
              "resizable": false,
              "sort": "none",
              "sortable": false,
              "strictWidth": false,
              "style": {
                "classes": ""
              },
              "toggleSwitch": {
                "color": {
                  "selected": "",
                  "unselected": ""
                }
              },
              "viewParams": {},
              "viewPath": "",
              "visible": true,
              "width": ""
            },
            {
              "align": "center",
              "boolean": "checkbox",
              "dateFormat": "MM/DD/YYYY",
              "editable": true,
              "field": "MRP_RUN",
              "filter": {
                "boolean": {
                  "condition": ""
                },
                "date": {
                  "condition": "",
                  "value": ""
                },
                "enabled": false,
                "number": {
                  "condition": "",
                  "value": ""
                },
                "string": {
                  "condition": "",
                  "value": ""
                },
                "visible": "on-hover"
              },
              "footer": {
                "align": "center",
                "justify": "left",
                "style": {
                  "classes": ""
                },
                "title": ""
              },
              "header": {
                "align": "center",
                "justify": "center",
                "style": {
                  "classes": ""
                },
                "title": "MRP_RUN"
              },
              "justify": "center",
              "number": "value",
              "numberFormat": "0,0.##",
              "progressBar": {
                "bar": {
                  "color": "",
                  "style": {
                    "classes": ""
                  }
                },
                "max": 100,
                "min": 0,
                "track": {
                  "color": "",
                  "style": {
                    "classes": ""
                  }
                },
                "value": {
                  "enabled": true,
                  "format": "0,0.##",
                  "justify": "center",
                  "style": {
                    "classes": ""
                  }
                }
              },
              "render": "boolean",
              "resizable": false,
              "sort": "none",
              "sortable": false,
              "strictWidth": false,
              "style": {
                "classes": ""
              },
              "toggleSwitch": {
                "color": {
                  "selected": "",
                  "unselected": ""
                }
              },
              "viewParams": {},
              "viewPath": "",
              "visible": true,
              "width": ""
            },
            {
              "align": "center",
              "boolean": "checkbox",
              "dateFormat": "MM/DD/YYYY",
              "editable": true,
              "field": "Hold",
              "filter": {
                "boolean": {
                  "condition": ""
                },
                "date": {
                  "condition": "",
                  "value": ""
                },
                "enabled": false,
                "number": {
                  "condition": "",
                  "value": ""
                },
                "string": {
                  "condition": "",
                  "value": ""
                },
                "visible": "on-hover"
              },
              "footer": {
                "align": "center",
                "justify": "left",
                "style": {
                  "classes": ""
                },
                "title": ""
              },
              "header": {
                "align": "center",
                "justify": "center",
                "style": {
                  "classes": ""
                },
                "title": "HOLD"
              },
              "justify": "center",
              "number": "value",
              "numberFormat": "0,0.##",
              "progressBar": {
                "bar": {
                  "color": "",
                  "style": {
                    "classes": ""
                  }
                },
                "max": 100,
                "min": 0,
                "track": {
                  "color": "",
                  "style": {
                    "classes": ""
                  }
                },
                "value": {
                  "enabled": true,
                  "format": "0,0.##",
                  "justify": "center",
                  "style": {
                    "classes": ""
                  }
                }
              },
              "render": "boolean",
              "resizable": false,
              "sort": "none",
              "sortable": false,
              "strictWidth": false,
              "style": {
                "classes": ""
              },
              "toggleSwitch": {
                "color": {
                  "selected": "",
                  "unselected": ""
                }
              },
              "viewParams": {},
              "viewPath": "",
              "visible": true,
              "width": ""
            },
            {
              "align": "center",
              "boolean": "value",
              "dateFormat": "MM/DD/YYYY",
              "editable": false,
              "field": "Hold_remarks",
              "filter": {
                "boolean": {
                  "condition": ""
                },
                "date": {
                  "condition": "",
                  "value": ""
                },
                "enabled": false,
                "number": {
                  "condition": "",
                  "value": ""
                },
                "string": {
                  "condition": "",
                  "value": ""
                },
                "visible": "on-hover"
              },
              "footer": {
                "align": "center",
                "justify": "left",
                "style": {
                  "classes": ""
                },
                "title": ""
              },
              "header": {
                "align": "center",
                "justify": "center",
                "style": {
                  "classes": ""
                },
                "title": "HOLD_REMARKS"
              },
              "justify": "center",
              "number": "value",
              "numberFormat": "0,0.##",
              "progressBar": {
                "bar": {
                  "color": "",
                  "style": {
                    "classes": ""
                  }
                },
                "max": 100,
                "min": 0,
                "track": {
                  "color": "",
                  "style": {
                    "classes": ""
                  }
                },
                "value": {
                  "enabled": true,
                  "format": "0,0.##",
                  "justify": "center",
                  "style": {
                    "classes": ""
                  }
                }
              },
              "render": "auto",
              "resizable": false,
              "sort": "none",
              "sortable": false,
              "strictWidth": false,
              "style": {
                "classes": ""
              },
              "toggleSwitch": {
                "color": {
                  "selected": "",
                  "unselected": ""
                }
              },
              "viewParams": {},
              "viewPath": "",
              "visible": true,
              "width": ""
            }
          ],
          "headerGroupStyle": {
            "classes": "table/header"
          },
          "headerStyle": {
            "classes": "table/Table_Header"
          },
          "pager": {
            "bottom": false
          },
          "rows": {
            "style": {
              "classes": "table/Table_Row"
            },
            "subviewExpansionMode": "single"
          },
          "selection": {
            "mode": "multiple interval"
          },
          "style": {
            "classes": "table/Table_style"
          }
        },
        "scripts": {
          "customMethods": [],
          "extensionFunctions": null,
          "messageHandlers": [
            {
              "messageType": "press_action",
              "pageScope": true,
              "script": "\t# implement your handler here\n\tsource\u003dpayload[\u0027source\u0027]\n\taction\u003dpayload[\u0027action\u0027]\n\trowData\u003dpayload[\u0027rowData\u0027]\n\trowIndex\u003dint(payload[\u0027rowIndex\u0027])\n\tcolumn\u003dpayload[\u0027column\u0027]\n\tif action\u003d\u003d\"update\":\n\t\tnewValue \u003d payload[\u0027newValue\u0027]\n\t\tSO_NO\u003drowData[\u0027SO_NO\u0027]\n\t\tquery\u003d\u0027\u0027\u0027UPDATE SO_Planning SET Press \u003d ? WHERE SO_NO\u003d?\u0027\u0027\u0027\n\t\targs\u003d[newValue,SO_NO]\n\t\tsystem.db.runPrepUpdate(query, args,\"PPC\")\n\t\tself.refreshBinding(\"props.data\")",
              "sessionScope": false,
              "viewScope": false
            },
            {
              "messageType": "plant_action",
              "pageScope": true,
              "script": "\t# implement your handler here\n\tsource\u003dpayload[\u0027source\u0027]\n\taction\u003dpayload[\u0027action\u0027]\n\trowData\u003dpayload[\u0027rowData\u0027]\n\trowIndex\u003dint(payload[\u0027rowIndex\u0027])\n\tcolumn\u003dpayload[\u0027column\u0027]\n\tif action\u003d\u003d\"update1\":\n\t\tnewValue \u003d payload[\u0027newValue\u0027]\n\t\tSO_NO\u003drowData[\u0027SO_NO\u0027]\n\t\tquery\u003d\u0027\u0027\u0027UPDATE SO_Planning SET plant \u003d ? WHERE SO_NO\u003d?\u0027\u0027\u0027\n\t\targs\u003d[newValue,SO_NO]\n\t\tsystem.db.runPrepUpdate(query, args,\"PPC\")\n\t\tself.refreshBinding(\"props.data\")",
              "sessionScope": false,
              "viewScope": false
            },
            {
              "messageType": "Refresh",
              "pageScope": true,
              "script": "\t# implement your handler here\n\tA\u003dpayload[\u0027A\u0027]\n\tself.refreshBinding(\u0027props.data\u0027)",
              "sessionScope": false,
              "viewScope": false
            },
            {
              "messageType": "hold_soplan",
              "pageScope": true,
              "script": "\t# implement your handler here\n\tA\u003dpayload[\u0027A\u0027]\n\tself.refreshBinding(\u0027props.data\u0027)",
              "sessionScope": false,
              "viewScope": false
            },
            {
              "messageType": "unhold_soplan",
              "pageScope": true,
              "script": "\t# implement your handler here\n\tA\u003dpayload[\u0027A\u0027]\n\tself.refreshBinding(\u0027props.data\u0027)",
              "sessionScope": false,
              "viewScope": false
            }
          ]
        },
        "type": "ia.display.table"
      },
      {
        "meta": {
          "name": "Label"
        },
        "position": {
          "basis": "32px"
        },
        "props": {
          "text": [
            "SO12",
            "SO13"
          ]
        },
        "type": "ia.display.label"
      },
      {
        "meta": {
          "name": "Label_0"
        },
        "position": {
          "basis": "32px"
        },
        "props": {
          "text": [
            1234,
            1234
          ]
        },
        "type": "ia.display.label"
      }
    ],
    "meta": {
      "name": "root"
    },
    "props": {
      "direction": "column"
    },
    "type": "ia.container.flex"
  }
}