{
  "custom": {
    "FromDate": {
      "$": [
        "ts",
        192,
        1710910499666
      ],
      "$ts": 1693630499666
    },
    "No_Of_PreviousDate": 200,
    "ToDate": {
      "$": [
        "ts",
        192,
        1710910499666
      ],
      "$ts": 1710910499666
    }
  },
  "params": {
    "FromDate": "2023-11-17 18:17:24",
    "ToDate": "2023-11-24 18:17:30",
    "downloadData": {
      "$": [
        "ds",
        192,
        1710908729581
      ],
      "$columns": [
        {
          "data": [
            "003000008030                            ",
            "003000008031                            ",
            "003000008032                            ",
            "003000008033                            ",
            "003000008034                            ",
            "003000008035                            ",
            "003000008036                            ",
            "003000008037                            ",
            "003000008038                            ",
            "003000008040                            ",
            "003000008041                            ",
            "003000008061                            ",
            "003000008064                            ",
            "003000008065                            ",
            "003000008069                            ",
            "003000008070                            ",
            "003000008074                            ",
            "003000008078                            ",
            "003000008012                            ",
            "003000008019                            ",
            "003000008020                            ",
            "003000008021                            ",
            "003000008022                            ",
            "003000008023                            ",
            "003000008024                            ",
            "003000008025                            ",
            "003000008026                            ",
            "003000007996                            ",
            "003000007997                            ",
            "003000007999                            ",
            "003000008000                            ",
            "003000008001                            ",
            "003000008002                            ",
            "003000008004                            ",
            "003000008005                            ",
            "003000008006                            ",
            "003000008007                            ",
            "003000008008                            ",
            "003000008009                            ",
            "003000007982                            ",
            "003000007983                            ",
            "003000007984                            ",
            "003000007985                            ",
            "003000007987                            ",
            "003000007988                            ",
            "003000007989                            ",
            "003000007973                            ",
            "003000007976                            ",
            "003000007939                            ",
            "003000007941                            ",
            "003000007968                            ",
            "003000007919                            ",
            "003000007920                            ",
            "003000007921                            ",
            "003000007922                            ",
            "003000007926                            ",
            "003000007929                            "
          ],
          "name": "PO",
          "type": "String"
        },
        {
          "data": [
            "6082                ",
            "6063                ",
            "6063                ",
            "6063                ",
            "6063                ",
            "6063                ",
            "6063                ",
            "6063                ",
            "6063                ",
            "6063                ",
            "6063                ",
            "6063                ",
            "6063                ",
            "6063                ",
            "6063                ",
            "6063                ",
            "6063                ",
            "6063                ",
            "6063                ",
            "6063                ",
            "6063                ",
            "6063                ",
            "6063                ",
            "6063                ",
            "6262                ",
            "6063                ",
            "6063                ",
            "6063                ",
            "6063                ",
            "6063                ",
            "6063                ",
            "6082                ",
            "6082                ",
            "6063                ",
            "6063                ",
            "6082                ",
            "6082                ",
            "6063                ",
            "6063                ",
            "6063                ",
            "6063                ",
            "6063                ",
            "6063                ",
            "1070                ",
            "6063                ",
            "6063                ",
            "6061                ",
            "6063                ",
            "6063                ",
            "6063                ",
            "6063                ",
            "6063                ",
            "6005                ",
            "6082                ",
            "6061                ",
            "6063                ",
            "6063                "
          ],
          "name": "Standard Alloy",
          "type": "String"
        },
        {
          "data": [
            "86082XX6082LXXX271XXX5800X              ",
            "86063XXA5SXXXXX271XXX5800X              ",
            "86063XXA5SXXXXX271XXX5800X              ",
            "86063XXA5DXXXX228.6X5800X               ",
            "86063XX6060XXXX127XXX5800X              ",
            "86063XXA2SDXXXX161XXX5800X              ",
            "86063XX6060XXXX161XXX5800X              ",
            "86063XXA5SXXXXX177.8X5800X              ",
            "86063XX6063XXXX271XXX5800X              ",
            "86063XXA5SXXXXX127XXX5800X              ",
            "86063XXA5SXXXXX177.8X5800X              ",
            "86063XXHE30XXXX271XXX5800X              ",
            "86063XX6063XXXX228.6X5800X              ",
            "86063XX6060XXXX127XXX5800X              ",
            "86063XXA5SXXXXX271XXX5800X              ",
            "86063XXA5SXXXXX271XXX5800X              ",
            "86063XXA2SXXXXX161XXX5800X              ",
            "86063XXA2SXXXXX127XXX5800X              ",
            "86063XXA5SXXXXX211XXX5800X              ",
            "86063XXA5DXXXXX271XXX5800X              ",
            "86063XXA5SXXXXX161XXX5800X              ",
            "86063XX6060XXXX161XXX5800X              ",
            "86063XXA5SXXXXX177.8X5800X              ",
            "86063XX6060XXXX177.8X5800X              ",
            "86262XX6262HXXX271XXX5800X              ",
            "86063XXA5DXXXXX211XXX5800X              ",
            "86063XX6063XXXX271XXX5800X              ",
            "86063XXA5DXXXX271XXX5800X               ",
            "86063XXA2SXXXXX127XXX5800X              ",
            "86063XXA5SXXXXX271XXX5800X              ",
            "86063XXA5SXXXXX271XXX5800X              ",
            "86082XXHE30EXXX271XXX5800X              ",
            "86082XXHE30MXXX271XXX5800X              ",
            "86063XXA5DXXXXX271XXX5800X              ",
            "86063XXA5DXXXXX271XXX5800X              ",
            "86082XXHE30EXXX228.6X5800X              ",
            "86082XXHE30PXXX228.6X5800X              ",
            "86063XX6060XXXX177.8X5800X              ",
            "86063XXA5SXXXXX177.8X5800X              ",
            "86063XX6063DXXX228.6X5800X              ",
            "86063XX6063DXXX271XXX5800X              ",
            "86063XXA5SXXXXX271XXX5800X              ",
            "86063XXA2SXXXXX127XXX5800X              ",
            "81070XXECSPLXXX211XXX5800X              ",
            "86063XXA5STXXXX271XXX5800X              ",
            "86063XX6060XXXX161XXX5800X              ",
            "86061XX6061XXXX211XXX5800X              ",
            "86063XXA2SXXXXX127XXX5800X              ",
            "86063XXA2SXXXXX127XXX5800X              ",
            "86063XX6063XXXX302XXX5800X              ",
            "86063XXA5SXXXXX127XXX5800X              ",
            "86063XXA5DXXXXX211XXX5800X              ",
            "86005XX6005AXXX302XXX5800X              ",
            "86082XXHE30EXXX302XXX5800X              ",
            "86061XX6061EXXX302XXX5800X              ",
            "86063XXA2SXXXXX127XXX5800X              ",
            "86063XXA5SLXXXX161XXX5800X              "
          ],
          "name": "SFG Code",
          "type": "String"
        },
        {
          "data": [
            27000,
            27000,
            27000,
            28000,
            25000,
            28000,
            28000,
            25000,
            27000,
            25000,
            25000,
            27000,
            28000,
            25000,
            27000,
            27000,
            28000,
            25000,
            26500,
            27000,
            28000,
            28000,
            25000,
            25000,
            27000,
            26500,
            27000,
            27000,
            25000,
            27000,
            27000,
            27000,
            27000,
            27000,
            27000,
            28000,
            28000,
            25000,
            25000,
            28000,
            27000,
            27000,
            25000,
            26000,
            27000,
            28000,
            28000,
            25000,
            25000,
            27500,
            20000,
            26500,
            28000,
            28000,
            28000,
            25000,
            28000
          ],
          "name": "PO Qty(kg)",
          "type": "Double"
        },
        {
          "data": [
            "Casting Completed",
            "Casting Completed",
            "Casting Completed",
            "Casting Completed",
            "Casting Completed",
            "Casting Completed",
            "Casting Completed",
            "Casting Completed",
            "Casting Completed",
            "Casting Completed",
            "Casting Completed",
            "Casting Completed",
            "Casting Completed",
            "Casting Completed",
            "Casting Completed",
            "Casting Completed",
            "Casting Completed",
            "Casting Completed",
            "Casting Completed",
            "Casting Completed",
            "Casting Completed",
            "Casting Completed",
            "Casting Completed",
            "Casting Completed",
            "Casting Completed",
            "Casting Completed",
            "Casting Completed",
            "Casting Completed",
            "Casting Completed",
            "Casting Completed",
            "Casting Completed",
            "Casting Completed",
            "Casting Completed",
            "Casting Completed",
            "Casting Completed",
            "Casting Completed",
            "Casting Completed",
            "Casting Completed",
            "Casting Completed",
            "Casting Completed",
            "Casting Completed",
            "Casting Completed",
            "Casting Completed",
            "Casting Completed",
            "Casting Completed",
            "Casting Completed",
            "Casting Completed",
            "Casting Completed",
            "Casting Completed",
            "Casting Completed",
            "Casting Completed",
            "Casting Completed",
            "Casting Completed",
            "Casting Completed",
            "Casting Completed",
            "Casting Completed",
            "Casting Completed"
          ],
          "name": "Status",
          "type": "String"
        },
        {
          "data": [
            "P6 (11\")  ",
            "P6 (11\")  ",
            "P6 (11\")  ",
            "None",
            "None",
            "None",
            "None",
            "None",
            "P6 (11\")  ",
            "None",
            "None",
            "P6 (11\")  ",
            "DP5       ",
            "None",
            "P6 (11\")  ",
            "P6 (11\")  ",
            "None",
            "None",
            "P3        ",
            "P6 (11\")  ",
            "None",
            "None",
            "None",
            "None",
            "P6 (11\")  ",
            "P3        ",
            "P6 (11\")  ",
            "None",
            "None",
            "P6 (11\")  ",
            "P6 (11\")  ",
            "P6 (11\")  ",
            "P6 (11\")  ",
            "P6 (11\")  ",
            "P6 (11\")  ",
            "None",
            "None",
            "None",
            "None",
            "None",
            "P6 (11\")  ",
            "P6 (11\")  ",
            "None",
            "P3        ",
            "P6 (11\")  ",
            "None",
            "P3        ",
            "P6 (11\")  ",
            "DP1       ",
            "P6 (12\")  ",
            "None",
            "P3        ",
            "P6 (12\")  ",
            "P6 (12\")  ",
            "P6 (12\")  ",
            "DP1       ",
            "None"
          ],
          "name": "Press",
          "type": "String"
        },
        {
          "data": [
            1700764200000,
            1700764200000,
            1700764200000,
            1700764200000,
            1700764200000,
            1700764200000,
            1700764200000,
            1700764200000,
            1700764200000,
            1700764200000,
            1700764200000,
            1700764200000,
            1700764200000,
            1700764200000,
            1700764200000,
            1700764200000,
            1700764200000,
            1700764200000,
            1700677800000,
            1700677800000,
            1700677800000,
            1700677800000,
            1700677800000,
            1700677800000,
            1700677800000,
            1700677800000,
            1700677800000,
            1700591400000,
            1700591400000,
            1700591400000,
            1700591400000,
            1700591400000,
            1700591400000,
            1700591400000,
            1700591400000,
            1700591400000,
            1700591400000,
            1700591400000,
            1700591400000,
            1700505000000,
            1700505000000,
            1700505000000,
            1700505000000,
            1700505000000,
            1700505000000,
            1700505000000,
            1700418600000,
            1700418600000,
            1700245800000,
            1700245800000,
            1700245800000,
            1700159400000,
            1700159400000,
            1700159400000,
            1700159400000,
            1700159400000,
            1700159400000
          ],
          "name": "Release Date",
          "type": "Date"
        },
        {
          "data": [
            "CS2         ",
            "CS2         ",
            "CS2         ",
            "CS2         ",
            "CS2         ",
            "CS2         ",
            "CS2         ",
            "CS2         ",
            "CS2         ",
            "CS2         ",
            "CS2         ",
            "CS1         ",
            "CS2         ",
            "CS2         ",
            "CS2         ",
            "CS2         ",
            "CS2         ",
            "CS2         ",
            "CS2         ",
            "CS2         ",
            "CS2         ",
            "CS2         ",
            "CS2         ",
            "CS2         ",
            "CS1         ",
            "CS2         ",
            "CS2         ",
            "CS2         ",
            "CS2         ",
            "CS2         ",
            "CS2         ",
            "CS1         ",
            "CS1         ",
            "CS2         ",
            "CS1         ",
            "CS1         ",
            "CS1         ",
            "CS2         ",
            "CS2         ",
            "CS2         ",
            "CS2         ",
            "CS2         ",
            "CS2         ",
            "CS1         ",
            "CS1         ",
            "CS2         ",
            "CS2         ",
            "CS2         ",
            "CS2         ",
            "CS1         ",
            "CS2         ",
            "CS2         ",
            "CS1         ",
            "CS1         ",
            "CS1         ",
            "CS2         ",
            "CS2         "
          ],
          "name": "Machine",
          "type": "String"
        },
        {
          "data": [
            28,
            28,
            28,
            42,
            120,
            84,
            84,
            60,
            28,
            120,
            60,
            28,
            42,
            119,
            28,
            28,
            84,
            120,
            48,
            28,
            84,
            84,
            60,
            59,
            28,
            48,
            28,
            28,
            119,
            28,
            28,
            28,
            28,
            28,
            28,
            42,
            42,
            60,
            60,
            42,
            28,
            28,
            120,
            48,
            28,
            84,
            48,
            120,
            120,
            24,
            120,
            48,
            24,
            24,
            24,
            120,
            84
          ],
          "name": "No of Logs",
          "type": "Integer"
        },
        {
          "data": [
            "271.000             ",
            "271.000             ",
            "271.000             ",
            "28.000              ",
            "127.000             ",
            "161.000             ",
            "161.000             ",
            "177.000             ",
            "271.000             ",
            "127.000             ",
            "177.000             ",
            "271.000             ",
            "228.600             ",
            "127.000             ",
            "271.000             ",
            "271.000             ",
            "161.000             ",
            "127.000             ",
            "211.000             ",
            "271.000             ",
            "161.000             ",
            "161.000             ",
            "177.000             ",
            "177.000             ",
            "271.000             ",
            "211.000             ",
            "271.000             ",
            "715.000             ",
            "127.000             ",
            "271.000             ",
            "271.000             ",
            "271.000             ",
            "271.000             ",
            "271.000             ",
            "271.000             ",
            "228.000             ",
            "228.000             ",
            "177.000             ",
            "177.000             ",
            "228.000             ",
            "271.000             ",
            "271.000             ",
            "127.000             ",
            "211.000             ",
            "271.000             ",
            "161.000             ",
            "211.000             ",
            "127.000             ",
            "127.000             ",
            "302.000             ",
            "127.000             ",
            "211.000             ",
            "302.000             ",
            "302.000             ",
            "302.000             ",
            "127.000             ",
            "161.000             "
          ],
          "name": "Log Dia",
          "type": "String"
        },
        {
          "data": [
            "5800.000            ",
            "5800.000            ",
            "5800.000            ",
            "800.000             ",
            "5800.000            ",
            "5800.000            ",
            "5800.000            ",
            "5800.000            ",
            "5800.000            ",
            "5800.000            ",
            "5800.000            ",
            "5800.000            ",
            "5800.000            ",
            "5800.000            ",
            "5800.000            ",
            "5800.000            ",
            "5800.000            ",
            "5800.000            ",
            "5800.000            ",
            "5800.000            ",
            "5800.000            ",
            "5800.000            ",
            "5800.000            ",
            "5800.000            ",
            "5800.000            ",
            "5800.000            ",
            "5800.000            ",
            "800.000             ",
            "5800.000            ",
            "5800.000            ",
            "5800.000            ",
            "5800.000            ",
            "5800.000            ",
            "5800.000            ",
            "5800.000            ",
            "5800.000            ",
            "5800.000            ",
            "5800.000            ",
            "5800.000            ",
            "5800.000            ",
            "5800.000            ",
            "5800.000            ",
            "5800.000            ",
            "5800.000            ",
            "5800.000            ",
            "5800.000            ",
            "5800.000            ",
            "5800.000            ",
            "5800.000            ",
            "5800.000            ",
            "5800.000            ",
            "5800.000            ",
            "5800.000            ",
            "5800.000            ",
            "5800.000            ",
            "5800.000            ",
            "5800.000            "
          ],
          "name": "Log Length",
          "type": "String"
        }
      ]
    }
  },
  "propConfig": {
    "custom.FromDate": {
      "binding": {
        "config": {
          "expression": "{view.custom.ToDate}"
        },
        "transforms": [
          {
            "code": "\tTo\u003dself.custom.ToDate\n\tdays\u003dself.custom.No_Of_PreviousDate\n\tMdate\u003dsystem.date.addDays(To,-days)\n\treturn Mdate",
            "type": "script"
          }
        ],
        "type": "expr"
      },
      "persistent": true
    },
    "custom.No_Of_PreviousDate": {
      "persistent": true
    },
    "custom.ToDate": {
      "binding": {
        "config": {
          "expression": "now(6000)"
        },
        "type": "expr"
      },
      "persistent": true
    },
    "params.FromDate": {
      "onChange": {
        "enabled": null,
        "script": "\tif previousValue.value!\u003dcurrentValue.value:\n\t\tself.getChild(\"root\").getChild(\"Table_0\").custom.Update\u003d0\n\t\tself.getChild(\"root\").getChild(\"Table_0\").custom.Update\u003d1\t\n\telse:\n\t\tpass\t"
      },
      "paramDirection": "input",
      "persistent": true
    },
    "params.ToDate": {
      "onChange": {
        "enabled": null,
        "script": "\tif previousValue.value!\u003dcurrentValue.value:\n\t\tself.getChild(\"root\").getChild(\"Table_0\").custom.Update\u003d0\n\t\tself.getChild(\"root\").getChild(\"Table_0\").custom.Update\u003d1\t\n\telse:\n\t\tpass\t"
      },
      "paramDirection": "input",
      "persistent": true
    },
    "params.downloadData": {
      "binding": {
        "config": {
          "path": "/root/Table_0.props.data"
        },
        "overlayOptOut": true,
        "transforms": [
          {
            "code": "\ttry:\n\t\tdataSet \u003d value\n\t\torgColumns \u003d system.dataset.getColumnHeaders(dataSet)\n\t\tdisplayColumns \u003d self.getChild(\"root\").getChild(\"Table_0\").props.columns\n\t\theaders \u003d []\n\t\tnewData \u003d []\n\t\tshowColumns \u003d []\n\t\tfinalDataset \u003d []\n\t\t\t\n\t\tfor oIdx in range(dataSet.getColumnCount()):\n\t\t# OR for oIdx in range(len(orgColumns)):\n\t\t\n\t\t\t#row \u003d [dataSet.getValueAt(oIdx, col) for col in range(dataSet.columnCount)]\n\t\t\t#newData.append(row)\n\t\t\n\t\t\t# we want to know if orgColumns[oIdx] is found in displayColumns\n\t\t\tmatch \u003d False; # we haven\u0027t found it yet\n\t\t\tz \u003d 2\n\t\t\tfor sIdx in range(len(displayColumns)):\n\t\t\t\t# displayColumns[1].field  displayColumns[0].keys()  displayColumns[0].values()\n\t\t\t\t\n\t\t\t\tif(orgColumns[oIdx] \u003d\u003d displayColumns[sIdx].field):\n\t\t\t\t\t# we have found orgColumns[oIdx] in displayColumns, so we can stop searching\n\t\t\t\t\tmatch \u003d True;\n\t\t\t\t\tbreak;\n\t\t\t\t# if we never find orgColumns[oIdx] in displayColumns, the for loop will simply end,\n\t\t\t\t# and match will remain false\n\t\t\t# add orgColumns[oIdx] to showColumns only if we find a match.\n\t\t\tif (match):\n\t\t\t\n\t\t\t\tshowColumns.append(orgColumns[oIdx]);\n\t\t\t\theaders.append(displayColumns[oIdx].header.title)\n\t\t\t\t\n\t\tfilterDataset \u003d system.dataset.filterColumns(dataSet, showColumns)\n\t\t\n\t\tfor rowIndex in range(filterDataset.getRowCount()):\n\t\t\trow \u003d [filterDataset.getValueAt(rowIndex,col) for col in range(filterDataset.getColumnCount())]\n\t\t\tnewData.append(row)\n\t\t\t\n\t\tfilterDataset \u003d system.dataset.toDataSet(headers, newData)\n\t\tfinalDataset \u003d system.dataset.toPyDataSet(filterDataset)\n\t\treturn finalDataset\n\texcept:\n\t\treturn []\t\n\t",
            "type": "script"
          }
        ],
        "type": "property"
      },
      "paramDirection": "output",
      "persistent": true
    }
  },
  "props": {
    "defaultSize": {
      "width": 823
    }
  },
  "root": {
    "children": [
      {
        "custom": {
          "PO_No": [
            "003000001901                            ",
            "003000001903                            ",
            "003000001907                            ",
            "3000000047                              "
          ],
          "Update": 1
        },
        "events": {
          "component": {
            "onEditCellCommit": {
              "config": {
                "script": "\tvalueToSet \u003d event.value\n\tself.props.data \u003d system.dataset.setValue(self.props.data, event.row, event.column, valueToSet)"
              },
              "enabled": false,
              "scope": "G",
              "type": "script"
            }
          }
        },
        "meta": {
          "name": "Table_0"
        },
        "position": {
          "basis": "400px",
          "grow": 1
        },
        "propConfig": {
          "custom.PO_No": {
            "binding": {
              "config": {
                "path": "this.custom.Update"
              },
              "enabled": false,
              "transforms": [
                {
                  "code": "\t#\tget PO numbers based on the last 120 days from MES_Orders table\n\tquery1\u003d\u0027\u0027\u0027\n\t\tSELECT DISTINCT mes_melting.[PO]\n\t\t  \t\t      \t\t    \n\t\t    FROM mes_orders,mes_melting\n\t\t    where [mes_orders].[release_date]\u003e\u003d? and [mes_orders].[release_date]\u003c\u003d? and mes_melting.[PO]\u003d[mes_orders].[production_order]\n\t\u0027\u0027\u0027\n\tData1\u003dsystem.db.runPrepQuery(query1, [self.view.custom.FromDate,self.view.custom.ToDate], \u0027CIMS2\u0027)\n\tFDATA\u003d[]\n\tfor i in range(len(Data1)):\n\t\tFDATA.append(str(Data1[i][\u0027PO\u0027]))\n\t\t\n\treturn FDATA",
                  "type": "script"
                }
              ],
              "type": "property"
            }
          },
          "props.data": {
            "binding": {
              "config": {
                "path": "this.custom.Update"
              },
              "overlayOptOut": true,
              "transforms": [
                {
                  "code": "\t\n\t#Get list of PO\u0027s\n\tquery1\u003d\u0027\u0027\u0027\n\t\t\tSELECT DISTINCT mes_casting.[PO]\t\t\t  \t\t      \t\t    \n\t\t\t    FROM mes_orders,mes_casting\n\t\t    WHERE [mes_orders].[release_date]\u003e\u003d? and [mes_orders].[release_date]\u003c\u003d? and mes_casting.[PO]\u003d[mes_orders].[production_order]\n\t\t\t\n\t\u0027\u0027\u0027\n\t#Data1\u003dsystem.db.runPrepQuery(query1, [system.date.addDays(system.date.now(), -1000),system.date.now()], \u0027CIMS2\u0027)\n\tData1\u003dsystem.db.runPrepQuery(query1, [self.view.params.FromDate,self.view.params.ToDate], \u0027CIMS2\u0027)\n\tFDATA\u003d[]\n\tfor i in range(len(Data1)):\n\t\tFDATA.append(str(Data1[i][\u0027PO\u0027]))\t\t\n\t\n\t#load List pof PO\u0027s to A\n\tA\u003dFDATA\n\t#Get required data from casting table in to DATA1\n\tfor i in range(len(A)):\n\t\tif i\u003d\u003d0:\n\t\t\tc\u003d\"\u0027\"\n\t\t\tFdata\u003d\"\u0027\"+str(A[i])+\"\u0027\"\n\t\telse:\n\t\t\tFdata\u003dFdata+\u0027,\u0027+\"\u0027\"+str(A[i])+\"\u0027\"\n\tq2\u003dFdata\n\tq2\u003dq2.replace(\u0027 \u0027,\u0027\u0027)\n\tq2\u003dstr(q2)\n\tq1\u003d\u0027\u0027\u0027\n\t\tSELECT \tmes_casting.PO\n\t\t\t\t\t,mes_orders.standard_alloy\n\t\t\t\t\t,mes_orders.sfg_code\n\t\t\t\t\t,mes_orders.planned_order_qty\n\t\t\t\t\t,mes_casting.Status\n\t\t\t\t\t,mes_casting.Press_derived\n\t\t\t\t\t,mes_orders.release_date\n\t\t\t\t\t,mes_casting.Machine\n\t\t\t\t\t,mes_casting.No_of_logs\n\t\t\t\t\t,mes_orders.log_dia\n\t\t\t\t\t,mes_orders.log_length\n\t\t\t\t\t,mes_casting.Start_Date\n\t\t\t\t\t,mes_casting.Start_time\n\t\t\t\t\t,mes_casting.End_Date\n\t\t\t\t\t,mes_casting.End_time\n\t\t\t\t\t,mes_casting.Casting_Remark\n\t\t\t\t\t,mes_casting.Tibal_quantity\n\t\t\t\t\t,mes_casting.Actual_length\n\t\t\t\t\t,mes_casting.Actual_dia\n\t\t\t\t\t,mes_casting.Derived_weight\n\t\t\t\t\t,mes_orders.internal_alloy\n\t\t    \tFROM mes_orders,mes_casting\n\t\t\tWHERE mes_orders.production_order\u003dmes_casting.PO and  mes_orders.production_order in (\u0027\u0027\u0027\n\tquery\u003dq1+q2+\u0027) order by mes_orders.release_date desc\u0027\t\n\t#query \u003d \u0027SELECT * FROM mes_casting\u0027\n\tDATA1\u003dsystem.db.runPrepQuery(query,[],\u0027CIMS2\u0027)\n\tPO\u003dmap(lambda row: str(row[0]), DATA1)\n\n\treturn DATA1\n#\treturn query",
                  "type": "script"
                }
              ],
              "type": "property"
            }
          }
        },
        "props": {
          "bodyStyle": {
            "backgroundColor": "#E3E3E3",
            "margin": ""
          },
          "cells": {
            "allowEditOn": "single-click",
            "style": {
              "classes": "Table/Table_Cell",
              "fontFamily": "Arial",
              "fontSize": 12,
              "textAlign": "left"
            }
          },
          "columns": [
            {
              "align": "center",
              "boolean": "checkbox",
              "dateFormat": "MM/DD/YYYY",
              "editable": false,
              "field": "PO",
              "filter": {
                "boolean": {
                  "condition": ""
                },
                "date": {
                  "condition": "",
                  "value": ""
                },
                "enabled": true,
                "number": {
                  "condition": "",
                  "value": ""
                },
                "string": {
                  "condition": "",
                  "value": ""
                },
                "visible": "on-hover"
              },
              "footer": {
                "align": "center",
                "justify": "left",
                "style": {
                  "classes": ""
                },
                "title": ""
              },
              "header": {
                "align": "center",
                "justify": "center",
                "style": {
                  "classes": ""
                },
                "title": "PO"
              },
              "justify": "center",
              "number": "value",
              "numberFormat": "0,0.##",
              "progressBar": {
                "bar": {
                  "color": "",
                  "style": {
                    "classes": ""
                  }
                },
                "max": 100,
                "min": 0,
                "track": {
                  "color": "",
                  "style": {
                    "classes": ""
                  }
                },
                "value": {
                  "enabled": true,
                  "format": "0,0.##",
                  "justify": "center",
                  "style": {
                    "classes": ""
                  }
                }
              },
              "render": "auto",
              "resizable": true,
              "sort": "none",
              "sortable": false,
              "strictWidth": true,
              "style": {
                "classes": "test1"
              },
              "toggleSwitch": {
                "color": {
                  "selected": "",
                  "unselected": ""
                }
              },
              "viewParams": {},
              "viewPath": "",
              "visible": true,
              "width": 100
            },
            {
              "align": "center",
              "boolean": "checkbox",
              "dateFormat": "MM/DD/YYYY",
              "editable": false,
              "field": "standard_alloy",
              "filter": {
                "boolean": {
                  "condition": ""
                },
                "date": {
                  "condition": "",
                  "value": ""
                },
                "enabled": false,
                "number": {
                  "condition": "",
                  "value": ""
                },
                "string": {
                  "condition": "",
                  "value": ""
                },
                "visible": "on-hover"
              },
              "footer": {
                "align": "center",
                "justify": "left",
                "style": {
                  "classes": ""
                },
                "title": ""
              },
              "header": {
                "align": "center",
                "justify": "center",
                "style": {
                  "classes": ""
                },
                "title": "Standard Alloy"
              },
              "justify": "center",
              "number": "value",
              "numberFormat": "0,0.##",
              "progressBar": {
                "bar": {
                  "color": "",
                  "style": {
                    "classes": ""
                  }
                },
                "max": 100,
                "min": 0,
                "track": {
                  "color": "",
                  "style": {
                    "classes": ""
                  }
                },
                "value": {
                  "enabled": true,
                  "format": "0,0.##",
                  "justify": "center",
                  "style": {
                    "classes": ""
                  }
                }
              },
              "render": "auto",
              "resizable": true,
              "sort": "none",
              "sortable": false,
              "strictWidth": false,
              "style": {
                "classes": ""
              },
              "toggleSwitch": {
                "color": {
                  "selected": "",
                  "unselected": ""
                }
              },
              "viewParams": {},
              "viewPath": "",
              "visible": true,
              "width": 80
            },
            {
              "align": "center",
              "boolean": "checkbox",
              "dateFormat": "MM/DD/YYYY",
              "editable": false,
              "field": "sfg_code",
              "filter": {
                "boolean": {
                  "condition": ""
                },
                "date": {
                  "condition": "",
                  "value": ""
                },
                "enabled": true,
                "number": {
                  "condition": "",
                  "value": ""
                },
                "string": {
                  "condition": "",
                  "value": ""
                },
                "visible": "on-hover"
              },
              "footer": {
                "align": "center",
                "justify": "left",
                "style": {
                  "classes": ""
                },
                "title": ""
              },
              "header": {
                "align": "center",
                "justify": "center",
                "style": {
                  "classes": ""
                },
                "title": "SFG Code"
              },
              "justify": "center",
              "number": "value",
              "numberFormat": "0,0.##",
              "progressBar": {
                "bar": {
                  "color": "",
                  "style": {
                    "classes": ""
                  }
                },
                "max": 100,
                "min": 0,
                "track": {
                  "color": "",
                  "style": {
                    "classes": ""
                  }
                },
                "value": {
                  "enabled": true,
                  "format": "0,0.##",
                  "justify": "center",
                  "style": {
                    "classes": ""
                  }
                }
              },
              "render": "auto",
              "resizable": true,
              "sort": "none",
              "sortable": false,
              "strictWidth": false,
              "style": {
                "classes": "test1"
              },
              "toggleSwitch": {
                "color": {
                  "selected": "",
                  "unselected": ""
                }
              },
              "viewParams": {},
              "viewPath": "",
              "visible": true,
              "width": 200
            },
            {
              "align": "center",
              "boolean": "checkbox",
              "dateFormat": "MM/DD/YYYY",
              "editable": false,
              "field": "planned_order_qty",
              "filter": {
                "boolean": {
                  "condition": ""
                },
                "date": {
                  "condition": "",
                  "value": ""
                },
                "enabled": false,
                "number": {
                  "condition": "",
                  "value": ""
                },
                "string": {
                  "condition": "",
                  "value": ""
                },
                "visible": "on-hover"
              },
              "footer": {
                "align": "center",
                "justify": "left",
                "style": {
                  "classes": ""
                },
                "title": ""
              },
              "header": {
                "align": "center",
                "justify": "center",
                "style": {
                  "classes": ""
                },
                "title": "PO Qty(kg)"
              },
              "justify": "center",
              "number": "value",
              "numberFormat": "0,0.##",
              "progressBar": {
                "bar": {
                  "color": "",
                  "style": {
                    "classes": ""
                  }
                },
                "max": 100,
                "min": 0,
                "track": {
                  "color": "",
                  "style": {
                    "classes": ""
                  }
                },
                "value": {
                  "enabled": true,
                  "format": "0,0.##",
                  "justify": "center",
                  "style": {
                    "classes": ""
                  }
                }
              },
              "render": "auto",
              "resizable": true,
              "sort": "none",
              "sortable": false,
              "strictWidth": false,
              "style": {
                "classes": ""
              },
              "toggleSwitch": {
                "color": {
                  "selected": "",
                  "unselected": ""
                }
              },
              "viewParams": {},
              "viewPath": "",
              "visible": true,
              "width": 80
            },
            {
              "align": "center",
              "boolean": "checkbox",
              "dateFormat": "MM/DD/YYYY",
              "editable": false,
              "field": "Status",
              "filter": {
                "boolean": {
                  "condition": ""
                },
                "date": {
                  "condition": "",
                  "value": ""
                },
                "enabled": false,
                "number": {
                  "condition": "",
                  "value": ""
                },
                "string": {
                  "condition": "",
                  "value": ""
                },
                "visible": "on-hover"
              },
              "footer": {
                "align": "center",
                "justify": "left",
                "style": {
                  "classes": ""
                },
                "title": ""
              },
              "header": {
                "align": "center",
                "justify": "center",
                "style": {
                  "classes": ""
                },
                "title": "Status"
              },
              "justify": "center",
              "number": "value",
              "numberFormat": "0,0.##",
              "progressBar": {
                "bar": {
                  "color": "",
                  "style": {
                    "classes": ""
                  }
                },
                "max": 100,
                "min": 0,
                "track": {
                  "color": "",
                  "style": {
                    "classes": ""
                  }
                },
                "value": {
                  "enabled": true,
                  "format": "0,0.##",
                  "justify": "center",
                  "style": {
                    "classes": ""
                  }
                }
              },
              "render": "auto",
              "resizable": true,
              "sort": "none",
              "sortable": false,
              "strictWidth": false,
              "style": {
                "classes": ""
              },
              "toggleSwitch": {
                "color": {
                  "selected": "",
                  "unselected": ""
                }
              },
              "viewParams": {},
              "viewPath": "",
              "visible": true,
              "width": ""
            },
            {
              "align": "center",
              "boolean": "checkbox",
              "dateFormat": "MM/DD/YYYY",
              "editable": false,
              "field": "Press_derived",
              "filter": {
                "boolean": {
                  "condition": ""
                },
                "date": {
                  "condition": "",
                  "value": ""
                },
                "enabled": false,
                "number": {
                  "condition": "",
                  "value": ""
                },
                "string": {
                  "condition": "",
                  "value": ""
                },
                "visible": "on-hover"
              },
              "footer": {
                "align": "center",
                "justify": "left",
                "style": {
                  "classes": ""
                },
                "title": ""
              },
              "header": {
                "align": "center",
                "justify": "center",
                "style": {
                  "classes": ""
                },
                "title": "Press"
              },
              "justify": "center",
              "number": "value",
              "numberFormat": "0,0.##",
              "progressBar": {
                "bar": {
                  "color": "",
                  "style": {
                    "classes": ""
                  }
                },
                "max": 100,
                "min": 0,
                "track": {
                  "color": "",
                  "style": {
                    "classes": ""
                  }
                },
                "value": {
                  "enabled": true,
                  "format": "0,0.##",
                  "justify": "center",
                  "style": {
                    "classes": ""
                  }
                }
              },
              "render": "auto",
              "resizable": true,
              "sort": "none",
              "sortable": false,
              "strictWidth": false,
              "style": {
                "classes": ""
              },
              "toggleSwitch": {
                "color": {
                  "selected": "",
                  "unselected": ""
                }
              },
              "viewParams": {},
              "viewPath": "",
              "visible": true,
              "width": ""
            },
            {
              "align": "center",
              "boolean": "checkbox",
              "dateFormat": "MM/DD/YYYY",
              "editable": false,
              "field": "release_date",
              "filter": {
                "boolean": {
                  "condition": ""
                },
                "date": {
                  "condition": "",
                  "value": ""
                },
                "enabled": false,
                "number": {
                  "condition": "",
                  "value": ""
                },
                "string": {
                  "condition": "",
                  "value": ""
                },
                "visible": "on-hover"
              },
              "footer": {
                "align": "center",
                "justify": "left",
                "style": {
                  "classes": ""
                },
                "title": ""
              },
              "header": {
                "align": "center",
                "justify": "center",
                "style": {
                  "classes": ""
                },
                "title": "Release Date"
              },
              "justify": "center",
              "number": "value",
              "numberFormat": "0,0.##",
              "progressBar": {
                "bar": {
                  "color": "",
                  "style": {
                    "classes": ""
                  }
                },
                "max": 100,
                "min": 0,
                "track": {
                  "color": "",
                  "style": {
                    "classes": ""
                  }
                },
                "value": {
                  "enabled": true,
                  "format": "0,0.##",
                  "justify": "center",
                  "style": {
                    "classes": ""
                  }
                }
              },
              "render": "auto",
              "resizable": true,
              "sort": "none",
              "sortable": false,
              "strictWidth": false,
              "style": {
                "classes": ""
              },
              "toggleSwitch": {
                "color": {
                  "selected": "",
                  "unselected": ""
                }
              },
              "viewParams": {},
              "viewPath": "",
              "visible": true,
              "width": ""
            },
            {
              "align": "center",
              "boolean": "checkbox",
              "dateFormat": "MM/DD/YYYY",
              "editable": false,
              "field": "Machine",
              "filter": {
                "boolean": {
                  "condition": ""
                },
                "date": {
                  "condition": "",
                  "value": ""
                },
                "enabled": false,
                "number": {
                  "condition": "",
                  "value": ""
                },
                "string": {
                  "condition": "",
                  "value": ""
                },
                "visible": "on-hover"
              },
              "footer": {
                "align": "center",
                "justify": "left",
                "style": {
                  "classes": ""
                },
                "title": ""
              },
              "header": {
                "align": "center",
                "justify": "center",
                "style": {
                  "classes": ""
                },
                "title": "Machine"
              },
              "justify": "center",
              "number": "value",
              "numberFormat": "0,0.##",
              "progressBar": {
                "bar": {
                  "color": "",
                  "style": {
                    "classes": ""
                  }
                },
                "max": 100,
                "min": 0,
                "track": {
                  "color": "",
                  "style": {
                    "classes": ""
                  }
                },
                "value": {
                  "enabled": true,
                  "format": "0,0.##",
                  "justify": "center",
                  "style": {
                    "classes": ""
                  }
                }
              },
              "render": "auto",
              "resizable": true,
              "sort": "none",
              "sortable": false,
              "strictWidth": false,
              "style": {
                "classes": ""
              },
              "toggleSwitch": {
                "color": {
                  "selected": "",
                  "unselected": ""
                }
              },
              "viewParams": {},
              "viewPath": "",
              "visible": true,
              "width": ""
            },
            {
              "align": "center",
              "boolean": "checkbox",
              "dateFormat": "MM/DD/YYYY",
              "editable": false,
              "field": "No_of_logs",
              "filter": {
                "boolean": {
                  "condition": ""
                },
                "date": {
                  "condition": "",
                  "value": ""
                },
                "enabled": false,
                "number": {
                  "condition": "",
                  "value": ""
                },
                "string": {
                  "condition": "",
                  "value": ""
                },
                "visible": "on-hover"
              },
              "footer": {
                "align": "center",
                "justify": "left",
                "style": {
                  "classes": ""
                },
                "title": ""
              },
              "header": {
                "align": "center",
                "justify": "center",
                "style": {
                  "classes": ""
                },
                "title": "No of Logs"
              },
              "justify": "center",
              "number": "value",
              "numberFormat": "0,0.##",
              "progressBar": {
                "bar": {
                  "color": "",
                  "style": {
                    "classes": ""
                  }
                },
                "max": 100,
                "min": 0,
                "track": {
                  "color": "",
                  "style": {
                    "classes": ""
                  }
                },
                "value": {
                  "enabled": true,
                  "format": "0,0.##",
                  "justify": "center",
                  "style": {
                    "classes": ""
                  }
                }
              },
              "render": "view",
              "resizable": true,
              "sort": "none",
              "sortable": false,
              "strictWidth": false,
              "style": {
                "classes": ""
              },
              "toggleSwitch": {
                "color": {
                  "selected": "",
                  "unselected": ""
                }
              },
              "viewParams": {
                "rowData": {}
              },
              "viewPath": "CastingPageTemplates/NoOfLogsView",
              "visible": true,
              "width": ""
            },
            {
              "align": "center",
              "boolean": "checkbox",
              "dateFormat": "MM/DD/YYYY",
              "editable": false,
              "field": "log_dia",
              "filter": {
                "boolean": {
                  "condition": ""
                },
                "date": {
                  "condition": "",
                  "value": ""
                },
                "enabled": false,
                "number": {
                  "condition": "",
                  "value": ""
                },
                "string": {
                  "condition": "",
                  "value": ""
                },
                "visible": "on-hover"
              },
              "footer": {
                "align": "center",
                "justify": "left",
                "style": {
                  "classes": ""
                },
                "title": ""
              },
              "header": {
                "align": "center",
                "justify": "center",
                "style": {
                  "classes": ""
                },
                "title": "Log Dia"
              },
              "justify": "center",
              "number": "value",
              "numberFormat": "0,0.##",
              "progressBar": {
                "bar": {
                  "color": "",
                  "style": {
                    "classes": ""
                  }
                },
                "max": 100,
                "min": 0,
                "track": {
                  "color": "",
                  "style": {
                    "classes": ""
                  }
                },
                "value": {
                  "enabled": true,
                  "format": "0,0.##",
                  "justify": "center",
                  "style": {
                    "classes": ""
                  }
                }
              },
              "render": "auto",
              "resizable": true,
              "sort": "none",
              "sortable": false,
              "strictWidth": false,
              "style": {
                "classes": ""
              },
              "toggleSwitch": {
                "color": {
                  "selected": "",
                  "unselected": ""
                }
              },
              "viewParams": {},
              "viewPath": "",
              "visible": true,
              "width": ""
            },
            {
              "align": "center",
              "boolean": "checkbox",
              "dateFormat": "MM/DD/YYYY",
              "editable": false,
              "field": "log_length",
              "filter": {
                "boolean": {
                  "condition": ""
                },
                "date": {
                  "condition": "",
                  "value": ""
                },
                "enabled": false,
                "number": {
                  "condition": "",
                  "value": ""
                },
                "string": {
                  "condition": "",
                  "value": ""
                },
                "visible": "on-hover"
              },
              "footer": {
                "align": "center",
                "justify": "left",
                "style": {
                  "classes": ""
                },
                "title": ""
              },
              "header": {
                "align": "center",
                "justify": "center",
                "style": {
                  "classes": ""
                },
                "title": "Log Length"
              },
              "justify": "center",
              "number": "value",
              "numberFormat": "0,0.##",
              "progressBar": {
                "bar": {
                  "color": "",
                  "style": {
                    "classes": ""
                  }
                },
                "max": 100,
                "min": 0,
                "track": {
                  "color": "",
                  "style": {
                    "classes": ""
                  }
                },
                "value": {
                  "enabled": true,
                  "format": "0,0.##",
                  "justify": "center",
                  "style": {
                    "classes": ""
                  }
                }
              },
              "render": "auto",
              "resizable": true,
              "sort": "none",
              "sortable": false,
              "strictWidth": false,
              "style": {
                "classes": ""
              },
              "toggleSwitch": {
                "color": {
                  "selected": "",
                  "unselected": ""
                }
              },
              "viewParams": {},
              "viewPath": "",
              "visible": true,
              "width": ""
            }
          ],
          "emptyMessage": {
            "style": {
              "backgroundColor": "#E3E3E3",
              "borderStyle": "none"
            }
          },
          "headerStyle": {
            "classes": "Table/Table_Header"
          },
          "pager": {
            "initialOption": 50
          },
          "resizeMode": "fixed",
          "rows": {
            "height": 44,
            "highlight": {
              "color": "#FDF1D3"
            },
            "striped": {
              "color": {
                "even": "#FFFFFF",
                "odd": "#FFFFFF"
              },
              "style": {
                "marginTop": 5
              }
            },
            "style": {
              "classes": "Table/Table_Row"
            },
            "subview": {
              "enabled": true,
              "viewParams": {
                "Stage": "030",
                "value": {
                  "Actual_dia": "",
                  "Actual_length": "",
                  "Casting_Remark": "",
                  "Derived_weight": "",
                  "End_Date": "",
                  "End_time": "",
                  "Holding_Remark": "",
                  "Machine": "",
                  "Melting_Remark": "",
                  "No_of_logs": "",
                  "PO": "",
                  "Press_derived": "",
                  "Start_Date": {
                    "$": [
                      "ts",
                      192,
                      1684992723932
                    ],
                    "$ts": 1684953000000
                  },
                  "Start_time": "1900-1-1 23:23:00",
                  "Status": "",
                  "Tibal_quantity": "",
                  "Yield": "",
                  "log_dia": "",
                  "planned_order_qty": "",
                  "sfg_code": ""
                }
              },
              "viewPath": "Template/User_Input"
            },
            "subviewExpansionMode": "single"
          },
          "selection": {
            "mode": "single interval"
          },
          "style": {
            "classes": "Table/Table_style"
          }
        },
        "scripts": {
          "customMethods": [],
          "extensionFunctions": null,
          "messageHandlers": [
            {
              "messageType": "CastingU",
              "pageScope": true,
              "script": "\t# implement your handler here\n\tV\u003dpayload[\u0027CastingUpdate\u0027]\n\tself.custom.Update\u003dV",
              "sessionScope": true,
              "viewScope": false
            }
          ]
        },
        "type": "ia.display.table"
      }
    ],
    "events": {
      "system": {
        "onStartup": {
          "config": {
            "script": "\t#Get PO numbers based on the last 120 days from MES_Orders table\n\tquery1\u003d\u0027\u0027\u0027\n\t\tSELECT [production_order]\n\t\t      \t\t    \n\t\t  FROM [CIMS].[dbo].[mes_orders]\n\t\t  where [release_date]\u003e\u003d? and [release_date]\u003c\u003d?\n\t\u0027\u0027\u0027\n\tData1\u003dsystem.db.runPrepQuery(query1, [self.view.custom.FromDate,self.view.custom.ToDate], \u0027CIMS2\u0027)\n\t\n\tself.getChild(\"Table_0\").props.data\u003dData1\n\t"
          },
          "enabled": false,
          "scope": "G",
          "type": "script"
        }
      }
    },
    "meta": {
      "name": "root"
    },
    "props": {
      "direction": "column"
    },
    "type": "ia.container.flex"
  }
}