{
  "custom": {},
  "params": {},
  "props": {
    "defaultSize": {
      "height": 175,
      "width": 289
    },
    "loading": {
      "mode": "S"
    }
  },
  "root": {
    "children": [
      {
        "children": [
          {
            "meta": {
              "name": "Image"
            },
            "position": {
              "grow": 1
            },
            "props": {
              "fit": {
                "mode": "absolute"
              },
              "source": "/system/images/crisis.png"
            },
            "type": "ia.display.image"
          }
        ],
        "meta": {
          "name": "FlexContainer"
        },
        "position": {
          "basis": "99px"
        },
        "props": {
          "justify": "flex-end"
        },
        "type": "ia.container.flex"
      },
      {
        "meta": {
          "name": "Label_0"
        },
        "position": {
          "basis": "70px"
        },
        "props": {
          "text": "**No Die Selected**",
          "textStyle": {
            "fontSize": 18,
            "fontWeight": "bold",
            "textAlign": "center"
          }
        },
        "type": "ia.display.label"
      },
      {
        "meta": {
          "name": "Label"
        },
        "position": {
          "basis": "32px",
          "display": false
        },
        "props": {
          "textStyle": {
            "fontSize": 28
          }
        },
        "type": "ia.display.label"
      },
      {
        "meta": {
          "name": "Label_1"
        },
        "position": {
          "basis": "45px",
          "display": false
        },
        "props": {
          "text": "**Please fill in these fields before proceeding",
          "textStyle": {
            "fontSize": 12,
            "textAlign": "center"
          }
        },
        "type": "ia.display.label"
      }
    ],
    "meta": {
      "name": "root"
    },
    "props": {
      "alignItems": "center",
      "direction": "column"
    },
    "type": "ia.container.flex"
  }
}