{
  "custom": {},
  "events": {
    "system": {
      "onStartup": {
        "config": {
          "script": "\tself.getChild(\"root\").getChild(\"FlexContainer1\").getChild(\"FlexContainer11\").getChild(\"Button_0\").props.text \u003d \"View homogenized logs\"\n\tself.getChild(\"root\").getChild(\"FlexContainer2\").getChild(\"FlexContainer21\").getChild(\"Table2\").position.display \u003d False\n\t"
        },
        "scope": "G",
        "type": "script"
      }
    }
  },
  "params": {},
  "props": {
    "defaultSize": {
      "height": 972,
      "width": 1595
    }
  },
  "root": {
    "children": [
      {
        "children": [
          {
            "children": [
              {
                "events": {
                  "system": {
                    "onStartup": {
                      "config": {
                        "script": "\tself.props.value \u003d \u0027HM1\u0027"
                      },
                      "scope": "G",
                      "type": "script"
                    }
                  }
                },
                "meta": {
                  "name": "Dropdown"
                },
                "position": {
                  "basis": "80px"
                },
                "props": {
                  "options": [
                    {
                      "label": "HM1",
                      "value": "HM1"
                    },
                    {
                      "label": "HM2",
                      "value": "HM2"
                    },
                    {
                      "label": "HM3",
                      "value": "HM3"
                    }
                  ],
                  "search": {
                    "enabled": false
                  },
                  "style": {
                    "marginRight": 5
                  },
                  "value": "HM1"
                },
                "type": "ia.input.dropdown"
              },
              {
                "events": {
                  "dom": {
                    "onClick": {
                      "config": {
                        "draggable": false,
                        "id": "vt-JZXGk",
                        "modal": true,
                        "overlayDismiss": true,
                        "position": {
                          "height": 200,
                          "width": 300
                        },
                        "positionType": "exact",
                        "resizable": false,
                        "showCloseIcon": true,
                        "title": "Entry of Homogenization",
                        "type": "open",
                        "viewPath": "Template/Manual_Entry/Manual_Entry_Homogenization",
                        "viewportBound": false
                      },
                      "scope": "C",
                      "type": "popup"
                    }
                  }
                },
                "meta": {
                  "name": "Button"
                },
                "position": {
                  "basis": "80px"
                },
                "props": {
                  "style": {
                    "marginLeft": 5
                  },
                  "text": "LOG IN"
                },
                "type": "ia.input.button"
              },
              {
                "events": {
                  "dom": {
                    "onClick": {
                      "config": {
                        "draggable": false,
                        "id": "vt-JZXGk2",
                        "modal": true,
                        "overlayDismiss": true,
                        "position": {
                          "height": 200,
                          "width": 300
                        },
                        "positionType": "exact",
                        "resizable": false,
                        "showCloseIcon": true,
                        "title": "Exit of Homogenization",
                        "type": "open",
                        "viewPath": "Template/Manual_Entry/Manual_Entry_Homogenization_OUT",
                        "viewportBound": false
                      },
                      "scope": "C",
                      "type": "popup"
                    }
                  }
                },
                "meta": {
                  "name": "Button_1"
                },
                "position": {
                  "basis": "80px"
                },
                "props": {
                  "style": {
                    "marginLeft": 5
                  },
                  "text": "LOG OUT"
                },
                "type": "ia.input.button"
              },
              {
                "events": {
                  "dom": {
                    "onClick": {
                      "config": {
                        "script": "\tfrom datetime import datetime\n\t\t\n\t#Set the filename with current timestamp\n\tcurrentDateTime \u003d datetime.now()\n\t\n\t#fileName \u003d \"Homogenization_\" + str(currentDateTime.strftime(\"%Y%m%d%H%M%S%f\")) + \".xlsx\"\n\tfileName \u003d \"Homogenization_InProgress_\" + str(currentDateTime.strftime(\"%Y%m%d%H%M%S\")) + \".xlsx\"\n\n\t# From PyDataSet\n\tdata \u003d self.parent.parent.parent.getChild(\"FlexContainer2\").getChild(\"FlexContainer21\").getChild(\"Table1\").props.data\n\t\n\theaders \u003d []\n\tnewData \u003d []\n\t#headers \u003d system.dataset.getColumnHeaders(data)\n\tshowColumns \u003d []\n\tfinalDataset \u003d []\n\t\n\torgColumns \u003d system.dataset.getColumnHeaders(data)\n\tdisplayColumns \u003d self.parent.parent.parent.getChild(\"FlexContainer2\").getChild(\"FlexContainer21\").getChild(\"Table1\").props.columns\n\t\n\tfor oIdx in range(data.getColumnCount()):\n\t\tmatch \u003d False;\n\t\tfor sIdx in range(len(displayColumns)):\n\t\t\tif(orgColumns[oIdx] \u003d\u003d displayColumns[sIdx].field):\n\t\t\t\tmatch \u003d True;\n\t\t\t\tbreak;\n\t\tif (match):\t\t\t\t\t\t\n\t\t\tshowColumns.append(orgColumns[oIdx]);\n\t\t\theaders.append(displayColumns[oIdx].header.title)\n\t\n\tfor rowIndex in range(data.rowCount):\n\t\trow \u003d [data.getValueAt(rowIndex,col) for col in range(data.columnCount)]\n\t\tnewData.append(row)\n\t\n\tfinalDataset \u003d system.dataset.toDataSet(headers,newData)\n\tXLSFormat \u003d system.dataset.toExcel(True,[finalDataset])\n\tsystem.perspective.download(fileName, XLSFormat)\n\t\n\t\n\t\n\tfileName2 \u003d \"Homogenization_Completed_\" + str(currentDateTime.strftime(\"%Y%m%d%H%M%S\")) + \".xlsx\"\n\n\tdata2 \u003d self.parent.parent.parent.getChild(\"FlexContainer2\").getChild(\"FlexContainer21\").getChild(\"Table2\").props.data\n\t\n\theaders2 \u003d []\n\tnewData2 \u003d []\n\tshowColumns2 \u003d []\n\tfinalDataset2 \u003d []\n\t\n\torgColumns2 \u003d system.dataset.getColumnHeaders(data2)\n\tdisplayColumns2 \u003d self.parent.parent.parent.getChild(\"FlexContainer2\").getChild(\"FlexContainer21\").getChild(\"Table2\").props.columns\n\t\n\tfor oIdx2 in range(data2.getColumnCount()):\n\t\tmatch2 \u003d False;\n\t\tfor sIdx2 in range(len(displayColumns2)):\n\t\t\tif(orgColumns2[oIdx2] \u003d\u003d displayColumns2[sIdx2].field):\n\t\t\t\tmatch2 \u003d True;\n\t\t\t\tbreak;\n\t\tif (match2):\t\t\t\t\t\t\n\t\t\tshowColumns2.append(orgColumns2[oIdx2]);\n\t\t\theaders2.append(displayColumns2[oIdx2].header.title)\n\t\n\tfor rowIndex2 in range(data2.rowCount):\n\t\trow2 \u003d [data2.getValueAt(rowIndex2,col2) for col2 in range(data2.columnCount)]\n\t\tnewData2.append(row2)\n\t\n\tfinalDataset2 \u003d system.dataset.toDataSet(headers2,newData2)\n\tXLSFormat2 \u003d system.dataset.toExcel(True,[finalDataset2])\n\tsystem.perspective.download(fileName2, XLSFormat2)\n\t\t"
                      },
                      "scope": "G",
                      "type": "script"
                    }
                  }
                },
                "meta": {
                  "name": "Icon",
                  "tooltip": {
                    "enabled": true,
                    "text": "Download"
                  }
                },
                "position": {
                  "basis": "30px"
                },
                "props": {
                  "color": "#3F5462",
                  "path": "material/arrow_circle_down"
                },
                "type": "ia.display.icon"
              },
              {
                "events": {
                  "dom": {
                    "onClick": {
                      "config": {
                        "script": "\tt1 \u003d self.parent.parent.parent.getChild(\"FlexContainer2\").getChild(\"FlexContainer21\").getChild(\"Table1\").position.display\n\tif (t1 \u003d\u003d True):\n\t\tself.parent.parent.parent.getChild(\"FlexContainer2\").getChild(\"FlexContainer21\").getChild(\"Table1\").position.display \u003d False\n\t\tself.parent.parent.parent.getChild(\"FlexContainer2\").getChild(\"FlexContainer21\").getChild(\"Table2\").position.display \u003d True\n\t\tself.props.text \u003d \"View homogenization in progress logs\"\n\telse:\n\t\tself.parent.parent.parent.getChild(\"FlexContainer2\").getChild(\"FlexContainer21\").getChild(\"Table1\").position.display \u003d True\n\t\tself.parent.parent.parent.getChild(\"FlexContainer2\").getChild(\"FlexContainer21\").getChild(\"Table2\").position.display \u003d False\n\t\tself.props.text \u003d \"View homogenized logs\"\n\t\t"
                      },
                      "scope": "G",
                      "type": "script"
                    }
                  }
                },
                "meta": {
                  "name": "Button_0"
                },
                "position": {
                  "basis": "197px"
                },
                "props": {
                  "text": "View homogenized logs"
                },
                "type": "ia.input.button"
              }
            ],
            "meta": {
              "name": "FlexContainer11"
            },
            "position": {
              "basis": "300px",
              "grow": 1,
              "shrink": 0
            },
            "type": "ia.container.flex"
          },
          {
            "meta": {
              "name": "FlexContainer12"
            },
            "position": {
              "basis": "200px",
              "display": false
            },
            "type": "ia.container.flex"
          },
          {
            "children": [
              {
                "children": [
                  {
                    "meta": {
                      "name": "Label"
                    },
                    "position": {
                      "basis": "100px"
                    },
                    "props": {
                      "text": "Start DateTime :",
                      "textStyle": {
                        "fontSize": 12,
                        "textAlign": "center"
                      }
                    },
                    "type": "ia.display.label"
                  },
                  {
                    "events": {
                      "system": {
                        "onStartup": {
                          "config": {
                            "script": "\tself.props.value \u003d system.date.now()"
                          },
                          "scope": "G",
                          "type": "script"
                        }
                      }
                    },
                    "meta": {
                      "name": "DateTimeInput"
                    },
                    "position": {
                      "basis": "170px"
                    },
                    "props": {
                      "formattedValue": "Jan 3, 2024 10:27 AM",
                      "value": {
                        "$": [
                          "ts",
                          192,
                          1704257848155
                        ],
                        "$ts": 1704257848155
                      }
                    },
                    "type": "ia.input.date-time-input"
                  }
                ],
                "meta": {
                  "name": "FlexContainer131"
                },
                "position": {
                  "basis": "270px"
                },
                "props": {
                  "style": {
                    "marginLeft": 5,
                    "marginRight": 5
                  }
                },
                "type": "ia.container.flex"
              },
              {
                "children": [
                  {
                    "meta": {
                      "name": "Label"
                    },
                    "position": {
                      "basis": "100px"
                    },
                    "props": {
                      "text": "End DateTime :",
                      "textStyle": {
                        "fontSize": 12,
                        "textAlign": "center"
                      }
                    },
                    "type": "ia.display.label"
                  },
                  {
                    "events": {
                      "system": {
                        "onStartup": {
                          "config": {
                            "script": "\tself.props.value \u003d system.date.now()"
                          },
                          "scope": "G",
                          "type": "script"
                        }
                      }
                    },
                    "meta": {
                      "name": "DateTimeInput"
                    },
                    "position": {
                      "basis": "170px"
                    },
                    "props": {
                      "formattedValue": "Jan 3, 2024 10:27 AM",
                      "value": {
                        "$": [
                          "ts",
                          192,
                          1704257848153
                        ],
                        "$ts": 1704257848153
                      }
                    },
                    "type": "ia.input.date-time-input"
                  }
                ],
                "meta": {
                  "name": "FlexContainer132"
                },
                "position": {
                  "basis": "270px"
                },
                "props": {
                  "style": {
                    "marginLeft": 5,
                    "marginRight": 5
                  }
                },
                "type": "ia.container.flex"
              },
              {
                "children": [
                  {
                    "events": {
                      "dom": {
                        "onClick": {
                          "config": {
                            "script": "\t\n\tselRows \u003d self.parent.parent.parent.parent.getChild(\"FlexContainer2\").getChild(\"FlexContainer21\").getChild(\"Table1\").props.selection.data\n\tstartDT \u003d self.parent.parent.getChild(\"FlexContainer131\").getChild(\"DateTimeInput\").props.value\n\tendDT \u003d self.parent.parent.getChild(\"FlexContainer132\").getChild(\"DateTimeInput\").props.value\n\toprn \u003d 50 # 60\n\tstatus \u003d \u0027Homogenization Completed\u0027 # \u0027Dispatch Inprogress\u0027\n\t\n\tfor i in range(len(selRows)):\n\t\tpo \u003d str(selRows[i].prod_order)\n\t\tlogId \u003d str(selRows[i].log_batch_no)\n\t\t\n\t\t# Start DateTime\n\t\thm_sDt \u003d system.date.format(startDT, \u0027yyyy-MM-dd\u0027)\n\t\thm_sT \u003d system.date.format(startDT, \u0027HH:mm:ss\u0027)\t\t\n\t\t# End DateTime\n\t\thm_eDt \u003d system.date.format(endDT, \u0027yyyy-MM-dd\u0027)\n\t\thm_eT \u003d system.date.format(endDT, \u0027HH:mm:ss\u0027)\n\t\t\n\t\tuQuery \u003d \u0027\u0027\u0027 UPDATE [dbo].[mes_endcut_homogenize_dispatch]\n\t\t\tSET [current_oprn] \u003d ?,[status] \u003d ?,\n\t\t\t\t[homogenization_start_execution_date] \u003d ?,\n\t\t\t\t[homogenization_start_execution_time] \u003d ?,\n\t\t\t\t[homogenization_end_execution_date] \u003d ?,\n\t\t\t\t[homogenization_end_execution_time] \u003d ?\n\t\t\tWHERE [log_batch_no] \u003d ? AND [prod_order] \u003d ?\n\t\t\u0027\u0027\u0027\n\t\tuArgs \u003d [oprn, status, hm_sDt, hm_sT, hm_eDt, hm_eT, logId, po]\n\t\tsystem.db.runPrepUpdate(uQuery, uArgs, \u0027CIMS2\u0027)\n\t\t\n\t\t#Update the existing data in Logmoov table\n\t\tSD\u003d system.date.format(startDT, \u0027yyyyMMdd\u0027)\n\t\tED\u003dsystem.date.format(endDT, \u0027yyyyMMdd\u0027)\n\t\tEndCutt_operation.Add_Homogenization_oprn.update_logid_in_logmoov(SD,startDT,ED,endDT,logId)\t\t\n\t\t\n\t\n\tself.parent.parent.parent.parent.getChild(\"FlexContainer2\").getChild(\"FlexContainer21\").getChild(\"Table1\").refreshBinding(\u0027props.data\u0027)\n\n"
                          },
                          "scope": "G",
                          "type": "script"
                        }
                      }
                    },
                    "meta": {
                      "name": "Button"
                    },
                    "position": {
                      "basis": "80px"
                    },
                    "props": {
                      "text": "Complete"
                    },
                    "type": "ia.input.button"
                  }
                ],
                "meta": {
                  "name": "FlexContainer133"
                },
                "position": {
                  "basis": "80px"
                },
                "props": {
                  "style": {
                    "marginLeft": 5,
                    "marginRight": 5
                  }
                },
                "type": "ia.container.flex"
              }
            ],
            "meta": {
              "name": "FlexContainer13"
            },
            "position": {
              "basis": "620px",
              "display": false
            },
            "type": "ia.container.flex"
          }
        ],
        "meta": {
          "name": "FlexContainer1"
        },
        "position": {
          "basis": "30px",
          "shrink": 0
        },
        "props": {
          "justify": "space-evenly"
        },
        "type": "ia.container.flex"
      },
      {
        "children": [
          {
            "children": [
              {
                "events": {
                  "component": {
                    "onEditCellCommit": {
                      "config": {
                        "script": "\tvalueToSet\u003devent.value\n\t# If the data property contains a dataset, then you would want to use the following line instead\n\tself.props.data \u003d system.dataset.setValue(self.props.data, event.row, event.column, valueToSet)"
                      },
                      "scope": "G",
                      "type": "script"
                    }
                  }
                },
                "meta": {
                  "name": "Table1"
                },
                "position": {
                  "basis": "400px",
                  "grow": 1
                },
                "propConfig": {
                  "props.data": {
                    "binding": {
                      "config": {
                        "expression": "now(10000)+{..../FlexContainer1/FlexContainer11/Dropdown.props.value}"
                      },
                      "overlayOptOut": true,
                      "transforms": [
                        {
                          "code": "\tHGMachine \u003d self.parent.parent.parent.getChild(\"FlexContainer1\").getChild(\"FlexContainer11\").getChild(\"Dropdown\").props.value\n\toprnCode \u003d 50\n\teQuery \u003d \u0027\u0027\u0027SELECT\n\t\t\t1 as [select]\n\t\t\t,[log_batch_no]\n\t\t\t,[prod_order]\n\t\t\t,[standard_alloy]\n\t\t\t,[length_before_end_cutting]\n\t\t\t,[weight_before_end_cutting]\n\t\t\t,[length_after_end_cutting]\n\t\t\t,[weight_after_end_cutting]\n\t\t\t,CONVERT(DATETIME, CONVERT(CHAR(8), homogenization_start_execution_date, 112) \n\t\t\t  + \u0027 \u0027 + CONVERT(CHAR(8), homogenization_start_execution_time, 108)) AS start_dateTime\n\t\t\t,CONVERT(DATETIME, CONVERT(CHAR(8), homogenization_end_execution_date, 112) \n\t\t\t  + \u0027 \u0027 + CONVERT(CHAR(8), homogenization_end_execution_time, 108)) AS end_dateTime\n\t\t\t,[status]\n\t\tFROM [CIMS].[dbo].[mes_endcut_homogenize_dispatch]\n\t\tWHERE [homogenization_machine] \u003d ?\n\t\tAND [current_oprn] \u003d ? and [homogenization_end_execution_date] is null\n\t\u0027\u0027\u0027\n\teArgs \u003d [HGMachine, oprnCode]\n\ttableData \u003d system.db.runPrepQuery(eQuery, eArgs, \u0027CIMS2\u0027)\n\treturn tableData",
                          "type": "script"
                        }
                      ],
                      "type": "expr"
                    }
                  }
                },
                "props": {
                  "cells": {
                    "allowEditOn": "single-click",
                    "style": {
                      "classes": "Table/Table_Cell",
                      "fontFamily": "Arial",
                      "fontSize": 12,
                      "textAlign": "left"
                    }
                  },
                  "columns": [
                    {
                      "align": "center",
                      "boolean": "checkbox",
                      "dateFormat": "MM/DD/YYYY",
                      "editable": true,
                      "field": "select",
                      "filter": {
                        "boolean": {
                          "condition": ""
                        },
                        "date": {
                          "condition": "",
                          "value": ""
                        },
                        "enabled": false,
                        "number": {
                          "condition": "",
                          "value": ""
                        },
                        "string": {
                          "condition": "",
                          "value": ""
                        },
                        "visible": "on-hover"
                      },
                      "footer": {
                        "align": "center",
                        "justify": "left",
                        "style": {
                          "classes": ""
                        },
                        "title": ""
                      },
                      "header": {
                        "align": "center",
                        "justify": "center",
                        "style": {
                          "classes": ""
                        },
                        "title": "Select"
                      },
                      "justify": "center",
                      "number": "value",
                      "numberFormat": "0,0.##",
                      "progressBar": {
                        "bar": {
                          "color": "",
                          "style": {
                            "classes": ""
                          }
                        },
                        "max": 100,
                        "min": 0,
                        "track": {
                          "color": "",
                          "style": {
                            "classes": ""
                          }
                        },
                        "value": {
                          "enabled": true,
                          "format": "0,0.##",
                          "justify": "center",
                          "style": {
                            "classes": ""
                          }
                        }
                      },
                      "render": "boolean",
                      "resizable": true,
                      "sort": "none",
                      "sortable": false,
                      "strictWidth": false,
                      "style": {
                        "classes": ""
                      },
                      "toggleSwitch": {
                        "color": {
                          "selected": "",
                          "unselected": ""
                        }
                      },
                      "viewParams": {},
                      "viewPath": "",
                      "visible": true,
                      "width": ""
                    },
                    {
                      "align": "center",
                      "boolean": "checkbox",
                      "dateFormat": "MM/DD/YYYY",
                      "editable": false,
                      "field": "log_batch_no",
                      "filter": {
                        "boolean": {
                          "condition": ""
                        },
                        "date": {
                          "condition": "",
                          "value": ""
                        },
                        "enabled": false,
                        "number": {
                          "condition": "",
                          "value": ""
                        },
                        "string": {
                          "condition": "",
                          "value": ""
                        },
                        "visible": "on-hover"
                      },
                      "footer": {
                        "align": "center",
                        "justify": "left",
                        "style": {
                          "classes": ""
                        },
                        "title": ""
                      },
                      "header": {
                        "align": "center",
                        "justify": "center",
                        "style": {
                          "classes": ""
                        },
                        "title": "Log ID"
                      },
                      "justify": "center",
                      "number": "value",
                      "numberFormat": "0,0.##",
                      "progressBar": {
                        "bar": {
                          "color": "",
                          "style": {
                            "classes": ""
                          }
                        },
                        "max": 100,
                        "min": 0,
                        "track": {
                          "color": "",
                          "style": {
                            "classes": ""
                          }
                        },
                        "value": {
                          "enabled": true,
                          "format": "0,0.##",
                          "justify": "center",
                          "style": {
                            "classes": ""
                          }
                        }
                      },
                      "render": "auto",
                      "resizable": true,
                      "sort": "none",
                      "sortable": false,
                      "strictWidth": false,
                      "style": {
                        "classes": ""
                      },
                      "toggleSwitch": {
                        "color": {
                          "selected": "",
                          "unselected": ""
                        }
                      },
                      "viewParams": {},
                      "viewPath": "",
                      "visible": true,
                      "width": ""
                    },
                    {
                      "align": "center",
                      "boolean": "checkbox",
                      "dateFormat": "MM/DD/YYYY",
                      "editable": false,
                      "field": "prod_order",
                      "filter": {
                        "boolean": {
                          "condition": ""
                        },
                        "date": {
                          "condition": "",
                          "value": ""
                        },
                        "enabled": false,
                        "number": {
                          "condition": "",
                          "value": ""
                        },
                        "string": {
                          "condition": "",
                          "value": ""
                        },
                        "visible": "on-hover"
                      },
                      "footer": {
                        "align": "center",
                        "justify": "left",
                        "style": {
                          "classes": ""
                        },
                        "title": ""
                      },
                      "header": {
                        "align": "center",
                        "justify": "center",
                        "style": {
                          "classes": ""
                        },
                        "title": "PO"
                      },
                      "justify": "center",
                      "number": "value",
                      "numberFormat": "0,0.##",
                      "progressBar": {
                        "bar": {
                          "color": "",
                          "style": {
                            "classes": ""
                          }
                        },
                        "max": 100,
                        "min": 0,
                        "track": {
                          "color": "",
                          "style": {
                            "classes": ""
                          }
                        },
                        "value": {
                          "enabled": true,
                          "format": "0,0.##",
                          "justify": "center",
                          "style": {
                            "classes": ""
                          }
                        }
                      },
                      "render": "auto",
                      "resizable": true,
                      "sort": "none",
                      "sortable": false,
                      "strictWidth": false,
                      "style": {
                        "classes": ""
                      },
                      "toggleSwitch": {
                        "color": {
                          "selected": "",
                          "unselected": ""
                        }
                      },
                      "viewParams": {},
                      "viewPath": "",
                      "visible": true,
                      "width": ""
                    },
                    {
                      "align": "center",
                      "boolean": "checkbox",
                      "dateFormat": "MM/DD/YYYY",
                      "editable": false,
                      "field": "standard_alloy",
                      "filter": {
                        "boolean": {
                          "condition": ""
                        },
                        "date": {
                          "condition": "",
                          "value": ""
                        },
                        "enabled": false,
                        "number": {
                          "condition": "",
                          "value": ""
                        },
                        "string": {
                          "condition": "",
                          "value": ""
                        },
                        "visible": "on-hover"
                      },
                      "footer": {
                        "align": "center",
                        "justify": "left",
                        "style": {
                          "classes": ""
                        },
                        "title": ""
                      },
                      "header": {
                        "align": "center",
                        "justify": "center",
                        "style": {
                          "classes": ""
                        },
                        "title": "Standard Alloy"
                      },
                      "justify": "center",
                      "number": "value",
                      "numberFormat": "0,0.##",
                      "progressBar": {
                        "bar": {
                          "color": "",
                          "style": {
                            "classes": ""
                          }
                        },
                        "max": 100,
                        "min": 0,
                        "track": {
                          "color": "",
                          "style": {
                            "classes": ""
                          }
                        },
                        "value": {
                          "enabled": true,
                          "format": "0,0.##",
                          "justify": "center",
                          "style": {
                            "classes": ""
                          }
                        }
                      },
                      "render": "auto",
                      "resizable": true,
                      "sort": "none",
                      "sortable": false,
                      "strictWidth": false,
                      "style": {
                        "classes": ""
                      },
                      "toggleSwitch": {
                        "color": {
                          "selected": "",
                          "unselected": ""
                        }
                      },
                      "viewParams": {},
                      "viewPath": "",
                      "visible": true,
                      "width": ""
                    },
                    {
                      "align": "center",
                      "boolean": "checkbox",
                      "dateFormat": "MM/DD/YYYY",
                      "editable": false,
                      "field": "length_before_end_cutting",
                      "filter": {
                        "boolean": {
                          "condition": ""
                        },
                        "date": {
                          "condition": "",
                          "value": ""
                        },
                        "enabled": false,
                        "number": {
                          "condition": "",
                          "value": ""
                        },
                        "string": {
                          "condition": "",
                          "value": ""
                        },
                        "visible": "on-hover"
                      },
                      "footer": {
                        "align": "center",
                        "justify": "left",
                        "style": {
                          "classes": ""
                        },
                        "title": ""
                      },
                      "header": {
                        "align": "center",
                        "justify": "center",
                        "style": {
                          "classes": ""
                        },
                        "title": "Length Before Endcut"
                      },
                      "justify": "center",
                      "number": "value",
                      "numberFormat": "0,0.##",
                      "progressBar": {
                        "bar": {
                          "color": "",
                          "style": {
                            "classes": ""
                          }
                        },
                        "max": 100,
                        "min": 0,
                        "track": {
                          "color": "",
                          "style": {
                            "classes": ""
                          }
                        },
                        "value": {
                          "enabled": true,
                          "format": "0,0.##",
                          "justify": "center",
                          "style": {
                            "classes": ""
                          }
                        }
                      },
                      "render": "auto",
                      "resizable": true,
                      "sort": "none",
                      "sortable": false,
                      "strictWidth": false,
                      "style": {
                        "classes": ""
                      },
                      "toggleSwitch": {
                        "color": {
                          "selected": "",
                          "unselected": ""
                        }
                      },
                      "viewParams": {},
                      "viewPath": "",
                      "visible": true,
                      "width": ""
                    },
                    {
                      "align": "center",
                      "boolean": "checkbox",
                      "dateFormat": "MM/DD/YYYY",
                      "editable": false,
                      "field": "weight_before_end_cutting",
                      "filter": {
                        "boolean": {
                          "condition": ""
                        },
                        "date": {
                          "condition": "",
                          "value": ""
                        },
                        "enabled": false,
                        "number": {
                          "condition": "",
                          "value": ""
                        },
                        "string": {
                          "condition": "",
                          "value": ""
                        },
                        "visible": "on-hover"
                      },
                      "footer": {
                        "align": "center",
                        "justify": "left",
                        "style": {
                          "classes": ""
                        },
                        "title": ""
                      },
                      "header": {
                        "align": "center",
                        "justify": "center",
                        "style": {
                          "classes": ""
                        },
                        "title": "Weight Before Endcut"
                      },
                      "justify": "center",
                      "number": "value",
                      "numberFormat": "0,0.##",
                      "progressBar": {
                        "bar": {
                          "color": "",
                          "style": {
                            "classes": ""
                          }
                        },
                        "max": 100,
                        "min": 0,
                        "track": {
                          "color": "",
                          "style": {
                            "classes": ""
                          }
                        },
                        "value": {
                          "enabled": true,
                          "format": "0,0.##",
                          "justify": "center",
                          "style": {
                            "classes": ""
                          }
                        }
                      },
                      "render": "auto",
                      "resizable": true,
                      "sort": "none",
                      "sortable": false,
                      "strictWidth": false,
                      "style": {
                        "classes": ""
                      },
                      "toggleSwitch": {
                        "color": {
                          "selected": "",
                          "unselected": ""
                        }
                      },
                      "viewParams": {},
                      "viewPath": "",
                      "visible": true,
                      "width": ""
                    },
                    {
                      "align": "center",
                      "boolean": "checkbox",
                      "dateFormat": "MM/DD/YYYY",
                      "editable": false,
                      "field": "length_after_end_cutting",
                      "filter": {
                        "boolean": {
                          "condition": ""
                        },
                        "date": {
                          "condition": "",
                          "value": ""
                        },
                        "enabled": false,
                        "number": {
                          "condition": "",
                          "value": ""
                        },
                        "string": {
                          "condition": "",
                          "value": ""
                        },
                        "visible": "on-hover"
                      },
                      "footer": {
                        "align": "center",
                        "justify": "left",
                        "style": {
                          "classes": ""
                        },
                        "title": ""
                      },
                      "header": {
                        "align": "center",
                        "justify": "center",
                        "style": {
                          "classes": ""
                        },
                        "title": "Length After Endcut"
                      },
                      "justify": "center",
                      "number": "value",
                      "numberFormat": "0,0.##",
                      "progressBar": {
                        "bar": {
                          "color": "",
                          "style": {
                            "classes": ""
                          }
                        },
                        "max": 100,
                        "min": 0,
                        "track": {
                          "color": "",
                          "style": {
                            "classes": ""
                          }
                        },
                        "value": {
                          "enabled": true,
                          "format": "0,0.##",
                          "justify": "center",
                          "style": {
                            "classes": ""
                          }
                        }
                      },
                      "render": "auto",
                      "resizable": true,
                      "sort": "none",
                      "sortable": false,
                      "strictWidth": false,
                      "style": {
                        "classes": ""
                      },
                      "toggleSwitch": {
                        "color": {
                          "selected": "",
                          "unselected": ""
                        }
                      },
                      "viewParams": {},
                      "viewPath": "",
                      "visible": true,
                      "width": ""
                    },
                    {
                      "align": "center",
                      "boolean": "checkbox",
                      "dateFormat": "MM/DD/YYYY",
                      "editable": false,
                      "field": "weight_after_end_cutting",
                      "filter": {
                        "boolean": {
                          "condition": ""
                        },
                        "date": {
                          "condition": "",
                          "value": ""
                        },
                        "enabled": false,
                        "number": {
                          "condition": "",
                          "value": ""
                        },
                        "string": {
                          "condition": "",
                          "value": ""
                        },
                        "visible": "on-hover"
                      },
                      "footer": {
                        "align": "center",
                        "justify": "left",
                        "style": {
                          "classes": ""
                        },
                        "title": ""
                      },
                      "header": {
                        "align": "center",
                        "justify": "center",
                        "style": {
                          "classes": ""
                        },
                        "title": "Weight After Endcut"
                      },
                      "justify": "center",
                      "number": "value",
                      "numberFormat": "0,0.##",
                      "progressBar": {
                        "bar": {
                          "color": "",
                          "style": {
                            "classes": ""
                          }
                        },
                        "max": 100,
                        "min": 0,
                        "track": {
                          "color": "",
                          "style": {
                            "classes": ""
                          }
                        },
                        "value": {
                          "enabled": true,
                          "format": "0,0.##",
                          "justify": "center",
                          "style": {
                            "classes": ""
                          }
                        }
                      },
                      "render": "auto",
                      "resizable": true,
                      "sort": "none",
                      "sortable": false,
                      "strictWidth": false,
                      "style": {
                        "classes": ""
                      },
                      "toggleSwitch": {
                        "color": {
                          "selected": "",
                          "unselected": ""
                        }
                      },
                      "viewParams": {},
                      "viewPath": "",
                      "visible": true,
                      "width": ""
                    },
                    {
                      "align": "center",
                      "boolean": "checkbox",
                      "dateFormat": "MM/DD/YYYY HH:mm:ss",
                      "editable": false,
                      "field": "start_dateTime",
                      "filter": {
                        "boolean": {
                          "condition": ""
                        },
                        "date": {
                          "condition": "",
                          "value": ""
                        },
                        "enabled": false,
                        "number": {
                          "condition": "",
                          "value": ""
                        },
                        "string": {
                          "condition": "",
                          "value": ""
                        },
                        "visible": "on-hover"
                      },
                      "footer": {
                        "align": "center",
                        "justify": "left",
                        "style": {
                          "classes": ""
                        },
                        "title": ""
                      },
                      "header": {
                        "align": "center",
                        "justify": "center",
                        "style": {
                          "classes": ""
                        },
                        "title": "Start DateTime"
                      },
                      "justify": "center",
                      "number": "value",
                      "numberFormat": "0,0.##",
                      "progressBar": {
                        "bar": {
                          "color": "",
                          "style": {
                            "classes": ""
                          }
                        },
                        "max": 100,
                        "min": 0,
                        "track": {
                          "color": "",
                          "style": {
                            "classes": ""
                          }
                        },
                        "value": {
                          "enabled": true,
                          "format": "0,0.##",
                          "justify": "center",
                          "style": {
                            "classes": ""
                          }
                        }
                      },
                      "render": "date",
                      "resizable": true,
                      "sort": "none",
                      "sortable": false,
                      "strictWidth": false,
                      "style": {
                        "classes": ""
                      },
                      "toggleSwitch": {
                        "color": {
                          "selected": "",
                          "unselected": ""
                        }
                      },
                      "viewParams": {},
                      "viewPath": "",
                      "visible": true,
                      "width": ""
                    },
                    {
                      "align": "center",
                      "boolean": "checkbox",
                      "dateFormat": "MM/DD/YYYY HH:mm:ss",
                      "editable": false,
                      "field": "end_dateTime",
                      "filter": {
                        "boolean": {
                          "condition": ""
                        },
                        "date": {
                          "condition": "",
                          "value": ""
                        },
                        "enabled": false,
                        "number": {
                          "condition": "",
                          "value": ""
                        },
                        "string": {
                          "condition": "",
                          "value": ""
                        },
                        "visible": "on-hover"
                      },
                      "footer": {
                        "align": "center",
                        "justify": "left",
                        "style": {
                          "classes": ""
                        },
                        "title": ""
                      },
                      "header": {
                        "align": "center",
                        "justify": "center",
                        "style": {
                          "classes": ""
                        },
                        "title": "End DateTime"
                      },
                      "justify": "center",
                      "number": "value",
                      "numberFormat": "0,0.##",
                      "progressBar": {
                        "bar": {
                          "color": "",
                          "style": {
                            "classes": ""
                          }
                        },
                        "max": 100,
                        "min": 0,
                        "track": {
                          "color": "",
                          "style": {
                            "classes": ""
                          }
                        },
                        "value": {
                          "enabled": true,
                          "format": "0,0.##",
                          "justify": "center",
                          "style": {
                            "classes": ""
                          }
                        }
                      },
                      "render": "date",
                      "resizable": true,
                      "sort": "none",
                      "sortable": false,
                      "strictWidth": false,
                      "style": {
                        "classes": ""
                      },
                      "toggleSwitch": {
                        "color": {
                          "selected": "",
                          "unselected": ""
                        }
                      },
                      "viewParams": {},
                      "viewPath": "",
                      "visible": true,
                      "width": ""
                    },
                    {
                      "align": "center",
                      "boolean": "checkbox",
                      "dateFormat": "MM/DD/YYYY",
                      "editable": false,
                      "field": "status",
                      "filter": {
                        "boolean": {
                          "condition": ""
                        },
                        "date": {
                          "condition": "",
                          "value": ""
                        },
                        "enabled": false,
                        "number": {
                          "condition": "",
                          "value": ""
                        },
                        "string": {
                          "condition": "",
                          "value": ""
                        },
                        "visible": "on-hover"
                      },
                      "footer": {
                        "align": "center",
                        "justify": "left",
                        "style": {
                          "classes": ""
                        },
                        "title": ""
                      },
                      "header": {
                        "align": "center",
                        "justify": "center",
                        "style": {
                          "classes": ""
                        },
                        "title": "Status"
                      },
                      "justify": "center",
                      "number": "value",
                      "numberFormat": "0,0.##",
                      "progressBar": {
                        "bar": {
                          "color": "",
                          "style": {
                            "classes": ""
                          }
                        },
                        "max": 100,
                        "min": 0,
                        "track": {
                          "color": "",
                          "style": {
                            "classes": ""
                          }
                        },
                        "value": {
                          "enabled": true,
                          "format": "0,0.##",
                          "justify": "center",
                          "style": {
                            "classes": ""
                          }
                        }
                      },
                      "render": "auto",
                      "resizable": true,
                      "sort": "none",
                      "sortable": false,
                      "strictWidth": false,
                      "style": {
                        "classes": ""
                      },
                      "toggleSwitch": {
                        "color": {
                          "selected": "",
                          "unselected": ""
                        }
                      },
                      "viewParams": {},
                      "viewPath": "",
                      "visible": true,
                      "width": ""
                    }
                  ],
                  "headerStyle": {
                    "classes": "Table/Table_Header"
                  },
                  "pager": {
                    "bottom": false
                  },
                  "rows": {
                    "height": 44,
                    "style": {
                      "classes": "Table/Table_Row"
                    }
                  },
                  "selection": {
                    "mode": "multiple interval"
                  },
                  "style": {
                    "classes": "Table/Table_style"
                  }
                },
                "scripts": {
                  "customMethods": [],
                  "extensionFunctions": null,
                  "messageHandlers": [
                    {
                      "messageType": "H_AddDataManually",
                      "pageScope": true,
                      "script": "\t# implement your handler here\n\tself.refreshBinding(\u0027props.data\u0027)",
                      "sessionScope": false,
                      "viewScope": false
                    }
                  ]
                },
                "type": "ia.display.table"
              },
              {
                "meta": {
                  "name": "Table2"
                },
                "position": {
                  "basis": "400px",
                  "display": false,
                  "grow": 1
                },
                "propConfig": {
                  "props.data": {
                    "binding": {
                      "config": {
                        "expression": "now(10000)"
                      },
                      "overlayOptOut": true,
                      "transforms": [
                        {
                          "code": "\tHGMachine \u003d self.parent.parent.parent.getChild(\"FlexContainer1\").getChild(\"FlexContainer11\").getChild(\"Dropdown\").props.value\n\toprnCode \u003d 50\n\teQuery \u003d \u0027\u0027\u0027SELECT\n\t\t\t[log_batch_no]\n\t\t\t,[prod_order]\n\t\t\t,[standard_alloy]\n\t\t\t,[length_before_end_cutting]\n\t\t\t,[weight_before_end_cutting]\n\t\t\t,[length_after_end_cutting]\n\t\t\t,[weight_after_end_cutting]\n\t\t\t,CONVERT(DATETIME, CONVERT(CHAR(8), homogenization_start_execution_date, 112) \n\t\t\t  + \u0027 \u0027 + CONVERT(CHAR(8), homogenization_start_execution_time, 108)) AS start_dateTime\n\t\t\t,CONVERT(DATETIME, CONVERT(CHAR(8), homogenization_end_execution_date, 112) \n\t\t\t  + \u0027 \u0027 + CONVERT(CHAR(8), homogenization_end_execution_time, 108)) AS end_dateTime\n\t\t\t,[status]\n\t\tFROM [CIMS].[dbo].[mes_endcut_homogenize_dispatch]\n\t\tWHERE [homogenization_machine] \u003d ?\n\t\tAND [current_oprn] \u003d ? and [homogenization_end_execution_date] is not null\n\t\u0027\u0027\u0027\n\teArgs \u003d [HGMachine, oprnCode]\n\ttableData \u003d system.db.runPrepQuery(eQuery, eArgs, \u0027CIMS2\u0027)\n\treturn tableData",
                          "type": "script"
                        }
                      ],
                      "type": "expr"
                    }
                  }
                },
                "props": {
                  "cells": {
                    "allowEditOn": "single-click",
                    "style": {
                      "classes": "Table/Table_Cell",
                      "fontFamily": "Arial",
                      "fontSize": 12,
                      "textAlign": "left"
                    }
                  },
                  "columns": [
                    {
                      "align": "center",
                      "boolean": "checkbox",
                      "dateFormat": "MM/DD/YYYY",
                      "editable": false,
                      "field": "log_batch_no",
                      "filter": {
                        "boolean": {
                          "condition": ""
                        },
                        "date": {
                          "condition": "",
                          "value": ""
                        },
                        "enabled": false,
                        "number": {
                          "condition": "",
                          "value": ""
                        },
                        "string": {
                          "condition": "",
                          "value": ""
                        },
                        "visible": "on-hover"
                      },
                      "footer": {
                        "align": "center",
                        "justify": "left",
                        "style": {
                          "classes": ""
                        },
                        "title": ""
                      },
                      "header": {
                        "align": "center",
                        "justify": "center",
                        "style": {
                          "classes": ""
                        },
                        "title": "Log ID"
                      },
                      "justify": "center",
                      "number": "value",
                      "numberFormat": "0,0.##",
                      "progressBar": {
                        "bar": {
                          "color": "",
                          "style": {
                            "classes": ""
                          }
                        },
                        "max": 100,
                        "min": 0,
                        "track": {
                          "color": "",
                          "style": {
                            "classes": ""
                          }
                        },
                        "value": {
                          "enabled": true,
                          "format": "0,0.##",
                          "justify": "center",
                          "style": {
                            "classes": ""
                          }
                        }
                      },
                      "render": "auto",
                      "resizable": true,
                      "sort": "none",
                      "sortable": false,
                      "strictWidth": false,
                      "style": {
                        "classes": ""
                      },
                      "toggleSwitch": {
                        "color": {
                          "selected": "",
                          "unselected": ""
                        }
                      },
                      "viewParams": {},
                      "viewPath": "",
                      "visible": true,
                      "width": ""
                    },
                    {
                      "align": "center",
                      "boolean": "checkbox",
                      "dateFormat": "MM/DD/YYYY",
                      "editable": false,
                      "field": "prod_order",
                      "filter": {
                        "boolean": {
                          "condition": ""
                        },
                        "date": {
                          "condition": "",
                          "value": ""
                        },
                        "enabled": false,
                        "number": {
                          "condition": "",
                          "value": ""
                        },
                        "string": {
                          "condition": "",
                          "value": ""
                        },
                        "visible": "on-hover"
                      },
                      "footer": {
                        "align": "center",
                        "justify": "left",
                        "style": {
                          "classes": ""
                        },
                        "title": ""
                      },
                      "header": {
                        "align": "center",
                        "justify": "center",
                        "style": {
                          "classes": ""
                        },
                        "title": "PO"
                      },
                      "justify": "center",
                      "number": "value",
                      "numberFormat": "0,0.##",
                      "progressBar": {
                        "bar": {
                          "color": "",
                          "style": {
                            "classes": ""
                          }
                        },
                        "max": 100,
                        "min": 0,
                        "track": {
                          "color": "",
                          "style": {
                            "classes": ""
                          }
                        },
                        "value": {
                          "enabled": true,
                          "format": "0,0.##",
                          "justify": "center",
                          "style": {
                            "classes": ""
                          }
                        }
                      },
                      "render": "auto",
                      "resizable": true,
                      "sort": "none",
                      "sortable": false,
                      "strictWidth": false,
                      "style": {
                        "classes": ""
                      },
                      "toggleSwitch": {
                        "color": {
                          "selected": "",
                          "unselected": ""
                        }
                      },
                      "viewParams": {},
                      "viewPath": "",
                      "visible": true,
                      "width": ""
                    },
                    {
                      "align": "center",
                      "boolean": "checkbox",
                      "dateFormat": "MM/DD/YYYY",
                      "editable": false,
                      "field": "standard_alloy",
                      "filter": {
                        "boolean": {
                          "condition": ""
                        },
                        "date": {
                          "condition": "",
                          "value": ""
                        },
                        "enabled": false,
                        "number": {
                          "condition": "",
                          "value": ""
                        },
                        "string": {
                          "condition": "",
                          "value": ""
                        },
                        "visible": "on-hover"
                      },
                      "footer": {
                        "align": "center",
                        "justify": "left",
                        "style": {
                          "classes": ""
                        },
                        "title": ""
                      },
                      "header": {
                        "align": "center",
                        "justify": "center",
                        "style": {
                          "classes": ""
                        },
                        "title": "Standard Alloy"
                      },
                      "justify": "center",
                      "number": "value",
                      "numberFormat": "0,0.##",
                      "progressBar": {
                        "bar": {
                          "color": "",
                          "style": {
                            "classes": ""
                          }
                        },
                        "max": 100,
                        "min": 0,
                        "track": {
                          "color": "",
                          "style": {
                            "classes": ""
                          }
                        },
                        "value": {
                          "enabled": true,
                          "format": "0,0.##",
                          "justify": "center",
                          "style": {
                            "classes": ""
                          }
                        }
                      },
                      "render": "auto",
                      "resizable": true,
                      "sort": "none",
                      "sortable": false,
                      "strictWidth": false,
                      "style": {
                        "classes": ""
                      },
                      "toggleSwitch": {
                        "color": {
                          "selected": "",
                          "unselected": ""
                        }
                      },
                      "viewParams": {},
                      "viewPath": "",
                      "visible": true,
                      "width": ""
                    },
                    {
                      "align": "center",
                      "boolean": "checkbox",
                      "dateFormat": "MM/DD/YYYY",
                      "editable": false,
                      "field": "length_before_end_cutting",
                      "filter": {
                        "boolean": {
                          "condition": ""
                        },
                        "date": {
                          "condition": "",
                          "value": ""
                        },
                        "enabled": false,
                        "number": {
                          "condition": "",
                          "value": ""
                        },
                        "string": {
                          "condition": "",
                          "value": ""
                        },
                        "visible": "on-hover"
                      },
                      "footer": {
                        "align": "center",
                        "justify": "left",
                        "style": {
                          "classes": ""
                        },
                        "title": ""
                      },
                      "header": {
                        "align": "center",
                        "justify": "center",
                        "style": {
                          "classes": ""
                        },
                        "title": "Length Before Endcut"
                      },
                      "justify": "center",
                      "number": "value",
                      "numberFormat": "0,0.##",
                      "progressBar": {
                        "bar": {
                          "color": "",
                          "style": {
                            "classes": ""
                          }
                        },
                        "max": 100,
                        "min": 0,
                        "track": {
                          "color": "",
                          "style": {
                            "classes": ""
                          }
                        },
                        "value": {
                          "enabled": true,
                          "format": "0,0.##",
                          "justify": "center",
                          "style": {
                            "classes": ""
                          }
                        }
                      },
                      "render": "auto",
                      "resizable": true,
                      "sort": "none",
                      "sortable": false,
                      "strictWidth": false,
                      "style": {
                        "classes": ""
                      },
                      "toggleSwitch": {
                        "color": {
                          "selected": "",
                          "unselected": ""
                        }
                      },
                      "viewParams": {},
                      "viewPath": "",
                      "visible": true,
                      "width": ""
                    },
                    {
                      "align": "center",
                      "boolean": "checkbox",
                      "dateFormat": "MM/DD/YYYY",
                      "editable": false,
                      "field": "weight_before_end_cutting",
                      "filter": {
                        "boolean": {
                          "condition": ""
                        },
                        "date": {
                          "condition": "",
                          "value": ""
                        },
                        "enabled": false,
                        "number": {
                          "condition": "",
                          "value": ""
                        },
                        "string": {
                          "condition": "",
                          "value": ""
                        },
                        "visible": "on-hover"
                      },
                      "footer": {
                        "align": "center",
                        "justify": "left",
                        "style": {
                          "classes": ""
                        },
                        "title": ""
                      },
                      "header": {
                        "align": "center",
                        "justify": "center",
                        "style": {
                          "classes": ""
                        },
                        "title": "Weight Before Endcut"
                      },
                      "justify": "center",
                      "number": "value",
                      "numberFormat": "0,0.##",
                      "progressBar": {
                        "bar": {
                          "color": "",
                          "style": {
                            "classes": ""
                          }
                        },
                        "max": 100,
                        "min": 0,
                        "track": {
                          "color": "",
                          "style": {
                            "classes": ""
                          }
                        },
                        "value": {
                          "enabled": true,
                          "format": "0,0.##",
                          "justify": "center",
                          "style": {
                            "classes": ""
                          }
                        }
                      },
                      "render": "auto",
                      "resizable": true,
                      "sort": "none",
                      "sortable": false,
                      "strictWidth": false,
                      "style": {
                        "classes": ""
                      },
                      "toggleSwitch": {
                        "color": {
                          "selected": "",
                          "unselected": ""
                        }
                      },
                      "viewParams": {},
                      "viewPath": "",
                      "visible": true,
                      "width": ""
                    },
                    {
                      "align": "center",
                      "boolean": "checkbox",
                      "dateFormat": "MM/DD/YYYY",
                      "editable": false,
                      "field": "length_after_end_cutting",
                      "filter": {
                        "boolean": {
                          "condition": ""
                        },
                        "date": {
                          "condition": "",
                          "value": ""
                        },
                        "enabled": false,
                        "number": {
                          "condition": "",
                          "value": ""
                        },
                        "string": {
                          "condition": "",
                          "value": ""
                        },
                        "visible": "on-hover"
                      },
                      "footer": {
                        "align": "center",
                        "justify": "left",
                        "style": {
                          "classes": ""
                        },
                        "title": ""
                      },
                      "header": {
                        "align": "center",
                        "justify": "center",
                        "style": {
                          "classes": ""
                        },
                        "title": "Length After Endcut"
                      },
                      "justify": "center",
                      "number": "value",
                      "numberFormat": "0,0.##",
                      "progressBar": {
                        "bar": {
                          "color": "",
                          "style": {
                            "classes": ""
                          }
                        },
                        "max": 100,
                        "min": 0,
                        "track": {
                          "color": "",
                          "style": {
                            "classes": ""
                          }
                        },
                        "value": {
                          "enabled": true,
                          "format": "0,0.##",
                          "justify": "center",
                          "style": {
                            "classes": ""
                          }
                        }
                      },
                      "render": "auto",
                      "resizable": true,
                      "sort": "none",
                      "sortable": false,
                      "strictWidth": false,
                      "style": {
                        "classes": ""
                      },
                      "toggleSwitch": {
                        "color": {
                          "selected": "",
                          "unselected": ""
                        }
                      },
                      "viewParams": {},
                      "viewPath": "",
                      "visible": true,
                      "width": ""
                    },
                    {
                      "align": "center",
                      "boolean": "checkbox",
                      "dateFormat": "MM/DD/YYYY",
                      "editable": false,
                      "field": "weight_after_end_cutting",
                      "filter": {
                        "boolean": {
                          "condition": ""
                        },
                        "date": {
                          "condition": "",
                          "value": ""
                        },
                        "enabled": false,
                        "number": {
                          "condition": "",
                          "value": ""
                        },
                        "string": {
                          "condition": "",
                          "value": ""
                        },
                        "visible": "on-hover"
                      },
                      "footer": {
                        "align": "center",
                        "justify": "left",
                        "style": {
                          "classes": ""
                        },
                        "title": ""
                      },
                      "header": {
                        "align": "center",
                        "justify": "center",
                        "style": {
                          "classes": ""
                        },
                        "title": "Weight After Endcut"
                      },
                      "justify": "center",
                      "number": "value",
                      "numberFormat": "0,0.##",
                      "progressBar": {
                        "bar": {
                          "color": "",
                          "style": {
                            "classes": ""
                          }
                        },
                        "max": 100,
                        "min": 0,
                        "track": {
                          "color": "",
                          "style": {
                            "classes": ""
                          }
                        },
                        "value": {
                          "enabled": true,
                          "format": "0,0.##",
                          "justify": "center",
                          "style": {
                            "classes": ""
                          }
                        }
                      },
                      "render": "auto",
                      "resizable": true,
                      "sort": "none",
                      "sortable": false,
                      "strictWidth": false,
                      "style": {
                        "classes": ""
                      },
                      "toggleSwitch": {
                        "color": {
                          "selected": "",
                          "unselected": ""
                        }
                      },
                      "viewParams": {},
                      "viewPath": "",
                      "visible": true,
                      "width": ""
                    },
                    {
                      "align": "center",
                      "boolean": "checkbox",
                      "dateFormat": "MM/DD/YYYY HH:mm:ss",
                      "editable": false,
                      "field": "start_dateTime",
                      "filter": {
                        "boolean": {
                          "condition": ""
                        },
                        "date": {
                          "condition": "",
                          "value": ""
                        },
                        "enabled": false,
                        "number": {
                          "condition": "",
                          "value": ""
                        },
                        "string": {
                          "condition": "",
                          "value": ""
                        },
                        "visible": "on-hover"
                      },
                      "footer": {
                        "align": "center",
                        "justify": "left",
                        "style": {
                          "classes": ""
                        },
                        "title": ""
                      },
                      "header": {
                        "align": "center",
                        "justify": "center",
                        "style": {
                          "classes": ""
                        },
                        "title": "Start DateTime"
                      },
                      "justify": "center",
                      "number": "value",
                      "numberFormat": "0,0.##",
                      "progressBar": {
                        "bar": {
                          "color": "",
                          "style": {
                            "classes": ""
                          }
                        },
                        "max": 100,
                        "min": 0,
                        "track": {
                          "color": "",
                          "style": {
                            "classes": ""
                          }
                        },
                        "value": {
                          "enabled": true,
                          "format": "0,0.##",
                          "justify": "center",
                          "style": {
                            "classes": ""
                          }
                        }
                      },
                      "render": "date",
                      "resizable": true,
                      "sort": "none",
                      "sortable": false,
                      "strictWidth": false,
                      "style": {
                        "classes": ""
                      },
                      "toggleSwitch": {
                        "color": {
                          "selected": "",
                          "unselected": ""
                        }
                      },
                      "viewParams": {},
                      "viewPath": "",
                      "visible": true,
                      "width": ""
                    },
                    {
                      "align": "center",
                      "boolean": "checkbox",
                      "dateFormat": "MM/DD/YYYY HH:mm:ss",
                      "editable": false,
                      "field": "end_dateTime",
                      "filter": {
                        "boolean": {
                          "condition": ""
                        },
                        "date": {
                          "condition": "",
                          "value": ""
                        },
                        "enabled": false,
                        "number": {
                          "condition": "",
                          "value": ""
                        },
                        "string": {
                          "condition": "",
                          "value": ""
                        },
                        "visible": "on-hover"
                      },
                      "footer": {
                        "align": "center",
                        "justify": "left",
                        "style": {
                          "classes": ""
                        },
                        "title": ""
                      },
                      "header": {
                        "align": "center",
                        "justify": "center",
                        "style": {
                          "classes": ""
                        },
                        "title": "End DateTime"
                      },
                      "justify": "center",
                      "number": "value",
                      "numberFormat": "0,0.##",
                      "progressBar": {
                        "bar": {
                          "color": "",
                          "style": {
                            "classes": ""
                          }
                        },
                        "max": 100,
                        "min": 0,
                        "track": {
                          "color": "",
                          "style": {
                            "classes": ""
                          }
                        },
                        "value": {
                          "enabled": true,
                          "format": "0,0.##",
                          "justify": "center",
                          "style": {
                            "classes": ""
                          }
                        }
                      },
                      "render": "date",
                      "resizable": true,
                      "sort": "none",
                      "sortable": false,
                      "strictWidth": false,
                      "style": {
                        "classes": ""
                      },
                      "toggleSwitch": {
                        "color": {
                          "selected": "",
                          "unselected": ""
                        }
                      },
                      "viewParams": {},
                      "viewPath": "",
                      "visible": true,
                      "width": ""
                    },
                    {
                      "align": "center",
                      "boolean": "checkbox",
                      "dateFormat": "MM/DD/YYYY",
                      "editable": false,
                      "field": "status",
                      "filter": {
                        "boolean": {
                          "condition": ""
                        },
                        "date": {
                          "condition": "",
                          "value": ""
                        },
                        "enabled": false,
                        "number": {
                          "condition": "",
                          "value": ""
                        },
                        "string": {
                          "condition": "",
                          "value": ""
                        },
                        "visible": "on-hover"
                      },
                      "footer": {
                        "align": "center",
                        "justify": "left",
                        "style": {
                          "classes": ""
                        },
                        "title": ""
                      },
                      "header": {
                        "align": "center",
                        "justify": "center",
                        "style": {
                          "classes": ""
                        },
                        "title": "Status"
                      },
                      "justify": "center",
                      "number": "value",
                      "numberFormat": "0,0.##",
                      "progressBar": {
                        "bar": {
                          "color": "",
                          "style": {
                            "classes": ""
                          }
                        },
                        "max": 100,
                        "min": 0,
                        "track": {
                          "color": "",
                          "style": {
                            "classes": ""
                          }
                        },
                        "value": {
                          "enabled": true,
                          "format": "0,0.##",
                          "justify": "center",
                          "style": {
                            "classes": ""
                          }
                        }
                      },
                      "render": "auto",
                      "resizable": true,
                      "sort": "none",
                      "sortable": false,
                      "strictWidth": false,
                      "style": {
                        "classes": ""
                      },
                      "toggleSwitch": {
                        "color": {
                          "selected": "",
                          "unselected": ""
                        }
                      },
                      "viewParams": {},
                      "viewPath": "",
                      "visible": true,
                      "width": ""
                    }
                  ],
                  "headerStyle": {
                    "classes": "Table/Table_Header"
                  },
                  "pager": {
                    "bottom": false
                  },
                  "rows": {
                    "height": 44,
                    "style": {
                      "classes": "Table/Table_Row"
                    }
                  },
                  "selection": {
                    "mode": "multiple interval"
                  },
                  "style": {
                    "classes": "Table/Table_style"
                  }
                },
                "type": "ia.display.table"
              }
            ],
            "meta": {
              "name": "FlexContainer21"
            },
            "position": {
              "basis": "200px",
              "grow": 1
            },
            "props": {
              "direction": "column",
              "style": {
                "marginBottom": 2,
                "marginTop": 2
              }
            },
            "type": "ia.container.flex"
          },
          {
            "meta": {
              "name": "FlexContainer22"
            },
            "position": {
              "basis": "1px"
            },
            "type": "ia.container.flex"
          }
        ],
        "meta": {
          "name": "FlexContainer2"
        },
        "position": {
          "basis": "200px",
          "grow": 1
        },
        "props": {
          "direction": "column"
        },
        "type": "ia.container.flex"
      }
    ],
    "meta": {
      "name": "root"
    },
    "props": {
      "direction": "column"
    },
    "type": "ia.container.flex"
  }
}