{
  "custom": {
    "PO_No": "100058977",
    "section": "19505",
    "uid": 72
  },
  "params": {
    "PO_No": "100058977",
    "value": {
      "PO_No": 100098716
    }
  },
  "propConfig": {
    "custom.PO_No": {
      "binding": {
        "config": {
          "path": "session.custom.inprogresstableexpandview"
        },
        "type": "property"
      },
      "persistent": true
    },
    "custom.section": {
      "binding": {
        "config": {
          "path": "view.custom.PO_No"
        },
        "transforms": [
          {
            "code": "\ta \u003d \u0027\u0027\u0027 select [section_no] FROM [JALOMS].[dbo].[SapFields] \n\t\t\twhere PO_No \u003d ? \u0027\u0027\u0027\n\t\t\t\n\targs\u003d [str(value)]\n\tdata \u003d system.db.runPrepQuery(a, args, \u0027OMS\u0027)\n\treturn data[0][\u0027section_no\u0027] ",
            "type": "script"
          }
        ],
        "type": "property"
      },
      "persistent": true
    },
    "custom.uid": {
      "binding": {
        "config": {
          "path": "view.custom.PO_No"
        },
        "overlayOptOut": true,
        "transforms": [
          {
            "code": "\ta \u003d \u0027\u0027\u0027 select [UID] FROM [JALOMS].[tool].[multiplePO] \n\t\t\twhere PO_No \u003d ? \u0027\u0027\u0027\n\t\t\t\n\targs\u003d [str(value)]\n\tdata \u003d system.db.runPrepQuery(a, args, \u0027OMS\u0027)\n\treturn data[0][\u0027UID\u0027] ",
            "type": "script"
          }
        ],
        "type": "property"
      },
      "persistent": true
    },
    "params.PO_No": {
      "binding": {
        "config": {
          "path": "session.custom.inprogresstableexpandview"
        },
        "overlayOptOut": true,
        "type": "property"
      },
      "paramDirection": "output",
      "persistent": true
    },
    "params.value": {
      "paramDirection": "input",
      "persistent": true
    }
  },
  "props": {
    "defaultSize": {
      "height": 900,
      "width": 1100
    }
  },
  "root": {
    "children": [
      {
        "children": [
          {
            "events": {
              "dom": {
                "onClick": {
                  "config": {
                    "draggable": false,
                    "id": "abcd7890",
                    "modal": true,
                    "overlayDismiss": false,
                    "position": {
                      "height": 250,
                      "width": 1050
                    },
                    "positionType": "exact",
                    "resizable": false,
                    "showCloseIcon": false,
                    "type": "open",
                    "viewPath": "Toolshop/In_progress/Template/Add_popup (1)",
                    "viewportBound": true
                  },
                  "scope": "C",
                  "type": "popup"
                }
              }
            },
            "meta": {
              "name": "Icon_0"
            },
            "position": {
              "basis": "44px"
            },
            "props": {
              "path": "material/add_circle",
              "style": {
                "classes": "Operator/icon"
              }
            },
            "type": "ia.display.icon"
          }
        ],
        "meta": {
          "name": "FlexContainer_0"
        },
        "position": {
          "basis": "40px"
        },
        "props": {
          "justify": "flex-end"
        },
        "type": "ia.container.flex"
      },
      {
        "children": [
          {
            "children": [
              {
                "custom": {
                  "key": "value"
                },
                "meta": {
                  "name": "FlexRepeater"
                },
                "position": {
                  "shrink": 0
                },
                "propConfig": {
                  "props.instances": {
                    "binding": {
                      "config": {
                        "path": "view.custom.uid"
                      },
                      "overlayOptOut": true,
                      "transforms": [
                        {
                          "code": "\tquery\u003d\u0027\u0027\u0027select \n\t\t\t\ttrim([die_no]) as DieNO,\n\t\t\t\ttrim([ts_remarks]) as Remarks\n\t\t\t\t  FROM [JALOMS].[tool].[Toolshop_Main]\n\t\t\t\t  where UID\u003d?\u0027\u0027\u0027\n\tUID\u003dvalue\n\targs\u003d[UID]\n\tdata\u003dsystem.db.runPrepQuery(query, args, \u0027OMS\u0027)\n\tA\u003d[]\n\t\n\tfor i in range(len(data)):\n\t\tB\u003d{\n\t\t  \"instanceStyle\": {\n\t\t    \"classes\": \"Toolshop/Flexrepeater\"\n\t\t  },\n\t\t  \"instancePosition\": {},\n\t\t  \"DieNo\": data[i][\u0027DieNO\u0027],\n\t\t  \"Die_allocation\": (i+1),\n\t\t  \"remarks\": data[i][\u0027Remarks\u0027]\n\t\t}\n\t\tA.append(B)\n\t\n\treturn A",
                          "type": "script"
                        }
                      ],
                      "type": "property"
                    }
                  }
                },
                "props": {
                  "direction": "column",
                  "elementPosition": {
                    "basis": "auto"
                  },
                  "path": "Toolshop/In_progress/Template/Die_allocaion",
                  "useDefaultViewWidth": false
                },
                "scripts": {
                  "customMethods": [],
                  "extensionFunctions": null,
                  "messageHandlers": [
                    {
                      "messageType": "popup",
                      "pageScope": true,
                      "script": "\t# implement your handler here\n    a \u003d self.getChild(\"self.props.path\")  # Replace \u0027FlexRepeater\u0027 with the actual name of your Flex Repeater component\n    newComponent \u003d a.getTemplateInstance()\n    newComponent.props.value \u003d payload[\u0027value\u0027]\n    a.addChild(newComponent)",
                      "sessionScope": false,
                      "viewScope": false
                    }
                  ]
                },
                "type": "ia.display.flex-repeater"
              }
            ],
            "meta": {
              "name": "FlexContainer"
            },
            "props": {
              "direction": "column",
              "style": {
                "overflow": "hidden"
              }
            },
            "type": "ia.container.flex"
          },
          {
            "children": [
              {
                "children": [
                  {
                    "events": {
                      "dom": {
                        "onClick": [
                          {
                            "config": {
                              "script": "\n    # Get the row index associated with the button from the view parameters\n    row \u003d str(self.view.custom.PO_No)\n    row1 \u003d str (self.view.custom.section)\n    \n    # Extract the PO number and Section number from the selected row\n    po_number \u003d row\n    section_number \u003d row1\n    \n    # Update the stage in the database\n    query \u003d \"UPDATE dbo.SapFields SET stage \u003d \u0027onhold\u0027 WHERE PO_No \u003d ? AND section_no \u003d ? AND stage \u003d \u0027inprogress\u0027\"\n    system.db.runPrepUpdate(query, [po_number, section_number], \u0027OMS\u0027)\n    \n    \n    # Refresh view \n    system.perspective.sendMessage(\u0027Refresh\u0027, payload\u003d{\u0027A\u0027:1},scope\u003d\u0027page\u0027)\n    \n    \n    \n    \n    \n    \n    \n    \n    \n    "
                            },
                            "scope": "G",
                            "type": "script"
                          },
                          {
                            "config": {
                              "script": "\tpo_no \u003d self.session.custom.inprogresstableexpandview\n\tprint po_no\n\t\n\t# Check if selected cell data is not empty\n\tif po_no is not None: \n\t    # Update the stage in db\n\t    q \u003d \"UPDATE dbo.SapFields SET stage \u003d \u0027onhold\u0027 WHERE Section_No \u003d ? AND stage \u003d \u0027inprogress\u0027\"\n\t    system.db.runPrepUpdate(q, [po_no], \u0027OMS\u0027)\n\t    \n\t    # Refresh view \n\t    system.perspective.navigate(\u0027self\u0027)"
                            },
                            "enabled": false,
                            "scope": "G",
                            "type": "script"
                          }
                        ]
                      }
                    },
                    "meta": {
                      "name": "Button"
                    },
                    "position": {
                      "basis": "120px",
                      "display": false
                    },
                    "props": {
                      "image": {
                        "position": "center",
                        "style": {
                          "classes": "Toolshop/button"
                        }
                      },
                      "style": {
                        "classes": "Toolshop/button"
                      },
                      "text": "Hold"
                    },
                    "type": "ia.input.button"
                  },
                  {
                    "events": {
                      "dom": {
                        "onClick": [
                          {
                            "config": {
                              "script": "\n    # Retrieve the PO_No from the view\n    cell \u003d self.view.custom.PO_No\n    print(cell)\n    \n    # Check if selected cell data is not empty\n    if cell is not None: \n        # Update the stage in db\n        q \u003d \"UPDATE dbo.SapFields SET stage \u003d \u0027complete\u0027, po_status \u003d \u00272\u0027 WHERE PO_No \u003d ? AND stage \u003d \u0027onhold\u0027\"\n        system.db.runPrepUpdate(q, [cell], \u0027OMS\u0027)\n        \n#    system.perspective.navigate(\u0027self\u0027)\n    system.perspective.sendMessage(\u0027Refresh\u0027, payload\u003d{\u0027A\u0027:1},scope\u003d\u0027page\u0027)\n    \n    "
                            },
                            "enabled": false,
                            "scope": "G",
                            "type": "script"
                          },
                          {
                            "config": {
                              "script": "\n    # Retrieve the PO_No and die number from the view\n    po_no \u003d self.view.custom.PO_No\n    \n   \n    # die entry check\n    query \u003d \"SELECT COUNT(*) FROM tool.Toolshop_Main WHERE PO_No \u003d ?\"\n    result \u003d system.db.runScalarPrepQuery(query, [po_no], \u0027OMS\u0027)\n    if result \u003d\u003d 0:\n    \tsystem.perspective.openPopup(\u0027nodieerror\u0027, \u0027Popup/Toolshop/No Die details\u0027)\n    else:\n        # Update the stage in db\n        q \u003d \"UPDATE dbo.SapFields SET stage \u003d \u0027complete\u0027, po_status \u003d \u00272\u0027 WHERE PO_No \u003d ? AND stage \u003d \u0027onhold\u0027 AND po_status \u003d \u00271\u0027\"\n        system.db.runPrepUpdate(q, [po_no], \u0027OMS\u0027)\n        # refresh \n        system.perspective.sendMessage(\u0027Refresh\u0027, payload\u003d{\u0027A\u0027:1},scope\u003d\u0027page\u0027)\n\n    \n    \n    \n    \n    \n    "
                            },
                            "scope": "G",
                            "type": "script"
                          }
                        ]
                      }
                    },
                    "meta": {
                      "name": "Button_0"
                    },
                    "position": {
                      "basis": "120px"
                    },
                    "props": {
                      "style": {
                        "classes": "Toolshop/button"
                      },
                      "text": "Complete"
                    },
                    "type": "ia.input.button"
                  }
                ],
                "meta": {
                  "name": "FlexContainer"
                },
                "position": {
                  "basis": "500px"
                },
                "props": {
                  "justify": "space-around"
                },
                "type": "ia.container.flex"
              },
              {
                "meta": {
                  "name": "FlexContainer_1"
                },
                "position": {
                  "basis": "900px"
                },
                "type": "ia.container.flex"
              },
              {
                "children": [
                  {
                    "events": {
                      "dom": {
                        "onClick": {
                          "config": {
                            "script": "    # Retrieve the PO_No from the view parameters or wherever it is stored\n    po_no \u003d self.view.custom.PO_No  \n\n    if po_no is not None:\n        # SQL to delete based on po_no\n        sql \u003d \"DELETE FROM tool.Toolshop_Main WHERE PO_No \u003d ?\"\n\n        try:\n            # Exectue sql\n            system.db.runPrepUpdate(sql, [po_no], \u0027OMS\u0027)\n            \n            # display success message\n            print(\"Data for PO_No {} cleared successfully.\".format(po_no))\n        except Exception as e:\n            # Handle any exceptions or errors that occur during execution\n            print(\"Error clearing data for PO_No {}: {}\".format(po_no, e))\n    else:\n        print(\"No PO_No\")\n    system.perspective.sendMessage(\u0027Refresh\u0027, payload\u003d{\u0027A\u0027:1},scope\u003d\u0027page\u0027)"
                          },
                          "scope": "G",
                          "type": "script"
                        }
                      }
                    },
                    "meta": {
                      "name": "Button"
                    },
                    "position": {
                      "basis": "120px"
                    },
                    "props": {
                      "image": {
                        "style": {
                          "classes": "Toolshop/button"
                        }
                      },
                      "style": {
                        "classes": "Toolshop/button"
                      },
                      "text": "Clear"
                    },
                    "type": "ia.input.button"
                  },
                  {
                    "meta": {
                      "name": "Button_0"
                    },
                    "position": {
                      "basis": "120px",
                      "display": false
                    },
                    "props": {
                      "style": {
                        "classes": "Toolshop/button"
                      },
                      "text": "update"
                    },
                    "type": "ia.input.button"
                  }
                ],
                "meta": {
                  "name": "FlexContainer_0"
                },
                "position": {
                  "basis": "500px"
                },
                "props": {
                  "justify": "space-evenly"
                },
                "type": "ia.container.flex"
              }
            ],
            "meta": {
              "name": "Buttons"
            },
            "position": {
              "basis": "60px",
              "shrink": 0
            },
            "type": "ia.container.flex"
          }
        ],
        "meta": {
          "name": "FlexContainer"
        },
        "position": {
          "basis": "846px"
        },
        "props": {
          "direction": "column",
          "style": {
            "overflow": "hidden"
          }
        },
        "type": "ia.container.flex"
      }
    ],
    "meta": {
      "name": "root"
    },
    "props": {
      "direction": "column"
    },
    "type": "ia.container.flex"
  }
}