{
  "custom": {},
  "params": {
    "flag": ""
  },
  "propConfig": {
    "params.flag": {
      "paramDirection": "input",
      "persistent": true
    }
  },
  "props": {
    "defaultSize": {
      "height": 730,
      "width": 430
    }
  },
  "root": {
    "children": [
      {
        "children": [
          {
            "meta": {
              "name": "Icon_Jindal"
            },
            "position": {
              "basis": "100px"
            },
            "props": {
              "altText": "jindal",
              "fit": {
                "height": 60,
                "mode": "contain",
                "width": 70
              },
              "source": "/system/images/Jindal_logo.png"
            },
            "type": "ia.display.image"
          },
          {
            "meta": {
              "name": "Label"
            },
            "position": {
              "basis": "234px",
              "grow": 1
            },
            "props": {
              "style": {
                "color": "#000080",
                "fontFamily": "Verdana",
                "fontSize": "25px",
                "fontWeight": "bolder",
                "textAlign": "center"
              },
              "text": "Log Receiving"
            },
            "type": "ia.display.label"
          },
          {
            "events": {
              "dom": {
                "onClick": {
                  "config": {
                    "params": {},
                    "view": "CardView"
                  },
                  "scope": "C",
                  "type": "nav"
                }
              }
            },
            "meta": {
              "name": "Icon",
              "tooltip": {
                "location": "top-right"
              }
            },
            "position": {
              "basis": "40px"
            },
            "props": {
              "path": "material/arrow_back"
            },
            "type": "ia.display.icon"
          }
        ],
        "meta": {
          "name": "FlexContainer_Header"
        },
        "position": {
          "basis": "110px"
        },
        "props": {
          "style": {
            "backgroundColor": ""
          }
        },
        "type": "ia.container.flex"
      },
      {
        "children": [
          {
            "meta": {
              "name": "Label_STOpo"
            },
            "position": {
              "basis": "40px"
            },
            "props": {
              "style": {
                "color": "#000080",
                "fontFamily": "Arial",
                "fontSize": "18px",
                "fontWeight": "bold",
                "paddingBottom": "3px",
                "paddingTop": "10px"
              },
              "text": "STO PO No."
            },
            "type": "ia.display.label"
          },
          {
            "custom": {
              "name": ""
            },
            "meta": {
              "name": "Dropdown_StoPO"
            },
            "position": {
              "basis": "40px"
            },
            "propConfig": {
              "props.options": {
                "binding": {
                  "config": {
                    "expression": "now(2000)"
                  },
                  "transforms": [
                    {
                      "code": "\tquery \u003d \u0027\u0027\u0027 select  d.STO_PO AS label , d.UUID as value\n\t  from [CIMS].[dbo].[MES_Dispatch] d\n\t  join [OMS-DATA].[JALLOG].[dbo].[MES_Receiving] r\n\t  on d.UUID \u003d r.UUID\n\t  where d.[Status] \u003d \u0027completed\u0027 and r.status is null\u0027\u0027\u0027\n\tdata \u003d system.db.runQuery(query, \u0027DispatchedData\u0027)\n\treturn data",
                      "type": "script"
                    }
                  ],
                  "type": "expr"
                }
              }
            },
            "props": {
              "dropdownOptionStyle": {
                "backgroundColor": "#FFFFCC"
              },
              "placeholder": {
                "color": "#000080"
              },
              "search": {
                "enabled": false
              },
              "showClearIcon": true,
              "style": {
                "backgroundColor": "",
                "color": "#000080",
                "fontSize": "18px",
                "fontWeight": "bold"
              },
              "textAlign": "center"
            },
            "type": "ia.input.dropdown"
          },
          {
            "meta": {
              "name": "Label_DisQty"
            },
            "position": {
              "basis": "40px"
            },
            "props": {
              "style": {
                "color": "#000080",
                "fontFamily": "Arial",
                "fontSize": "18px",
                "fontWeight": "bold",
                "marginTop": "10px",
                "paddingBottom": "3px",
                "paddingTop": "10px"
              },
              "text": "Dispatched Qty"
            },
            "type": "ia.display.label"
          },
          {
            "meta": {
              "name": "TextFieldDisQty"
            },
            "position": {
              "basis": "40px"
            },
            "propConfig": {
              "props.text": {
                "binding": {
                  "config": {
                    "parameters": {
                      "id": "{../Dropdown_StoPO.props.value}"
                    },
                    "queryPath": "getDispatchedQty"
                  },
                  "type": "query"
                }
              }
            },
            "props": {
              "enabled": false,
              "style": {
                "color": "#000080",
                "fontSize": 18,
                "fontWeight": "bold",
                "textAlign": "center"
              }
            },
            "type": "ia.input.text-field"
          },
          {
            "meta": {
              "name": "Label_LogID"
            },
            "position": {
              "basis": "40px"
            },
            "props": {
              "style": {
                "color": "#000080",
                "fontFamily": "Arial",
                "fontSize": "18px",
                "fontWeight": "bold",
                "marginTop": "10px",
                "paddingBottom": "3px",
                "paddingTop": "10px"
              },
              "text": "Scanned Log Batch_ID"
            },
            "type": "ia.display.label"
          },
          {
            "custom": {
              "qrRaw": "B.NO-LOG ID:AI27J00966  LOG DIA:152.40 LENGTH:5700.00 ALLOY:A5S WEIGHT:280.59 SAP ID:0003947357 PO_NO:003000011512 8"
            },
            "events": {
              "dom": {
                "onMouseLeave": {
                  "config": {
                    "script": "\t a \u003d self.props.text\n\t b\u003d \u0027[default]QRData\u0027\n\t system.tag.write(b, a)\n\t return a    "
                  },
                  "scope": "G",
                  "type": "script"
                }
              }
            },
            "meta": {
              "name": "TextFieldLogBatchId"
            },
            "position": {
              "basis": "40px"
            },
            "props": {
              "placeholder": "Scan QR of each log",
              "style": {
                "color": "#000080",
                "fontSize": 16,
                "fontWeight": "bold",
                "marginBottom": "3px",
                "textAlign": "center"
              }
            },
            "type": "ia.input.text-field"
          },
          {
            "meta": {
              "name": "TextFieldScannedQty_0"
            },
            "position": {
              "basis": "31px",
              "display": false
            },
            "props": {
              "enabled": false,
              "style": {
                "color": "#E3382F",
                "fontSize": 18,
                "fontWeight": "bold",
                "textAlign": "center"
              }
            },
            "type": "ia.input.text-field"
          },
          {
            "events": {
              "component": {
                "onActionPerformed": [
                  {
                    "config": {
                      "script": "\timport re\n\timport time\n\tqrRaw \u003d system.tag.readBlocking(\u0027[default]QRData\u0027)\n\tself.getSibling(\"Label\").props.text \u003d qrRaw\n\t#self.getSibling(\"TextFieldLogBatchId\").custom.qrRaw  \u003d qrRaw\n\traw \u003d self.getSibling(\"TextFieldLogBatchId\").custom.qrRaw\n\tif len(str(qrRaw))\u003e20 and len(str(qrRaw))\u003c\u003d110:\n\t    qrRaw\u003dQRDATA.getLOGID.LOGID(qrRaw)\n\t    \n\telif len(str(qrRaw))\u003e110:    \n\t#   Collect LOG ID if len \u003e 100 character\n\t    text \u003d str(qrRaw)    \n\t    log_ids \u003d re.findall(r\u0027B\\.NO-LOG ID:\\s*(\\S+)\u0027, text)\n\t    quoted_data_list \u003d [\"\" + item + \"\" for item in log_ids]\n\t    data_string \u003d \u0027, \u0027.join(quoted_data_list)\n\t    qrRaw\u003d data_string\n\t   \n\n\telse:\n\t    qrRaw\u003dqrRaw \n\t   \n\t#system.perspective.print(\u0027logid received\u0027)\n\t\n\t\n\t#check if the scanned data is present on 75\n\tquery1 \u003d \u0027\u0027\u0027select [Log_ID]\n\t\t\t\tfrom [dbo].[Receiving_Logid]\n\t\t\t\twhere [Log_ID]\u003d?\u0027\u0027\u0027\n\targs1 \u003d [qrRaw]\n\tdata \u003d system.db.runPrepQuery(query1, args1, \u0027Receivingdata\u0027)\n\t#if data is already present give pop-up\n\tif(len(data)\u003e\u003d1):\n\t\tsystem.perspective.openPopup(\u0027openFail\u0027,\u0027Popups/duplicate_pop\u0027)\n\t#if data is not present in receiving then the log isn\u0027t scanned add it to 75 , by extracting it from 235(Dispatch)\n\telse:\n\t\tquery2 \u003d \u0027\u0027\u0027select \n\t\t\t\t[MESDispatch_UUID],\n\t\t\t\t[Log_ID],\n\t\t\t\t[Po_No],\n\t\t\t\t[Alloy],\n\t\t\t\t[Dia],\n\t\t\t\t[Length],\n\t\t\t\t[Weight],\n\t\t\t\t[SAP_ID],\n\t\t\t\t[SFG]\n\t\t\t\tfrom [dbo].[Dispatch_Logid]\n\t\t\twhere [Log_ID]\u003d?\u0027\u0027\u0027\n\t\t\n\t\tdata1 \u003d system.db.runPrepQuery(query2, args1, \u0027DispatchedData\u0027)\n\t\tuid \u003d data1[0][\u0027MESDispatch_UUID\u0027]\n\t\tlogid \u003d data1[0][\u0027Log_ID\u0027]\n\t\tpono \u003d data1[0][\u0027Po_No\u0027]\n\t\talloy \u003d data1[0][\u0027Alloy\u0027]\n\t\tdia \u003d data1[0][\u0027Dia\u0027]\n\t\tlength \u003d data1[0][\u0027Length\u0027]\n\t\tweight \u003d data1[0][\u0027Weight\u0027]\n\t\tsapid \u003d data1[0][\u0027SAP_ID\u0027]\n\t\tsfg \u003d data1[0][\u0027SFG\u0027]\n\t\t\n\t#after fetching the data add it into the 75 data \n\t\tquery3 \u003d \u0027\u0027\u0027insert into [JALLOG].[dbo].[Receiving_Logid]([MESDispatch_UUID]\n\t      ,[Log_ID]\n\t      ,[Alloy]\n\t      ,[Dia]\n\t      ,[Length]\n\t      ,[Weight]\n\t      ,[SAP_ID]\n\t      ,[QR_Raw]\n\t      ,[SFG]\n\t      ,[Po_No])values (?,?,?,?,?,?,?,?,?,?)\u0027\u0027\u0027\n\t   \targs2 \u003d [uid,logid,alloy,dia,length,weight,sapid,str(raw),sfg,pono]\n\t   \tdata3 \u003d system.db.runPrepUpdate(query3, args2, \u0027Receivingdata\u0027)\n\t   \t\n\t   \tsystem.perspective.print(\u0027Insert query executed\u0027)\n\t   \tself.getSibling(\"TextFieldLogBatchId\").props.text \u003d \u0027\u0027\n\t   \tsystem.perspective.openPopup(\u0027openSuccess\u0027,\u0027Popups/SuccessPopup\u0027)\n\t   \t#self.meta.visible \u003d False\n\t"
                    },
                    "enabled": false,
                    "scope": "G",
                    "type": "script"
                  },
                  {
                    "config": {
                      "script": "\timport re\n\timport time \n\tLOG\u003dself.getSibling(\"TextFieldLogBatchId\").props.text\n\tlog_ids \u003d re.findall(r\u0027B\\.NO-LOG ID:\\s*(\\S+)\u0027,LOG)\n\tqrRaw \u003d system.tag.readBlocking(\u0027[default]QRData\u0027)\n\tself.getSibling(\"Label\").props.text \u003d qrRaw\n\traw \u003d self.getSibling(\"TextFieldLogBatchId\").custom.qrRaw\n\tself.getSibling(\"Label\").props.text \u003d log_ids\n\tfor log_id in log_ids:\n\t\tq1\u003d\u0027\u0027\u0027SELECT COUNT(*) AS count FROM [JALLOG].[dbo].[Receiving_Logid] WHERE [Log_ID] \u003d ?\u0027\u0027\u0027\n\t\targs1 \u003d [str(log_id)]\n\t\td1 \u003d system.db.runPrepQuery(q1, args1, \u0027Receivingdata\u0027)\n\t\texists \u003d d1[0][\u0027count\u0027] \u003e 0 \n\t\tif exists:\n\t\t    system.perspective.openPopup(\u0027lkjgb\u0027, \u0027Popups/duplicate_pop\u0027)\n\t\t    self.getSibling(\"TextFieldLogBatchId\").props.text \u003d \u0027\u0027\n\t\telse:\n\t\t    query2 \u003d \u0027\u0027\u0027select \n\t\t    \t\t\t[MESDispatch_UUID],\n\t\t    \t\t\t[Log_ID],\n\t\t    \t\t\t[Po_No],\n\t\t    \t\t\t[Alloy],\n\t\t    \t\t\t[Dia],\n\t\t    \t\t\t[Length],\n\t\t    \t\t\t[Weight],\n\t\t    \t\t\t[SAP_ID],\n\t\t    \t\t\t[SFG]\n\t\t    \t\t\tfrom [dbo].[Dispatch_Logid]\n\t\t    \t\t\twhere [Log_ID]\u003d?\u0027\u0027\u0027\n\t\t    data1 \u003d system.db.runPrepQuery(query2, args1, \u0027DispatchedData\u0027)\n    \t\tuid \u003d data1[0][\u0027MESDispatch_UUID\u0027]\n    \t\tlogid \u003d data1[0][\u0027Log_ID\u0027]\n    \t\tpono \u003d data1[0][\u0027Po_No\u0027]\n    \t\talloy \u003d data1[0][\u0027Alloy\u0027]\n    \t\tdia \u003d data1[0][\u0027Dia\u0027]\n    \t\tlength \u003d data1[0][\u0027Length\u0027]\n    \t\tweight \u003d data1[0][\u0027Weight\u0027]\n    \t\tsapid \u003d data1[0][\u0027SAP_ID\u0027]\n    \t\tsfg \u003d data1[0][\u0027SFG\u0027]\n    \t\t#after fetching the data add it into the 75 data \n    \t\tquery3 \u003d \u0027\u0027\u0027insert into [JALLOG].[dbo].[Receiving_Logid]([MESDispatch_UUID]\n    \t\t\t      ,[Log_ID]\n    \t\t\t      ,[Alloy]\n    \t\t\t      ,[Dia]\n    \t\t\t      ,[Length]\n    \t\t\t      ,[Weight]\n    \t\t\t      ,[SAP_ID]\n    \t\t\t      ,[QR_Raw]\n    \t\t\t      ,[SFG]\n    \t\t\t      ,[Po_No])values (?,?,?,?,?,?,?,?,?,?)\u0027\u0027\u0027\n    \t\targs2 \u003d [uid,logid,alloy,dia,length,weight,sapid,str(raw),sfg,pono]\n    \t\tdata3 \u003d system.db.runPrepUpdate(query3, args2, \u0027Receivingdata\u0027)\n    \t\t\t   \t\n    \t\tsystem.perspective.print(\u0027Insert query executed\u0027)\n    \t\tself.getSibling(\"TextFieldLogBatchId\").props.text \u003d \u0027\u0027\n    \t\tsystem.perspective.openPopup(\u0027openSuccess\u0027,\u0027Popups/SuccessPopup\u0027)\n \n\n#\t\t    q2\u003d\u0027\u0027\u0027INSERT INTO [dbo].[Dispatch_Logid]\n#\t\t               ([MESDispatch_UUID]\n#\t\t               ,[Log_ID]\n#\t\t               ,[Alloy]\n#\t\t               ,[Dia]\n#\t\t               ,[Length]\n#\t\t               ,[Weight]\n#\t\t               ,[SAP_ID]\n#\t\t               ,[QR_Raw]\n#\t\t               ,[SFG]\n#\t\t               ,[Po_No]) VALUES (?,?,?,?,?,?,?,?,?,?)\u0027\u0027\u0027\n#\t\t    args2 \u003d [str(uid),str(log_id),str(alloy),float(dia),float(leng),float(wei),str(sapid),str(qrraw),str(sfg),str(po)]\n#\t\t   \n#\t\t    d2\u003dsystem.db.runPrepUpdate(q2, args2,\u0027CIMS2\u0027)\n#\t\t    system.perspective.openPopup(\u0027abcdef\u0027,\u0027Popup\u0027)\n#\t\t    self.parent.parent.getChild(\"FlexContainer_0\").getChild(\"TextField\").props.text\u003d\u0027\u0027\n\t\t       \n\t\t     "
                    },
                    "scope": "G",
                    "type": "script"
                  }
                ]
              }
            },
            "meta": {
              "name": "Button"
            },
            "position": {
              "basis": "34px"
            },
            "props": {
              "image": {
                "position": "center"
              },
              "style": {
                "backgroundColor": "#000080",
                "borderBottomLeftRadius": "15px",
                "borderBottomRightRadius": "15px",
                "borderTopLeftRadius": "15px",
                "borderTopRightRadius": "15px",
                "fontSize": "18px",
                "fontWeight": "bold",
                "marginLeft": "130px",
                "marginRight": "130px",
                "paddingBottom": "2px",
                "paddingLeft": "2px",
                "paddingRight": "2px",
                "paddingTop": "2px",
                "textAlign": "center"
              },
              "text": "OK"
            },
            "type": "ia.input.button"
          },
          {
            "meta": {
              "name": "Label_ScannedQty"
            },
            "position": {
              "basis": "40px"
            },
            "props": {
              "style": {
                "color": "#000080",
                "fontFamily": "Arial",
                "fontSize": "18px",
                "fontWeight": "bold",
                "marginTop": "10px",
                "paddingBottom": "3px",
                "paddingTop": "10px"
              },
              "text": "Scanned Qty(in Nos)"
            },
            "type": "ia.display.label"
          },
          {
            "meta": {
              "name": "TextFieldScannedQty"
            },
            "position": {
              "basis": "40px"
            },
            "propConfig": {
              "props.text": {
                "binding": {
                  "config": {
                    "expression": "now(1000)"
                  },
                  "transforms": [
                    {
                      "code": "\tq\u003d\u0027\u0027\u0027select Log_ID, SAP_ID from  Receiving_Logid where  MESDispatch_UUID\u003d?\u0027\u0027\u0027\n\targs \u003d self.getSibling(\"Dropdown_StoPO\").props.value\n\td \u003d system.db.runPrepQuery(q, [args], \u0027Receivingdata\u0027)\n\treturn len(d)",
                      "type": "script"
                    }
                  ],
                  "type": "expr"
                }
              }
            },
            "props": {
              "enabled": false,
              "style": {
                "color": "#000080",
                "fontSize": 18,
                "fontWeight": "bold",
                "textAlign": "center"
              }
            },
            "type": "ia.input.text-field"
          },
          {
            "children": [
              {
                "meta": {
                  "name": "Label_ScannedQty_0"
                },
                "position": {
                  "basis": "40%"
                },
                "props": {
                  "style": {
                    "color": "#000080",
                    "fontFamily": "Arial",
                    "fontSize": "18px",
                    "fontWeight": "bold",
                    "paddingBottom": "2px",
                    "paddingTop": "10px"
                  },
                  "text": "Total Scanned Qty(in kgs)"
                },
                "type": "ia.display.label"
              },
              {
                "meta": {
                  "name": "TextFieldScannedQty_1"
                },
                "position": {
                  "basis": "40%"
                },
                "propConfig": {
                  "props.text": {
                    "binding": {
                      "config": {
                        "expression": "now(1000)"
                      },
                      "transforms": [
                        {
                          "code": "\tval \u003d self.parent.parent.getChild(\"Dropdown_StoPO\").props.value\n\tquery \u003d \u0027\u0027\u0027Select sum(weight) FROM [JALLOG].[dbo].[Receiving_Logid] \n\t\t\t\twhere [MESDispatch_UUID] \u003d ?\u0027\u0027\u0027\n\targs \u003d [val]\n\tweight \u003d system.db.runPrepQuery(query, args, \u0027Receivingdata\u0027)\n\treturn weight[0][0]",
                          "type": "script"
                        }
                      ],
                      "type": "expr"
                    }
                  }
                },
                "props": {
                  "enabled": false,
                  "style": {
                    "color": "#000080",
                    "fontSize": 18,
                    "fontWeight": "bold",
                    "marginBottom": "2px",
                    "paddingBottom": "10px",
                    "paddingTop": "4px",
                    "textAlign": "center"
                  }
                },
                "type": "ia.input.text-field"
              }
            ],
            "meta": {
              "name": "FlexContainer"
            },
            "position": {
              "basis": "100px"
            },
            "props": {
              "direction": "column",
              "justify": "space-around",
              "style": {
                "marginTop": "5px"
              }
            },
            "type": "ia.container.flex"
          },
          {
            "meta": {
              "name": "Label"
            },
            "position": {
              "basis": "32px"
            },
            "props": {
              "text": "Label"
            },
            "type": "ia.display.label"
          }
        ],
        "meta": {
          "name": "FlexContainer_Body"
        },
        "position": {
          "basis": "603px"
        },
        "props": {
          "direction": "column",
          "justify": "space-between",
          "style": {
            "backgroundColor": "#F4F4EF"
          }
        },
        "type": "ia.container.flex"
      },
      {
        "children": [
          {
            "children": [
              {
                "events": {
                  "dom": {
                    "onClick": {
                      "config": {
                        "draggable": true,
                        "id": "uYcRkgCv",
                        "modal": false,
                        "overlayDismiss": true,
                        "resizable": true,
                        "showCloseIcon": true,
                        "title": "Generate QR",
                        "type": "open",
                        "viewPath": "Popups/SearchQR_Popup",
                        "viewportBound": false
                      },
                      "scope": "C",
                      "type": "popup"
                    }
                  }
                },
                "meta": {
                  "name": "Btn_searchQR"
                },
                "position": {
                  "basis": "131px"
                },
                "propConfig": {
                  "props.enabled": {
                    "binding": {
                      "config": {
                        "expression": "now(1000)"
                      },
                      "transforms": [
                        {
                          "code": "\tdisp \u003d self.parent.parent.parent.getChild(\"FlexContainer_Body\").getChild(\"TextFieldDisQty\").props.text\n\tscan \u003d self.parent.parent.parent.getChild(\"FlexContainer_Body\").getChild(\"TextFieldScannedQty\").props.text\n\tif disp!\u003dscan:\n\t\treturn True\n\telse:\n\t\treturn False",
                          "type": "script"
                        }
                      ],
                      "type": "expr"
                    }
                  }
                },
                "props": {
                  "style": {
                    "backgroundColor": "#000080",
                    "borderBottomLeftRadius": "15px",
                    "borderBottomRightRadius": "15px",
                    "borderTopLeftRadius": "15px",
                    "borderTopRightRadius": "15px",
                    "fontSize": "18px",
                    "fontWeight": "bold",
                    "textAlign": "center"
                  },
                  "text": "Search QR"
                },
                "type": "ia.input.button"
              },
              {
                "events": {
                  "dom": {
                    "onClick": {
                      "config": {
                        "draggable": true,
                        "id": "fkMqzE1o",
                        "modal": false,
                        "overlayDismiss": true,
                        "resizable": true,
                        "showCloseIcon": true,
                        "title": "Scanned Log Details",
                        "type": "open",
                        "viewParams": {
                          "sto_po": "{/root/FlexContainer_Body/Dropdown_StoPO.props.value}"
                        },
                        "viewPath": "Mainscreen/ViewList",
                        "viewportBound": false
                      },
                      "scope": "C",
                      "type": "popup"
                    }
                  }
                },
                "meta": {
                  "name": "Btn_viewList"
                },
                "position": {
                  "basis": "126px"
                },
                "props": {
                  "style": {
                    "backgroundColor": "#000080",
                    "borderBottomLeftRadius": "15px",
                    "borderBottomRightRadius": "15px",
                    "borderTopLeftRadius": "15px",
                    "borderTopRightRadius": "15px",
                    "fontSize": "18px",
                    "fontWeight": "bold",
                    "textAlign": "center"
                  },
                  "text": "View List"
                },
                "type": "ia.input.button"
              }
            ],
            "meta": {
              "name": "FlexContainer"
            },
            "position": {
              "basis": "88px"
            },
            "props": {
              "justify": "space-around",
              "style": {
                "paddingBottom": "20px",
                "paddingTop": "20px"
              }
            },
            "type": "ia.container.flex"
          },
          {
            "children": [
              {
                "events": {
                  "component": {
                    "onActionPerformed": {
                      "config": {
                        "script": "\tquery \u003d \u0027\u0027\u0027 UPDATE [JALLOG].[dbo].[MES_Receiving]\n\t  \t\tSET [status]\u003d\u0027Pending\u0027\n\t  \t\twhere UUID \u003d ?\u0027\u0027\u0027\n\targs \u003d [self.parent.parent.parent.getChild(\"FlexContainer_Body\").getChild(\"Dropdown_StoPO\").props.value]\n\tdata \u003d system.db.runPrepUpdate(query, args, \u0027Receivingdata\u0027)\n\tsystem.perspective.openPopup(\u0027xFxzffV2\u0027, \u0027Popups/Complete_popup\u0027)\n\tstart_time \u003d system.date.now()\n\tquery1 \u003d \u0027\u0027\u0027update [JALLOG].[dbo].[MES_Receiving] \n\t\t\t\t\tset Start_date \u003d ?  where UUID \u003d ?\u0027\u0027\u0027\n\targs1 \u003d [start_time , self.parent.parent.parent.getChild(\"FlexContainer_Body\").getChild(\"Dropdown_StoPO\").props.value]\n\tdata1 \u003d system.db.runPrepQuery(query1, args1, \u0027Receivingdata\u0027)\n\t\n\t"
                      },
                      "scope": "G",
                      "type": "script"
                    }
                  }
                },
                "meta": {
                  "name": "Button_Complete"
                },
                "position": {
                  "basis": "136px"
                },
                "propConfig": {
                  "props.enabled": {
                    "binding": {
                      "config": {
                        "expression": "now(1000)"
                      },
                      "transforms": [
                        {
                          "code": "\tdisp \u003d self.parent.parent.parent.getChild(\"FlexContainer_Body\").getChild(\"TextFieldDisQty\").props.text\n\tscan \u003d self.parent.parent.parent.getChild(\"FlexContainer_Body\").getChild(\"TextFieldScannedQty\").props.text\n\tif disp\u003d\u003dscan:\n\t\treturn True\n\telse:\n\t\treturn False",
                          "type": "script"
                        }
                      ],
                      "type": "expr"
                    }
                  }
                },
                "props": {
                  "style": {
                    "backgroundColor": "#000080",
                    "borderBottomLeftRadius": "15px",
                    "borderBottomRightRadius": "15px",
                    "borderTopLeftRadius": "15px",
                    "borderTopRightRadius": "15px",
                    "fontSize": "18px",
                    "fontWeight": "bold",
                    "textAlign": "center"
                  },
                  "text": "Complete"
                },
                "type": "ia.input.button"
              }
            ],
            "meta": {
              "name": "FlexContainer_0"
            },
            "position": {
              "basis": "64px"
            },
            "props": {
              "justify": "center",
              "style": {
                "paddingBottom": "10px",
                "paddingTop": "5px"
              }
            },
            "type": "ia.container.flex"
          }
        ],
        "meta": {
          "name": "FlexContainer_Btns"
        },
        "position": {
          "basis": "198px"
        },
        "props": {
          "direction": "column",
          "style": {
            "backgroundColor": ""
          }
        },
        "type": "ia.container.flex"
      }
    ],
    "events": {
      "system": {
        "onStartup": {
          "config": {
            "script": "\tsystem.perspective.print(\u0027Reccccccccccc\u0027)\n\tself.getChild(\"FlexContainer_Body\").getChild(\"Dropdown_StoPO\").props.value \u003d \u0027\u0027\n\tself.getChild(\"FlexContainer_Body\").getChild(\"TextFieldDisQty\").props.text \u003d \u0027\u0027\n\tself.getChild(\"FlexContainer_Body\").getChild(\"TextFieldLogBatchId\").props.text \u003d \u0027\u0027\n\tself.getChild(\"FlexContainer_Body\").getChild(\"TextFieldScannedQty\").props.text \u003d \u0027\u0027\n\tself.getChild(\"FlexContainer_Body\").getChild(\"TextFieldScannedQty_0\").props.text\u003d\u0027\u0027\n\tself.getChild(\"FlexContainer_Body\").getChild(\"TextFieldScannedQty_0\").position.display\u003d False\n\t\t"
          },
          "scope": "G",
          "type": "script"
        }
      }
    },
    "meta": {
      "name": "root"
    },
    "props": {
      "direction": "column",
      "justify": "space-between",
      "style": {
        "marginBottom": 10,
        "marginLeft": 10,
        "marginRight": 10,
        "marginTop": 10
      }
    },
    "type": "ia.container.flex"
  }
}