{
  "custom": {},
  "params": {},
  "props": {
    "defaultSize": {
      "height": 277,
      "width": 287
    },
    "loading": {
      "mode": "S"
    }
  },
  "root": {
    "children": [
      {
        "children": [
          {
            "meta": {
              "name": "Image"
            },
            "position": {
              "basis": "287px"
            },
            "props": {
              "fit": {
                "height": 230,
                "mode": "fill",
                "width": 200
              },
              "source": "/system/images/logout-ezgif.com-crop.gif"
            },
            "type": "ia.display.image"
          }
        ],
        "meta": {
          "name": "FlexContainer"
        },
        "position": {
          "basis": "289px",
          "grow": 1
        },
        "props": {
          "justify": "center"
        },
        "type": "ia.container.flex"
      },
      {
        "meta": {
          "name": "Label"
        },
        "position": {
          "basis": "32px",
          "display": false
        },
        "props": {
          "textStyle": {
            "fontSize": 28
          }
        },
        "type": "ia.display.label"
      },
      {
        "children": [
          {
            "events": {
              "dom": {
                "onClick": {
                  "config": {},
                  "scope": "C",
                  "type": "logout"
                }
              }
            },
            "meta": {
              "name": "Button"
            },
            "position": {
              "basis": "80px"
            },
            "props": {
              "style": {
                "classes": "Logout_button"
              },
              "text": "Yes"
            },
            "type": "ia.input.button"
          },
          {
            "events": {
              "dom": {
                "onClick": {
                  "config": {
                    "script": "\tsystem.perspective.closePopup(\u0027nuCHt-37\u0027)\n\t\t"
                  },
                  "scope": "G",
                  "type": "script"
                }
              }
            },
            "meta": {
              "name": "Button_0"
            },
            "position": {
              "basis": "80px"
            },
            "props": {
              "style": {
                "classes": "Logout_button"
              },
              "text": "No"
            },
            "type": "ia.input.button"
          }
        ],
        "meta": {
          "name": "FlexContainer_0"
        },
        "position": {
          "basis": "45px"
        },
        "props": {
          "justify": "space-evenly"
        },
        "type": "ia.container.flex"
      }
    ],
    "meta": {
      "name": "root"
    },
    "props": {
      "direction": "column"
    },
    "type": "ia.container.flex"
  }
}