{
  "custom": {
    "BackGround_Color": "REd",
    "color_index": {
      "t0": [
        "#FFFFFF",
        "#FF0000",
        "#FFFF00",
        "#FFFF00",
        "#00FF00",
        "#F0F8FF",
        "#B284BE",
        "#F19CBB",
        "#9966CC",
        "#3DDC84",
        "#C88A65",
        "#665D1E",
        "#915C83",
        "#841B2D",
        "#00FFFF",
        "#7FFFD4",
        "#D0FF14",
        "#4B6F44",
        "#E9D66B",
        "#B2BEB5",
        "#EC32F5",
        "#FE8502",
        "#89CFF0",
        "#F4C2C2",
        "#FFFF00",
        "#FF91AF",
        "#F5F5DC",
        "#ACE5EE",
        "#0087BD",
        "#A2A2D0",
        "#6699CC",
        "#8A2BE2\t",
        "#8A2BE2\t",
        "#FFAA1D",
        "#161A14"
      ],
      "t1": [
        "#FFFFFF",
        "#FF0000",
        "#FFFF00",
        "#FFFF00",
        "#00FF00",
        "#F0F8FF",
        "#B284BE",
        "#F19CBB",
        "#9966CC",
        "#3DDC84",
        "#C88A65",
        "#665D1E",
        "#915C83",
        "#841B2D",
        "#00FFFF",
        "#7FFFD4",
        "#D0FF14",
        "#4B6F44",
        "#E9D66B",
        "#B2BEB5",
        "#EC32F5",
        "#FE8502",
        "#89CFF0",
        "#F4C2C2",
        "#FFFF00",
        "#FF91AF",
        "#F5F5DC",
        "#ACE5EE",
        "#0087BD",
        "#A2A2D0",
        "#6699CC",
        "#8A2BE2\t",
        "#8A2BE2\t",
        "#FFAA1D",
        "#161A14"
      ],
      "t2": [
        "#FFFFFF",
        "#FF0000",
        "#FFFF00",
        "#FFFF00",
        "#00FF00",
        "#F0F8FF",
        "#B284BE",
        "#F19CBB",
        "#9966CC",
        "#3DDC84",
        "#C88A65",
        "#665D1E",
        "#915C83",
        "#841B2D",
        "#00FFFF",
        "#7FFFD4",
        "#D0FF14",
        "#4B6F44",
        "#E9D66B",
        "#B2BEB5",
        "#EC32F5",
        "#FE8502",
        "#89CFF0",
        "#F4C2C2",
        "#FFFF00",
        "#FF91AF",
        "#F5F5DC",
        "#ACE5EE",
        "#0087BD",
        "#A2A2D0",
        "#6699CC",
        "#8A2BE2\t",
        "#8A2BE2\t",
        "#FFAA1D",
        "#161A14"
      ],
      "t3": [
        "#FFFFFF",
        "#FF0000",
        "#FFFF00",
        "#FFFF00",
        "#00FF00",
        "#F0F8FF",
        "#B284BE",
        "#F19CBB",
        "#9966CC",
        "#3DDC84",
        "#C88A65",
        "#665D1E",
        "#915C83",
        "#841B2D",
        "#00FFFF",
        "#7FFFD4",
        "#D0FF14",
        "#4B6F44",
        "#E9D66B",
        "#B2BEB5",
        "#EC32F5",
        "#FE8502",
        "#89CFF0",
        "#F4C2C2",
        "#FFFF00",
        "#FF91AF",
        "#F5F5DC",
        "#ACE5EE",
        "#0087BD",
        "#A2A2D0",
        "#6699CC",
        "#8A2BE2\t",
        "#8A2BE2\t",
        "#FFAA1D",
        "#161A14"
      ],
      "t4": [
        "#FFFFFF",
        "#FF0000",
        "#FFFF00",
        "#FFFF00",
        "#00FF00",
        "#F0F8FF",
        "#B284BE",
        "#F19CBB",
        "#9966CC",
        "#3DDC84",
        "#C88A65",
        "#665D1E",
        "#915C83",
        "#841B2D",
        "#00FFFF",
        "#7FFFD4",
        "#D0FF14",
        "#4B6F44",
        "#E9D66B",
        "#B2BEB5",
        "#EC32F5",
        "#FE8502",
        "#89CFF0",
        "#F4C2C2",
        "#FFFF00",
        "#FF91AF",
        "#F5F5DC",
        "#ACE5EE",
        "#0087BD",
        "#A2A2D0",
        "#6699CC",
        "#8A2BE2\t",
        "#8A2BE2\t",
        "#FFAA1D",
        "#161A14"
      ]
    },
    "logstand": {
      "Tabindex": "",
      "Weight": 960.41,
      "ri": 0,
      "rwcount": 9
    },
    "std_alloy": [],
    "t_index": 0
  },
  "propConfig": {
    "custom.color": {
      "binding": {
        "config": {
          "path": "this.custom.color"
        },
        "transforms": [
          {
            "code": "\tquery \u003d \u0027\u0027\u0027   SELECT DISTINCT [colour_code] FROM [LOGSTAND].[dbo].[MasterData]\u0027\u0027\u0027\n\targs \u003d []\n\tvalue \u003d system.db.runPrepQuery(query, args, \u0027Logstand\u0027)\n\treturn value",
            "type": "script"
          }
        ],
        "type": "property"
      }
    },
    "custom.color_index": {
      "binding": {
        "config": {
          "path": ""
        },
        "enabled": false,
        "type": "property"
      }
    },
    "custom.std_alloy": {
      "binding": {
        "config": {
          "path": "this.custom.color"
        },
        "enabled": false,
        "type": "property"
      }
    },
    "props.auth": {
      "access": "PRIVATE",
      "persistent": false
    },
    "props.device.accelerometer": {
      "access": "SYSTEM",
      "persistent": false
    },
    "props.device.identifier": {
      "access": "SYSTEM",
      "persistent": false
    },
    "props.device.timezone": {
      "access": "SYSTEM",
      "persistent": false
    },
    "props.device.type": {
      "access": "SYSTEM",
      "persistent": false
    },
    "props.device.userAgent": {
      "access": "SYSTEM",
      "persistent": false
    },
    "props.gateway": {
      "access": "SYSTEM",
      "persistent": false
    },
    "props.geolocation.data": {
      "access": "SYSTEM",
      "persistent": false
    },
    "props.geolocation.permissionGranted": {
      "access": "SYSTEM",
      "persistent": false
    },
    "props.host": {
      "access": "SYSTEM",
      "persistent": false
    },
    "props.id": {
      "access": "SYSTEM",
      "persistent": false
    },
    "props.lastActivity": {
      "access": "SYSTEM",
      "persistent": false
    }
  },
  "props": {
    "address": "192.200.8.157",
    "appBar": {
      "togglePosition": "hidden"
    },
    "device": {},
    "geolocation": {},
    "locale": "en-AU",
    "timeZoneId": "Asia/Calcutta"
  }
}