{
  "custom": {
    "castingBlock": null
  },
  "params": {
    "rowData": {}
  },
  "propConfig": {
    "custom.castingBlock": {
      "binding": {
        "config": {
          "path": "view.params.rowData"
        },
        "transforms": [
          {
            "code": "\treturn value[\"CastingBlock\"]",
            "type": "script"
          }
        ],
        "type": "property"
      },
      "persistent": true
    },
    "params.rowData": {
      "paramDirection": "input",
      "persistent": true
    }
  },
  "props": {
    "defaultSize": {
      "height": 40,
      "width": 200
    }
  },
  "root": {
    "children": [
      {
        "events": {
          "dom": {
            "onFocus": {
              "config": {
                "script": "\tMessageType \u003d \"CastingBlockEntered\"\n\tPayload \u003d {\"castingBlock\": self.props.value}\n\tsystem.perspective.sendMessage(messageType\u003dMessageType,payload\u003dPayload,scope\u003d\"page\")\n"
              },
              "enabled": false,
              "scope": "G",
              "type": "script"
            }
          }
        },
        "meta": {
          "name": "NumericEntryField"
        },
        "position": {
          "basis": "32px",
          "grow": 1
        },
        "propConfig": {
          "props.value": {
            "onChange": {
              "enabled": null,
              "script": "\tMessageType \u003d \"CastingBlockEntered\"\n\tPayload \u003d {\"castingBlock\": self.props.value}\n\tsystem.perspective.sendMessage(messageType\u003dMessageType,payload\u003dPayload,scope\u003d\"page\")\n\t"
            }
          }
        },
        "props": {
          "align": "center",
          "spinner": {
            "enabled": false
          },
          "value": 0
        },
        "type": "ia.input.numeric-entry-field"
      },
      {
        "meta": {
          "name": "Label"
        },
        "position": {
          "basis": "32px",
          "grow": 1
        },
        "propConfig": {
          "position.display": {
            "binding": {
              "config": {
                "path": "this.props.text"
              },
              "transforms": [
                {
                  "code": "\tA \u003d str(value)\n\tif (len(A) \u003d\u003d 0 or A \u003d\u003d \u0027None\u0027 or A \u003d\u003d \u0027null\u0027 or A \u003d\u003d \u0027\u0027):\n\t\tvalue\u003dbool(0)\n\t\tself.getSibling(\"NumericEntryField\").position.display \u003d bool(1)\n\telse:\n\t\tvalue\u003dbool(1)\n\t\tself.getSibling(\"NumericEntryField\").position.display \u003d bool(0)\n\treturn value",
                  "type": "script"
                }
              ],
              "type": "property"
            }
          },
          "props.text": {
            "binding": {
              "config": {
                "path": "view.custom.castingBlock"
              },
              "type": "property"
            }
          }
        },
        "props": {
          "textStyle": {
            "textAlign": "center"
          }
        },
        "type": "ia.display.label"
      },
      {
        "meta": {
          "name": "TextField"
        },
        "position": {
          "basis": "32px",
          "display": false
        },
        "propConfig": {
          "props.text": {
            "binding": {
              "config": {
                "path": "../NumericEntryField.props.value"
              },
              "type": "property"
            }
          }
        },
        "props": {
          "deferUpdates": false
        },
        "type": "ia.input.text-field"
      },
      {
        "meta": {
          "name": "Button"
        },
        "position": {
          "basis": "34px",
          "display": false
        },
        "type": "ia.input.button"
      }
    ],
    "meta": {
      "name": "root"
    },
    "props": {
      "direction": "column"
    },
    "type": "ia.container.flex"
  }
}