{
  "custom": {},
  "params": {
    "column": "",
    "columnIndex": "",
    "options": {
      "$": [
        "ds",
        192,
        1714975767008
      ],
      "$columns": [
        {
          "data": [
            "P1",
            "P2",
            "P3",
            "P4",
            "P5",
            "P6",
            "P7",
            "P8",
            "P9",
            "P10",
            "P11",
            "P12",
            "P13",
            "P14",
            "P15",
            "P16",
            "P17",
            "P18",
            "P19",
            "P20",
            null,
            null,
            null,
            null,
            null,
            null,
            null,
            null,
            null,
            null,
            null,
            null,
            null,
            null,
            null,
            null,
            null,
            null,
            null,
            null,
            null,
            " P3   ",
            "P1",
            "P3",
            "P7",
            "P1",
            "P1",
            "P2",
            "P7",
            "P3",
            "P2"
          ],
          "name": "Press",
          "type": "String"
        }
      ]
    },
    "row": "",
    "rowData": {},
    "rowIndex": "",
    "source": "",
    "value": ""
  },
  "propConfig": {
    "params.column": {
      "paramDirection": "input",
      "persistent": true
    },
    "params.columnIndex": {
      "paramDirection": "input",
      "persistent": true
    },
    "params.options": {
      "binding": {
        "config": {
          "expression": "now()"
        },
        "transforms": [
          {
            "code": "\tq\u003d\u0027\u0027\u0027SELECT Press FROM [PPC].[ppc].[SO_Planning]\u0027\u0027\u0027\n\targs\u003d[]\n\tdata\u003dsystem.db.runPrepQuery(q, args, \u0027PPC\u0027)\n\treturn data",
            "type": "script"
          }
        ],
        "type": "expr"
      },
      "paramDirection": "output",
      "persistent": true
    },
    "params.row": {
      "paramDirection": "input",
      "persistent": true
    },
    "params.rowData": {
      "paramDirection": "input",
      "persistent": true
    },
    "params.rowIndex": {
      "paramDirection": "input",
      "persistent": true
    },
    "params.source": {
      "paramDirection": "input",
      "persistent": true
    },
    "params.value": {
      "paramDirection": "input",
      "persistent": true
    }
  },
  "props": {
    "defaultSize": {
      "height": 35,
      "width": 132
    }
  },
  "root": {
    "children": [
      {
        "events": {
          "component": {
            "onActionPerformed": {
              "config": {
                "script": "\tpayload\u003d {\n\t\t\t\"newValue\":self.props.value,\n\t\t\t\"column\":self.view.params.column,\n\t\t\t\"rowData\":self.view.params.rowData,\n\t\t\t\"action\":\"update\",\n\t\t\t\"source\":self.view.params.source,\n\t\t\t\"rowIndex\":self.view.params.rowIndex\n\t\t}\n\tsystem.perspective.sendMessage(\"press_action\",payload,scope\u003d\"page\")"
              },
              "scope": "G",
              "type": "script"
            }
          }
        },
        "meta": {
          "name": "Dropdown"
        },
        "position": {
          "basis": "36px"
        },
        "propConfig": {
          "props.options": {
            "binding": {
              "config": {
                "path": "view.params.options"
              },
              "type": "property"
            }
          },
          "props.value": {
            "binding": {
              "config": {
                "path": "view.params.value"
              },
              "type": "property"
            }
          }
        },
        "type": "ia.input.dropdown"
      }
    ],
    "meta": {
      "name": "root"
    },
    "props": {
      "direction": "column"
    },
    "type": "ia.container.flex"
  }
}