{
  "custom": {},
  "params": {},
  "props": {
    "defaultSize": {
      "height": 1185,
      "width": 2242
    }
  },
  "root": {
    "children": [
      {
        "children": [
          {
            "children": [
              {
                "children": [
                  {
                    "children": [
                      {
                        "meta": {
                          "name": "Label"
                        },
                        "position": {
                          "basis": "140px"
                        },
                        "props": {
                          "style": {
                            "classes": "PPC/entry_label"
                          },
                          "text": "Extra pcs plan\n"
                        },
                        "type": "ia.display.label"
                      },
                      {
                        "meta": {
                          "name": "TextField"
                        },
                        "position": {
                          "basis": "300px"
                        },
                        "props": {
                          "style": {
                            "classes": "PPC/entry_field"
                          }
                        },
                        "type": "ia.input.text-field"
                      },
                      {
                        "meta": {
                          "name": "Label_0"
                        },
                        "position": {
                          "basis": "140px"
                        },
                        "props": {
                          "style": {
                            "classes": "PPC/entry_label"
                          },
                          "text": "No PCS required"
                        },
                        "type": "ia.display.label"
                      },
                      {
                        "meta": {
                          "name": "TextField_0"
                        },
                        "position": {
                          "basis": "300px"
                        },
                        "props": {
                          "style": {
                            "classes": "PPC/entry_field"
                          }
                        },
                        "type": "ia.input.text-field"
                      },
                      {
                        "meta": {
                          "name": "Label_1"
                        },
                        "position": {
                          "basis": "140px"
                        },
                        "props": {
                          "style": {
                            "classes": "PPC/entry_label"
                          },
                          "text": "Total push"
                        },
                        "type": "ia.display.label"
                      },
                      {
                        "meta": {
                          "name": "TextField_1"
                        },
                        "position": {
                          "basis": "300px"
                        },
                        "props": {
                          "style": {
                            "classes": "PPC/entry_field"
                          }
                        },
                        "type": "ia.input.text-field"
                      },
                      {
                        "meta": {
                          "name": "Label_2"
                        },
                        "position": {
                          "basis": "140px"
                        },
                        "props": {
                          "style": {
                            "classes": "PPC/entry_label"
                          },
                          "text": "Total pcs"
                        },
                        "type": "ia.display.label"
                      },
                      {
                        "meta": {
                          "name": "TextField_2"
                        },
                        "position": {
                          "basis": "300px"
                        },
                        "props": {
                          "style": {
                            "classes": "PPC/entry_field"
                          }
                        },
                        "type": "ia.input.text-field"
                      }
                    ],
                    "meta": {
                      "name": "FlexContainer"
                    },
                    "position": {
                      "basis": "48px"
                    },
                    "props": {
                      "style": {
                        "overflow": "hidden"
                      }
                    },
                    "type": "ia.container.flex"
                  },
                  {
                    "children": [
                      {
                        "meta": {
                          "name": "Label"
                        },
                        "position": {
                          "basis": "140px"
                        },
                        "props": {
                          "style": {
                            "classes": "PPC/entry_label"
                          },
                          "text": "% of extra pcs"
                        },
                        "type": "ia.display.label"
                      },
                      {
                        "meta": {
                          "name": "TextField"
                        },
                        "position": {
                          "basis": "300px"
                        },
                        "props": {
                          "style": {
                            "classes": "PPC/entry_field"
                          }
                        },
                        "type": "ia.input.text-field"
                      },
                      {
                        "meta": {
                          "name": "Label_0"
                        },
                        "position": {
                          "basis": "140px"
                        },
                        "props": {
                          "style": {
                            "classes": "PPC/entry_label"
                          },
                          "text": "Approx rec%"
                        },
                        "type": "ia.display.label"
                      },
                      {
                        "meta": {
                          "name": "TextField_0"
                        },
                        "position": {
                          "basis": "300px"
                        },
                        "props": {
                          "style": {
                            "classes": "PPC/entry_field"
                          }
                        },
                        "type": "ia.input.text-field"
                      }
                    ],
                    "meta": {
                      "name": "FlexContainer_0"
                    },
                    "position": {
                      "basis": "48px"
                    },
                    "type": "ia.container.flex"
                  }
                ],
                "meta": {
                  "name": "FlexContainer_0"
                },
                "position": {
                  "basis": "200px"
                },
                "props": {
                  "direction": "column",
                  "justify": "space-between"
                },
                "type": "ia.container.flex"
              }
            ],
            "meta": {
              "name": "FlexContainer"
            },
            "position": {
              "basis": "118px"
            },
            "props": {
              "direction": "column",
              "justify": "space-around"
            },
            "type": "ia.container.flex"
          }
        ],
        "meta": {
          "name": "root"
        },
        "position": {
          "basis": "109px"
        },
        "props": {
          "direction": "column",
          "justify": "space-around"
        },
        "type": "ia.container.flex"
      },
      {
        "children": [
          {
            "children": [
              {
                "children": [
                  {
                    "children": [
                      {
                        "meta": {
                          "name": "Label"
                        },
                        "position": {
                          "basis": "140px"
                        },
                        "props": {
                          "style": {
                            "classes": "PPC/entry_label"
                          },
                          "text": "Total no Billet\n"
                        },
                        "type": "ia.display.label"
                      },
                      {
                        "meta": {
                          "name": "TextField"
                        },
                        "position": {
                          "basis": "300px"
                        },
                        "props": {
                          "style": {
                            "classes": "PPC/entry_field"
                          }
                        },
                        "type": "ia.input.text-field"
                      },
                      {
                        "meta": {
                          "name": "Label_0"
                        },
                        "position": {
                          "basis": "140px"
                        },
                        "props": {
                          "style": {
                            "classes": "PPC/entry_label"
                          },
                          "text": "piping(y/n)*"
                        },
                        "type": "ia.display.label"
                      },
                      {
                        "meta": {
                          "name": "RadioGroup"
                        },
                        "position": {
                          "basis": "155px"
                        },
                        "props": {
                          "radios": [
                            {
                              "selected": true,
                              "text": "Yes",
                              "value": "Radio button"
                            }
                          ]
                        },
                        "type": "ia.input.radio-group"
                      },
                      {
                        "meta": {
                          "name": "RadioGroup_0"
                        },
                        "position": {
                          "basis": "155px"
                        },
                        "props": {
                          "radios": [
                            {
                              "selected": true,
                              "text": "No",
                              "value": "Radio button"
                            }
                          ]
                        },
                        "type": "ia.input.radio-group"
                      },
                      {
                        "meta": {
                          "name": "Label_1"
                        },
                        "position": {
                          "basis": "140px"
                        },
                        "props": {
                          "style": {
                            "classes": "PPC/entry_label"
                          },
                          "text": "Backend*"
                        },
                        "type": "ia.display.label"
                      },
                      {
                        "meta": {
                          "name": "TextField_1"
                        },
                        "position": {
                          "basis": "300px"
                        },
                        "props": {
                          "style": {
                            "classes": "PPC/entry_field"
                          }
                        },
                        "type": "ia.input.text-field"
                      },
                      {
                        "meta": {
                          "name": "Label_3"
                        },
                        "position": {
                          "basis": "140px"
                        },
                        "props": {
                          "style": {
                            "classes": "PPC/entry_label"
                          },
                          "text": "Frontend*"
                        },
                        "type": "ia.display.label"
                      },
                      {
                        "meta": {
                          "name": "TextField_2"
                        },
                        "position": {
                          "basis": "300px"
                        },
                        "props": {
                          "style": {
                            "classes": "PPC/entry_field"
                          }
                        },
                        "type": "ia.input.text-field"
                      }
                    ],
                    "meta": {
                      "name": "FlexContainer"
                    },
                    "position": {
                      "basis": "48px"
                    },
                    "props": {
                      "style": {
                        "overflow": "hidden"
                      }
                    },
                    "type": "ia.container.flex"
                  },
                  {
                    "children": [
                      {
                        "meta": {
                          "name": "Label"
                        },
                        "position": {
                          "basis": "140px"
                        },
                        "props": {
                          "style": {
                            "classes": "PPC/entry_label"
                          },
                          "text": "PPC remark*"
                        },
                        "type": "ia.display.label"
                      },
                      {
                        "meta": {
                          "name": "TextField"
                        },
                        "position": {
                          "basis": "300px"
                        },
                        "props": {
                          "style": {
                            "classes": "PPC/entry_field"
                          }
                        },
                        "type": "ia.input.text-field"
                      },
                      {
                        "meta": {
                          "name": "Label_1"
                        },
                        "position": {
                          "basis": "140px"
                        },
                        "props": {
                          "style": {
                            "classes": "PPC/entry_label"
                          },
                          "text": "Release blank"
                        },
                        "type": "ia.display.label"
                      },
                      {
                        "meta": {
                          "name": "Checkbox"
                        },
                        "position": {
                          "basis": "300px"
                        },
                        "props": {
                          "selected": true,
                          "text": ""
                        },
                        "type": "ia.input.checkbox"
                      },
                      {
                        "meta": {
                          "name": "Label_2"
                        },
                        "position": {
                          "basis": "140px"
                        },
                        "props": {
                          "style": {
                            "classes": "PPC/entry_label"
                          },
                          "text": "Logo printing"
                        },
                        "type": "ia.display.label"
                      },
                      {
                        "meta": {
                          "name": "RadioGroup"
                        },
                        "position": {
                          "basis": "106px"
                        },
                        "props": {
                          "radios": [
                            {
                              "selected": true,
                              "text": "Yes",
                              "value": "Radio button"
                            }
                          ]
                        },
                        "type": "ia.input.radio-group"
                      },
                      {
                        "meta": {
                          "name": "RadioGroup_0"
                        },
                        "position": {
                          "basis": "155px"
                        },
                        "props": {
                          "radios": [
                            {
                              "selected": true,
                              "text": "No",
                              "value": "Radio button"
                            }
                          ]
                        },
                        "type": "ia.input.radio-group"
                      }
                    ],
                    "meta": {
                      "name": "FlexContainer_0"
                    },
                    "position": {
                      "basis": "48px"
                    },
                    "type": "ia.container.flex"
                  }
                ],
                "meta": {
                  "name": "FlexContainer_0"
                },
                "position": {
                  "basis": "200px"
                },
                "props": {
                  "direction": "column",
                  "justify": "space-between"
                },
                "type": "ia.container.flex"
              }
            ],
            "meta": {
              "name": "FlexContainer"
            },
            "position": {
              "basis": "118px"
            },
            "props": {
              "direction": "column",
              "justify": "space-around"
            },
            "type": "ia.container.flex"
          }
        ],
        "meta": {
          "name": "root_0"
        },
        "position": {
          "basis": "109px"
        },
        "props": {
          "direction": "column",
          "justify": "space-around"
        },
        "type": "ia.container.flex"
      },
      {
        "children": [
          {
            "meta": {
              "name": "Button"
            },
            "position": {
              "basis": "80px"
            },
            "props": {
              "style": {
                "classes": "PPC/button"
              },
              "text": "Hold"
            },
            "type": "ia.input.button"
          },
          {
            "meta": {
              "name": "Button_0"
            },
            "position": {
              "basis": "80px"
            },
            "props": {
              "style": {
                "classes": "PPC/button"
              },
              "text": "Complete"
            },
            "type": "ia.input.button"
          },
          {
            "meta": {
              "name": "Button_1"
            },
            "position": {
              "basis": "80px"
            },
            "props": {
              "style": {
                "classes": "PPC/button"
              },
              "text": "Reassign"
            },
            "type": "ia.input.button"
          },
          {
            "meta": {
              "name": "Button_2"
            },
            "position": {
              "basis": "80px"
            },
            "props": {
              "style": {
                "classes": "PPC/button"
              },
              "text": "Clear"
            },
            "type": "ia.input.button"
          },
          {
            "meta": {
              "name": "Button_3"
            },
            "position": {
              "basis": "80px"
            },
            "props": {
              "style": {
                "classes": "PPC/button"
              },
              "text": "Update"
            },
            "type": "ia.input.button"
          }
        ],
        "meta": {
          "name": "FlexContainer_0"
        },
        "position": {
          "basis": "48px"
        },
        "props": {
          "justify": "space-around"
        },
        "type": "ia.container.flex"
      }
    ],
    "meta": {
      "name": "root"
    },
    "props": {
      "direction": "column",
      "justify": "space-between"
    },
    "type": "ia.container.flex"
  }
}