{
  "custom": {},
  "params": {
    "flag": ""
  },
  "propConfig": {
    "params.flag": {
      "paramDirection": "input",
      "persistent": true
    }
  },
  "props": {
    "defaultSize": {
      "height": 730,
      "width": 430
    }
  },
  "root": {
    "children": [
      {
        "children": [
          {
            "meta": {
              "name": "Icon_Jindal"
            },
            "position": {
              "basis": "100px"
            },
            "props": {
              "altText": "jindal",
              "fit": {
                "height": 60,
                "mode": "contain",
                "width": 70
              },
              "source": "/system/images/Jindal_logo.png"
            },
            "type": "ia.display.image"
          },
          {
            "meta": {
              "name": "Label"
            },
            "position": {
              "basis": "234px",
              "grow": 1
            },
            "props": {
              "style": {
                "color": "#000080",
                "fontFamily": "Verdana",
                "fontSize": "25px",
                "fontWeight": "bolder",
                "textAlign": "center"
              },
              "text": "Log Receiving"
            },
            "type": "ia.display.label"
          },
          {
            "events": {
              "dom": {
                "onClick": {
                  "config": {
                    "draggable": true,
                    "id": "rodISXyx",
                    "modal": false,
                    "overlayDismiss": true,
                    "resizable": true,
                    "showCloseIcon": true,
                    "title": "Confirm Submit",
                    "type": "open",
                    "viewPath": "Popups/Logout",
                    "viewportBound": false
                  },
                  "scope": "C",
                  "type": "popup"
                }
              }
            },
            "meta": {
              "name": "Icon",
              "tooltip": {
                "location": "top-right"
              }
            },
            "position": {
              "basis": "40px"
            },
            "props": {
              "path": "material/exit_to_app"
            },
            "type": "ia.display.icon"
          }
        ],
        "meta": {
          "name": "FlexContainer_Header"
        },
        "position": {
          "basis": "110px"
        },
        "props": {
          "style": {
            "backgroundColor": ""
          }
        },
        "type": "ia.container.flex"
      },
      {
        "children": [
          {
            "children": [
              {
                "meta": {
                  "name": "Label_STOpo"
                },
                "position": {
                  "basis": "67px"
                },
                "props": {
                  "style": {
                    "color": "#000080",
                    "fontFamily": "Arial",
                    "fontSize": "18px",
                    "fontWeight": "bold"
                  },
                  "text": "STO PO No."
                },
                "type": "ia.display.label"
              },
              {
                "meta": {
                  "name": "Label_DisQty"
                },
                "position": {
                  "basis": "93px"
                },
                "props": {
                  "style": {
                    "color": "#000080",
                    "fontFamily": "Arial",
                    "fontSize": "18px",
                    "fontWeight": "bold"
                  },
                  "text": "Dispatched Qty"
                },
                "type": "ia.display.label"
              },
              {
                "meta": {
                  "name": "Label_LogID"
                },
                "position": {
                  "basis": "80px"
                },
                "props": {
                  "style": {
                    "color": "#000080",
                    "fontFamily": "Arial",
                    "fontSize": "18px",
                    "fontWeight": "bold",
                    "marginBottom": "20px",
                    "marginTop": "6px"
                  },
                  "text": "Scanned Log Batch_ID"
                },
                "type": "ia.display.label"
              },
              {
                "events": {
                  "component": {
                    "onActionPerformed": {
                      "config": {
                        "script": "\trawQR \u003d self.parent.parent.getChild(\"FlexContainer_0\").getChild(\"TextFieldLogBatchId\").custom.QRraw\n\tLOGID \u003d self.parent.parent.getChild(\"FlexContainer_0\").getChild(\"TextFieldLogBatchId\").props.text\t  \n\tpayload \u003d {\"A\" : LOGID}\n\t#system.perspective.sendMessage(\"logID\", payload, scope \u003d \"session\")\n\t#system.perspective.print(\u0027logid sent\u0027)\n\t#check if the scanned data is present on 75\n\tquery1 \u003d \u0027\u0027\u0027select [Log_ID]\n\t\t\t\tfrom [dbo].[Receiving_Logid]\n\t\t\t\twhere [Log_ID]\u003d?\u0027\u0027\u0027\n\targs1 \u003d [LOGID]\n\tdata \u003d system.db.runPrepQuery(query1, args1, \u0027Receivingdata\u0027)\n\t#if data is not present go to 236 data and fetch for that log id\n\tif(len(data)\u003c1):\n\t\tquery2 \u003d \u0027\u0027\u0027select \n\t\t\t\t[MESDispatch_UUID],\n\t\t\t\t[Log_ID],\n\t\t\t\t[Po_No],\n\t\t\t\t[Alloy],\n\t\t\t\t[Dia],\n\t\t\t\t[Length],\n\t\t\t\t[Weight],\n\t\t\t\t[SAP_ID],\n\t\t\t\t[SFG]\n\t\t\t\tfrom [dbo].[Dispatch_Logid]\n\t\t\twhere [Log_ID]\u003d?\u0027\u0027\u0027\n\t\t\n\t\tdata1 \u003d system.db.runPrepQuery(query2, args1, \u0027DispatchedData\u0027)\n\t\t#data1 \u003d system.dataset.toDataSet(data11)\n\t\tuid \u003d data1[0][\u0027MESDispatch_UUID\u0027]\n\t\t#uid \u003d data1[0]\n\t\tlogid \u003d data1[0][\u0027Log_ID\u0027]\n\t\tpono \u003d data1[0][\u0027Po_No\u0027]\n\t\talloy \u003d data1[0][\u0027Alloy\u0027]\n\t\tdia \u003d data1[0][\u0027Dia\u0027]\n\t\tlength \u003d data1[0][\u0027Length\u0027]\n\t\tweight \u003d data1[0][\u0027Weight\u0027]\n\t\tsapid \u003d data1[0][\u0027SAP_ID\u0027]\n\t\tsfg \u003d data1[0][\u0027SFG\u0027]\n\t#after fetching the data add it into the 75 data \n\t\tquery3 \u003d \u0027\u0027\u0027insert into [JALLOG].[dbo].[Receiving_Logid]([MESDispatch_UUID]\n\t      ,[Log_ID]\n\t      ,[Alloy]\n\t      ,[Dia]\n\t      ,[Length]\n\t      ,[Weight]\n\t      ,[SAP_ID]\n\t      ,[QR_Raw]\n\t      ,[SFG]\n\t      ,[Po_No])values (?,?,?,?,?,?,?,?,?,?)\u0027\u0027\u0027\n\t   \targs2 \u003d [uid,logid,alloy,dia,length,weight,sapid,rawQR,sfg,pono]\n\t   \tdata3 \u003d system.db.runPrepUpdate(query3, args2, \u0027Receivingdata\u0027)\n\t   \t\n\t   \tsystem.perspective.print(\u0027Insert query executed\u0027)\n#\t   \tself.getSibling(\"Label\").meta.visible \u003d False\n#\telse:\n#\t\tself.getSibling(\"Label\").meta.visible \u003d True\n#\t\tself.getSibling(\"Label\").props.text \u003d \"Log is already scanned\"\n#\tsystem.perspective.closePopup(\u0027JejZDfsP\u0027)\n\t\t   \n\t#get the length and weight pass it to main view\n\tquery4 \u003d \u0027\u0027\u0027 select \n\t  \t  sum(L.Weight) as total_weight,\n\t  \t  count(L.Log_ID) as total_logs\n\t  \t  from [dbo].[Dispatch_Logid] as L\n\t  \t  join [dbo].[MES_Dispatch] as M\n\t  \t  on L.MESDispatch_UUID \u003d M.UUID\n\t  \t  Where M.UUID \u003d ? \u0027\u0027\u0027\n\targs4 \u003d[self.parent.parent.getChild(\"FlexContainer_0\").getChild(\"Dropdown_StoPO\").props.value]\n\tdata4 \u003d system.db.runPrepQuery(query4, args4, \u0027Dispatcheddata\u0027)\n\ttw \u003d data4[0][\u0027total_weight\u0027]\n\ttl \u003d data4[0][\u0027total_logs\u0027]\n\tself.parent.parent.getChild(\"FlexContainer_0\").getChild(\"TextFieldScannedQty\").props.text \u003d tl\n\tself.parent.parent.getChild(\"FlexContainer_0\").getChild(\"TextFieldScannedQty_0\").props.text \u003d tw\n\tsystem.perspective.print(\u0027----------------------------Totals sent-------------------\u0027)"
                      },
                      "scope": "G",
                      "type": "script"
                    }
                  }
                },
                "meta": {
                  "name": "Button"
                },
                "position": {
                  "basis": "34px"
                },
                "propConfig": {
                  "props.enabled": {
                    "binding": {
                      "config": {
                        "path": ".../FlexContainer_0/TextFieldLogBatchId.props.text"
                      },
                      "enabled": false,
                      "transforms": [
                        {
                          "code": "\tquery1 \u003d \u0027\u0027\u0027select [Log_ID]\n\t\t\t\tfrom [dbo].[Receiving_Logid]\n\t\t\t\twhere [Log_ID]\u003d?\u0027\u0027\u0027\n\targs1 \u003d [value]\n\tdata \u003d system.db.runPrepQuery(query1, args1, \u0027Receivingdata\u0027)\n\t#if data is not present go to 236 data and fetch for that log id\n\tif(len(data)\u003c1):\n\t\treturn False\n\telse:\t\n\t\treturn True",
                          "type": "script"
                        }
                      ],
                      "type": "property"
                    }
                  }
                },
                "props": {
                  "style": {
                    "backgroundColor": "#000080",
                    "borderBottomLeftRadius": "5px",
                    "borderBottomRightRadius": "5px",
                    "borderTopLeftRadius": "5px",
                    "borderTopRightRadius": "5px",
                    "fontSize": "18px",
                    "fontWeight": "bold",
                    "marginLeft": "130px",
                    "textAlign": "center"
                  },
                  "text": "OK"
                },
                "type": "ia.input.button"
              },
              {
                "meta": {
                  "name": "Label",
                  "visible": false
                },
                "position": {
                  "basis": "21px"
                },
                "props": {
                  "style": {
                    "color": "#C92525",
                    "fontSize": 18,
                    "fontWeight": "bold",
                    "paddingLeft": "50px",
                    "textAlign": "right"
                  },
                  "text": "Duplicate!"
                },
                "type": "ia.display.label"
              },
              {
                "meta": {
                  "name": "Label_ScannedQty"
                },
                "position": {
                  "basis": "98px"
                },
                "props": {
                  "style": {
                    "color": "#000080",
                    "fontFamily": "Arial",
                    "fontSize": "18px",
                    "fontWeight": "bold"
                  },
                  "text": "Scanned Qty(in Nos)"
                },
                "type": "ia.display.label"
              },
              {
                "meta": {
                  "name": "Label_ScannedQty_0"
                },
                "position": {
                  "basis": "50px"
                },
                "props": {
                  "style": {
                    "color": "#000080",
                    "fontFamily": "Arial",
                    "fontSize": "18px",
                    "fontWeight": "bold"
                  },
                  "text": "Total Scanned Qty(in kgs)"
                },
                "type": "ia.display.label"
              }
            ],
            "meta": {
              "name": "FlexContainer"
            },
            "position": {
              "basis": "229px"
            },
            "props": {
              "direction": "column",
              "justify": "space-around",
              "style": {
                "marginLeft": "5px",
                "marginRight": "5px",
                "paddingBottom": "15px",
                "paddingLeft": "3px",
                "paddingRight": "3px",
                "paddingTop": "15px"
              }
            },
            "type": "ia.container.flex"
          },
          {
            "children": [
              {
                "meta": {
                  "name": "Dropdown_StoPO"
                },
                "position": {
                  "basis": "36px"
                },
                "propConfig": {
                  "props.options": {
                    "binding": {
                      "config": {
                        "queryPath": "GetStoPO"
                      },
                      "type": "query"
                    }
                  }
                },
                "props": {
                  "dropdownOptionStyle": {
                    "backgroundColor": "#FFFFCC"
                  },
                  "placeholder": {
                    "color": "#000080"
                  },
                  "search": {
                    "enabled": false
                  },
                  "style": {
                    "backgroundColor": "",
                    "color": "#000080",
                    "fontSize": "18px",
                    "fontWeight": "bold"
                  },
                  "textAlign": "center"
                },
                "type": "ia.input.dropdown"
              },
              {
                "meta": {
                  "name": "TextFieldDisQty"
                },
                "position": {
                  "basis": "33px"
                },
                "propConfig": {
                  "props.text": {
                    "binding": {
                      "config": {
                        "parameters": {
                          "id": "{../Dropdown_StoPO.props.value}"
                        },
                        "queryPath": "getDispatchedQty"
                      },
                      "type": "query"
                    }
                  }
                },
                "props": {
                  "enabled": false,
                  "style": {
                    "color": "#000080",
                    "fontSize": 18,
                    "fontWeight": "bold",
                    "textAlign": "center"
                  }
                },
                "type": "ia.input.text-field"
              },
              {
                "custom": {
                  "QRraw": "B.NO-LOG ID:AH16J00013  LOG DIA:152.40 LENGTH:5700.00 ALLOY:A5S WEIGHT:280.59 SAP ID:0003947357 PO_NO:003000011512 8"
                },
                "events": {
                  "dom": {
                    "onMouseLeave": [
                      {
                        "config": {
                          "script": "\t\n    import re\n    import time \n    LOGID \u003d \"B.NO-LOG ID:AH16J00014  LOG DIA:152.40 LENGTH:5700.00 ALLOY:A5S WEIGHT:280.59 SAP ID:0003947357 PO_NO:003000011512 8\"\n    self.custom.QRraw \u003d LOGID\n    #logid \u003d self.props.text\n    #self.parent.parent.parent.getChild(\"TextField\").props.text \u003d logid\n    #LOGID\u003dself.parent.parent.parent.getChild(\"TextField\").props.text\n    if len(str(LOGID))\u003e20 and len(str(LOGID))\u003c\u003d110:\n        LOGID\u003dQRDATA.getLOGID.LOGID(LOGID)\n        \n    elif len(str(LOGID))\u003e110:    \n    #   Collect LOG ID if len \u003e 100 character\n        text \u003d str(LOGID)    \n        log_ids \u003d re.findall(r\u0027B\\.NO-LOG ID:\\s*(\\S+)\u0027, text)\n        quoted_data_list \u003d [\"\" + item + \"\" for item in log_ids]\n        data_string \u003d \u0027, \u0027.join(quoted_data_list)\n        LOGID\u003d data_string\n       \n\n    else:\n        LOGID\u003dLOGID \n       \n    self.props.text\u003dLOGID[0:10]            \t\t\n\n\n\n\n"
                        },
                        "scope": "G",
                        "type": "script"
                      },
                      {
                        "config": {
                          "script": "\t a \u003d self.props.text\n\t b\u003d \u0027[default]QRData\u0027\n\t system.tag.write(b, a)\n\t return a    "
                        },
                        "scope": "G",
                        "type": "script"
                      }
                    ]
                  }
                },
                "meta": {
                  "name": "TextFieldLogBatchId"
                },
                "position": {
                  "basis": "41px"
                },
                "props": {
                  "placeholder": "Click here to scan ",
                  "style": {
                    "color": "#000080",
                    "fontSize": 16,
                    "fontWeight": "bold",
                    "marginBottom": "80px",
                    "textAlign": "center"
                  }
                },
                "scripts": {
                  "customMethods": [],
                  "extensionFunctions": null,
                  "messageHandlers": [
                    {
                      "messageType": "logID",
                      "pageScope": false,
                      "script": "\tlogid \u003d payload[\u0027A\u0027]\n\tself.props.text \u003d logid\n\tsystem.perspective.print(\u0027logID recieved\u0027)",
                      "sessionScope": true,
                      "viewScope": false
                    },
                    {
                      "messageType": "totals",
                      "pageScope": false,
                      "script": "\tself.getSibling(\"TextFieldScannedQty\").props.text \u003d payload[\u0027total_logs\u0027]\n\tself.getSibling(\"TextFieldScannedQty_0\").props.text \u003d payload[\u0027total_weight\u0027]\n\tsystem.perspective.print(\u0027Recieved Payload of Total\u0027)\n\tsystem.perspective.print(\u0027**********RECIEVED************\u0027)",
                      "sessionScope": true,
                      "viewScope": false
                    }
                  ]
                },
                "type": "ia.input.text-field"
              },
              {
                "meta": {
                  "name": "TextFieldScannedQty"
                },
                "position": {
                  "basis": "37px"
                },
                "props": {
                  "enabled": false,
                  "style": {
                    "color": "#000080",
                    "fontSize": 18,
                    "fontWeight": "bold",
                    "marginTop": "40px",
                    "textAlign": "center"
                  }
                },
                "type": "ia.input.text-field"
              },
              {
                "meta": {
                  "name": "TextFieldScannedQty_0"
                },
                "position": {
                  "basis": "31px"
                },
                "props": {
                  "enabled": false,
                  "style": {
                    "color": "#000080",
                    "fontSize": 18,
                    "fontWeight": "bold",
                    "textAlign": "center"
                  }
                },
                "type": "ia.input.text-field"
              }
            ],
            "meta": {
              "name": "FlexContainer_0"
            },
            "position": {
              "basis": "168px"
            },
            "props": {
              "direction": "column",
              "justify": "space-around",
              "style": {
                "marginLeft": "5px",
                "marginRight": "5px",
                "paddingBottom": "15px",
                "paddingLeft": "3px",
                "paddingRight": "3px",
                "paddingTop": "10px"
              }
            },
            "type": "ia.container.flex"
          }
        ],
        "meta": {
          "name": "FlexContainer_Body"
        },
        "position": {
          "basis": "603px"
        },
        "props": {
          "justify": "space-between",
          "style": {
            "backgroundColor": "#F4F4EF"
          }
        },
        "type": "ia.container.flex"
      },
      {
        "children": [
          {
            "children": [
              {
                "events": {
                  "dom": {
                    "onClick": {
                      "config": {
                        "draggable": true,
                        "id": "uYcRkgCv",
                        "modal": false,
                        "overlayDismiss": true,
                        "resizable": true,
                        "showCloseIcon": true,
                        "title": "Generate QR",
                        "type": "open",
                        "viewPath": "Popups/SearchQR_Popup",
                        "viewportBound": false
                      },
                      "scope": "C",
                      "type": "popup"
                    }
                  }
                },
                "meta": {
                  "name": "Btn_searchQR"
                },
                "position": {
                  "basis": "131px"
                },
                "props": {
                  "style": {
                    "backgroundColor": "#000080",
                    "borderBottomLeftRadius": "5px",
                    "borderBottomRightRadius": "5px",
                    "borderTopLeftRadius": "5px",
                    "borderTopRightRadius": "5px",
                    "fontSize": "18px",
                    "fontWeight": "bold",
                    "textAlign": "center"
                  },
                  "text": "Search QR"
                },
                "type": "ia.input.button"
              },
              {
                "events": {
                  "dom": {
                    "onClick": {
                      "config": {
                        "draggable": true,
                        "id": "fkMqzE1o",
                        "modal": false,
                        "overlayDismiss": true,
                        "resizable": true,
                        "showCloseIcon": true,
                        "title": "Scanned Log Details",
                        "type": "open",
                        "viewParams": {
                          "sto_po": "{/root/FlexContainer_Body/FlexContainer_0/Dropdown_StoPO.props.value}"
                        },
                        "viewPath": "Mainscreen/ViewList",
                        "viewportBound": false
                      },
                      "scope": "C",
                      "type": "popup"
                    }
                  }
                },
                "meta": {
                  "name": "Btn_viewList"
                },
                "position": {
                  "basis": "126px"
                },
                "props": {
                  "style": {
                    "backgroundColor": "#000080",
                    "borderBottomLeftRadius": "5px",
                    "borderBottomRightRadius": "5px",
                    "borderTopLeftRadius": "5px",
                    "borderTopRightRadius": "5px",
                    "fontSize": "18px",
                    "fontWeight": "bold",
                    "textAlign": "center"
                  },
                  "text": "View List"
                },
                "type": "ia.input.button"
              }
            ],
            "meta": {
              "name": "FlexContainer"
            },
            "position": {
              "basis": "88px"
            },
            "props": {
              "justify": "space-around",
              "style": {
                "paddingBottom": "20px",
                "paddingTop": "20px"
              }
            },
            "type": "ia.container.flex"
          },
          {
            "children": [
              {
                "events": {
                  "component": {
                    "onActionPerformed": {
                      "config": {
                        "draggable": true,
                        "id": "xFxzffV2",
                        "modal": false,
                        "overlayDismiss": false,
                        "resizable": true,
                        "showCloseIcon": true,
                        "type": "open",
                        "viewPath": "Popups/Complete_popup",
                        "viewportBound": false
                      },
                      "scope": "C",
                      "type": "popup"
                    }
                  }
                },
                "meta": {
                  "name": "Button_Complete"
                },
                "position": {
                  "basis": "136px"
                },
                "props": {
                  "style": {
                    "backgroundColor": "#000080",
                    "borderBottomLeftRadius": "5px",
                    "borderBottomRightRadius": "5px",
                    "borderTopLeftRadius": "5px",
                    "borderTopRightRadius": "5px",
                    "fontSize": "18px",
                    "fontWeight": "bold",
                    "textAlign": "center"
                  },
                  "text": "Complete"
                },
                "type": "ia.input.button"
              }
            ],
            "meta": {
              "name": "FlexContainer_0"
            },
            "position": {
              "basis": "64px"
            },
            "props": {
              "justify": "center",
              "style": {
                "paddingBottom": "10px",
                "paddingTop": "5px"
              }
            },
            "type": "ia.container.flex"
          }
        ],
        "meta": {
          "name": "FlexContainer_Btns"
        },
        "position": {
          "basis": "198px"
        },
        "props": {
          "direction": "column",
          "style": {
            "backgroundColor": ""
          }
        },
        "type": "ia.container.flex"
      }
    ],
    "events": {
      "system": {
        "onStartup": {
          "config": {
            "script": "\tsystem.perspective.print(\u0027Reccccccccccc\u0027)\n\tself.getChild(\"FlexContainer_Body\").getChild(\"FlexContainer_0\").getChild(\"Dropdown_StoPO\").props.value \u003d \u0027\u0027\n\tself.getChild(\"FlexContainer_Body\").getChild(\"FlexContainer_0\").getChild(\"TextFieldDisQty\").props.text \u003d \u0027\u0027\n\tself.getChild(\"FlexContainer_Body\").getChild(\"FlexContainer_0\").getChild(\"TextFieldLogBatchId\").props.text \u003d \u0027\u0027\n\tself.getChild(\"FlexContainer_Body\").getChild(\"FlexContainer_0\").getChild(\"TextFieldScannedQty\").props.text \u003d \u0027\u0027\n\tself.getChild(\"FlexContainer_Body\").getChild(\"FlexContainer_0\").getChild(\"TextFieldScannedQty_0\").props.text\u003d\u0027\u0027\n\t\t"
          },
          "scope": "G",
          "type": "script"
        }
      }
    },
    "meta": {
      "name": "root"
    },
    "props": {
      "direction": "column",
      "style": {
        "marginBottom": 10,
        "marginLeft": 10,
        "marginRight": 10,
        "marginTop": 10
      }
    },
    "scripts": {
      "customMethods": [],
      "extensionFunctions": null,
      "messageHandlers": [
        {
          "messageType": "clear",
          "pageScope": true,
          "script": "\tsystem.perspective.print(\u0027Reccccccccccc\u0027)\n\tself.getChild(\"FlexContainer_Body\").getChild(\"FlexContainer_0\").getChild(\"Dropdown_StoPO\").props.value \u003d \u0027\u0027\n\tself.getChild(\"FlexContainer_Body\").getChild(\"FlexContainer_0\").getChild(\"TextFieldDisQty\").props.text \u003d \u0027\u0027\n\tself.getChild(\"FlexContainer_Body\").getChild(\"FlexContainer_0\").getChild(\"TextFieldLogBatchId\").props.text \u003d \u0027\u0027\n\tself.getChild(\"FlexContainer_Body\").getChild(\"FlexContainer_0\").getChild(\"TextFieldScannedQty\").props.text \u003d \u0027\u0027\n\tself.getChild(\"FlexContainer_Body\").getChild(\"FlexContainer_0\").getChild(\"TextFieldScannedQty_0\").props.text\u003d\u0027\u0027\n\t",
          "sessionScope": false,
          "viewScope": false
        }
      ]
    },
    "type": "ia.container.flex"
  }
}