{
  "custom": {},
  "params": {
    "Location": "DF",
    "LogStandNo": 1,
    "NoOfInLogs": 298,
    "NoOfOutLogs": 338
  },
  "propConfig": {
    "params.Location": {
      "paramDirection": "input",
      "persistent": true
    },
    "params.LogStandNo": {
      "paramDirection": "input",
      "persistent": true
    },
    "params.NoOfInLogs": {
      "paramDirection": "output",
      "persistent": true
    },
    "params.NoOfOutLogs": {
      "paramDirection": "output",
      "persistent": true
    }
  },
  "props": {},
  "root": {
    "children": [
      {
        "meta": {
          "name": "FlexContainer1"
        },
        "position": {
          "basis": "2px"
        },
        "type": "ia.container.flex"
      },
      {
        "children": [
          {
            "children": [
              {
                "children": [
                  {
                    "children": [
                      {
                        "meta": {
                          "name": "Label"
                        },
                        "position": {
                          "basis": "50px",
                          "grow": 1
                        },
                        "props": {
                          "style": {
                            "marginLeft": 10
                          },
                          "text": "Inward Logs"
                        },
                        "type": "ia.display.label"
                      }
                    ],
                    "meta": {
                      "name": "FlexContainer2111"
                    },
                    "position": {
                      "basis": "140px"
                    },
                    "type": "ia.container.flex"
                  },
                  {
                    "children": [
                      {
                        "events": {
                          "dom": {
                            "onClick": {
                              "config": {
                                "draggable": false,
                                "id": "AddInLogPopup",
                                "modal": true,
                                "overlayDismiss": true,
                                "position": {
                                  "height": 200,
                                  "width": 400
                                },
                                "positionType": "exact",
                                "resizable": false,
                                "showCloseIcon": true,
                                "type": "open",
                                "viewParams": {
                                  "Location": "{view.params.Location}",
                                  "LogStandNo": "{view.params.LogStandNo}"
                                },
                                "viewPath": "LogTrackTemplates/AddInLogManually",
                                "viewportBound": false
                              },
                              "scope": "C",
                              "type": "popup"
                            }
                          }
                        },
                        "meta": {
                          "name": "AddIn"
                        },
                        "position": {
                          "basis": "80px",
                          "grow": 1
                        },
                        "props": {
                          "style": {
                            "marginBottom": 2,
                            "marginLeft": 2,
                            "marginRight": 2,
                            "marginTop": 2
                          },
                          "text": "Add Log"
                        },
                        "type": "ia.input.button"
                      },
                      {
                        "events": {
                          "dom": {
                            "onClick": {
                              "config": {
                                "draggable": false,
                                "id": "RemoveInLogPopup",
                                "modal": true,
                                "overlayDismiss": true,
                                "position": {
                                  "height": 200,
                                  "width": 400
                                },
                                "positionType": "exact",
                                "resizable": false,
                                "showCloseIcon": true,
                                "type": "open",
                                "viewParams": {
                                  "LogStandNo": "{view.params.LogStandNo}"
                                },
                                "viewPath": "LogTrackTemplates/RemoveInLogManually",
                                "viewportBound": false
                              },
                              "scope": "C",
                              "type": "popup"
                            }
                          }
                        },
                        "meta": {
                          "name": "RemoveIn"
                        },
                        "position": {
                          "basis": "80px",
                          "display": false,
                          "grow": 1
                        },
                        "props": {
                          "style": {
                            "marginBottom": 2,
                            "marginLeft": 2,
                            "marginRight": 2,
                            "marginTop": 2
                          },
                          "text": "Remove Log"
                        },
                        "type": "ia.input.button"
                      }
                    ],
                    "meta": {
                      "name": "FlexContainer2112"
                    },
                    "position": {
                      "basis": "100px"
                    },
                    "type": "ia.container.flex"
                  },
                  {
                    "meta": {
                      "name": "FlexContainer2113"
                    },
                    "position": {
                      "basis": "200px"
                    },
                    "type": "ia.container.flex"
                  }
                ],
                "meta": {
                  "name": "FlexContainer211"
                },
                "position": {
                  "basis": "30px"
                },
                "type": "ia.container.flex"
              },
              {
                "children": [
                  {
                    "meta": {
                      "name": "Table1"
                    },
                    "position": {
                      "basis": "400px",
                      "grow": 1
                    },
                    "propConfig": {
                      "props.data": {
                        "binding": {
                          "config": {
                            "expression": "now(2000)"
                          },
                          "transforms": [
                            {
                              "code": "\tlogStandNo \u003d int(self.view.params.LogStandNo)\n\tlocation \u003d str(self.view.params.Location)\n\t\n\tquery \u003d \u0027\u0027\u0027\n\t\tSELECT [log_id]\n\t\t      ,[po]\n\t\t      ,[alloy]\n\t\t      ,[log_dia]\n\t\t      ,[log_length]\n\t\t      ,[log_weight]\n\t\t      ,[log_casting_date]\n\t\t      ,[log_inward_date] AS [log_in_out_date]\n\t\t  FROM [CIMS].[dbo].[mes_logtracker]\n\t\t  WHERE [log_stand_no] \u003d ?\n\t\t  AND [location] \u003d ?\n\t\t  AND [log_outward_date] IS NULL\n\t\t\u0027\u0027\u0027\n\tdataSet \u003d system.db.runPrepQuery(query, [logStandNo, location], \u0027CIMS2\u0027)\n\tself.view.params.NoOfInLogs \u003d dataSet.getRowCount() # len(dataSet)\n\treturn dataSet\n\t",
                              "type": "script"
                            }
                          ],
                          "type": "expr"
                        }
                      }
                    },
                    "props": {
                      "cells": {
                        "allowEditOn": "single-click",
                        "style": {
                          "classes": "Table/Table_Cell",
                          "fontFamily": "Arial",
                          "fontSize": 12,
                          "textAlign": "left"
                        }
                      },
                      "columns": [
                        {
                          "align": "center",
                          "boolean": "checkbox",
                          "dateFormat": "MM/DD/YYYY",
                          "editable": false,
                          "field": "log_id",
                          "filter": {
                            "boolean": {
                              "condition": ""
                            },
                            "date": {
                              "condition": "",
                              "value": ""
                            },
                            "enabled": false,
                            "number": {
                              "condition": "",
                              "value": ""
                            },
                            "string": {
                              "condition": "",
                              "value": ""
                            },
                            "visible": "on-hover"
                          },
                          "footer": {
                            "align": "center",
                            "justify": "left",
                            "style": {
                              "classes": ""
                            },
                            "title": ""
                          },
                          "header": {
                            "align": "center",
                            "justify": "center",
                            "style": {
                              "classes": ""
                            },
                            "title": "Log ID"
                          },
                          "justify": "center",
                          "number": "value",
                          "numberFormat": "0,0.##",
                          "progressBar": {
                            "bar": {
                              "color": "",
                              "style": {
                                "classes": ""
                              }
                            },
                            "max": 100,
                            "min": 0,
                            "track": {
                              "color": "",
                              "style": {
                                "classes": ""
                              }
                            },
                            "value": {
                              "enabled": true,
                              "format": "0,0.##",
                              "justify": "center",
                              "style": {
                                "classes": ""
                              }
                            }
                          },
                          "render": "view",
                          "resizable": true,
                          "sort": "none",
                          "sortable": false,
                          "strictWidth": false,
                          "style": {
                            "classes": ""
                          },
                          "toggleSwitch": {
                            "color": {
                              "selected": "",
                              "unselected": ""
                            }
                          },
                          "viewParams": {
                            "In_Out": "In",
                            "rowData": {}
                          },
                          "viewPath": "LogTrackTemplates/LogStandLogIdView",
                          "visible": true,
                          "width": ""
                        },
                        {
                          "align": "center",
                          "boolean": "checkbox",
                          "dateFormat": "MM/DD/YYYY",
                          "editable": false,
                          "field": "po",
                          "filter": {
                            "boolean": {
                              "condition": ""
                            },
                            "date": {
                              "condition": "",
                              "value": ""
                            },
                            "enabled": false,
                            "number": {
                              "condition": "",
                              "value": ""
                            },
                            "string": {
                              "condition": "",
                              "value": ""
                            },
                            "visible": "on-hover"
                          },
                          "footer": {
                            "align": "center",
                            "justify": "left",
                            "style": {
                              "classes": ""
                            },
                            "title": ""
                          },
                          "header": {
                            "align": "center",
                            "justify": "center",
                            "style": {
                              "classes": ""
                            },
                            "title": "PO"
                          },
                          "justify": "center",
                          "number": "value",
                          "numberFormat": "0,0.##",
                          "progressBar": {
                            "bar": {
                              "color": "",
                              "style": {
                                "classes": ""
                              }
                            },
                            "max": 100,
                            "min": 0,
                            "track": {
                              "color": "",
                              "style": {
                                "classes": ""
                              }
                            },
                            "value": {
                              "enabled": true,
                              "format": "0,0.##",
                              "justify": "center",
                              "style": {
                                "classes": ""
                              }
                            }
                          },
                          "render": "auto",
                          "resizable": true,
                          "sort": "none",
                          "sortable": false,
                          "strictWidth": false,
                          "style": {
                            "classes": ""
                          },
                          "toggleSwitch": {
                            "color": {
                              "selected": "",
                              "unselected": ""
                            }
                          },
                          "viewParams": {},
                          "viewPath": "",
                          "visible": true,
                          "width": ""
                        },
                        {
                          "align": "center",
                          "boolean": "checkbox",
                          "dateFormat": "MM/DD/YYYY",
                          "editable": false,
                          "field": "alloy",
                          "filter": {
                            "boolean": {
                              "condition": ""
                            },
                            "date": {
                              "condition": "",
                              "value": ""
                            },
                            "enabled": false,
                            "number": {
                              "condition": "",
                              "value": ""
                            },
                            "string": {
                              "condition": "",
                              "value": ""
                            },
                            "visible": "on-hover"
                          },
                          "footer": {
                            "align": "center",
                            "justify": "left",
                            "style": {
                              "classes": ""
                            },
                            "title": ""
                          },
                          "header": {
                            "align": "center",
                            "justify": "center",
                            "style": {
                              "classes": ""
                            },
                            "title": "Alloy"
                          },
                          "justify": "center",
                          "number": "value",
                          "numberFormat": "0,0.##",
                          "progressBar": {
                            "bar": {
                              "color": "",
                              "style": {
                                "classes": ""
                              }
                            },
                            "max": 100,
                            "min": 0,
                            "track": {
                              "color": "",
                              "style": {
                                "classes": ""
                              }
                            },
                            "value": {
                              "enabled": true,
                              "format": "0,0.##",
                              "justify": "center",
                              "style": {
                                "classes": ""
                              }
                            }
                          },
                          "render": "auto",
                          "resizable": true,
                          "sort": "none",
                          "sortable": false,
                          "strictWidth": false,
                          "style": {
                            "classes": ""
                          },
                          "toggleSwitch": {
                            "color": {
                              "selected": "",
                              "unselected": ""
                            }
                          },
                          "viewParams": {},
                          "viewPath": "",
                          "visible": true,
                          "width": ""
                        }
                      ],
                      "headerStyle": {
                        "classes": "Table/Table_Header"
                      },
                      "rows": {
                        "height": 33,
                        "style": {
                          "classes": "Table/Table_Row"
                        }
                      },
                      "style": {
                        "marginLeft": 2,
                        "marginRight": 2
                      }
                    },
                    "scripts": {
                      "customMethods": [],
                      "extensionFunctions": null,
                      "messageHandlers": [
                        {
                          "messageType": "AddLogManually",
                          "pageScope": true,
                          "script": "\t# implement your handler here\n\tself.refreshBinding(\"props.data\")",
                          "sessionScope": false,
                          "viewScope": false
                        },
                        {
                          "messageType": "RemoveLogManually",
                          "pageScope": true,
                          "script": "\t# implement your handler here\n\tself.refreshBinding(\u0027props.data\u0027)",
                          "sessionScope": false,
                          "viewScope": false
                        }
                      ]
                    },
                    "type": "ia.display.table"
                  }
                ],
                "meta": {
                  "name": "FlexContainer212"
                },
                "position": {
                  "basis": "200px",
                  "grow": 1
                },
                "type": "ia.container.flex"
              },
              {
                "meta": {
                  "name": "FlexContainer213"
                },
                "position": {
                  "basis": "2px"
                },
                "type": "ia.container.flex"
              }
            ],
            "meta": {
              "name": "FlexContainer21"
            },
            "position": {
              "basis": "200px",
              "grow": 1
            },
            "props": {
              "direction": "column"
            },
            "type": "ia.container.flex"
          },
          {
            "children": [
              {
                "children": [
                  {
                    "children": [
                      {
                        "meta": {
                          "name": "Label"
                        },
                        "position": {
                          "basis": "50px",
                          "grow": 1
                        },
                        "props": {
                          "style": {
                            "marginLeft": 10
                          },
                          "text": "Outward Logs"
                        },
                        "type": "ia.display.label"
                      }
                    ],
                    "meta": {
                      "name": "FlexContainer2211"
                    },
                    "position": {
                      "basis": "140px"
                    },
                    "type": "ia.container.flex"
                  },
                  {
                    "children": [
                      {
                        "events": {
                          "dom": {
                            "onClick": {
                              "config": {
                                "draggable": false,
                                "id": "AddOutLogPopup",
                                "modal": true,
                                "overlayDismiss": true,
                                "position": {
                                  "height": 200,
                                  "width": 400
                                },
                                "positionType": "exact",
                                "resizable": false,
                                "showCloseIcon": true,
                                "type": "open",
                                "viewParams": {
                                  "Location": "{view.params.Location}",
                                  "LogStandNo": "{view.params.LogStandNo}"
                                },
                                "viewPath": "LogTrackTemplates/AddOutLogManually",
                                "viewportBound": false
                              },
                              "scope": "C",
                              "type": "popup"
                            }
                          }
                        },
                        "meta": {
                          "name": "AddOut"
                        },
                        "position": {
                          "basis": "80px",
                          "grow": 1
                        },
                        "props": {
                          "style": {
                            "marginBottom": 2,
                            "marginLeft": 2,
                            "marginRight": 2,
                            "marginTop": 2
                          },
                          "text": "Add Log"
                        },
                        "type": "ia.input.button"
                      }
                    ],
                    "meta": {
                      "name": "FlexContainer2212"
                    },
                    "position": {
                      "basis": "100px"
                    },
                    "type": "ia.container.flex"
                  },
                  {
                    "meta": {
                      "name": "FlexContainer2213"
                    },
                    "position": {
                      "basis": "200px"
                    },
                    "type": "ia.container.flex"
                  }
                ],
                "meta": {
                  "name": "FlexContainer221"
                },
                "position": {
                  "basis": "30px"
                },
                "type": "ia.container.flex"
              },
              {
                "children": [
                  {
                    "meta": {
                      "name": "Table1"
                    },
                    "position": {
                      "basis": "400px",
                      "grow": 1
                    },
                    "propConfig": {
                      "props.data": {
                        "binding": {
                          "config": {
                            "expression": "now(2000)"
                          },
                          "overlayOptOut": true,
                          "transforms": [
                            {
                              "code": "\tlogStandNo \u003d int(self.view.params.LogStandNo)\n\tlocation \u003d str(self.view.params.Location)\n\tDT\u003dsystem.date.now()\n\tDT1\u003dsystem.date.addDays(DT, -7)\n\t\n\tquery \u003d \u0027\u0027\u0027\n\t\tSELECT [log_id]\n\t\t      ,[po]\n\t\t      ,[alloy]\n\t\t      ,[log_dia]\n\t\t      ,[log_length]\n\t\t      ,[log_weight]\n\t\t      ,[log_casting_date]\n\t\t      ,[log_outward_date] AS [log_in_out_date]\n\t\t  FROM [CIMS].[dbo].[mes_logtracker]\n\t\t  WHERE [log_stand_no] \u003d ?\n\t\t  AND [location] \u003d ?\n\t\t  AND [log_outward_date] IS NOT NULL\n\t\t  and log_outward_date\u003e\u003d ?\n\t\t\u0027\u0027\u0027\n\tdataSet \u003d system.db.runPrepQuery(query, [logStandNo, location, DT1], \u0027CIMS2\u0027)\n\tself.view.params.NoOfOutLogs \u003d dataSet.getRowCount() # len(dataSet)\n\treturn dataSet",
                              "type": "script"
                            }
                          ],
                          "type": "expr"
                        }
                      }
                    },
                    "props": {
                      "cells": {
                        "allowEditOn": "single-click",
                        "style": {
                          "classes": "Table/Table_Cell",
                          "fontFamily": "Arial",
                          "fontSize": 12,
                          "textAlign": "left"
                        }
                      },
                      "columns": [
                        {
                          "align": "center",
                          "boolean": "checkbox",
                          "dateFormat": "MM/DD/YYYY",
                          "editable": false,
                          "field": "log_id",
                          "filter": {
                            "boolean": {
                              "condition": ""
                            },
                            "date": {
                              "condition": "",
                              "value": ""
                            },
                            "enabled": false,
                            "number": {
                              "condition": "",
                              "value": ""
                            },
                            "string": {
                              "condition": "",
                              "value": ""
                            },
                            "visible": "on-hover"
                          },
                          "footer": {
                            "align": "center",
                            "justify": "left",
                            "style": {
                              "classes": ""
                            },
                            "title": ""
                          },
                          "header": {
                            "align": "center",
                            "justify": "center",
                            "style": {
                              "classes": ""
                            },
                            "title": "Log ID"
                          },
                          "justify": "center",
                          "number": "value",
                          "numberFormat": "0,0.##",
                          "progressBar": {
                            "bar": {
                              "color": "",
                              "style": {
                                "classes": ""
                              }
                            },
                            "max": 100,
                            "min": 0,
                            "track": {
                              "color": "",
                              "style": {
                                "classes": ""
                              }
                            },
                            "value": {
                              "enabled": true,
                              "format": "0,0.##",
                              "justify": "center",
                              "style": {
                                "classes": ""
                              }
                            }
                          },
                          "render": "view",
                          "resizable": true,
                          "sort": "none",
                          "sortable": false,
                          "strictWidth": true,
                          "style": {
                            "classes": ""
                          },
                          "toggleSwitch": {
                            "color": {
                              "selected": "",
                              "unselected": ""
                            }
                          },
                          "viewParams": {
                            "In_Out": "Out",
                            "rowData": {}
                          },
                          "viewPath": "LogTrackTemplates/LogStandLogIdView",
                          "visible": true,
                          "width": ""
                        },
                        {
                          "align": "center",
                          "boolean": "checkbox",
                          "dateFormat": "MM/DD/YYYY",
                          "editable": false,
                          "field": "po",
                          "filter": {
                            "boolean": {
                              "condition": ""
                            },
                            "date": {
                              "condition": "",
                              "value": ""
                            },
                            "enabled": false,
                            "number": {
                              "condition": "",
                              "value": ""
                            },
                            "string": {
                              "condition": "",
                              "value": ""
                            },
                            "visible": "on-hover"
                          },
                          "footer": {
                            "align": "center",
                            "justify": "left",
                            "style": {
                              "classes": ""
                            },
                            "title": ""
                          },
                          "header": {
                            "align": "center",
                            "justify": "center",
                            "style": {
                              "classes": ""
                            },
                            "title": "PO"
                          },
                          "justify": "center",
                          "number": "value",
                          "numberFormat": "0,0.##",
                          "progressBar": {
                            "bar": {
                              "color": "",
                              "style": {
                                "classes": ""
                              }
                            },
                            "max": 100,
                            "min": 0,
                            "track": {
                              "color": "",
                              "style": {
                                "classes": ""
                              }
                            },
                            "value": {
                              "enabled": true,
                              "format": "0,0.##",
                              "justify": "center",
                              "style": {
                                "classes": ""
                              }
                            }
                          },
                          "render": "auto",
                          "resizable": true,
                          "sort": "none",
                          "sortable": false,
                          "strictWidth": false,
                          "style": {
                            "classes": ""
                          },
                          "toggleSwitch": {
                            "color": {
                              "selected": "",
                              "unselected": ""
                            }
                          },
                          "viewParams": {},
                          "viewPath": "",
                          "visible": true,
                          "width": ""
                        },
                        {
                          "align": "center",
                          "boolean": "checkbox",
                          "dateFormat": "MM/DD/YYYY",
                          "editable": false,
                          "field": "alloy",
                          "filter": {
                            "boolean": {
                              "condition": ""
                            },
                            "date": {
                              "condition": "",
                              "value": ""
                            },
                            "enabled": false,
                            "number": {
                              "condition": "",
                              "value": ""
                            },
                            "string": {
                              "condition": "",
                              "value": ""
                            },
                            "visible": "on-hover"
                          },
                          "footer": {
                            "align": "center",
                            "justify": "left",
                            "style": {
                              "classes": ""
                            },
                            "title": ""
                          },
                          "header": {
                            "align": "center",
                            "justify": "center",
                            "style": {
                              "classes": ""
                            },
                            "title": "Alloy"
                          },
                          "justify": "center",
                          "number": "value",
                          "numberFormat": "0,0.##",
                          "progressBar": {
                            "bar": {
                              "color": "",
                              "style": {
                                "classes": ""
                              }
                            },
                            "max": 100,
                            "min": 0,
                            "track": {
                              "color": "",
                              "style": {
                                "classes": ""
                              }
                            },
                            "value": {
                              "enabled": true,
                              "format": "0,0.##",
                              "justify": "center",
                              "style": {
                                "classes": ""
                              }
                            }
                          },
                          "render": "auto",
                          "resizable": true,
                          "sort": "none",
                          "sortable": false,
                          "strictWidth": false,
                          "style": {
                            "classes": ""
                          },
                          "toggleSwitch": {
                            "color": {
                              "selected": "",
                              "unselected": ""
                            }
                          },
                          "viewParams": {},
                          "viewPath": "",
                          "visible": true,
                          "width": ""
                        }
                      ],
                      "headerStyle": {
                        "classes": "Table/Table_Header"
                      },
                      "rows": {
                        "height": 33,
                        "style": {
                          "classes": "Table/Table_Row"
                        }
                      },
                      "style": {
                        "marginLeft": 2,
                        "marginRight": 2
                      }
                    },
                    "scripts": {
                      "customMethods": [],
                      "extensionFunctions": null,
                      "messageHandlers": [
                        {
                          "messageType": "AddLogManually",
                          "pageScope": true,
                          "script": "\t# implement your handler here\n\tself.refreshBinding(\"props.data\")",
                          "sessionScope": false,
                          "viewScope": false
                        },
                        {
                          "messageType": "RemoveLogManually",
                          "pageScope": true,
                          "script": "\t# implement your handler here\n\tself.refreshBinding(\"props.data\")",
                          "sessionScope": false,
                          "viewScope": false
                        }
                      ]
                    },
                    "type": "ia.display.table"
                  }
                ],
                "meta": {
                  "name": "FlexContainer222"
                },
                "position": {
                  "basis": "200px",
                  "grow": 1
                },
                "type": "ia.container.flex"
              },
              {
                "meta": {
                  "name": "FlexContainer223"
                },
                "position": {
                  "basis": "1px"
                },
                "type": "ia.container.flex"
              }
            ],
            "meta": {
              "name": "FlexContainer22"
            },
            "position": {
              "basis": "200px",
              "grow": 1
            },
            "props": {
              "direction": "column"
            },
            "type": "ia.container.flex"
          }
        ],
        "meta": {
          "name": "FlexContainer2"
        },
        "position": {
          "basis": "200px",
          "grow": 1
        },
        "type": "ia.container.flex"
      },
      {
        "meta": {
          "name": "FlexContainer3"
        },
        "position": {
          "basis": "2px"
        },
        "type": "ia.container.flex"
      }
    ],
    "meta": {
      "name": "root"
    },
    "props": {
      "direction": "column"
    },
    "type": "ia.container.flex"
  }
}