{
  "custom": {},
  "params": {
    "From": "2023-10-01 10:00:00",
    "To": "2023-10-10 11:00:00"
  },
  "propConfig": {
    "params.From": {
      "paramDirection": "input",
      "persistent": true
    },
    "params.To": {
      "paramDirection": "input",
      "persistent": true
    }
  },
  "props": {
    "defaultSize": {
      "width": 1327
    }
  },
  "root": {
    "children": [
      {
        "children": [
          {
            "children": [
              {
                "meta": {
                  "name": "EmbeddedView"
                },
                "position": {
                  "basis": "320px",
                  "grow": 1
                },
                "props": {
                  "path": "Error/Template/Material/Material"
                },
                "type": "ia.display.view"
              }
            ],
            "meta": {
              "name": "Material"
            },
            "props": {
              "direction": "column"
            },
            "type": "ia.container.flex"
          },
          {
            "children": [
              {
                "meta": {
                  "name": "EmbeddedView"
                },
                "position": {
                  "basis": "320px",
                  "grow": 1
                },
                "props": {
                  "path": "Error/Template/Operation/Operation"
                },
                "type": "ia.display.view"
              }
            ],
            "meta": {
              "name": "Operation"
            },
            "position": {
              "tabIndex": 1
            },
            "props": {
              "direction": "column"
            },
            "type": "ia.container.flex"
          },
          {
            "children": [
              {
                "meta": {
                  "name": "EmbeddedView"
                },
                "position": {
                  "basis": "320px",
                  "grow": 1
                },
                "props": {
                  "path": "Error/Template/Endcut\u0026Homog/End_Cutt_Erro_Log"
                },
                "type": "ia.display.view"
              }
            ],
            "meta": {
              "name": "End_cutt_\u0026_Homo"
            },
            "position": {
              "tabIndex": 2
            },
            "props": {
              "direction": "column"
            },
            "type": "ia.container.flex"
          }
        ],
        "meta": {
          "name": "TabContainer"
        },
        "position": {
          "basis": "300px",
          "grow": 1
        },
        "props": {
          "contentStyle": {
            "borderColor": "#FFFFFF00",
            "borderStyle": "solid",
            "borderWidth": 1,
            "fontFamily": "Roboto",
            "fontSize": 14,
            "fontWeight": "normal"
          },
          "currentTabIndex": 1,
          "menuStyle": {
            "backgroundColor": "#FF000000",
            "margin": 0
          },
          "menuType": "modern",
          "style": {
            "borderColor": "#FFFFFF00",
            "borderStyle": "none",
            "borderWidth": 0
          },
          "tabSize": {
            "width": 200
          },
          "tabStyle": {
            "active": {
              "boxShadow": "0px -4px 0px 0px rgba(37,122,140,1) inset",
              "color": "#257A8C",
              "fontFamily": "Roboto",
              "fontSize": 16,
              "fontWeight": "bolder",
              "margin": 2,
              "marginBottom": 0,
              "marginLeft": 8,
              "marginRight": 8,
              "textAlign": "center"
            },
            "inactive": {
              "color": "#958181C4",
              "fontFamily": "Roboto",
              "fontSize": 14,
              "fontWeight": "bolder",
              "margin": 2,
              "marginBottom": 0,
              "marginLeft": 8,
              "marginRight": 8
            }
          },
          "tabs": [
            "Material",
            "Operation",
            "End cut \u0026 Homogenization"
          ]
        },
        "type": "ia.container.tab"
      }
    ],
    "meta": {
      "name": "root"
    },
    "props": {
      "direction": "column"
    },
    "type": "ia.container.flex"
  }
}