{
  "custom": {},
  "params": {},
  "props": {
    "defaultSize": {
      "height": 77,
      "width": 387
    }
  },
  "root": {
    "children": [
      {
        "children": [
          {
            "children": [
              {
                "meta": {
                  "name": "Label"
                },
                "position": {
                  "basis": "200px"
                },
                "propConfig": {
                  "props.text": {
                    "persistent": true
                  }
                },
                "props": {
                  "text": "Select all P.O having same section number",
                  "textStyle": {
                    "fontFamily": "Roboto",
                    "fontSize": 18,
                    "fontWeight": "bold",
                    "textAlign": "center"
                  }
                },
                "type": "ia.display.label"
              },
              {
                "meta": {
                  "name": "Error"
                },
                "position": {
                  "basis": "30px",
                  "shrink": 0
                },
                "propConfig": {
                  "position.display": {
                    "persistent": true
                  }
                },
                "props": {
                  "color": "#E54242",
                  "path": "material/error"
                },
                "type": "ia.display.icon"
              }
            ],
            "meta": {
              "name": "FlexContainer"
            },
            "position": {
              "basis": "250px"
            },
            "type": "ia.container.flex"
          }
        ],
        "events": {
          "system": {
            "onStartup": {
              "config": {
                "script": "\timport time\n\t\n\ttime.sleep(2)\n\t\n\tsystem.perspective.closePopup(\u0027\u0027)"
              },
              "enabled": false,
              "scope": "G",
              "type": "script"
            }
          }
        },
        "meta": {
          "name": "Message_box"
        },
        "position": {
          "basis": "85px"
        },
        "props": {
          "justify": "center",
          "style": {
            "overflow": "hidden"
          }
        },
        "type": "ia.container.flex"
      }
    ],
    "meta": {
      "name": "root"
    },
    "props": {
      "direction": "column"
    },
    "type": "ia.container.flex"
  }
}