{
  "custom": {},
  "params": {
    "column": "",
    "columnIndex": "",
    "options": {
      "$": [
        "ds",
        192,
        1715069867072
      ],
      "$columns": [
        {
          "data": [
            "DF",
            "BF",
            "DF",
            "DF",
            "BF",
            "DF",
            "DF",
            "BF",
            "DF",
            "DF",
            "BF",
            "DF",
            "DF",
            "BF",
            "DF",
            "DF",
            "BF",
            "DF",
            "DF",
            "BF",
            "mkvjug",
            "mkvjug",
            "mkvjug",
            "qwe",
            "rf56",
            "qwe",
            "67ujg",
            "BF",
            "BF",
            "olkhm",
            "rf56",
            "nbvxc",
            "3gdt5",
            "qwe",
            "hnvbgf",
            "mkvjug",
            "qwe",
            "3gdt5",
            "mkvjug",
            "trye",
            "hgnvb",
            "BF",
            "DF",
            "BF",
            "DF",
            "BF",
            "DF",
            "BF",
            "DF",
            "BF",
            "DF"
          ],
          "name": "plant",
          "type": "String"
        }
      ]
    },
    "row": "",
    "rowData": {},
    "rowIndex": "",
    "source": "",
    "value": ""
  },
  "propConfig": {
    "params.column": {
      "paramDirection": "input",
      "persistent": true
    },
    "params.columnIndex": {
      "paramDirection": "input",
      "persistent": true
    },
    "params.options": {
      "binding": {
        "config": {
          "expression": "now()"
        },
        "transforms": [
          {
            "code": "\tq\u003d\u0027\u0027\u0027SELECT plant FROM [PPC].[ppc].[SO_Planning]\u0027\u0027\u0027\n\targs\u003d[]\n\tdata\u003dsystem.db.runPrepQuery(q, args, \u0027PPC\u0027)\n\treturn data",
            "type": "script"
          }
        ],
        "type": "expr"
      },
      "paramDirection": "output",
      "persistent": true
    },
    "params.row": {
      "paramDirection": "input",
      "persistent": true
    },
    "params.rowData": {
      "paramDirection": "input",
      "persistent": true
    },
    "params.rowIndex": {
      "paramDirection": "input",
      "persistent": true
    },
    "params.source": {
      "paramDirection": "input",
      "persistent": true
    },
    "params.value": {
      "paramDirection": "input",
      "persistent": true
    }
  },
  "props": {
    "defaultSize": {
      "height": 35,
      "width": 132
    }
  },
  "root": {
    "children": [
      {
        "events": {
          "component": {
            "onActionPerformed": {
              "config": {
                "script": "\tpayload\u003d {\n\t\t\t\"newValue\":self.props.value,\n\t\t\t\"column\":self.view.params.column,\n\t\t\t\"rowData\":self.view.params.rowData,\n\t\t\t\"action\":\"update1\",\n\t\t\t\"source\":self.view.params.source,\n\t\t\t\"rowIndex\":self.view.params.rowIndex,\n\t\t\t\"val\":self.props.value\n\t\t}\n\tsystem.perspective.sendMessage(\"plant_action\",payload,scope\u003d\"page\")"
              },
              "scope": "G",
              "type": "script"
            }
          }
        },
        "meta": {
          "name": "Dropdown"
        },
        "position": {
          "basis": "36px"
        },
        "propConfig": {
          "props.options": {
            "binding": {
              "config": {
                "path": "view.params.options"
              },
              "type": "property"
            }
          },
          "props.value": {
            "binding": {
              "config": {
                "path": "view.params.value"
              },
              "type": "property"
            }
          }
        },
        "props": {
          "dropdownOptionStyle": {
            "classes": "table/Table_Cell table/Table_Row table/Table_style"
          },
          "textAlign": "center"
        },
        "type": "ia.input.dropdown"
      }
    ],
    "meta": {
      "name": "root"
    },
    "props": {
      "direction": "column",
      "style": {
        "overflow": "hidden"
      }
    },
    "type": "ia.container.flex"
  }
}