{
  "custom": {},
  "params": {},
  "props": {
    "defaultSize": {
      "height": 1100,
      "width": 1028
    }
  },
  "root": {
    "children": [
      {
        "meta": {
          "name": "Label"
        },
        "position": {
          "height": 32,
          "width": 50,
          "x": 332.354,
          "y": 94.69264408874511
        },
        "propConfig": {
          "props.text": {
            "binding": {
              "config": {
                "fallbackDelay": 2.5,
                "mode": "direct",
                "publishInitial": false,
                "tagPath": "[B_IMS]Weigh_Scale/_HF-1_/4321/Message"
              },
              "type": "tag"
            }
          }
        },
        "type": "ia.display.label"
      },
      {
        "meta": {
          "name": "Label_0"
        },
        "position": {
          "height": 32,
          "width": 50,
          "x": 149.2,
          "y": 94.467
        },
        "props": {
          "text": "HF1"
        },
        "type": "ia.display.label"
      },
      {
        "meta": {
          "name": "Label_2"
        },
        "position": {
          "height": 32,
          "width": 50,
          "x": 149.2,
          "y": 147.467
        },
        "props": {
          "text": "HF2"
        },
        "type": "ia.display.label"
      },
      {
        "meta": {
          "name": "Label_4"
        },
        "position": {
          "height": 32,
          "width": 197,
          "x": 75.7,
          "y": 199.47
        },
        "props": {
          "text": "MF1/MF2 Hanging type"
        },
        "type": "ia.display.label"
      },
      {
        "meta": {
          "name": "Label_6"
        },
        "position": {
          "height": 32,
          "width": 50,
          "x": 149.2,
          "y": 245.467
        },
        "props": {
          "text": "MF1/MF2"
        },
        "type": "ia.display.label"
      },
      {
        "meta": {
          "name": "Label_8"
        },
        "position": {
          "height": 32,
          "width": 177,
          "x": 85.2,
          "y": 299.47
        },
        "props": {
          "text": "MF3/MF4 Hanging type"
        },
        "type": "ia.display.label"
      },
      {
        "meta": {
          "name": "Label_10"
        },
        "position": {
          "height": 32,
          "width": 101,
          "x": 123.7,
          "y": 352.47
        },
        "props": {
          "text": "MF3/MF4"
        },
        "type": "ia.display.label"
      },
      {
        "meta": {
          "name": "Label_1"
        },
        "position": {
          "height": 32,
          "width": 50,
          "x": 332.9130486755371,
          "y": 147.69611546325683
        },
        "propConfig": {
          "props.text": {
            "binding": {
              "config": {
                "fallbackDelay": 2.5,
                "mode": "direct",
                "publishInitial": false,
                "tagPath": "[B_IMS]Weigh_Scale/_HF-2_/4321/Message"
              },
              "type": "tag"
            }
          }
        },
        "type": "ia.display.label"
      },
      {
        "meta": {
          "name": "Label_3"
        },
        "position": {
          "height": 32,
          "width": 50,
          "x": 331.5780486755371,
          "y": 199.69263645935058
        },
        "propConfig": {
          "props.text": {
            "binding": {
              "config": {
                "fallbackDelay": 2.5,
                "mode": "direct",
                "publishInitial": false,
                "tagPath": "[B_IMS]Weigh_Scale/_MF1_MF2 Hanging type_/4321/Message"
              },
              "type": "tag"
            }
          }
        },
        "type": "ia.display.label"
      },
      {
        "meta": {
          "name": "Label_5"
        },
        "position": {
          "height": 32,
          "width": 50,
          "x": 332.5780486755371,
          "y": 245.6822147064209
        },
        "propConfig": {
          "props.text": {
            "binding": {
              "config": {
                "fallbackDelay": 2.5,
                "mode": "direct",
                "publishInitial": false,
                "tagPath": "[B_IMS]Weigh_Scale/_MF1_MF2_/4321/Message"
              },
              "type": "tag"
            }
          }
        },
        "type": "ia.display.label"
      },
      {
        "meta": {
          "name": "Label_7"
        },
        "position": {
          "height": 32,
          "width": 50,
          "x": 313.578,
          "y": 299.693
        },
        "propConfig": {
          "props.text": {
            "binding": {
              "config": {
                "fallbackDelay": 2.5,
                "mode": "direct",
                "publishInitial": false,
                "tagPath": "[B_IMS]Weigh_Scale/_MF3_MF4 Hanging type_/4321/Message"
              },
              "type": "tag"
            }
          }
        },
        "type": "ia.display.label"
      },
      {
        "meta": {
          "name": "Label_9"
        },
        "position": {
          "height": 32,
          "width": 50,
          "x": 322.913,
          "y": 353.149
        },
        "propConfig": {
          "props.text": {
            "binding": {
              "config": {
                "fallbackDelay": 2.5,
                "mode": "direct",
                "publishInitial": false,
                "tagPath": "[B_IMS]Weigh_Scale/_MF3_MF4_/4321/Message"
              },
              "type": "tag"
            }
          }
        },
        "type": "ia.display.label"
      },
      {
        "meta": {
          "name": "EmbeddedView"
        },
        "position": {
          "height": 690,
          "width": 1006,
          "x": 0.23,
          "y": 423.67
        },
        "props": {
          "path": "Example/Main1"
        },
        "type": "ia.display.view"
      }
    ],
    "meta": {
      "name": "root"
    },
    "position": {
      "x": -168,
      "y": -110
    },
    "type": "ia.container.coord"
  }
}