{
  "custom": {},
  "params": {
    "Code": "P013",
    "Message": "Add Jaskirat in Userlist",
    "P011_FirstName": "jk",
    "P011_LastName": "Tricclore",
    "P011_MailAddress": "test",
    "P011_MobNo": "098098",
    "P011_Password": "Jaskirat",
    "P011_SMS": 123,
    "P011_SelectRole": "Administrator",
    "P011_UserName": ""
  },
  "propConfig": {
    "params.Code": {
      "paramDirection": "input",
      "persistent": true
    },
    "params.Message": {
      "paramDirection": "input",
      "persistent": true
    },
    "params.P011_FirstName": {
      "paramDirection": "input",
      "persistent": true
    },
    "params.P011_LastName": {
      "paramDirection": "input",
      "persistent": true
    },
    "params.P011_MailAddress": {
      "paramDirection": "input",
      "persistent": true
    },
    "params.P011_MobNo": {
      "paramDirection": "input",
      "persistent": true
    },
    "params.P011_Password": {
      "paramDirection": "input",
      "persistent": true
    },
    "params.P011_SMS": {
      "paramDirection": "input",
      "persistent": true
    },
    "params.P011_SelectRole": {
      "paramDirection": "input",
      "persistent": true
    },
    "params.P011_UserName": {
      "paramDirection": "input",
      "persistent": true
    }
  },
  "props": {
    "defaultSize": {
      "height": 81,
      "width": 249
    }
  },
  "root": {
    "children": [
      {
        "meta": {
          "name": "Image"
        },
        "position": {
          "basis": "40px",
          "grow": 1,
          "shrink": 0
        },
        "props": {
          "fit": {
            "height": 200,
            "mode": "contain"
          },
          "source": "/system/images/Builtin/icons/48/check2.png"
        },
        "type": "ia.display.image"
      },
      {
        "children": [
          {
            "meta": {
              "name": "Label"
            },
            "position": {
              "basis": "50px",
              "grow": 1
            },
            "propConfig": {
              "props.text": {
                "persistent": true
              }
            },
            "props": {
              "text": "Successfully Scanned LogID",
              "textStyle": {
                "fontFamily": "Roboto",
                "fontSize": 14,
                "textAlign": "center"
              }
            },
            "type": "ia.display.label"
          }
        ],
        "meta": {
          "name": "Message_box"
        },
        "position": {
          "basis": "238px",
          "grow": 1
        },
        "props": {
          "style": {
            "fontFamily": "Roboto",
            "fontSize": 12
          }
        },
        "type": "ia.container.flex"
      }
    ],
    "meta": {
      "name": "root"
    },
    "props": {
      "direction": "column",
      "style": {
        "padding": 10
      }
    },
    "type": "ia.container.flex"
  }
}