{
  "custom": {
    "NoOfLogs": null,
    "PO": null
  },
  "params": {
    "rowData": {}
  },
  "propConfig": {
    "custom.NoOfLogs": {
      "binding": {
        "config": {
          "path": "view.params.rowData"
        },
        "transforms": [
          {
            "code": "\treturn value[\u0027NoOfLogs\u0027]",
            "type": "script"
          }
        ],
        "type": "property"
      },
      "persistent": true
    },
    "custom.PO": {
      "binding": {
        "config": {
          "path": "view.params.rowData"
        },
        "transforms": [
          {
            "code": "\treturn value[\u0027PO\u0027]",
            "type": "script"
          }
        ],
        "type": "property"
      },
      "persistent": true
    },
    "params.rowData": {
      "paramDirection": "input",
      "persistent": true
    }
  },
  "props": {
    "defaultSize": {
      "height": 40,
      "width": 80
    }
  },
  "root": {
    "children": [
      {
        "events": {
          "dom": {
            "onClick": [
              {
                "config": {
                  "draggable": false,
                  "id": "OverviewLogIDsPopup",
                  "modal": true,
                  "overlayDismiss": true,
                  "position": {
                    "bottom": 50,
                    "left": 200,
                    "right": 200,
                    "top": 50
                  },
                  "positionType": "exact",
                  "resizable": false,
                  "showCloseIcon": true,
                  "type": "open",
                  "viewParams": {
                    "PO": "{view.custom.PO}"
                  },
                  "viewPath": "LogTrackTemplates/LogIDsPopup",
                  "viewportBound": true
                },
                "scope": "C",
                "type": "popup"
              },
              {
                "config": {
                  "script": "\tpo \u003d str(self.view.custom.PO)\n\t#Open popup of generated LogID\u0027s\n\t#system.perspective.openPopup(\u0027LogID Edit View\u0027,\u0027CastingPageTemplates/GeneratedLogIDsPopup\u0027,params \u003d {\u0027PO\u0027:po},showCloseIcon\u003dFalse,modal\u003dTrue,draggable\u003dFalse,position \u003d {\u0027bottom\u0027:10,\u0027top\u0027:10})\n\t"
                },
                "enabled": false,
                "scope": "G",
                "type": "script"
              }
            ]
          }
        },
        "meta": {
          "name": "Label"
        },
        "position": {
          "basis": "32px",
          "grow": 1
        },
        "propConfig": {
          "position.display": {
            "binding": {
              "config": {
                "path": "this.props.text"
              },
              "transforms": [
                {
                  "code": "\tA\u003dstr(value)\t\n\tif (len(A) \u003d\u003d 0 or A \u003d\u003d \u0027None\u0027 or A \u003d\u003d \u0027null\u0027 or A \u003d\u003d \u0027\u0027):\n\t\tvalue\u003dbool(0)\n\t\t#self.getSibling(\"Link\").position.display \u003d bool(1)\n\telse:\n\t\tvalue\u003dbool(1)\n\t\t#self.getSibling(\"Link\").position.display \u003d bool(0)\n\treturn value\n\t",
                  "type": "script"
                }
              ],
              "type": "property"
            }
          },
          "props.text": {
            "binding": {
              "config": {
                "path": "view.custom.NoOfLogs"
              },
              "type": "property"
            }
          }
        },
        "props": {
          "style": {
            "color": "#1B19E6",
            "fontFamily": "Roboto",
            "fontSize": 16
          },
          "textStyle": {
            "textAlign": "center",
            "textDecoration": "underline"
          }
        },
        "type": "ia.display.label"
      }
    ],
    "meta": {
      "name": "root"
    },
    "props": {
      "direction": "column"
    },
    "type": "ia.container.flex"
  }
}