{
  "custom": {
    "material_Code": null,
    "material_Sel": null
  },
  "params": {
    "rowData": {}
  },
  "propConfig": {
    "custom.material_Code": {
      "binding": {
        "config": {
          "path": "view.params.rowData"
        },
        "overlayOptOut": true,
        "transforms": [
          {
            "code": "\treturn value[\u0027material_code\u0027]",
            "type": "script"
          }
        ],
        "type": "property"
      },
      "persistent": true
    },
    "custom.material_Sel": {
      "binding": {
        "config": {
          "path": "view.params.rowData"
        },
        "overlayOptOut": true,
        "transforms": [
          {
            "code": "\treturn value[\u0027material_sel\u0027]",
            "type": "script"
          }
        ],
        "type": "property"
      },
      "persistent": true
    },
    "params.rowData": {
      "paramDirection": "input",
      "persistent": true
    },
    "props.defaultSize.height": {
      "binding": {
        "config": {
          "path": "/root/Valuation_Selection.position.display"
        },
        "overlayOptOut": true,
        "transforms": [
          {
            "code": "\tif value\u003d\u003dTrue:\n\t\treturn 60\n\telse:\n\t\treturn 30\t",
            "type": "script"
          }
        ],
        "type": "property"
      }
    }
  },
  "props": {
    "defaultSize": {
      "width": 269
    },
    "loading": {
      "mode": "blocking"
    }
  },
  "root": {
    "children": [
      {
        "events": {
          "component": {
            "onActionPerformed": [
              {
                "config": {
                  "script": "\timport time\n#\ttime.sleep(0.1)\n#\tself.parent.parent.getChild(\"FlexContainer_8\").getChild(\"FlexContainer\").getChild(\"EmbeddedView\").props.params.EDIT\u003dFalse\n#\ttime.sleep(0.1)\n#\tself.parent.parent.getChild(\"FlexContainer_8\").getChild(\"FlexContainer\").getChild(\"EmbeddedView\").props.params.EDIT\u003dTrue\n#\tEDIT\u003dself.view.params.EDIT\n#\ttime.sleep(1)\n#\tif EDIT\u003d\u003dFalse:\n#\t\tself.props.value\u003dself.view.params.MaterialCode\n#\telse:\t\n#\t\tpass\t\n\t\t\n#\ttime.sleep(1)\t\n#\tself.parent.parent.getChild(\"FlexContainer_8\").getChild(\"FlexContainer\").getChild(\"EmbeddedView\").refreshBinding(\u0027props.params.Batch\u0027)\t"
                },
                "scope": "G",
                "type": "script"
              },
              {
                "config": {
                  "script": "\tMessageType \u003d \"MaterialCode\"\n\tPayload \u003d {\"selectedMC\": self.props.value}\n\tsystem.perspective.sendMessage(messageType\u003dMessageType,payload\u003dPayload,scope\u003d\"page\")"
                },
                "scope": "G",
                "type": "script"
              }
            ]
          }
        },
        "meta": {
          "name": "Dropdown"
        },
        "position": {
          "basis": "26px",
          "shrink": 0
        },
        "propConfig": {
          "position.display": {
            "binding": {
              "config": {
                "path": "view.custom.material_Code"
              },
              "overlayOptOut": true,
              "transforms": [
                {
                  "code": "\tif len(str(value))\u003e\u003d5:\n\t\treturn True\n\telse:\t\n\t\treturn False",
                  "type": "script"
                }
              ],
              "type": "property"
            }
          },
          "props.options": {
            "binding": {
              "config": {
                "path": "view.custom.material_Code"
              },
              "overlayOptOut": true,
              "transforms": [
                {
                  "code": "\tdef MString(data):\n\t\tdata\u003dstr(data)\n\t\tdata\u003ddata.replace(\u0027 \u0027,\u0027\u0027)\n\t\treturn str(data)\n\n#\tEDIT\u003dself.view.params.EDIT\n#\tif EDIT\u003d\u003dTrue:\n\tquery\u003d\u0027\u0027\u0027\n\t\t\t\tSELECT DISTINCT \n\t\t\t\t      [material_code]\n\t\t\t\t   \n\t\t\t\t  FROM [CIMS].[dbo].[mes_bom]\n\t\t\t\t\u0027\u0027\u0027\n\n#\tquery\u003d\u0027\u0027\u0027\n#\t\t\t\t\t\tSELECT DISTINCT [material_code]FROM [CIMS].[dbo].[mes_bom] WHERE [material_sel]!\u003d\u0027OUT\u0027\n#\t\t\t\t\t\tUNION\n#\t\t\t\t\t\tSELECT DISTINCT [material_code]\tFROM [CIMS].[dbo].[mes_bom_OUT] WHERE [material_sel]\u003d\u0027OUT\u0027\n#\t\t\t\t\t\t\u0027\u0027\u0027\t\t\n\tDATA\u003dsystem.db.runPrepQuery(query, [], \u0027CIMS2\u0027)\t\n\tFDATA\u003d[]\n\tfor i in range(len(DATA)):\n\t\tV\u003d{\u0027value\u0027:MString(DATA[i][0]),\u0027label\u0027:MString(DATA[i][0])}\n\t\tFDATA.append(V)\n\treturn FDATA\n#\telse:\n#\t\tMCode\u003dself.view.params.MaterialCode\n#\t\tFDATA\u003d[{\u0027value\u0027: str(MCode),\n#\t\t\t\t\u0027label\u0027:str(MCode)}]\n#\t\treturn FDATA\t\t\n\t\t\t\n#\treturn MCode",
                  "type": "script"
                }
              ],
              "type": "property"
            }
          }
        },
        "props": {
          "style": {
            "fontFamily": "Roboto",
            "fontSize": 11
          },
          "value": "1100000001"
        },
        "type": "ia.input.dropdown"
      },
      {
        "custom": {
          "Val_Null": [
            2400000002,
            2400000078,
            2400000079,
            2400000081,
            2400000082,
            2400000085,
            "8XDROSSINGOTXXXXXXXXXXXXX",
            "8XINHOUSEDROSSXXXXXXXXXXX",
            "8XMASTERALLOYXCRXXXXXXXXX",
            "8XMASTERALLOYXMNXXXXXXXXX"
          ]
        },
        "events": {
          "component": {
            "onActionPerformed": {
              "config": {
                "script": "\timport time\n\ttime.sleep(0.1)\n\tself.parent.parent.getChild(\"FlexContainer_8\").getChild(\"FlexContainer\").getChild(\"EmbeddedView\").props.params.EDIT\u003dFalse\n\ttime.sleep(0.1)\n\tself.parent.parent.getChild(\"FlexContainer_8\").getChild(\"FlexContainer\").getChild(\"EmbeddedView\").props.params.EDIT\u003dTrue\n\tEDIT\u003dself.view.params.EDIT\n\ttime.sleep(1)\n\tif EDIT\u003d\u003dFalse:\n\t\tself.props.value\u003dself.view.params.MaterialCode\n\telse:\t\n\t\tpass\t\n\t\t\n#\ttime.sleep(1)\t\n#\tself.parent.parent.getChild(\"FlexContainer_8\").getChild(\"FlexContainer\").getChild(\"EmbeddedView\").refreshBinding(\u0027props.params.Batch\u0027)\t"
              },
              "scope": "G",
              "type": "script"
            }
          }
        },
        "meta": {
          "name": "Valuation_Selection"
        },
        "position": {
          "basis": "26px",
          "shrink": 0
        },
        "propConfig": {
          "position.display": {
            "binding": {
              "config": {
                "path": "view.custom.material_Sel"
              },
              "overlayOptOut": true,
              "transforms": [
                {
                  "code": "\tA\u003dself.view.custom.material_Sel\n\tEdit\u003d\u0027Yes\u0027\n\tMC\u003dstr(self.view.custom.material_Code)\n\tif Edit\u003d\u003d\u0027Yes\u0027:\n\t\tif A\u003d\u003d\u0027OUT\u0027 and len(MC)\u003e\u003d2:\n\t\t\treturn True\n\t\telse:\n\t\t\treturn False\t\n\telse:\n\t\treturn False\t",
                  "type": "script"
                }
              ],
              "type": "property"
            }
          },
          "props.options": {
            "binding": {
              "config": {
                "path": "../Dropdown.props.value"
              },
              "overlayOptOut": true,
              "transforms": [
                {
                  "code": "\tdef MString(data):\n\t\tdata\u003dstr(data)\n\t\tdata\u003ddata.replace(\u0027 \u0027,\u0027\u0027)\n\t\treturn str(data)\n\n\tVal_List\u003dself.custom.Val_Null\n\t\n\t# Create a new array containing only string values and convert numbers to strings\n\tstring_array \u003d [str(x) if isinstance(x, str) else str(x) for x in Val_List]\n\t\n#\tVal_list\u003dresult_string \u003d \u0027, \u0027.join(str(x) for x in Val_List)\n\tif (value) in string_array:\n\t\tself.props.enabled\u003dFalse\n\t\tself.props.value\u003d\u0027NA\u0027\t\t\n\t\treturn {\u0027value\u0027:\u0027\u0027,\u0027label\u0027:\u0027\u0027}\n\telse:\n\t\tvalue\u003dMString(value)\n\t\tquery\u003d\u0027\u0027\u0027\n\t\t\t\t\tselect distinct [valuation_type]\n\t\t\t\t\t   FROM [CIMS].[dbo].[mes_bom]\n\t\t\t\t\t  where [material_code]\u003d?\n\t\t\t\t\t\u0027\u0027\u0027\n\t\t\n\t\tDATA\u003dsystem.db.runPrepQuery(query, [value], \u0027CIMS2\u0027)\t\n\t#\tIf there is only one valuation code present it in Selection component value\n\t\tif len(DATA)\u003d\u003d1:\n\t\t\tself.props.value\u003dMString(DATA[0][0])\n\t\t\tself.props.enabled\u003dFalse\n\t\telse:\n\t\t\tself.props.value\u003d\u0027\u0027\t\n\t\t\tself.props.enabled\u003dTrue\n\t\t\t\n\t\tFDATA\u003d[]\n\t\tfor i in range(len(DATA)):\n\t\t\tV\u003d{\u0027value\u0027:MString(DATA[i][0]),\u0027label\u0027:MString(DATA[i][0])}\n\t\t\tFDATA.append(V)\n\t\treturn FDATA\n",
                  "type": "script"
                }
              ],
              "type": "property"
            }
          }
        },
        "props": {
          "enabled": false,
          "style": {
            "fontFamily": "Roboto",
            "fontSize": 11
          },
          "value": "RM_ALU_DOM"
        },
        "type": "ia.input.dropdown"
      }
    ],
    "meta": {
      "name": "root"
    },
    "props": {
      "direction": "column",
      "style": {
        "overflow": "hidden",
        "padding": 4
      }
    },
    "type": "ia.container.flex"
  }
}