{
  "custom": {},
  "params": {
    "OPRN": 20,
    "PONO": "003000008227"
  },
  "propConfig": {
    "params.PONO": {
      "paramDirection": "input",
      "persistent": true
    }
  },
  "props": {
    "defaultSize": {
      "height": 463,
      "width": 672
    },
    "loading": {
      "mode": "blocking"
    }
  },
  "root": {
    "children": [
      {
        "children": [
          {
            "children": [
              {
                "events": {
                  "dom": {
                    "onClick": {
                      "config": {
                        "draggable": false,
                        "id": "i0hEbklX",
                        "modal": true,
                        "overlayDismiss": false,
                        "position": {
                          "bottom": 25,
                          "top": 25
                        },
                        "positionType": "exact",
                        "resizable": false,
                        "showCloseIcon": true,
                        "title": "Materials Used for Previous Process ({view.params.PONO})",
                        "type": "open",
                        "viewParams": {
                          "PO_NO": "{view.params.PONO}",
                          "stage": "030"
                        },
                        "viewPath": "Template/Prev_Stage_Materials",
                        "viewportBound": false
                      },
                      "scope": "C",
                      "type": "popup"
                    }
                  }
                },
                "meta": {
                  "name": "Info"
                },
                "position": {
                  "basis": "60px",
                  "display": null
                },
                "propConfig": {
                  "position.display": {
                    "binding": {
                      "config": {
                        "path": "view.params.Stage"
                      },
                      "overlayOptOut": true,
                      "transforms": [
                        {
                          "fallback": null,
                          "inputType": "scalar",
                          "mappings": [
                            {
                              "input": "010",
                              "output": false
                            },
                            {
                              "input": "020",
                              "output": true
                            }
                          ],
                          "outputType": "scalar",
                          "type": "map"
                        }
                      ],
                      "type": "property"
                    },
                    "persistent": true
                  }
                },
                "props": {
                  "image": {
                    "height": 18,
                    "icon": {
                      "path": "material/error"
                    },
                    "width": 18
                  },
                  "style": {
                    "backgroundColor": "#257A8C",
                    "fontFamily": "Roboto",
                    "fontSize": 12,
                    "marginLeft": 10
                  },
                  "text": "Info"
                },
                "type": "ia.input.button"
              }
            ],
            "meta": {
              "name": "FlexContainer"
            },
            "position": {
              "basis": "30px",
              "shrink": 0
            },
            "type": "ia.container.flex"
          },
          {
            "children": [
              {
                "children": [
                  {
                    "meta": {
                      "name": "Title"
                    },
                    "position": {
                      "basis": "31px"
                    },
                    "props": {
                      "style": {
                        "fontFamily": "Roboto",
                        "fontSize": 16,
                        "fontWeight": "bold",
                        "textAlign": "center"
                      },
                      "text": "Current PO details"
                    },
                    "type": "ia.display.label"
                  },
                  {
                    "custom": {
                      "PONO": "003000008227"
                    },
                    "meta": {
                      "name": "PONO"
                    },
                    "position": {
                      "basis": "31px"
                    },
                    "propConfig": {
                      "props.text": {
                        "binding": {
                          "config": {
                            "path": "this.custom.PONO"
                          },
                          "overlayOptOut": true,
                          "transforms": [
                            {
                              "code": "\treturn \u0027PO NO \u003d \u0027+str(value)",
                              "type": "script"
                            }
                          ],
                          "type": "property"
                        }
                      }
                    },
                    "props": {
                      "style": {
                        "fontFamily": "Roboto",
                        "fontSize": 14,
                        "textAlign": "center"
                      }
                    },
                    "type": "ia.display.label"
                  },
                  {
                    "custom": {
                      "Machine": "MF3+HF2+CS2"
                    },
                    "meta": {
                      "name": "Machine"
                    },
                    "position": {
                      "basis": "31px"
                    },
                    "propConfig": {
                      "props.text": {
                        "binding": {
                          "config": {
                            "path": "this.custom.Machine"
                          },
                          "overlayOptOut": true,
                          "transforms": [
                            {
                              "code": "\treturn \u0027Machine \u003d \u0027+str(value)",
                              "type": "script"
                            }
                          ],
                          "type": "property"
                        }
                      }
                    },
                    "props": {
                      "style": {
                        "fontFamily": "Roboto",
                        "fontSize": 14,
                        "textAlign": "center"
                      }
                    },
                    "type": "ia.display.label"
                  },
                  {
                    "custom": {
                      "SFG": "86063XX6060XXXX161XXX5800X"
                    },
                    "meta": {
                      "name": "SFG"
                    },
                    "position": {
                      "basis": "31px"
                    },
                    "propConfig": {
                      "props.text": {
                        "binding": {
                          "config": {
                            "path": "this.custom.SFG"
                          },
                          "overlayOptOut": true,
                          "transforms": [
                            {
                              "code": "\treturn \u0027SFG Code \u003d \u0027+str(value)",
                              "type": "script"
                            }
                          ],
                          "type": "property"
                        }
                      }
                    },
                    "props": {
                      "style": {
                        "fontFamily": "Roboto",
                        "fontSize": 14,
                        "textAlign": "center"
                      }
                    },
                    "type": "ia.display.label"
                  },
                  {
                    "custom": {
                      "QTY": 28000
                    },
                    "meta": {
                      "name": "PlannedQTY"
                    },
                    "position": {
                      "basis": "31px"
                    },
                    "propConfig": {
                      "props.text": {
                        "binding": {
                          "config": {
                            "path": "this.custom.QTY"
                          },
                          "overlayOptOut": true,
                          "transforms": [
                            {
                              "code": "\treturn \u0027Planned Qty  \u003d \u0027+str(value)+\u0027 (kg)\u0027",
                              "type": "script"
                            }
                          ],
                          "type": "property"
                        }
                      }
                    },
                    "props": {
                      "style": {
                        "fontFamily": "Roboto",
                        "fontSize": 14,
                        "textAlign": "center"
                      }
                    },
                    "type": "ia.display.label"
                  },
                  {
                    "custom": {
                      "STDALLOY": "6063"
                    },
                    "meta": {
                      "name": "StandardAlloy"
                    },
                    "position": {
                      "basis": "31px"
                    },
                    "propConfig": {
                      "props.text": {
                        "binding": {
                          "config": {
                            "path": "this.custom.STDALLOY"
                          },
                          "overlayOptOut": true,
                          "transforms": [
                            {
                              "code": "\treturn \u0027Standard Alloy \u003d \u0027+str(value)",
                              "type": "script"
                            }
                          ],
                          "type": "property"
                        }
                      }
                    },
                    "props": {
                      "style": {
                        "fontFamily": "Roboto",
                        "fontSize": 14,
                        "textAlign": "center"
                      }
                    },
                    "type": "ia.display.label"
                  },
                  {
                    "custom": {
                      "InternalAlloy": "6060"
                    },
                    "meta": {
                      "name": "InternalAlloy"
                    },
                    "position": {
                      "basis": "31px"
                    },
                    "propConfig": {
                      "props.text": {
                        "binding": {
                          "config": {
                            "path": "this.custom.InternalAlloy"
                          },
                          "overlayOptOut": true,
                          "transforms": [
                            {
                              "code": "\treturn \u0027Internal Alloy \u003d \u0027+str(value)",
                              "type": "script"
                            }
                          ],
                          "type": "property"
                        }
                      }
                    },
                    "props": {
                      "style": {
                        "fontFamily": "Roboto",
                        "fontSize": 14,
                        "textAlign": "center"
                      }
                    },
                    "type": "ia.display.label"
                  }
                ],
                "events": {
                  "system": {
                    "onStartup": {
                      "config": {
                        "script": "\tPONO\u003dself.view.params.PONO\n\tquery\u003d\u0027\u0027\u0027\n\t\t\tSELECT trim([production_order]) as [production_order]\n\t\t\t      ,trim([sfg_code]) as[sfg_code]\n\t\t\t      ,[planned_order_qty]      \n\t\t\t      ,trim([standard_alloy]) as [standard_alloy]\n\t\t\t      ,trim([internal_alloy]) as [internal_alloy]\n\t\t\t      \n\t\t\t  FROM [CIMS].[dbo].[mes_orders]\n\t\t\t  where [production_order]\u003d?\n\t\t\t\u0027\u0027\u0027\n\tPODATA\u003dsystem.db.runPrepQuery(query, [PONO], \u0027CIMS2\u0027)\t\t\n\tmquery\u003d\u0027\u0027\u0027\n\t\t\t select trim([Machine]) as Machine\n\t\t\t   FROM [CIMS].[dbo].[mes_main]\n\t\t\t   where PO\u003d?\n\t\t\t\t\u0027\u0027\u0027\n\tMachineDS\u003dsystem.db.runPrepQuery(mquery, [PONO], \u0027CIMS2\u0027)\t\t\n\t\n#\tUpdate the values in custom properties\n\tself.getChild(\"PONO\").custom.PONO\u003dPODATA[0][\u0027production_order\u0027]\n\tself.getChild(\"Machine\").custom.Machine\u003dMachineDS[0][\u0027Machine\u0027]\n\tself.getChild(\"SFG\").custom.SFG\u003dPODATA[0][\u0027sfg_code\u0027]\n\tself.getChild(\"PlannedQTY\").custom.QTY\u003dPODATA[0][\u0027planned_order_qty\u0027]\n\tself.getChild(\"StandardAlloy\").custom.STDALLOY\u003dPODATA[0][\u0027standard_alloy\u0027]\n\tself.getChild(\"InternalAlloy\").custom.InternalAlloy\u003dPODATA[0][\u0027internal_alloy\u0027]"
                      },
                      "scope": "G",
                      "type": "script"
                    }
                  }
                },
                "meta": {
                  "name": "PO1"
                },
                "position": {
                  "basis": "200px",
                  "grow": 1
                },
                "props": {
                  "direction": "column",
                  "justify": "space-around"
                },
                "type": "ia.container.flex"
              },
              {
                "children": [
                  {
                    "meta": {
                      "name": "Title"
                    },
                    "position": {
                      "basis": "31px"
                    },
                    "props": {
                      "style": {
                        "fontFamily": "Roboto",
                        "fontSize": 16,
                        "fontWeight": "bold",
                        "textAlign": "center"
                      },
                      "text": "Transfer PO details"
                    },
                    "type": "ia.display.label"
                  },
                  {
                    "events": {
                      "system": {
                        "onStartup": {
                          "config": {
                            "script": "\tquery\u003d\u0027\u0027\u0027\n\t\t\tSELECT trim([mes_po]) as [mes_po]\n\t\t\t      ,[po_status]\n\t\t\t  FROM [CIMS].[dbo].[mes_status]\n\t\t\t  where [po_status]\u003d\u0027PO Pending\u0027\t\n\t\t\t\u0027\u0027\u0027\n\tDS\u003dsystem.db.runPrepQuery(query, [], \u0027CIMS2\u0027)\t\n\tA\u003d[]\n#\tReset the Options to []\n\tself.props.options\u003dA\t\n\tfor i in range(len(DS)):\n\t\tD\u003d{\n\t\t\t  \"value\": DS[i][\u0027mes_po\u0027],\n\t\t\t  \"label\": DS[i][\u0027mes_po\u0027]\n\t\t\t}\t\n\t\tA.append(D)\n\t\n#\tUpdate the options in Selection property\n\tself.props.options\u003dA\t\t\t\t\n"
                          },
                          "scope": "G",
                          "type": "script"
                        }
                      }
                    },
                    "meta": {
                      "name": "POSelec"
                    },
                    "position": {
                      "basis": "30px",
                      "shrink": 0
                    },
                    "propConfig": {
                      "props.value": {
                        "onChange": {
                          "enabled": null,
                          "script": "\t\tPONO\u003dstr(currentValue.value)\n\t\tquery\u003d\u0027\u0027\u0027\n\t\t\t\tSELECT trim([production_order]) as [production_order]\n\t\t\t\t      ,trim([sfg_code]) as[sfg_code]\n\t\t\t\t      ,[planned_order_qty]      \n\t\t\t\t      ,trim([standard_alloy]) as [standard_alloy]\n\t\t\t\t      ,trim([internal_alloy]) as [internal_alloy]\n\t\t\t\t      \n\t\t\t\t  FROM [CIMS].[dbo].[mes_orders]\n\t\t\t\t  where [production_order]\u003d?\n\t\t\t\t\u0027\u0027\u0027\n\t\tPODATA\u003dsystem.db.runPrepQuery(query, [PONO], \u0027CIMS2\u0027)\t\t\n\t\tmquery\u003d\u0027\u0027\u0027\n\t\t\t\t select trim([Machine]) as Machine\n\t\t\t\t   FROM [CIMS].[dbo].[mes_main]\n\t\t\t\t   where PO\u003d?\n\t\t\t\t\t\u0027\u0027\u0027\n\t\tMachineDS\u003dsystem.db.runPrepQuery(mquery, [PONO], \u0027CIMS2\u0027)\t\t\n\t\t\n\t#\tUpdate the values in custom properties\n\t\t\n\t\tself.getSibling(\"Machine\").custom.Machine\u003dMachineDS[0][\u0027Machine\u0027]\n\t\tself.getSibling(\"SFG\").custom.SFG\u003dPODATA[0][\u0027sfg_code\u0027]\n\t\tself.getSibling(\"PlannedQTY\").custom.QTY\u003dPODATA[0][\u0027planned_order_qty\u0027]\n\t\tself.getSibling(\"StandardAlloy\").custom.STDALLOY\u003dPODATA[0][\u0027standard_alloy\u0027]\n\t\tself.getSibling(\"InternalAlloy\").custom.InternalAlloy\u003dPODATA[0][\u0027internal_alloy\u0027]"
                        }
                      }
                    },
                    "props": {
                      "options": [
                        {
                          "label": "003000009666",
                          "value": "003000009666"
                        },
                        {
                          "label": "003000009667",
                          "value": "003000009667"
                        },
                        {
                          "label": "003000009668",
                          "value": "003000009668"
                        },
                        {
                          "label": "003000009670",
                          "value": "003000009670"
                        },
                        {
                          "label": "003000009672",
                          "value": "003000009672"
                        },
                        {
                          "label": "003000009674",
                          "value": "003000009674"
                        },
                        {
                          "label": "003000009698",
                          "value": "003000009698"
                        },
                        {
                          "label": "003000009699",
                          "value": "003000009699"
                        },
                        {
                          "label": "003000009700",
                          "value": "003000009700"
                        },
                        {
                          "label": "003000009711",
                          "value": "003000009711"
                        },
                        {
                          "label": "003000009712",
                          "value": "003000009712"
                        },
                        {
                          "label": "003000009714",
                          "value": "003000009714"
                        },
                        {
                          "label": "003000009715",
                          "value": "003000009715"
                        },
                        {
                          "label": "003000009744",
                          "value": "003000009744"
                        },
                        {
                          "label": "003000009746",
                          "value": "003000009746"
                        },
                        {
                          "label": "003000009750",
                          "value": "003000009750"
                        },
                        {
                          "label": "003000009752",
                          "value": "003000009752"
                        },
                        {
                          "label": "003000009753",
                          "value": "003000009753"
                        },
                        {
                          "label": "003000009756",
                          "value": "003000009756"
                        },
                        {
                          "label": "003000009757",
                          "value": "003000009757"
                        },
                        {
                          "label": "003000009780",
                          "value": "003000009780"
                        },
                        {
                          "label": "003000009789",
                          "value": "003000009789"
                        },
                        {
                          "label": "003000009798",
                          "value": "003000009798"
                        },
                        {
                          "label": "003000009801",
                          "value": "003000009801"
                        },
                        {
                          "label": "003000009809",
                          "value": "003000009809"
                        },
                        {
                          "label": "003000009810",
                          "value": "003000009810"
                        },
                        {
                          "label": "003000009813",
                          "value": "003000009813"
                        },
                        {
                          "label": "003000009814",
                          "value": "003000009814"
                        },
                        {
                          "label": "003000009816",
                          "value": "003000009816"
                        },
                        {
                          "label": "003000009819",
                          "value": "003000009819"
                        },
                        {
                          "label": "003000009825",
                          "value": "003000009825"
                        },
                        {
                          "label": "003000009828",
                          "value": "003000009828"
                        },
                        {
                          "label": "003000009831",
                          "value": "003000009831"
                        },
                        {
                          "label": "003000009834",
                          "value": "003000009834"
                        },
                        {
                          "label": "003000009837",
                          "value": "003000009837"
                        },
                        {
                          "label": "003000009838",
                          "value": "003000009838"
                        },
                        {
                          "label": "003000009839",
                          "value": "003000009839"
                        },
                        {
                          "label": "003000009860",
                          "value": "003000009860"
                        },
                        {
                          "label": "003000009861",
                          "value": "003000009861"
                        },
                        {
                          "label": "003000009862",
                          "value": "003000009862"
                        },
                        {
                          "label": "003000009863",
                          "value": "003000009863"
                        },
                        {
                          "label": "003000009864",
                          "value": "003000009864"
                        },
                        {
                          "label": "003000009865",
                          "value": "003000009865"
                        },
                        {
                          "label": "003000009868",
                          "value": "003000009868"
                        }
                      ],
                      "placeholder": {
                        "text": "Select PO..."
                      },
                      "style": {
                        "marginLeft": 10,
                        "marginRight": 10
                      },
                      "textAlign": "center"
                    },
                    "type": "ia.input.dropdown"
                  },
                  {
                    "custom": {
                      "Machine": ""
                    },
                    "meta": {
                      "name": "Machine"
                    },
                    "position": {
                      "basis": "31px"
                    },
                    "propConfig": {
                      "props.text": {
                        "binding": {
                          "config": {
                            "path": "this.custom.Machine"
                          },
                          "overlayOptOut": true,
                          "transforms": [
                            {
                              "code": "\treturn str(value)",
                              "type": "script"
                            }
                          ],
                          "type": "property"
                        }
                      }
                    },
                    "props": {
                      "style": {
                        "fontFamily": "Roboto",
                        "fontSize": 14,
                        "textAlign": "center"
                      }
                    },
                    "type": "ia.display.label"
                  },
                  {
                    "custom": {
                      "SFG": "86082XXHE30PXXX228.6X5800X"
                    },
                    "meta": {
                      "name": "SFG"
                    },
                    "position": {
                      "basis": "31px"
                    },
                    "propConfig": {
                      "props.text": {
                        "binding": {
                          "config": {
                            "path": "this.custom.SFG"
                          },
                          "overlayOptOut": true,
                          "transforms": [
                            {
                              "code": "\treturn str(value)",
                              "type": "script"
                            }
                          ],
                          "type": "property"
                        }
                      }
                    },
                    "props": {
                      "style": {
                        "fontFamily": "Roboto",
                        "fontSize": 14,
                        "textAlign": "center"
                      }
                    },
                    "type": "ia.display.label"
                  },
                  {
                    "custom": {
                      "QTY": 28000
                    },
                    "meta": {
                      "name": "PlannedQTY"
                    },
                    "position": {
                      "basis": "31px"
                    },
                    "propConfig": {
                      "props.text": {
                        "binding": {
                          "config": {
                            "path": "this.custom.QTY"
                          },
                          "overlayOptOut": true,
                          "transforms": [
                            {
                              "code": "\treturn str(value)+\u0027 (kg)\u0027",
                              "type": "script"
                            }
                          ],
                          "type": "property"
                        }
                      }
                    },
                    "props": {
                      "style": {
                        "fontFamily": "Roboto",
                        "fontSize": 14,
                        "textAlign": "center"
                      }
                    },
                    "type": "ia.display.label"
                  },
                  {
                    "custom": {
                      "STDALLOY": "6082"
                    },
                    "meta": {
                      "name": "StandardAlloy"
                    },
                    "position": {
                      "basis": "31px"
                    },
                    "propConfig": {
                      "props.text": {
                        "binding": {
                          "config": {
                            "path": "this.custom.STDALLOY"
                          },
                          "overlayOptOut": true,
                          "transforms": [
                            {
                              "code": "\treturn str(value)",
                              "type": "script"
                            }
                          ],
                          "type": "property"
                        }
                      }
                    },
                    "props": {
                      "style": {
                        "fontFamily": "Roboto",
                        "fontSize": 14,
                        "textAlign": "center"
                      }
                    },
                    "type": "ia.display.label"
                  },
                  {
                    "custom": {
                      "InternalAlloy": "HE30P"
                    },
                    "meta": {
                      "name": "InternalAlloy"
                    },
                    "position": {
                      "basis": "31px"
                    },
                    "propConfig": {
                      "props.text": {
                        "binding": {
                          "config": {
                            "path": "this.custom.InternalAlloy"
                          },
                          "overlayOptOut": true,
                          "transforms": [
                            {
                              "code": "\treturn str(value)",
                              "type": "script"
                            }
                          ],
                          "type": "property"
                        }
                      }
                    },
                    "props": {
                      "style": {
                        "fontFamily": "Roboto",
                        "fontSize": 14,
                        "textAlign": "center"
                      }
                    },
                    "type": "ia.display.label"
                  }
                ],
                "meta": {
                  "name": "PO2"
                },
                "position": {
                  "basis": "200px",
                  "grow": 1
                },
                "props": {
                  "direction": "column",
                  "justify": "space-around"
                },
                "type": "ia.container.flex"
              }
            ],
            "meta": {
              "name": "PO_Transfer"
            },
            "position": {
              "basis": "200px",
              "grow": 1
            },
            "props": {
              "style": {
                "padding": 6
              }
            },
            "type": "ia.container.flex"
          }
        ],
        "meta": {
          "name": "Main"
        },
        "position": {
          "basis": "200px",
          "grow": 1
        },
        "props": {
          "direction": "column"
        },
        "type": "ia.container.flex"
      },
      {
        "children": [
          {
            "events": {
              "dom": {
                "onClick": {
                  "config": {
                    "script": "\timport sys\n\timport time\n\t\n\tPO1\u003dself.parent.parent.getChild(\"Main\").getChild(\"PO_Transfer\").getChild(\"PO1\").getChild(\"PONO\").custom.PONO\n\tPO2\u003dself.parent.parent.getChild(\"Main\").getChild(\"PO_Transfer\").getChild(\"PO2\").getChild(\"POSelec\").props.value\n\t\t\n#\tValidate PO2 is selected\n\tif str(PO2)\u003d\u003dstr(None) or str(PO2)\u003d\u003d\u0027\u0027 or str(PO2)\u003d\u003d\u0027NULL\u0027 or PO2 is None:\n\t\tsystem.perspective.openPopup(\u0027Error\u0027,\u0027Template/Popup_1\u0027,params\u003d{\u0027Code\u0027:1,\u0027Message\u0027:\u0027Please select PO2...!\u0027},showCloseIcon \u003d True,modal\u003dTrue,draggable\u003dFalse,position \u003d {\u0027top\u0027:100})\n\t\tsys.exit()\n\telse:\n\t\tpass\t\n#   PO Transfer start from PO1 --\u003e PO2\t\n\t# Collect materials added at MF\u0026HF operation usig PO store in DS1 and DS2\n\t\t# Melting Operation\n\tMaterials_Melting\u003dMaterial_Transfer.Get_PO_and_OPRN_wise_data.getMaterials_added(PO1,10)\n\t\t# Holding Operation\n\tMaterials_Holding\u003dMaterial_Transfer.Get_PO_and_OPRN_wise_data.getMaterials_added(PO1,20)\n\t# Collect Yeild generated at initialsc table using PO\n#\tquery\u003d\u0027\u0027\u0027\n#\t\t\tSELECT [oprn]\n#\t\t\t      ,trim([prod_order]) as prod_order\n#\t\t\t      ,[yield]\n#\t\t\t      ,trim([long_text]) as long_text\n#\t\t\t      ,trim([oprn_start_execution_date]) as oprn_start_execution_date\n#\t\t\t      ,[oprn_start_execution_time]\n#\t\t\t      ,trim([oprn_end_execution_date]) as oprn_end_execution_date\n#\t\t\t      ,[oprn_end_execution_time]\n#\t\t\t      ,[flag]\n#\t\t\t      ,[uid]\n#\t\t\t      ,[mov_type]\n#\t\t\t  FROM [INBOUNDCIMS].[dbo].[initialsc]\n#\t\t\t  where prod_order\u003d? and oprn in (10,20)\n#\t\t\t  order by DATE_TIME\n#\t\t\t\u0027\u0027\u0027\t\n#\tYeild_data\u003dsystem.db.runPrepQuery(query, [PO1], \u0027CIMS_SAP_IN\u0027)\t\n\tYeild_data\u003dMaterial_Transfer.Get_PO_and_OPRN_wise_data.get_yeild(PO1)\t\n\t# Send cancellation of all materials added at MF\u0026HF table at SAP.GodMov using movement type code\n\tMaterial_Transfer.Get_PO_and_OPRN_wise_data.Material_cancellation_in_godmov(Materials_Melting)\n\tMaterial_Transfer.Get_PO_and_OPRN_wise_data.Material_cancellation_in_godmov(Materials_Holding)\n\t\n\t# Send cancellation of Yield added at Melting and Holding operation at Initial_SC table\t\n\tMaterial_Transfer.Get_PO_and_OPRN_wise_data.Yeild_cancellation(Yeild_data)\n\t\n\t# Add the listed materials(PO2) into the MF\u0026HF and Godmov tables with diff unique ID\n\tMaterial_Transfer.Get_PO_and_OPRN_wise_data.add_materials_mfhf_godmov_withUID(Materials_Melting,PO2)\n\tMaterial_Transfer.Get_PO_and_OPRN_wise_data.add_materials_mfhf_godmov_withUID(Materials_Holding,PO2)\n\tMaterial_Transfer.Get_PO_and_OPRN_wise_data.add_Initialsc(Yeild_data,PO2,PO1)\n\t\n\t# Delete the entries available in PO1 at MF\u0026HF table using PO No \n\tMaterial_Transfer.Get_PO_and_OPRN_wise_data.delete_MFHF_usingPO(PO1)\n\t\n\t# Update mes.status ,mes.main, mes_melting, mes_operation, and mes_holding tables for PO2 and PO1\n\tMaterial_Transfer.Update_PO1_to_PO2.Status_transfer_PO1_PO2(PO1,PO2)\n\t\n\t# Update the Message handler of Melting_update and Holding_update \n\tPayload\u003d{\u0027MeltingUpdate\u0027: 1}\n\tsystem.perspective.sendMessage(\u0027MeltingU\u0027, payload\u003dPayload, scope\u003d\u0027session\u0027)\n\tPayload1\u003d{\u0027HoldingUpdate\u0027: 1}\n\tsystem.perspective.sendMessage(\u0027HoldingU\u0027, payload\u003dPayload1, scope\u003d\u0027session\u0027)\n\tPayload\u003d{\u0027MeltingUpdate\u0027: 0}\n\tsystem.perspective.sendMessage(\u0027MeltingU\u0027, payload\u003dPayload, scope\u003d\u0027session\u0027)\n\tPayload1\u003d{\u0027HoldingUpdate\u0027: 0}\n\tsystem.perspective.sendMessage(\u0027HoldingU\u0027, payload\u003dPayload1, scope\u003d\u0027session\u0027)\n\t\n#   POP up to show PO transfer initiated\n\tsystem.perspective.openPopup(\u0027Error\u0027,\u0027Template/Popup_1\u0027,params\u003d{\u0027Code\u0027:1,\u0027Message\u0027:\u0027Initiating Materials and Yeild added in PO1 to PO2\u0027},showCloseIcon \u003d True,modal\u003dTrue,draggable\u003dFalse,position \u003d {\u0027top\u0027:100})\n\n\t# Finally refresh the page of perspective\n#\tsystem.perspective.refresh()\n\n\t\t\n#\tSystem close popup\n\tsystem.perspective.closePopup(\u0027po1_to_po2\u0027)"
                  },
                  "scope": "G",
                  "stopPropagation": true,
                  "type": "script"
                }
              }
            },
            "meta": {
              "name": "Add"
            },
            "position": {
              "basis": "100px",
              "shrink": 0
            },
            "propConfig": {
              "position.display": {
                "binding": {
                  "config": {
                    "path": "view.params.value.Status"
                  },
                  "transforms": [
                    {
                      "code": "\tA\u003dstr(value)\n\t\n\tif A\u003d\u003d\u0027Melting Completed\u0027 or A\u003d\u003d\u0027Holding Completed\u0027 or A\u003d\u003d\u0027Casting Completed\u0027:\n\t\treturn False\n\telse:\n\t\treturn True\t",
                      "type": "script"
                    }
                  ],
                  "type": "property"
                }
              }
            },
            "props": {
              "image": {
                "height": 18,
                "icon": {
                  "path": "material/check_circle"
                },
                "width": 18
              },
              "style": {
                "backgroundColor": "#257A8C",
                "fontFamily": "Roboto",
                "fontSize": 12
              },
              "text": "APPLY"
            },
            "type": "ia.input.button"
          },
          {
            "events": {
              "dom": {
                "onClick": {
                  "config": {
                    "script": "\t\n#\tReset the custom arrays in table properties\n\tArray\u003d[]\n\tself.parent.parent.getChild(\"Main\").getChild(\"PO_Transfer\").getChild(\"PO2\").getChild(\"Machine\").custom.Machine\u003d\u0027\u0027\n\tself.parent.parent.getChild(\"Main\").getChild(\"PO_Transfer\").getChild(\"PO2\").getChild(\"SFG\").props.text\u003d\u0027\u0027\n\tself.parent.parent.getChild(\"Main\").getChild(\"PO_Transfer\").getChild(\"PO2\").getChild(\"PlannedQTY\").props.text\u003d\u0027\u0027\n\tself.parent.parent.getChild(\"Main\").getChild(\"PO_Transfer\").getChild(\"PO2\").getChild(\"StandardAlloy\").props.text\u003d\u0027\u0027\n\tself.parent.parent.getChild(\"Main\").getChild(\"PO_Transfer\").getChild(\"PO2\").getChild(\"InternalAlloy\").props.text\u003d\u0027\u0027\n\tself.parent.parent.getChild(\"Main\").getChild(\"PO_Transfer\").getChild(\"PO2\").getChild(\"POSelec\").props.value\u003d\u0027\u0027\n\t"
                  },
                  "scope": "G",
                  "type": "script"
                }
              }
            },
            "meta": {
              "name": "Clear"
            },
            "position": {
              "basis": "100px",
              "shrink": 0
            },
            "propConfig": {
              "position.display": {
                "binding": {
                  "config": {
                    "path": "view.params.value.Status"
                  },
                  "transforms": [
                    {
                      "code": "\tA\u003dstr(value)\n\t\n\tif A\u003d\u003d\u0027Melting Completed\u0027 or A\u003d\u003d\u0027Holding Completed\u0027 or A\u003d\u003d\u0027Casting Completed\u0027:\n\t\treturn False\n\telse:\n\t\treturn True\t",
                      "type": "script"
                    }
                  ],
                  "type": "property"
                }
              }
            },
            "props": {
              "image": {
                "height": 18,
                "icon": {
                  "path": "material/remove_circle"
                },
                "width": 18
              },
              "style": {
                "backgroundColor": "#257A8C",
                "fontFamily": "Roboto",
                "fontSize": 12
              },
              "text": "CLEAR"
            },
            "type": "ia.input.button"
          },
          {
            "events": {
              "dom": {
                "onClick": {
                  "config": {
                    "script": "\tsystem.perspective.closePopup(\u0027po1_to_po2\u0027)"
                  },
                  "scope": "G",
                  "type": "script"
                }
              }
            },
            "meta": {
              "name": "Close"
            },
            "position": {
              "basis": "100px",
              "shrink": 0
            },
            "propConfig": {
              "position.display": {
                "binding": {
                  "config": {
                    "path": "view.params.value.Status"
                  },
                  "transforms": [
                    {
                      "code": "\tA\u003dstr(value)\n\t\n\tif A\u003d\u003d\u0027Melting Completed\u0027 or A\u003d\u003d\u0027Holding Completed\u0027 or A\u003d\u003d\u0027Casting Completed\u0027:\n\t\treturn False\n\telse:\n\t\treturn True\t",
                      "type": "script"
                    }
                  ],
                  "type": "property"
                }
              }
            },
            "props": {
              "image": {
                "height": 18,
                "icon": {
                  "path": "material/clear"
                },
                "width": 18
              },
              "style": {
                "backgroundColor": "#257A8C",
                "fontFamily": "Roboto",
                "fontSize": 12
              },
              "text": "CLOSE"
            },
            "type": "ia.input.button"
          }
        ],
        "meta": {
          "name": "Action"
        },
        "position": {
          "basis": "40px",
          "shrink": 0
        },
        "props": {
          "justify": "space-evenly",
          "style": {
            "padding": 4
          }
        },
        "type": "ia.container.flex"
      }
    ],
    "meta": {
      "name": "root"
    },
    "props": {
      "direction": "column",
      "style": {
        "backgroundColor": "#F1FBFD",
        "borderBottomLeftRadius": 4,
        "borderBottomRightRadius": 4,
        "borderTopLeftRadius": 4,
        "borderTopRightRadius": 4,
        "margin": 2,
        "overflow": "hidden",
        "padding": 1
      }
    },
    "type": "ia.container.flex"
  }
}