{
  "custom": {},
  "params": {},
  "props": {
    "defaultSize": {
      "height": 198,
      "width": 300
    }
  },
  "root": {
    "children": [
      {
        "meta": {
          "name": "Label"
        },
        "position": {
          "basis": "39px"
        },
        "props": {
          "style": {
            "backgroundColor": "#000080",
            "color": "#FFFFFF",
            "fontWeight": "bold",
            "marginBottom": 40,
            "textAlign": "center"
          },
          "text": "Enter the SAP ID"
        },
        "type": "ia.display.label"
      },
      {
        "children": [
          {
            "meta": {
              "name": "TextField"
            },
            "position": {
              "basis": "245px"
            },
            "type": "ia.input.text-field"
          },
          {
            "events": {
              "dom": {
                "onClick": {
                  "config": {
                    "draggable": true,
                    "id": "ktsp3Npz",
                    "modal": false,
                    "overlayDismiss": false,
                    "resizable": true,
                    "showCloseIcon": true,
                    "type": "open",
                    "viewParams": {
                      "sapid": "{/root/FlexContainer/TextField.props.text}"
                    },
                    "viewPath": "Popups/QR_Print_Popup",
                    "viewportBound": false
                  },
                  "scope": "C",
                  "type": "popup"
                }
              }
            },
            "meta": {
              "name": "Button",
              "tooltip": {
                "enabled": true
              }
            },
            "position": {
              "basis": "37.5px"
            },
            "propConfig": {
              "meta.visible": {
                "binding": {
                  "config": {
                    "path": "../TextField.props.text"
                  },
                  "transforms": [
                    {
                      "code": "\tif len(value)\u003c6:\n\t\treturn False\n\telse:\n\t\treturn True",
                      "type": "script"
                    }
                  ],
                  "type": "property"
                }
              }
            },
            "props": {
              "image": {
                "icon": {
                  "path": "material/search"
                }
              },
              "style": {
                "background-color": "#000080"
              },
              "text": ""
            },
            "type": "ia.input.button"
          }
        ],
        "meta": {
          "name": "FlexContainer"
        },
        "position": {
          "basis": "80px"
        },
        "props": {
          "justify": "center",
          "style": {
            "paddingBottom": "15px",
            "paddingTop": "15px"
          }
        },
        "type": "ia.container.flex"
      }
    ],
    "meta": {
      "name": "root"
    },
    "props": {
      "direction": "column"
    },
    "type": "ia.container.flex"
  }
}