{
  "custom": {},
  "params": {
    "from": "",
    "screen": "",
    "to": ""
  },
  "propConfig": {
    "params.from": {
      "paramDirection": "input",
      "persistent": true
    },
    "params.screen": {
      "paramDirection": "input",
      "persistent": true
    },
    "params.to": {
      "paramDirection": "input",
      "persistent": true
    }
  },
  "props": {
    "defaultSize": {
      "height": 846,
      "width": 1298
    }
  },
  "root": {
    "children": [
      {
        "children": [
          {
            "meta": {
              "name": "Label"
            },
            "position": {
              "basis": "231px"
            },
            "propConfig": {
              "props.text": {
                "binding": {
                  "config": {
                    "path": "view.params.screen"
                  },
                  "type": "property"
                }
              }
            },
            "props": {
              "style": {
                "fontFamily": "Verdana",
                "fontWeight": "bold"
              },
              "textStyle": {
                "textAlign": "center"
              }
            },
            "type": "ia.display.label"
          }
        ],
        "meta": {
          "name": "FlexContainer"
        },
        "position": {
          "basis": "25px"
        },
        "props": {
          "justify": "center",
          "style": {
            "backgroundColor": "#B6BCC9",
            "overflow": "hidden"
          }
        },
        "type": "ia.container.flex"
      },
      {
        "children": [
          {
            "events": {
              "system": {
                "onStartup": {
                  "config": {
                    "script": "\tself.props.value\u003dself.view.params.from"
                  },
                  "scope": "G",
                  "type": "script"
                }
              }
            },
            "meta": {
              "name": "DateTimeInput"
            },
            "position": {
              "basis": "170px"
            },
            "props": {
              "format": "ll",
              "formattedValue": null,
              "inputProps": {
                "style": {
                  "paddingBottom": "5px",
                  "paddingLeft": "5px",
                  "paddingRight": "5px",
                  "paddingTop": "10px"
                }
              },
              "pickerType": "date",
              "value": ""
            },
            "type": "ia.input.date-time-input"
          },
          {
            "events": {
              "system": {
                "onStartup": {
                  "config": {
                    "script": "\tself.props.value\u003dself.view.params.to"
                  },
                  "scope": "G",
                  "type": "script"
                }
              }
            },
            "meta": {
              "name": "DateTimeInput_0"
            },
            "position": {
              "basis": "170px"
            },
            "props": {
              "format": "ll",
              "formattedValue": null,
              "inputProps": {
                "style": {
                  "paddingBottom": "5px",
                  "paddingLeft": "5px",
                  "paddingRight": "5px",
                  "paddingTop": "5px"
                }
              },
              "pickerType": "date",
              "value": ""
            },
            "type": "ia.input.date-time-input"
          },
          {
            "events": {
              "component": {
                "onActionPerformed": {
                  "config": {
                    "script": "\tscreen \u003d self.view.params.screen\n#\tstart \u003d self.parent.parent.getChild(\"ReportViewer\").props.params.start\n#\tend \u003d self.parent.parent.getChild(\"ReportViewer\").props.params.end\n\tif screen \u003d\u003d\"Casting\":\n\t\tself.parent.parent.getChild(\"ReportViewer\").props.source \u003d \"Casting\"\n\telif screen \u003d\u003d\"Dross Report\":\n\t\tself.parent.parent.getChild(\"ReportViewer\").props.source \u003d \"Dross\"\n\telif screen \u003d\u003d\"Melting\":\n\t\tself.parent.parent.getChild(\"ReportViewer\").props.source \u003d \"Melting\"\n\telif screen \u003d\u003d\"Holding\":\n\t\tself.parent.parent.getChild(\"ReportViewer\").props.source \u003d \"Holding\"\n\telif screen \u003d\u003d\"End-cutt\":\n\t\tself.parent.parent.getChild(\"ReportViewer\").props.source \u003d \"End-cutting\"\n\telif screen \u003d\u003d\"Homogenizing\":\n\t\tself.parent.parent.getChild(\"ReportViewer\").props.source \u003d \"Homogenization\"\n\telif screen \u003d\u003d\"Log Cast\":\n\t\tself.parent.parent.getChild(\"ReportViewer\").props.source \u003d \"Logcast\"\n\telif screen \u003d\u003d\"Raw Material\":\n\t\tself.parent.parent.getChild(\"ReportViewer\").props.source \u003d \"RM\"\n\telif screen \u003d\u003d\"LS\":\n\t\tself.parent.parent.getChild(\"ReportViewer\").props.source \u003d \"LS\"\n\telse:\n\t\tsystem.perspective.print(\u0027-------No view allowed------\u0027)"
                  },
                  "scope": "G",
                  "type": "script"
                }
              }
            },
            "meta": {
              "name": "Button"
            },
            "position": {
              "basis": "80px"
            },
            "props": {
              "text": "Load"
            },
            "type": "ia.input.button"
          }
        ],
        "meta": {
          "name": "FlexContainer_0"
        },
        "position": {
          "basis": "62px"
        },
        "props": {
          "justify": "space-around",
          "style": {
            "paddingBottom": "10px",
            "paddingTop": "10px"
          }
        },
        "type": "ia.container.flex"
      },
      {
        "meta": {
          "name": "ReportViewer"
        },
        "position": {
          "basis": "759px"
        },
        "propConfig": {
          "props.params.EndDate": {
            "binding": {
              "config": {
                "path": "../FlexContainer_0/DateTimeInput_0.props.value"
              },
              "overlayOptOut": true,
              "type": "property"
            }
          },
          "props.params.StartDate": {
            "binding": {
              "config": {
                "path": "../FlexContainer_0/DateTimeInput.props.value"
              },
              "overlayOptOut": true,
              "type": "property"
            }
          }
        },
        "props": {
          "page": 1,
          "pageCount": 1,
          "zoomLevel": 100
        },
        "type": "ia.reporting.report-viewer"
      }
    ],
    "events": {
      "system": {
        "onStartup": {
          "config": {
            "script": "\tscreen \u003d self.view.params.screen\n\t#\tstart \u003d self.parent.parent.getChild(\"ReportViewer\").props.params.start\n\t#\tend \u003d self.parent.parent.getChild(\"ReportViewer\").props.params.end\n\tif screen \u003d\u003d\"Casting\":\n\t\tself.getChild(\"ReportViewer\").props.source \u003d \"Casting\"\n\telif screen \u003d\u003d\"Dross Report\":\n\t\tself.getChild(\"ReportViewer\").props.source \u003d \"Dross\"\n\telif screen \u003d\u003d\"Melting\":\n\t\tself.getChild(\"ReportViewer\").props.source \u003d \"Melting\"\n\telif screen \u003d\u003d\"Holding\":\n\t\tself.getChild(\"ReportViewer\").props.source \u003d \"Holding\"\n\telif screen \u003d\u003d\"End-cutt\":\n\t\tself.getChild(\"ReportViewer\").props.source \u003d \"End-cutting\"\n\telif screen \u003d\u003d\"Homogenizing\":\n\t\tself.getChild(\"ReportViewer\").props.source \u003d \"Homogenization\"\n\telif screen \u003d\u003d\"Log Cast\":\n\t\tself.getChild(\"ReportViewer\").props.source \u003d \"Logcast\"\n\telif screen \u003d\u003d\"Raw Material\":\n\t\tself.getChild(\"ReportViewer\").props.source \u003d \"RM\"\n\telif screen \u003d\u003d\"LS\":\n\t\tself.getChild(\"ReportViewer\").props.source \u003d \"LS\"\n\telse:\n\t\tsystem.perspective.print(\u0027-------No view allowed------\u0027)"
          },
          "scope": "G",
          "type": "script"
        }
      }
    },
    "meta": {
      "name": "root"
    },
    "props": {
      "direction": "column"
    },
    "scripts": {
      "customMethods": [],
      "extensionFunctions": null,
      "messageHandlers": [
        {
          "messageType": "Screen",
          "pageScope": false,
          "script": "\tself.getChild(\"FlexContainer\").getChild(\"Label\").props.text \u003d payload[\u0027Screen\u0027]\n\tself.view.params.screen \u003d payload[\u0027Screen\u0027]\n\tsystem.perspective.print(payload)",
          "sessionScope": true,
          "viewScope": false
        }
      ]
    },
    "type": "ia.container.flex"
  }
}