{
  "custom": {
    "BF_LS1_In_Count": 0,
    "BF_LS1_Out_Count": 0,
    "BF_LS2_In_Count": 1,
    "BF_LS2_Out_Count": 0,
    "BF_LS3_In_Count": 0,
    "BF_LS3_Out_Count": 1,
    "BF_LS4_In_Count": 0,
    "BF_LS4_Out_Count": 0,
    "BF_LS5_In_Count": 0,
    "BF_LS5_Out_Count": 1,
    "BF_LS6_In_Count": 0,
    "BF_LS6_Out_Count": 0,
    "DF_LS2_In_Count": 0,
    "DF_LS2_Out_Count": 0,
    "DF_LS3_In_Count": 0,
    "DF_LS3_Out_Count": 0,
    "DF_LS4_In_Count": 0,
    "DF_LS4_Out_Count": 0,
    "DF_LS5_In_Count": 0,
    "DF_LS5_Out_Count": 0
  },
  "params": {
    "FromDate": "2022-01-11 10:00:001",
    "Location": "DF",
    "ToDate": "2023-01-11 10:00:00"
  },
  "propConfig": {
    "custom.BF_LS1_In_Count": {
      "binding": {
        "config": {
          "path": "/root/FlexContainer2/TabContainer/EmbeddedView1.props.params.NoOfInLogs"
        },
        "transforms": [
          {
            "code": "\tlsCount \u003d (self.view.custom.BF_LS1_In_Count + self.view.custom.BF_LS1_Out_Count)\n\tBF_Tab1 \u003d \u0027Log Stand 1 (\u0027 + str(lsCount) + \u0027)\u0027\n\tself.getChild(\"root\").getChild(\"FlexContainer2\").getChild(\"TabContainer\").props.tabs[0].text \u003d BF_Tab1\n\treturn value",
            "type": "script"
          }
        ],
        "type": "property"
      },
      "persistent": true
    },
    "custom.BF_LS1_Out_Count": {
      "binding": {
        "config": {
          "path": "/root/FlexContainer2/TabContainer/EmbeddedView1.props.params.NoOfOutLogs"
        },
        "transforms": [
          {
            "code": "\tlsCount \u003d (self.view.custom.BF_LS1_In_Count + self.view.custom.BF_LS1_Out_Count)\n\tBF_Tab1 \u003d \u0027Log Stand 1 (\u0027 + str(lsCount) + \u0027)\u0027\n\tself.getChild(\"root\").getChild(\"FlexContainer2\").getChild(\"TabContainer\").props.tabs[0].text \u003d BF_Tab1\n\treturn value",
            "type": "script"
          }
        ],
        "type": "property"
      },
      "persistent": true
    },
    "custom.BF_LS2_In_Count": {
      "binding": {
        "config": {
          "path": "/root/FlexContainer2/TabContainer/EmbeddedView2.props.params.NoOfInLogs"
        },
        "transforms": [
          {
            "code": "\tlsCount \u003d (self.view.custom.BF_LS2_In_Count + self.view.custom.BF_LS2_Out_Count)\n\tBF_Tab2 \u003d \u0027Log Stand 2 (\u0027 + str(lsCount) + \u0027)\u0027\n#\tself.getChild(\"root\").getChild(\"FlexContainer2\").getChild(\"TabContainer\").props.tabs[1].text \u003d BF_Tab2\n\treturn value\n\t",
            "type": "script"
          }
        ],
        "type": "property"
      },
      "persistent": true
    },
    "custom.BF_LS2_Out_Count": {
      "binding": {
        "config": {
          "path": "/root/FlexContainer2/TabContainer/EmbeddedView2.props.params.NoOfOutLogs"
        },
        "transforms": [
          {
            "code": "\tlsCount \u003d (self.view.custom.BF_LS2_In_Count + self.view.custom.BF_LS2_Out_Count)\n\tBF_Tab2 \u003d \u0027Log Stand 2 (\u0027 + str(lsCount) + \u0027)\u0027\n#\tself.getChild(\"root\").getChild(\"FlexContainer2\").getChild(\"TabContainer\").props.tabs[1].text \u003d BF_Tab2\n\treturn value\n\t",
            "type": "script"
          }
        ],
        "type": "property"
      },
      "persistent": true
    },
    "custom.BF_LS3_In_Count": {
      "binding": {
        "config": {
          "path": "/root/FlexContainer2/TabContainer/EmbeddedView3.props.params.NoOfInLogs"
        },
        "type": "property"
      },
      "persistent": true
    },
    "custom.BF_LS3_Out_Count": {
      "binding": {
        "config": {
          "path": "/root/FlexContainer2/TabContainer/EmbeddedView3.props.params.NoOfOutLogs"
        },
        "type": "property"
      },
      "persistent": true
    },
    "custom.BF_LS4_In_Count": {
      "binding": {
        "config": {
          "path": "/root/FlexContainer2/TabContainer/EmbeddedView4.props.params.NoOfInLogs"
        },
        "type": "property"
      },
      "persistent": true
    },
    "custom.BF_LS4_Out_Count": {
      "binding": {
        "config": {
          "path": "/root/FlexContainer2/TabContainer/EmbeddedView4.props.params.NoOfOutLogs"
        },
        "type": "property"
      },
      "persistent": true
    },
    "custom.BF_LS5_In_Count": {
      "binding": {
        "config": {
          "path": "/root/FlexContainer2/TabContainer/EmbeddedView5.props.params.NoOfInLogs"
        },
        "type": "property"
      },
      "persistent": true
    },
    "custom.BF_LS5_Out_Count": {
      "binding": {
        "config": {
          "path": "/root/FlexContainer2/TabContainer/EmbeddedView5.props.params.NoOfOutLogs"
        },
        "type": "property"
      },
      "persistent": true
    },
    "custom.BF_LS6_In_Count": {
      "binding": {
        "config": {
          "path": "/root/FlexContainer2/TabContainer/EmbeddedView6.props.params.NoOfInLogs"
        },
        "type": "property"
      },
      "persistent": true
    },
    "custom.BF_LS6_Out_Count": {
      "binding": {
        "config": {
          "path": "/root/FlexContainer2/TabContainer/EmbeddedView6.props.params.NoOfOutLogs"
        },
        "type": "property"
      },
      "persistent": true
    },
    "custom.DF_LS1_In_Count": {
      "binding": {
        "config": {
          "path": "/root/FlexContainer2/TabContainer_0/EmbeddedView1.props.params.NoOfInLogs"
        },
        "overlayOptOut": true,
        "type": "property"
      }
    },
    "custom.DF_LS1_Out_Count": {
      "binding": {
        "config": {
          "path": "/root/FlexContainer2/TabContainer_0/EmbeddedView1.props.params.NoOfOutLogs"
        },
        "overlayOptOut": true,
        "type": "property"
      }
    },
    "custom.DF_LS2_In_Count": {
      "binding": {
        "config": {
          "path": "/root/FlexContainer2/TabContainer_0/EmbeddedView2.props.params.NoOfInLogs"
        },
        "transforms": [
          {
            "code": "\tlsCount \u003d (self.view.custom.DF_LS2_In_Count + self.view.custom.DF_LS2_Out_Count)\n\tDF_Tab2 \u003d \u0027Log Stand 2 (\u0027 + str(lsCount) + \u0027)\u0027\n#\tself.getChild(\"root\").getChild(\"FlexContainer2\").getChild(\"TabContainer_0\").props.tabs[1].text \u003d DF_Tab2\n\treturn value\n\t",
            "type": "script"
          }
        ],
        "type": "property"
      },
      "persistent": true
    },
    "custom.DF_LS2_Out_Count": {
      "binding": {
        "config": {
          "path": "/root/FlexContainer2/TabContainer_0/EmbeddedView2.props.params.NoOfOutLogs"
        },
        "transforms": [
          {
            "code": "\tlsCount \u003d (self.view.custom.DF_LS2_In_Count + self.view.custom.DF_LS2_Out_Count)\n\tDF_Tab2 \u003d \u0027Log Stand 2 (\u0027 + str(lsCount) + \u0027)\u0027\n#\tself.getChild(\"root\").getChild(\"FlexContainer2\").getChild(\"TabContainer_0\").props.tabs[1].text \u003d DF_Tab2\n\treturn value\n\t",
            "type": "script"
          }
        ],
        "type": "property"
      },
      "persistent": true
    },
    "custom.DF_LS3_In_Count": {
      "binding": {
        "config": {
          "path": "/root/FlexContainer2/TabContainer_0/EmbeddedView3.props.params.NoOfInLogs"
        },
        "type": "property"
      },
      "persistent": true
    },
    "custom.DF_LS3_Out_Count": {
      "binding": {
        "config": {
          "path": "/root/FlexContainer2/TabContainer_0/EmbeddedView3.props.params.NoOfOutLogs"
        },
        "type": "property"
      },
      "persistent": true
    },
    "custom.DF_LS4_In_Count": {
      "binding": {
        "config": {
          "path": "/root/FlexContainer2/TabContainer_0/EmbeddedView4.props.params.NoOfInLogs"
        },
        "type": "property"
      },
      "persistent": true
    },
    "custom.DF_LS4_Out_Count": {
      "binding": {
        "config": {
          "path": "/root/FlexContainer2/TabContainer_0/EmbeddedView4.props.params.NoOfOutLogs"
        },
        "type": "property"
      },
      "persistent": true
    },
    "custom.DF_LS5_In_Count": {
      "binding": {
        "config": {
          "path": "/root/FlexContainer2/TabContainer_0/EmbeddedView5.props.params.NoOfInLogs"
        },
        "type": "property"
      },
      "persistent": true
    },
    "custom.DF_LS5_Out_Count": {
      "binding": {
        "config": {
          "path": "/root/FlexContainer2/TabContainer_0/EmbeddedView5.props.params.NoOfOutLogs"
        },
        "type": "property"
      },
      "persistent": true
    },
    "params.FromDate": {
      "paramDirection": "input",
      "persistent": true
    },
    "params.Location": {
      "paramDirection": "input",
      "persistent": true
    },
    "params.ToDate": {
      "paramDirection": "input",
      "persistent": true
    }
  },
  "props": {},
  "root": {
    "children": [
      {
        "meta": {
          "name": "FlexContainer1"
        },
        "position": {
          "basis": "2px"
        },
        "type": "ia.container.flex"
      },
      {
        "children": [
          {
            "children": [
              {
                "meta": {
                  "name": "EmbeddedView1"
                },
                "propConfig": {
                  "props.params.Location": {
                    "binding": {
                      "config": {
                        "path": "parent.custom.Location"
                      },
                      "type": "property"
                    }
                  }
                },
                "props": {
                  "params": {
                    "LogStandNo": 1,
                    "NoOfInLogs": 0,
                    "NoOfOutLogs": 0
                  },
                  "path": "LogTrackTemplates/LogsInwardOutwardView"
                },
                "type": "ia.display.view"
              },
              {
                "meta": {
                  "name": "EmbeddedView2"
                },
                "position": {
                  "tabIndex": 1
                },
                "propConfig": {
                  "props.params.Location": {
                    "binding": {
                      "config": {
                        "path": "parent.custom.Location"
                      },
                      "type": "property"
                    }
                  }
                },
                "props": {
                  "params": {
                    "LogStandNo": 2,
                    "NoOfInLogs": 1,
                    "NoOfOutLogs": 0
                  },
                  "path": "LogTrackTemplates/LogsInwardOutwardView"
                },
                "type": "ia.display.view"
              },
              {
                "meta": {
                  "name": "EmbeddedView3"
                },
                "position": {
                  "tabIndex": 2
                },
                "propConfig": {
                  "props.params.Location": {
                    "binding": {
                      "config": {
                        "path": "parent.custom.Location"
                      },
                      "type": "property"
                    }
                  }
                },
                "props": {
                  "params": {
                    "LogStandNo": 3,
                    "NoOfInLogs": 0,
                    "NoOfOutLogs": 1
                  },
                  "path": "LogTrackTemplates/LogsInwardOutwardView"
                },
                "type": "ia.display.view"
              },
              {
                "meta": {
                  "name": "EmbeddedView4"
                },
                "position": {
                  "tabIndex": 3
                },
                "propConfig": {
                  "props.params.Location": {
                    "binding": {
                      "config": {
                        "path": "parent.custom.Location"
                      },
                      "type": "property"
                    }
                  }
                },
                "props": {
                  "params": {
                    "LogStandNo": 4,
                    "NoOfInLogs": 0,
                    "NoOfOutLogs": 0
                  },
                  "path": "LogTrackTemplates/LogsInwardOutwardView"
                },
                "type": "ia.display.view"
              },
              {
                "meta": {
                  "name": "EmbeddedView5"
                },
                "position": {
                  "tabIndex": 4
                },
                "propConfig": {
                  "props.params.Location": {
                    "binding": {
                      "config": {
                        "path": "parent.custom.Location"
                      },
                      "type": "property"
                    }
                  }
                },
                "props": {
                  "params": {
                    "LogStandNo": 5,
                    "NoOfInLogs": 0,
                    "NoOfOutLogs": 1
                  },
                  "path": "LogTrackTemplates/LogsInwardOutwardView"
                },
                "type": "ia.display.view"
              },
              {
                "meta": {
                  "name": "EmbeddedView6"
                },
                "position": {
                  "tabIndex": 5
                },
                "propConfig": {
                  "props.params.Location": {
                    "binding": {
                      "config": {
                        "path": "parent.custom.Location"
                      },
                      "type": "property"
                    }
                  }
                },
                "props": {
                  "params": {
                    "LogStandNo": 6,
                    "NoOfInLogs": 0,
                    "NoOfOutLogs": 0
                  },
                  "path": "LogTrackTemplates/LogsInwardOutwardView"
                },
                "type": "ia.display.view"
              }
            ],
            "custom": {
              "Location": "BF"
            },
            "meta": {
              "name": "TabContainer"
            },
            "position": {
              "basis": "300px",
              "grow": 1
            },
            "propConfig": {
              "position.display": {
                "binding": {
                  "config": {
                    "path": "view.params.Location"
                  },
                  "transforms": [
                    {
                      "code": "\tlocation \u003d value\n\tif(location \u003d\u003d \u0027BF\u0027):\n\t\tvis \u003d True\n\telse:\n\t\tvis \u003d False\n\treturn vis\n\t",
                      "type": "script"
                    }
                  ],
                  "type": "property"
                }
              },
              "props.tabs[0].text": {
                "binding": {
                  "config": {
                    "expression": "now(2000)"
                  },
                  "overlayOptOut": true,
                  "transforms": [
                    {
                      "code": "\tlsCount \u003d (self.view.custom.BF_LS1_In_Count)\n\treturn \u0027Log Stand 1 (\u0027 + str(lsCount) + \u0027)\u0027\n\t",
                      "type": "script"
                    }
                  ],
                  "type": "expr"
                }
              },
              "props.tabs[1].text": {
                "binding": {
                  "config": {
                    "expression": "now(2000)"
                  },
                  "overlayOptOut": true,
                  "transforms": [
                    {
                      "code": "\tlsCount \u003d (self.view.custom.BF_LS2_In_Count)\n\treturn \u0027Log Stand 2 (\u0027 + str(lsCount) + \u0027)\u0027\n\t",
                      "type": "script"
                    }
                  ],
                  "type": "expr"
                }
              },
              "props.tabs[2].text": {
                "binding": {
                  "config": {
                    "expression": "now(2000)"
                  },
                  "overlayOptOut": true,
                  "transforms": [
                    {
                      "code": "\tlsCount \u003d (self.view.custom.BF_LS3_In_Count)\n\treturn \u0027Log Stand 3 (\u0027 + str(lsCount) + \u0027)\u0027\n\t",
                      "type": "script"
                    }
                  ],
                  "type": "expr"
                }
              },
              "props.tabs[3].text": {
                "binding": {
                  "config": {
                    "expression": "now(2000)"
                  },
                  "overlayOptOut": true,
                  "transforms": [
                    {
                      "code": "\tlsCount \u003d (self.view.custom.BF_LS4_In_Count)\n\treturn \u0027Log Stand 4 (\u0027 + str(lsCount) + \u0027)\u0027\n\t",
                      "type": "script"
                    }
                  ],
                  "type": "expr"
                }
              },
              "props.tabs[4].text": {
                "binding": {
                  "config": {
                    "expression": "now(2000)"
                  },
                  "overlayOptOut": true,
                  "transforms": [
                    {
                      "code": "\tlsCount \u003d (self.view.custom.BF_LS5_In_Count)\n\treturn \u0027Log Stand 5 (\u0027 + str(lsCount) + \u0027)\u0027\n\t",
                      "type": "script"
                    }
                  ],
                  "type": "expr"
                }
              },
              "props.tabs[5].text": {
                "binding": {
                  "config": {
                    "expression": "now(2000)"
                  },
                  "overlayOptOut": true,
                  "transforms": [
                    {
                      "code": "\tlsCount \u003d (self.view.custom.BF_LS6_In_Count)\n\treturn \u0027Log Stand 6 (\u0027 + str(lsCount) + \u0027)\u0027\n\t",
                      "type": "script"
                    }
                  ],
                  "type": "expr"
                }
              }
            },
            "props": {
              "contentStyle": {
                "borderColor": "#FFFFFF00",
                "borderStyle": "solid",
                "borderWidth": 1,
                "fontFamily": "Roboto",
                "fontSize": 14,
                "fontWeight": "normal"
              },
              "menuStyle": {
                "backgroundColor": "#FF000000",
                "margin": 0
              },
              "menuType": "modern",
              "style": {
                "borderColor": "#FFFFFF00",
                "borderStyle": "none",
                "borderWidth": 0
              },
              "tabSize": {
                "width": 120
              },
              "tabStyle": {
                "active": {
                  "boxShadow": "0px -4px 0px 0px rgba(37,122,140,1) inset",
                  "color": "#257A8C",
                  "fontFamily": "Roboto",
                  "fontSize": 16,
                  "fontWeight": "bolder",
                  "margin": 2,
                  "marginBottom": 0,
                  "marginLeft": 8,
                  "marginRight": 8,
                  "textAlign": "center"
                },
                "inactive": {
                  "color": "#958181C4",
                  "fontFamily": "Roboto",
                  "fontSize": 14,
                  "fontWeight": "bolder",
                  "margin": 2,
                  "marginBottom": 0,
                  "marginLeft": 8,
                  "marginRight": 8
                }
              },
              "tabs": [
                {
                  "runWhileHidden": true
                },
                {
                  "runWhileHidden": true
                },
                {
                  "runWhileHidden": true
                },
                {
                  "runWhileHidden": true
                },
                {
                  "runWhileHidden": true
                },
                {
                  "runWhileHidden": true
                }
              ]
            },
            "type": "ia.container.tab"
          },
          {
            "children": [
              {
                "meta": {
                  "name": "EmbeddedView1"
                },
                "propConfig": {
                  "props.params.Location": {
                    "binding": {
                      "config": {
                        "path": "parent.custom.Location"
                      },
                      "overlayOptOut": true,
                      "type": "property"
                    }
                  }
                },
                "props": {
                  "params": {
                    "LogStandNo": 1,
                    "NoOfInLogs": 286,
                    "NoOfOutLogs": 242
                  },
                  "path": "LogTrackTemplates/LogsInwardOutwardView"
                },
                "type": "ia.display.view"
              },
              {
                "meta": {
                  "name": "EmbeddedView2"
                },
                "position": {
                  "tabIndex": 1
                },
                "propConfig": {
                  "props.params.Location": {
                    "binding": {
                      "config": {
                        "path": "parent.custom.Location"
                      },
                      "type": "property"
                    }
                  }
                },
                "props": {
                  "params": {
                    "LogStandNo": 2,
                    "NoOfInLogs": 0,
                    "NoOfOutLogs": 0
                  },
                  "path": "LogTrackTemplates/LogsInwardOutwardView"
                },
                "type": "ia.display.view"
              },
              {
                "meta": {
                  "name": "EmbeddedView3"
                },
                "position": {
                  "tabIndex": 2
                },
                "propConfig": {
                  "props.params.Location": {
                    "binding": {
                      "config": {
                        "path": "parent.custom.Location"
                      },
                      "type": "property"
                    }
                  }
                },
                "props": {
                  "params": {
                    "LogStandNo": 3,
                    "NoOfInLogs": 0,
                    "NoOfOutLogs": 0
                  },
                  "path": "LogTrackTemplates/LogsInwardOutwardView"
                },
                "type": "ia.display.view"
              },
              {
                "meta": {
                  "name": "EmbeddedView4"
                },
                "position": {
                  "tabIndex": 3
                },
                "propConfig": {
                  "props.params.Location": {
                    "binding": {
                      "config": {
                        "path": "parent.custom.Location"
                      },
                      "type": "property"
                    }
                  }
                },
                "props": {
                  "params": {
                    "LogStandNo": 4,
                    "NoOfInLogs": 0,
                    "NoOfOutLogs": 0
                  },
                  "path": "LogTrackTemplates/LogsInwardOutwardView"
                },
                "type": "ia.display.view"
              },
              {
                "meta": {
                  "name": "EmbeddedView5"
                },
                "position": {
                  "tabIndex": 4
                },
                "propConfig": {
                  "props.params.Location": {
                    "binding": {
                      "config": {
                        "path": "parent.custom.Location"
                      },
                      "type": "property"
                    }
                  }
                },
                "props": {
                  "params": {
                    "LogStandNo": 5,
                    "NoOfInLogs": 0,
                    "NoOfOutLogs": 0
                  },
                  "path": "LogTrackTemplates/LogsInwardOutwardView"
                },
                "type": "ia.display.view"
              }
            ],
            "custom": {
              "Location": "DF"
            },
            "meta": {
              "name": "TabContainer_0"
            },
            "position": {
              "basis": "300px",
              "grow": 1
            },
            "propConfig": {
              "position.display": {
                "binding": {
                  "config": {
                    "path": "view.params.Location"
                  },
                  "transforms": [
                    {
                      "code": "\tlocation \u003d value\n\tif(location \u003d\u003d \u0027DF\u0027):\n\t\tvis \u003d True\n\telse:\n\t\tvis \u003d False\n\treturn vis\n\t",
                      "type": "script"
                    }
                  ],
                  "type": "property"
                }
              },
              "props.tabs[0].text": {
                "binding": {
                  "config": {
                    "expression": "now(2000)"
                  },
                  "overlayOptOut": true,
                  "transforms": [
                    {
                      "code": "\tlsCount \u003d (self.view.custom.DF_LS1_In_Count) \n\treturn \u0027Log Stand 1 (\u0027 + str(lsCount) + \u0027)\u0027\n\t",
                      "type": "script"
                    }
                  ],
                  "type": "expr"
                }
              },
              "props.tabs[1].text": {
                "binding": {
                  "config": {
                    "expression": "now(2000)"
                  },
                  "overlayOptOut": true,
                  "transforms": [
                    {
                      "code": "\tlsCount \u003d (self.view.custom.DF_LS2_In_Count)\n\treturn \u0027Log Stand 2 (\u0027 + str(lsCount) + \u0027)\u0027\n\t",
                      "type": "script"
                    }
                  ],
                  "type": "expr"
                }
              },
              "props.tabs[2].text": {
                "binding": {
                  "config": {
                    "expression": "now(2000)"
                  },
                  "overlayOptOut": true,
                  "transforms": [
                    {
                      "code": "\tlsCount \u003d (self.view.custom.DF_LS3_In_Count) \n\treturn \u0027Log Stand 3 (\u0027 + str(lsCount) + \u0027)\u0027\n\t",
                      "type": "script"
                    }
                  ],
                  "type": "expr"
                }
              },
              "props.tabs[3].text": {
                "binding": {
                  "config": {
                    "expression": "now(2000)"
                  },
                  "overlayOptOut": true,
                  "transforms": [
                    {
                      "code": "\tlsCount \u003d (self.view.custom.DF_LS4_In_Count)\n\treturn \u0027Log Stand 4 (\u0027 + str(lsCount) + \u0027)\u0027\n\t",
                      "type": "script"
                    }
                  ],
                  "type": "expr"
                }
              },
              "props.tabs[4].text": {
                "binding": {
                  "config": {
                    "expression": "now(2000)"
                  },
                  "overlayOptOut": true,
                  "transforms": [
                    {
                      "code": "\tlsCount \u003d (self.view.custom.DF_LS5_In_Count) \n\treturn \u0027Log Stand 5 (\u0027 + str(lsCount) + \u0027)\u0027\n\t",
                      "type": "script"
                    }
                  ],
                  "type": "expr"
                }
              }
            },
            "props": {
              "contentStyle": {
                "borderColor": "#FFFFFF00",
                "borderStyle": "solid",
                "borderWidth": 1,
                "fontFamily": "Roboto",
                "fontSize": 14,
                "fontWeight": "normal"
              },
              "menuStyle": {
                "backgroundColor": "#FF000000",
                "margin": 0
              },
              "menuType": "modern",
              "style": {
                "borderColor": "#FFFFFF00",
                "borderStyle": "none",
                "borderWidth": 0
              },
              "tabSize": {
                "width": 200
              },
              "tabStyle": {
                "active": {
                  "boxShadow": "0px -4px 0px 0px rgba(37,122,140,1) inset",
                  "color": "#257A8C",
                  "fontFamily": "Roboto",
                  "fontSize": 16,
                  "fontWeight": "bolder",
                  "margin": 2,
                  "marginBottom": 0,
                  "marginLeft": 8,
                  "marginRight": 8,
                  "textAlign": "center"
                },
                "inactive": {
                  "color": "#958181C4",
                  "fontFamily": "Roboto",
                  "fontSize": 14,
                  "fontWeight": "bolder",
                  "margin": 2,
                  "marginBottom": 0,
                  "marginLeft": 8,
                  "marginRight": 8
                }
              },
              "tabs": [
                {
                  "runWhileHidden": true
                },
                {
                  "runWhileHidden": true
                },
                {
                  "runWhileHidden": true
                },
                {
                  "runWhileHidden": true
                },
                {
                  "runWhileHidden": true
                }
              ]
            },
            "type": "ia.container.tab"
          }
        ],
        "meta": {
          "name": "FlexContainer2"
        },
        "position": {
          "basis": "200px",
          "grow": 1
        },
        "props": {
          "direction": "column"
        },
        "type": "ia.container.flex"
      }
    ],
    "meta": {
      "name": "root"
    },
    "props": {
      "direction": "column"
    },
    "type": "ia.container.flex"
  }
}