{
  "custom": {
    "key": "value"
  },
  "params": {
    "printer": "ZDesigner ZT230-300dpi ZPL",
    "rowData": {}
  },
  "propConfig": {
    "custom.key": {
      "persistent": true
    },
    "params.printer": {
      "paramDirection": "input",
      "persistent": true
    },
    "params.rowData": {
      "paramDirection": "input",
      "persistent": true
    }
  },
  "props": {
    "defaultSize": {
      "height": 30,
      "width": 80
    }
  },
  "root": {
    "children": [
      {
        "events": {
          "dom": {
            "onClick": {
              "config": {
                "script": "\timport time\n#\tprinter\u003dsystem.tag.read(\u0027[B_IMS]Printer\u0027).value\n\tprinter\u003dself.view.params.printer\n\tdataSet \u003d self.view.params.rowData\n\tpo \u003d dataSet[\u0027PO\u0027]\n\tlogId \u003d dataSet[\u0027LogID\u0027]\n\talloy \u003d dataSet[\u0027ALLOY\u0027]\n\tactualDia \u003d float(dataSet[\u0027Actual_dia\u0027])\n\tactualLength \u003d float(dataSet[\u0027Actual_length\u0027])\n\tactualWeight \u003d float(dataSet[\u0027Actual_weight\u0027])\n\t\n\tDate\u003ddataSet[\u0027End_Date\u0027]\n\tTime\u003ddataSet[\u0027End_time\u0027]\n\tDATA\u003dstr(Date)\n\tDDATE\u003dtime.strftime(\u0027%d-%m-%Y\u0027, time.localtime(Date))\n\tBDATA\u003dstr(Time)\n\tTTIME\u003dtime.strftime(\u0027%H:%M\u0027, time.localtime(Time))\n\tFDT\u003dDDATE+\u0027 \u0027+TTIME\n#\tMDate\u003dsystem.date.setTime(Date, system.date.getHour24(Time), system.date.getMinute(Time), 0)\n#\tDATE\u003dsystem.date.format(MDate,\u0027dd-MM-YYYY hh:mm\u0027)\n\tDATE\u003dDDATE\n#\tDATE\u003dsystem.date.format(system.date.now(),\u0027dd-MM-YYYY hh:mm\u0027)\n\t\n#\tPrint SVG Loading\n\tLL\u003dlogId.replace(\u0027 \u0027,\u0027\u0027)\n\tsystem.perspective.openPopup(\u0027Print_loding\u0027,\u0027CastingPageTemplates/print_svg\u0027,params \u003d {\u0027LOGID\u0027:str(LL)},showCloseIcon\u003dFalse,modal\u003dTrue,draggable\u003dFalse)\n\t\n#\tparams \u003d {\u0027LogID\u0027:logId,\u0027Alloy\u0027:alloy,\u0027Weight\u0027:actualWeight}\n\tparams \u003d {\u0027LogID\u0027:logId,\u0027Alloy\u0027:alloy,\u0027Weight\u0027:actualWeight,\u0027Diameter\u0027:actualDia,\u0027PO no\u0027:po,\u0027Cast_Date\u0027:DATE}\n\t\n\tsetting \u003d {\u0027primaryPrinterName\u0027:str(printer),\u0027backupPrinterName\u0027:str(printer)}\n\tsystem.report.executeAndDistribute(path\u003d\u0027Barcode_Template_1\u0027, project\u003d\u0027Jindal_IMS\u0027, parameters\u003dparams, action\u003d\u0027print\u0027, actionSettings\u003dsetting)\n\ttime.sleep(0.5)\n\t\n\t#  Print SVG Close\t\n\tsystem.perspective.closePopup(\u0027Print_loding\u0027)\n\t\n\t# Close the popup\n#\tsystem.perspective.closePopup(\u0027LogID Edit View\u0027)\n\t"
              },
              "scope": "G",
              "type": "script"
            }
          }
        },
        "meta": {
          "name": "Button"
        },
        "position": {
          "basis": "34px",
          "display": null,
          "grow": 1
        },
        "propConfig": {
          "props.enabled": {
            "binding": {
              "config": {
                "path": "view.params.rowData"
              },
              "transforms": [
                {
                  "code": "\tx \u003d value[\u0027Select\u0027]\n\tif(x \u003d\u003d True):\n\t\treturn True\n\telse:\n\t\treturn False\n",
                  "type": "script"
                }
              ],
              "type": "property"
            }
          }
        },
        "props": {
          "image": {
            "style": {
              "marginBottom": 2,
              "marginLeft": 2,
              "marginRight": 2,
              "marginTop": 2
            }
          },
          "style": {
            "marginBottom": 2,
            "marginLeft": 2,
            "marginRight": 2,
            "marginTop": 2
          },
          "text": "Print"
        },
        "type": "ia.input.button"
      }
    ],
    "meta": {
      "name": "root"
    },
    "props": {
      "direction": "column",
      "style": {
        "overflow": "hidden"
      }
    },
    "type": "ia.container.flex"
  }
}