{
  "custom": {},
  "params": {
    "Location": "DF",
    "LogStandNo": 1,
    "NoOfOutLogs": 338
  },
  "propConfig": {
    "params.Location": {
      "paramDirection": "input",
      "persistent": true
    },
    "params.LogStandNo": {
      "paramDirection": "input",
      "persistent": true
    }
  },
  "props": {
    "defaultSize": {
      "width": 1437
    }
  },
  "root": {
    "children": [
      {
        "meta": {
          "name": "FlexContainer1"
        },
        "position": {
          "basis": "2px"
        },
        "type": "ia.container.flex"
      },
      {
        "children": [
          {
            "children": [
              {
                "children": [
                  {
                    "events": {
                      "dom": {
                        "onClick": {
                          "config": {
                            "script": "\tfrom datetime import datetime\n\t\t\n\t#Set the filename with current timestamp\n\tcurrentDateTime \u003d datetime.now()\n\t\n\tfileName \u003d \"AvailableLogs_\" + str(currentDateTime.strftime(\"%Y%m%d%H%M%S\")) + \".xlsx\"\n\t\n\tdataSet \u003d self.parent.parent.getChild(\"FlexContainer222\").getChild(\"Table1\").props.data\n\torgColumns \u003d system.dataset.getColumnHeaders(dataSet)\n\tdisplayColumns \u003d self.parent.parent.getChild(\"FlexContainer222\").getChild(\"Table1\").props.columns\n\t\n\theaders \u003d []\n\tnewData \u003d []\n\tshowColumns \u003d []\n\tfinalDataset \u003d []\n\t\n\tfor oIdx in range(dataSet.getColumnCount()):\n\t\tmatch \u003d False;\n\t\tfor sIdx in range(len(displayColumns)):\n\t\t\tif(orgColumns[oIdx] \u003d\u003d displayColumns[sIdx].field and displayColumns[sIdx].visible \u003d\u003d True):\n\t\t\t\tmatch \u003d True;\n\t\t\t\tbreak;\n\t\tif (match):\t\t\t\t\t\t\n\t\t\tshowColumns.append(orgColumns[oIdx]);\n\t\t\theaders.append(displayColumns[oIdx].header.title)\n\t\t\t\n\tfilterDataset \u003d system.dataset.filterColumns(dataSet, showColumns)\n\t\n\tfor rowIndex in range(filterDataset.rowCount):\n\t\trow \u003d [filterDataset.getValueAt(rowIndex,col) for col in range(filterDataset.columnCount)]\n\t\tnewData.append(row)\n\t\t\n\tfinalDataset \u003d system.dataset.toDataSet(headers,newData)\n\tXLSFormat \u003d system.dataset.toExcel(True,[finalDataset])\n\tsystem.perspective.download(fileName, XLSFormat)\n\t"
                          },
                          "scope": "G",
                          "type": "script"
                        }
                      }
                    },
                    "meta": {
                      "name": "Icon"
                    },
                    "position": {
                      "basis": "30px"
                    },
                    "props": {
                      "color": "#3F5462",
                      "path": "material/arrow_circle_down",
                      "style": {
                        "marginBottom": 4,
                        "marginRight": 10,
                        "marginTop": 4
                      }
                    },
                    "type": "ia.display.icon"
                  }
                ],
                "meta": {
                  "name": "FlexContainer221"
                },
                "position": {
                  "basis": "30px"
                },
                "props": {
                  "justify": "flex-end"
                },
                "type": "ia.container.flex"
              },
              {
                "children": [
                  {
                    "meta": {
                      "name": "Table1"
                    },
                    "position": {
                      "basis": "400px",
                      "grow": 1
                    },
                    "propConfig": {
                      "props.data": {
                        "binding": {
                          "config": {
                            "path": "view.params.LogStandNo"
                          },
                          "overlayOptOut": true,
                          "transforms": [
                            {
                              "code": "\t# Collect Logstandn no and Location\n\tlocation\u003dself.view.params.Location\n\tLS_No\u003dself.view.params.LogStandNo\n\t# Collect the list of CIMS logid\u0027s based on the location and logstand number\n\tq\u003d\u0027\u0027\u0027SELECT trim([log_id]) as log_id\t\t     \n\t\t\t  FROM [CIMS].[dbo].[mes_logtracker]\n\t\t\t  WHERE [log_stand_no] \u003d ?\n\t\t\t  AND [location] \u003d ?\n\t\t\t  AND [log_outward_date] IS NULL\u0027\u0027\u0027\n\ta\u003d[LS_No,location]\n\tData\u003dsystem.db.runPrepQuery(q, a, \u0027CIMS2\u0027)\t\t\n\tData1 \u003d system.dataset.toPyDataSet(Data)\n\tLog_IDS\u003d\u0027\u0027\n\t\n\t# Convert PyDataset into string at Log_IDS\n\tfor i in range(len(Data1)):\n\t\tif i\u003d\u003d(len(Data1)-1):\n\t\t\tnew_ID\u003d\"\u0027\"+str(Data1[i][0])+\"\u0027\"\n\t\t\tLog_IDS\u003dLog_IDS+new_ID\n\t\telse:\n\t\t\tnew_ID\u003d\"\u0027\"+str(Data1[i][0])+\"\u0027\"\n\t\t\tLog_IDS\u003dLog_IDS+new_ID+\",\"\n\t\n\t# Get final Dataset with CIMS IDS\n\tq1\u003d\u0027\u0027\u0027 SELECT \n\t\ttrim([po]) as po\n\t\t,trim([log_id]) as log_id\n\t\t,trim([sap_log_batch_no]) as sap_id\t\n\t\t,trim([alloy]) as alloy\n\t\t,[log_dia]\n\t\t,[log_length]\n\t\t,[log_weight]\n\t\t,[log_casting_date]\n\t\t,[log_inward_date]\n\t\tFROM [CIMS].[dbo].[mes_logtracker]\n\t\tWHERE [log_id] in (\u0027\u0027\u0027+Log_IDS+\u0027\u0027\u0027)\n\t\torder by [log_inward_date] desc\u0027\u0027\u0027\n\ta1\u003d[]\n\tFdataset\u003dsystem.db.runPrepQuery(q1, a1, \u0027CIMS2\u0027)\n\t\n\treturn Fdataset\n\n ",
                              "type": "script"
                            }
                          ],
                          "type": "property"
                        }
                      }
                    },
                    "props": {
                      "cells": {
                        "allowEditOn": "single-click",
                        "style": {
                          "classes": "Table/Table_Cell",
                          "fontFamily": "Arial",
                          "fontSize": 12,
                          "textAlign": "left"
                        }
                      },
                      "columns": [
                        {
                          "align": "center",
                          "boolean": "checkbox",
                          "dateFormat": "MM/DD/YYYY",
                          "editable": false,
                          "field": "po",
                          "filter": {
                            "boolean": {
                              "condition": ""
                            },
                            "date": {
                              "condition": "",
                              "value": ""
                            },
                            "enabled": true,
                            "number": {
                              "condition": "",
                              "value": ""
                            },
                            "string": {
                              "condition": "",
                              "value": ""
                            },
                            "visible": "on-hover"
                          },
                          "footer": {
                            "align": "center",
                            "justify": "left",
                            "style": {
                              "classes": ""
                            },
                            "title": ""
                          },
                          "header": {
                            "align": "center",
                            "justify": "center",
                            "style": {
                              "classes": ""
                            },
                            "title": "PO NO"
                          },
                          "justify": "center",
                          "number": "value",
                          "numberFormat": "0,0.##",
                          "progressBar": {
                            "bar": {
                              "color": "",
                              "style": {
                                "classes": ""
                              }
                            },
                            "max": 100,
                            "min": 0,
                            "track": {
                              "color": "",
                              "style": {
                                "classes": ""
                              }
                            },
                            "value": {
                              "enabled": true,
                              "format": "0,0.##",
                              "justify": "center",
                              "style": {
                                "classes": ""
                              }
                            }
                          },
                          "render": "auto",
                          "resizable": true,
                          "sort": "none",
                          "sortable": false,
                          "strictWidth": false,
                          "style": {
                            "classes": "test1"
                          },
                          "toggleSwitch": {
                            "color": {
                              "selected": "",
                              "unselected": ""
                            }
                          },
                          "viewParams": {},
                          "viewPath": "",
                          "visible": true,
                          "width": ""
                        },
                        {
                          "align": "center",
                          "boolean": "checkbox",
                          "dateFormat": "MM/DD/YYYY",
                          "editable": false,
                          "field": "log_id",
                          "filter": {
                            "boolean": {
                              "condition": ""
                            },
                            "date": {
                              "condition": "",
                              "value": ""
                            },
                            "enabled": true,
                            "number": {
                              "condition": "",
                              "value": ""
                            },
                            "string": {
                              "condition": "",
                              "value": ""
                            },
                            "visible": "on-hover"
                          },
                          "footer": {
                            "align": "center",
                            "justify": "left",
                            "style": {
                              "classes": ""
                            },
                            "title": ""
                          },
                          "header": {
                            "align": "center",
                            "justify": "center",
                            "style": {
                              "classes": ""
                            },
                            "title": "LOG ID"
                          },
                          "justify": "center",
                          "number": "value",
                          "numberFormat": "0,0.##",
                          "progressBar": {
                            "bar": {
                              "color": "",
                              "style": {
                                "classes": ""
                              }
                            },
                            "max": 100,
                            "min": 0,
                            "track": {
                              "color": "",
                              "style": {
                                "classes": ""
                              }
                            },
                            "value": {
                              "enabled": true,
                              "format": "0,0.##",
                              "justify": "center",
                              "style": {
                                "classes": ""
                              }
                            }
                          },
                          "render": "auto",
                          "resizable": true,
                          "sort": "none",
                          "sortable": false,
                          "strictWidth": false,
                          "style": {
                            "classes": "test1"
                          },
                          "toggleSwitch": {
                            "color": {
                              "selected": "",
                              "unselected": ""
                            }
                          },
                          "viewParams": {},
                          "viewPath": "",
                          "visible": true,
                          "width": ""
                        },
                        {
                          "align": "center",
                          "boolean": "checkbox",
                          "dateFormat": "MM/DD/YYYY",
                          "editable": false,
                          "field": "sap_id",
                          "filter": {
                            "boolean": {
                              "condition": ""
                            },
                            "date": {
                              "condition": "",
                              "value": ""
                            },
                            "enabled": true,
                            "number": {
                              "condition": "",
                              "value": ""
                            },
                            "string": {
                              "condition": "",
                              "value": ""
                            },
                            "visible": "on-hover"
                          },
                          "footer": {
                            "align": "center",
                            "justify": "left",
                            "style": {
                              "classes": ""
                            },
                            "title": ""
                          },
                          "header": {
                            "align": "center",
                            "justify": "center",
                            "style": {
                              "classes": ""
                            },
                            "title": "SAP_ID"
                          },
                          "justify": "center",
                          "number": "value",
                          "numberFormat": "0,0.##",
                          "progressBar": {
                            "bar": {
                              "color": "",
                              "style": {
                                "classes": ""
                              }
                            },
                            "max": 100,
                            "min": 0,
                            "track": {
                              "color": "",
                              "style": {
                                "classes": ""
                              }
                            },
                            "value": {
                              "enabled": true,
                              "format": "0,0.##",
                              "justify": "center",
                              "style": {
                                "classes": ""
                              }
                            }
                          },
                          "render": "auto",
                          "resizable": true,
                          "sort": "none",
                          "sortable": false,
                          "strictWidth": false,
                          "style": {
                            "classes": "test1"
                          },
                          "toggleSwitch": {
                            "color": {
                              "selected": "",
                              "unselected": ""
                            }
                          },
                          "viewParams": {},
                          "viewPath": "",
                          "visible": true,
                          "width": ""
                        },
                        {
                          "align": "center",
                          "boolean": "checkbox",
                          "dateFormat": "MM/DD/YYYY",
                          "editable": false,
                          "field": "alloy",
                          "filter": {
                            "boolean": {
                              "condition": ""
                            },
                            "date": {
                              "condition": "",
                              "value": ""
                            },
                            "enabled": false,
                            "number": {
                              "condition": "",
                              "value": ""
                            },
                            "string": {
                              "condition": "",
                              "value": ""
                            },
                            "visible": "on-hover"
                          },
                          "footer": {
                            "align": "center",
                            "justify": "left",
                            "style": {
                              "classes": ""
                            },
                            "title": ""
                          },
                          "header": {
                            "align": "center",
                            "justify": "center",
                            "style": {
                              "classes": ""
                            },
                            "title": "Alloy"
                          },
                          "justify": "center",
                          "number": "value",
                          "numberFormat": "0,0.##",
                          "progressBar": {
                            "bar": {
                              "color": "",
                              "style": {
                                "classes": ""
                              }
                            },
                            "max": 100,
                            "min": 0,
                            "track": {
                              "color": "",
                              "style": {
                                "classes": ""
                              }
                            },
                            "value": {
                              "enabled": true,
                              "format": "0,0.##",
                              "justify": "center",
                              "style": {
                                "classes": ""
                              }
                            }
                          },
                          "render": "auto",
                          "resizable": true,
                          "sort": "none",
                          "sortable": false,
                          "strictWidth": true,
                          "style": {
                            "classes": ""
                          },
                          "toggleSwitch": {
                            "color": {
                              "selected": "",
                              "unselected": ""
                            }
                          },
                          "viewParams": {},
                          "viewPath": "",
                          "visible": true,
                          "width": 50
                        },
                        {
                          "align": "center",
                          "boolean": "checkbox",
                          "dateFormat": "MM/DD/YYYY",
                          "editable": false,
                          "field": "log_dia",
                          "filter": {
                            "boolean": {
                              "condition": ""
                            },
                            "date": {
                              "condition": "",
                              "value": ""
                            },
                            "enabled": false,
                            "number": {
                              "condition": "",
                              "value": ""
                            },
                            "string": {
                              "condition": "",
                              "value": ""
                            },
                            "visible": "on-hover"
                          },
                          "footer": {
                            "align": "center",
                            "justify": "left",
                            "style": {
                              "classes": ""
                            },
                            "title": ""
                          },
                          "header": {
                            "align": "center",
                            "justify": "center",
                            "style": {
                              "classes": ""
                            },
                            "title": "Log Dia (mm)"
                          },
                          "justify": "center",
                          "number": "value",
                          "numberFormat": "0,0.##",
                          "progressBar": {
                            "bar": {
                              "color": "",
                              "style": {
                                "classes": ""
                              }
                            },
                            "max": 100,
                            "min": 0,
                            "track": {
                              "color": "",
                              "style": {
                                "classes": ""
                              }
                            },
                            "value": {
                              "enabled": true,
                              "format": "0,0.##",
                              "justify": "center",
                              "style": {
                                "classes": ""
                              }
                            }
                          },
                          "render": "number",
                          "resizable": true,
                          "sort": "none",
                          "sortable": false,
                          "strictWidth": false,
                          "style": {
                            "classes": ""
                          },
                          "toggleSwitch": {
                            "color": {
                              "selected": "",
                              "unselected": ""
                            }
                          },
                          "viewParams": {},
                          "viewPath": "",
                          "visible": true,
                          "width": ""
                        },
                        {
                          "align": "center",
                          "boolean": "checkbox",
                          "dateFormat": "MM/DD/YYYY",
                          "editable": false,
                          "field": "log_length",
                          "filter": {
                            "boolean": {
                              "condition": ""
                            },
                            "date": {
                              "condition": "",
                              "value": ""
                            },
                            "enabled": false,
                            "number": {
                              "condition": "",
                              "value": ""
                            },
                            "string": {
                              "condition": "",
                              "value": ""
                            },
                            "visible": "on-hover"
                          },
                          "footer": {
                            "align": "center",
                            "justify": "left",
                            "style": {
                              "classes": ""
                            },
                            "title": ""
                          },
                          "header": {
                            "align": "center",
                            "justify": "center",
                            "style": {
                              "classes": ""
                            },
                            "title": "Length (mm)"
                          },
                          "justify": "center",
                          "number": "value",
                          "numberFormat": "0,0.##",
                          "progressBar": {
                            "bar": {
                              "color": "",
                              "style": {
                                "classes": ""
                              }
                            },
                            "max": 100,
                            "min": 0,
                            "track": {
                              "color": "",
                              "style": {
                                "classes": ""
                              }
                            },
                            "value": {
                              "enabled": true,
                              "format": "0,0.##",
                              "justify": "center",
                              "style": {
                                "classes": ""
                              }
                            }
                          },
                          "render": "number",
                          "resizable": true,
                          "sort": "none",
                          "sortable": false,
                          "strictWidth": false,
                          "style": {
                            "classes": ""
                          },
                          "toggleSwitch": {
                            "color": {
                              "selected": "",
                              "unselected": ""
                            }
                          },
                          "viewParams": {},
                          "viewPath": "",
                          "visible": true,
                          "width": ""
                        },
                        {
                          "align": "center",
                          "boolean": "checkbox",
                          "dateFormat": "MM/DD/YYYY",
                          "editable": false,
                          "field": "log_weight",
                          "filter": {
                            "boolean": {
                              "condition": ""
                            },
                            "date": {
                              "condition": "",
                              "value": ""
                            },
                            "enabled": false,
                            "number": {
                              "condition": "",
                              "value": ""
                            },
                            "string": {
                              "condition": "",
                              "value": ""
                            },
                            "visible": "on-hover"
                          },
                          "footer": {
                            "align": "center",
                            "justify": "left",
                            "style": {
                              "classes": ""
                            },
                            "title": ""
                          },
                          "header": {
                            "align": "center",
                            "justify": "center",
                            "style": {
                              "classes": ""
                            },
                            "title": "Weight (kg)"
                          },
                          "justify": "center",
                          "number": "value",
                          "numberFormat": "0,0.##",
                          "progressBar": {
                            "bar": {
                              "color": "",
                              "style": {
                                "classes": ""
                              }
                            },
                            "max": 100,
                            "min": 0,
                            "track": {
                              "color": "",
                              "style": {
                                "classes": ""
                              }
                            },
                            "value": {
                              "enabled": true,
                              "format": "0,0.##",
                              "justify": "center",
                              "style": {
                                "classes": ""
                              }
                            }
                          },
                          "render": "number",
                          "resizable": true,
                          "sort": "none",
                          "sortable": false,
                          "strictWidth": false,
                          "style": {
                            "classes": ""
                          },
                          "toggleSwitch": {
                            "color": {
                              "selected": "",
                              "unselected": ""
                            }
                          },
                          "viewParams": {},
                          "viewPath": "",
                          "visible": true,
                          "width": ""
                        },
                        {
                          "align": "center",
                          "boolean": "checkbox",
                          "dateFormat": "DD/MM/YYYY",
                          "editable": false,
                          "field": "log_casting_date",
                          "filter": {
                            "boolean": {
                              "condition": ""
                            },
                            "date": {
                              "condition": "",
                              "value": ""
                            },
                            "enabled": true,
                            "number": {
                              "condition": "",
                              "value": ""
                            },
                            "string": {
                              "condition": "",
                              "value": ""
                            },
                            "visible": "on-hover"
                          },
                          "footer": {
                            "align": "center",
                            "justify": "left",
                            "style": {
                              "classes": ""
                            },
                            "title": ""
                          },
                          "header": {
                            "align": "center",
                            "justify": "center",
                            "style": {
                              "classes": ""
                            },
                            "title": "Cast Date"
                          },
                          "justify": "center",
                          "number": "value",
                          "numberFormat": "0,0.##",
                          "progressBar": {
                            "bar": {
                              "color": "",
                              "style": {
                                "classes": ""
                              }
                            },
                            "max": 100,
                            "min": 0,
                            "track": {
                              "color": "",
                              "style": {
                                "classes": ""
                              }
                            },
                            "value": {
                              "enabled": true,
                              "format": "0,0.##",
                              "justify": "center",
                              "style": {
                                "classes": ""
                              }
                            }
                          },
                          "render": "date",
                          "resizable": true,
                          "sort": "none",
                          "sortable": true,
                          "strictWidth": false,
                          "style": {
                            "classes": "test1"
                          },
                          "toggleSwitch": {
                            "color": {
                              "selected": "",
                              "unselected": ""
                            }
                          },
                          "viewParams": {},
                          "viewPath": "",
                          "visible": true,
                          "width": ""
                        },
                        {
                          "align": "center",
                          "boolean": "checkbox",
                          "dateFormat": "DD/MM/YYYY HH:mm",
                          "editable": false,
                          "field": "log_inward_date",
                          "filter": {
                            "boolean": {
                              "condition": ""
                            },
                            "date": {
                              "condition": "",
                              "value": ""
                            },
                            "enabled": true,
                            "number": {
                              "condition": "",
                              "value": ""
                            },
                            "string": {
                              "condition": "",
                              "value": ""
                            },
                            "visible": "on-hover"
                          },
                          "footer": {
                            "align": "center",
                            "justify": "left",
                            "style": {
                              "classes": ""
                            },
                            "title": ""
                          },
                          "header": {
                            "align": "center",
                            "justify": "center",
                            "style": {
                              "classes": ""
                            },
                            "title": "Log Inward DateTime"
                          },
                          "justify": "center",
                          "number": "value",
                          "numberFormat": "0,0.##",
                          "progressBar": {
                            "bar": {
                              "color": "",
                              "style": {
                                "classes": ""
                              }
                            },
                            "max": 100,
                            "min": 0,
                            "track": {
                              "color": "",
                              "style": {
                                "classes": ""
                              }
                            },
                            "value": {
                              "enabled": true,
                              "format": "0,0.##",
                              "justify": "center",
                              "style": {
                                "classes": ""
                              }
                            }
                          },
                          "render": "date",
                          "resizable": true,
                          "sort": "none",
                          "sortable": true,
                          "strictWidth": false,
                          "style": {
                            "classes": "test1"
                          },
                          "toggleSwitch": {
                            "color": {
                              "selected": "",
                              "unselected": ""
                            }
                          },
                          "viewParams": {},
                          "viewPath": "",
                          "visible": true,
                          "width": ""
                        }
                      ],
                      "dragOrderable": false,
                      "headerStyle": {
                        "classes": "Table/Table_Header"
                      },
                      "rows": {
                        "height": 33,
                        "style": {
                          "classes": "Table/Table_Row"
                        }
                      },
                      "style": {
                        "marginLeft": 2,
                        "marginRight": 2
                      }
                    },
                    "scripts": {
                      "customMethods": [],
                      "extensionFunctions": null,
                      "messageHandlers": [
                        {
                          "messageType": "AddLogManually",
                          "pageScope": true,
                          "script": "\t# implement your handler here\n\tself.refreshBinding(\"props.data\")",
                          "sessionScope": false,
                          "viewScope": false
                        },
                        {
                          "messageType": "RemoveLogManually",
                          "pageScope": true,
                          "script": "\t# implement your handler here\n\tself.refreshBinding(\"props.data\")",
                          "sessionScope": false,
                          "viewScope": false
                        }
                      ]
                    },
                    "type": "ia.display.table"
                  }
                ],
                "meta": {
                  "name": "FlexContainer222"
                },
                "position": {
                  "basis": "200px",
                  "grow": 1
                },
                "type": "ia.container.flex"
              },
              {
                "meta": {
                  "name": "FlexContainer223"
                },
                "position": {
                  "basis": "1px"
                },
                "type": "ia.container.flex"
              }
            ],
            "meta": {
              "name": "FlexContainer22"
            },
            "position": {
              "basis": "200px",
              "grow": 1
            },
            "props": {
              "direction": "column"
            },
            "type": "ia.container.flex"
          }
        ],
        "meta": {
          "name": "FlexContainer2"
        },
        "position": {
          "basis": "200px",
          "grow": 1
        },
        "type": "ia.container.flex"
      },
      {
        "meta": {
          "name": "FlexContainer3"
        },
        "position": {
          "basis": "2px"
        },
        "type": "ia.container.flex"
      }
    ],
    "meta": {
      "name": "root"
    },
    "props": {
      "direction": "column"
    },
    "type": "ia.container.flex"
  }
}