{
  "custom": {
    "Tab": 1
  },
  "params": {},
  "props": {
    "defaultSize": {
      "width": 1150
    }
  },
  "root": {
    "children": [
      {
        "meta": {
          "name": "Label"
        },
        "position": {
          "basis": "20px",
          "display": false
        },
        "props": {
          "style": {
            "marginLeft": 12,
            "marginTop": 5
          },
          "text": "Inventory Managment System",
          "textStyle": {
            "color": "#5B5B5B",
            "fontFamily": "Roboto",
            "fontSize": "18px",
            "fontWeight": 600,
            "textAlign": "left"
          }
        },
        "type": "ia.display.label"
      },
      {
        "children": [
          {
            "meta": {
              "name": "FlexContainer"
            },
            "position": {
              "basis": "10px",
              "shrink": 0
            },
            "props": {
              "style": {
                "overflow": "hidden"
              }
            },
            "type": "ia.container.flex"
          },
          {
            "children": [
              {
                "meta": {
                  "name": "FlexContainer_0"
                },
                "position": {
                  "basis": "20px",
                  "shrink": 0
                },
                "type": "ia.container.flex"
              },
              {
                "meta": {
                  "name": "Label"
                },
                "position": {
                  "basis": "50px",
                  "grow": 1
                },
                "propConfig": {
                  "props.textStyle.color": {
                    "binding": {
                      "config": {
                        "path": "view.custom.Tab"
                      },
                      "transforms": [
                        {
                          "code": "\tif value\u003d\u003d1:\n\t\treturn \u0027#257A8C\u0027\n\telse:\n\t\treturn \u0027#595959\u0027\t\n\t\t",
                          "type": "script"
                        }
                      ],
                      "type": "property"
                    }
                  }
                },
                "props": {
                  "text": "API",
                  "textStyle": {
                    "fontFamily": "Roboto",
                    "fontSize": 14,
                    "fontWeight": 500,
                    "textAlign": "center"
                  }
                },
                "type": "ia.display.label"
              },
              {
                "meta": {
                  "name": "FlexContainer"
                },
                "position": {
                  "basis": "5px",
                  "shrink": 0
                },
                "propConfig": {
                  "props.style.backgroundColor": {
                    "binding": {
                      "config": {
                        "path": "view.custom.Tab"
                      },
                      "transforms": [
                        {
                          "code": "\tif value\u003d\u003d1:\n\t\treturn \u0027#257A8C\u0027\n\telse:\n\t\treturn \u0027#FFFFFF\u0027\t",
                          "type": "script"
                        }
                      ],
                      "type": "property"
                    }
                  }
                },
                "props": {
                  "style": {
                    "borderBottomLeftRadius": 4,
                    "borderBottomRightRadius": 4,
                    "borderTopLeftRadius": 4,
                    "borderTopRightRadius": 4,
                    "margin": 15
                  }
                },
                "type": "ia.container.flex"
              }
            ],
            "events": {
              "dom": {
                "onClick": {
                  "config": {
                    "script": "\tself.view.custom.Tab\u003d1\n#\tChange view path and params in Embeded view\n\tself.parent.parent.getChild(\"EmbeddedView\").props.path\u003d\u0027Dashboards/Main\u0027"
                  },
                  "scope": "G",
                  "type": "script"
                }
              }
            },
            "meta": {
              "name": "Tab1"
            },
            "position": {
              "basis": "100px",
              "display": false,
              "shrink": 0
            },
            "props": {
              "direction": "column",
              "style": {
                "fontSize": 14,
                "overflow": "hidden"
              }
            },
            "type": "ia.container.flex"
          },
          {
            "children": [
              {
                "meta": {
                  "name": "FlexContainer_0"
                },
                "position": {
                  "basis": "20px",
                  "shrink": 0
                },
                "type": "ia.container.flex"
              },
              {
                "meta": {
                  "name": "Label"
                },
                "position": {
                  "basis": "50px",
                  "grow": 1
                },
                "propConfig": {
                  "props.textStyle.color": {
                    "binding": {
                      "config": {
                        "path": "view.custom.Tab"
                      },
                      "transforms": [
                        {
                          "code": "\tif value\u003d\u003d2:\n\t\treturn \u0027#257A8C\u0027\n\telse:\n\t\treturn \u0027#595959\u0027\t\n\t\t",
                          "type": "script"
                        }
                      ],
                      "type": "property"
                    }
                  }
                },
                "props": {
                  "textStyle": {
                    "fontFamily": "Roboto",
                    "fontSize": 14,
                    "fontWeight": 500,
                    "textAlign": "center"
                  }
                },
                "type": "ia.display.label"
              },
              {
                "meta": {
                  "name": "FlexContainer"
                },
                "position": {
                  "basis": "5px",
                  "shrink": 0
                },
                "propConfig": {
                  "props.style.backgroundColor": {
                    "binding": {
                      "config": {
                        "path": "view.custom.Tab"
                      },
                      "transforms": [
                        {
                          "code": "\tif value\u003d\u003d2:\n\t\treturn \u0027#257A8C\u0027\n\telse:\n\t\treturn \u0027#FFFFFF\u0027\t",
                          "type": "script"
                        }
                      ],
                      "type": "property"
                    }
                  }
                },
                "props": {
                  "style": {
                    "borderBottomLeftRadius": 4,
                    "borderBottomRightRadius": 4,
                    "borderTopLeftRadius": 4,
                    "borderTopRightRadius": 4,
                    "margin": 15
                  }
                },
                "type": "ia.container.flex"
              }
            ],
            "events": {
              "dom": {
                "onClick": {
                  "config": {
                    "script": "\tself.view.custom.Tab\u003d2\n\t\n\t#\tChange view path and params in Embeded view\n\tself.parent.parent.getChild(\"EmbeddedView\").props.path\u003d\u0027Dashboards/Melting\u0027"
                  },
                  "scope": "G",
                  "type": "script"
                }
              }
            },
            "meta": {
              "name": "Tab2"
            },
            "position": {
              "basis": "100px",
              "display": false,
              "shrink": 0
            },
            "props": {
              "direction": "column",
              "style": {
                "fontSize": 14,
                "overflow": "hidden"
              }
            },
            "type": "ia.container.flex"
          },
          {
            "children": [
              {
                "meta": {
                  "name": "FlexContainer_0"
                },
                "position": {
                  "basis": "20px",
                  "shrink": 0
                },
                "type": "ia.container.flex"
              },
              {
                "meta": {
                  "name": "Label"
                },
                "position": {
                  "basis": "50px",
                  "grow": 1
                },
                "propConfig": {
                  "props.textStyle.color": {
                    "binding": {
                      "config": {
                        "path": "view.custom.Tab"
                      },
                      "transforms": [
                        {
                          "code": "\tif value\u003d\u003d3:\n\t\treturn \u0027#257A8C\u0027\n\telse:\n\t\treturn \u0027#595959\u0027\t\n\t\t",
                          "type": "script"
                        }
                      ],
                      "type": "property"
                    }
                  }
                },
                "props": {
                  "textStyle": {
                    "fontFamily": "Roboto",
                    "fontSize": 14,
                    "fontWeight": 500,
                    "textAlign": "center"
                  }
                },
                "type": "ia.display.label"
              },
              {
                "meta": {
                  "name": "FlexContainer"
                },
                "position": {
                  "basis": "5px",
                  "shrink": 0
                },
                "propConfig": {
                  "props.style.backgroundColor": {
                    "binding": {
                      "config": {
                        "path": "view.custom.Tab"
                      },
                      "transforms": [
                        {
                          "code": "\tif value\u003d\u003d3:\n\t\treturn \u0027#257A8C\u0027\n\telse:\n\t\treturn \u0027#FFFFFF\u0027\t",
                          "type": "script"
                        }
                      ],
                      "type": "property"
                    }
                  }
                },
                "props": {
                  "style": {
                    "borderBottomLeftRadius": 4,
                    "borderBottomRightRadius": 4,
                    "borderTopLeftRadius": 4,
                    "borderTopRightRadius": 4,
                    "margin": 15
                  }
                },
                "type": "ia.container.flex"
              }
            ],
            "events": {
              "dom": {
                "onClick": {
                  "config": {
                    "script": "\tself.view.custom.Tab\u003d3\n\t\n#\tChnage view path and params\n\tself.parent.parent.getChild(\"EmbeddedView\").props.path\u003d\u0027Dashboards/Holding\u0027"
                  },
                  "scope": "G",
                  "type": "script"
                }
              }
            },
            "meta": {
              "name": "Tab3"
            },
            "position": {
              "basis": "100px",
              "display": false,
              "shrink": 0
            },
            "props": {
              "direction": "column",
              "style": {
                "fontSize": 14,
                "overflow": "hidden"
              }
            },
            "type": "ia.container.flex"
          },
          {
            "children": [
              {
                "meta": {
                  "name": "FlexContainer_0"
                },
                "position": {
                  "basis": "20px",
                  "shrink": 0
                },
                "type": "ia.container.flex"
              },
              {
                "meta": {
                  "name": "Label"
                },
                "position": {
                  "basis": "50px",
                  "grow": 1
                },
                "propConfig": {
                  "props.textStyle.color": {
                    "binding": {
                      "config": {
                        "path": "view.custom.Tab"
                      },
                      "transforms": [
                        {
                          "code": "\tif value\u003d\u003d4:\n\t\treturn \u0027#257A8C\u0027\n\telse:\n\t\treturn \u0027#595959\u0027\t\n\t\t",
                          "type": "script"
                        }
                      ],
                      "type": "property"
                    }
                  }
                },
                "props": {
                  "textStyle": {
                    "fontFamily": "Roboto",
                    "fontSize": 14,
                    "fontWeight": 500,
                    "textAlign": "center"
                  }
                },
                "type": "ia.display.label"
              },
              {
                "meta": {
                  "name": "FlexContainer"
                },
                "position": {
                  "basis": "5px",
                  "shrink": 0
                },
                "propConfig": {
                  "props.style.backgroundColor": {
                    "binding": {
                      "config": {
                        "path": "view.custom.Tab"
                      },
                      "transforms": [
                        {
                          "code": "\tif value\u003d\u003d4:\n\t\treturn \u0027#257A8C\u0027\n\telse:\n\t\treturn \u0027#FFFFFF\u0027\t",
                          "type": "script"
                        }
                      ],
                      "type": "property"
                    }
                  }
                },
                "props": {
                  "style": {
                    "borderBottomLeftRadius": 4,
                    "borderBottomRightRadius": 4,
                    "borderTopLeftRadius": 4,
                    "borderTopRightRadius": 4,
                    "margin": 15
                  }
                },
                "type": "ia.container.flex"
              }
            ],
            "events": {
              "dom": {
                "onClick": {
                  "config": {
                    "script": "\tself.view.custom.Tab\u003d4\n\t\n\t#Change view path and params in Embeded components\n\tself.parent.parent.getChild(\"EmbeddedView\").props.path\u003d\u0027Dashboards/Casting\u0027"
                  },
                  "scope": "G",
                  "type": "script"
                }
              }
            },
            "meta": {
              "name": "Tab4"
            },
            "position": {
              "basis": "100px",
              "display": false,
              "shrink": 0
            },
            "props": {
              "direction": "column",
              "style": {
                "fontSize": 14,
                "overflow": "hidden"
              }
            },
            "type": "ia.container.flex"
          },
          {
            "children": [
              {
                "meta": {
                  "name": "FlexContainer_0"
                },
                "position": {
                  "basis": "20px",
                  "shrink": 0
                },
                "type": "ia.container.flex"
              },
              {
                "meta": {
                  "name": "Label"
                },
                "position": {
                  "basis": "50px",
                  "grow": 1
                },
                "propConfig": {
                  "props.textStyle.color": {
                    "binding": {
                      "config": {
                        "path": "view.custom.Tab"
                      },
                      "transforms": [
                        {
                          "code": "\tif value\u003d\u003d5:\n\t\treturn \u0027#257A8C\u0027\n\telse:\n\t\treturn \u0027#595959\u0027\t\n\t\t",
                          "type": "script"
                        }
                      ],
                      "type": "property"
                    }
                  }
                },
                "props": {
                  "textStyle": {
                    "fontFamily": "Roboto",
                    "fontSize": 14,
                    "fontWeight": 500,
                    "textAlign": "center"
                  }
                },
                "type": "ia.display.label"
              },
              {
                "meta": {
                  "name": "FlexContainer"
                },
                "position": {
                  "basis": "5px",
                  "shrink": 0
                },
                "propConfig": {
                  "props.style.backgroundColor": {
                    "binding": {
                      "config": {
                        "path": "view.custom.Tab"
                      },
                      "transforms": [
                        {
                          "code": "\tif value\u003d\u003d5:\n\t\treturn \u0027#257A8C\u0027\n\telse:\n\t\treturn \u0027#FFFFFF\u0027\t",
                          "type": "script"
                        }
                      ],
                      "type": "property"
                    }
                  }
                },
                "props": {
                  "style": {
                    "borderBottomLeftRadius": 4,
                    "borderBottomRightRadius": 4,
                    "borderTopLeftRadius": 4,
                    "borderTopRightRadius": 4,
                    "margin": 15
                  }
                },
                "type": "ia.container.flex"
              }
            ],
            "events": {
              "dom": {
                "onClick": {
                  "config": {
                    "script": "\tself.view.custom.Tab\u003d5\n\t\n\t#Change view path and params in embedded components\n\tself.parent.parent.getChild(\"EmbeddedView\").props.path\u003d\u0027Dashboards/EndCutting\u0027\n\t"
                  },
                  "scope": "G",
                  "type": "script"
                }
              }
            },
            "meta": {
              "name": "Tab5"
            },
            "position": {
              "basis": "100px",
              "display": false,
              "shrink": 0
            },
            "props": {
              "direction": "column",
              "style": {
                "fontSize": 14,
                "overflow": "hidden"
              }
            },
            "type": "ia.container.flex"
          },
          {
            "children": [
              {
                "meta": {
                  "name": "FlexContainer_0"
                },
                "position": {
                  "basis": "20px",
                  "shrink": 0
                },
                "type": "ia.container.flex"
              },
              {
                "meta": {
                  "name": "Label"
                },
                "position": {
                  "basis": "50px",
                  "grow": 1
                },
                "propConfig": {
                  "props.textStyle.color": {
                    "binding": {
                      "config": {
                        "path": "view.custom.Tab"
                      },
                      "transforms": [
                        {
                          "code": "\tif value\u003d\u003d6:\n\t\treturn \u0027#257A8C\u0027\n\telse:\n\t\treturn \u0027#595959\u0027\t\n\t\t",
                          "type": "script"
                        }
                      ],
                      "type": "property"
                    }
                  }
                },
                "props": {
                  "textStyle": {
                    "fontFamily": "Roboto",
                    "fontSize": 14,
                    "fontWeight": 500,
                    "textAlign": "center"
                  }
                },
                "type": "ia.display.label"
              },
              {
                "meta": {
                  "name": "FlexContainer"
                },
                "position": {
                  "basis": "5px",
                  "shrink": 0
                },
                "propConfig": {
                  "props.style.backgroundColor": {
                    "binding": {
                      "config": {
                        "path": "view.custom.Tab"
                      },
                      "transforms": [
                        {
                          "code": "\tif value\u003d\u003d6:\n\t\treturn \u0027#257A8C\u0027\n\telse:\n\t\treturn \u0027#FFFFFF\u0027\t",
                          "type": "script"
                        }
                      ],
                      "type": "property"
                    }
                  }
                },
                "props": {
                  "style": {
                    "borderBottomLeftRadius": 4,
                    "borderBottomRightRadius": 4,
                    "borderTopLeftRadius": 4,
                    "borderTopRightRadius": 4,
                    "margin": 15
                  }
                },
                "type": "ia.container.flex"
              }
            ],
            "events": {
              "dom": {
                "onClick": {
                  "config": {
                    "script": "\tself.view.custom.Tab \u003d 6\n\tself.parent.parent.getChild(\"EmbeddedView\").props.path \u003d \u0027Dashboards/Homogenization\u0027"
                  },
                  "scope": "G",
                  "type": "script"
                }
              }
            },
            "meta": {
              "name": "Tab6"
            },
            "position": {
              "basis": "110px",
              "display": false,
              "shrink": 0
            },
            "props": {
              "direction": "column",
              "style": {
                "fontSize": 14,
                "overflow": "hidden"
              }
            },
            "type": "ia.container.flex"
          },
          {
            "children": [
              {
                "meta": {
                  "name": "FlexContainer_0"
                },
                "position": {
                  "basis": "20px",
                  "display": false,
                  "shrink": 0
                },
                "type": "ia.container.flex"
              },
              {
                "meta": {
                  "name": "Label"
                },
                "position": {
                  "basis": "50px",
                  "display": false,
                  "grow": 1
                },
                "propConfig": {
                  "props.textStyle.color": {
                    "binding": {
                      "config": {
                        "path": "view.custom.Tab"
                      },
                      "transforms": [
                        {
                          "code": "\tif value\u003d\u003d6:\n\t\treturn \u0027#257A8C\u0027\n\telse:\n\t\treturn \u0027#595959\u0027\t\n\t\t",
                          "type": "script"
                        }
                      ],
                      "type": "property"
                    }
                  }
                },
                "props": {
                  "textStyle": {
                    "fontFamily": "Roboto",
                    "fontSize": 14,
                    "fontWeight": "500",
                    "textAlign": "center"
                  }
                },
                "type": "ia.display.label"
              },
              {
                "meta": {
                  "name": "FlexContainer"
                },
                "position": {
                  "basis": "5px",
                  "display": false,
                  "shrink": 0
                },
                "propConfig": {
                  "props.style.backgroundColor": {
                    "binding": {
                      "config": {
                        "path": "view.custom.Tab"
                      },
                      "transforms": [
                        {
                          "code": "\tif value\u003d\u003d7:\n\t\treturn \u0027#257A8C\u0027\n\telse:\n\t\treturn \u0027#FFFFFF\u0027\t",
                          "type": "script"
                        }
                      ],
                      "type": "property"
                    }
                  }
                },
                "props": {
                  "style": {
                    "borderBottomLeftRadius": 4,
                    "borderBottomRightRadius": 4,
                    "borderTopLeftRadius": 4,
                    "borderTopRightRadius": 4,
                    "margin": 15
                  }
                },
                "type": "ia.container.flex"
              },
              {
                "meta": {
                  "name": "Label_0"
                },
                "position": {
                  "basis": "32px",
                  "display": false
                },
                "props": {
                  "text": 0
                },
                "type": "ia.display.label"
              }
            ],
            "events": {
              "dom": {
                "onClick": {
                  "config": {
                    "script": "\tself.view.custom.Tab \u003d 7\n\tself.parent.parent.getChild(\"EmbeddedView\").props.path \u003d \u0027Dashboards/LogTracker\u0027"
                  },
                  "scope": "G",
                  "type": "script"
                }
              }
            },
            "meta": {
              "name": "Tab7"
            },
            "position": {
              "basis": "110px",
              "display": false,
              "shrink": 0
            },
            "props": {
              "direction": "column",
              "style": {
                "fontSize": 14,
                "overflow": "hidden"
              }
            },
            "type": "ia.container.flex"
          },
          {
            "children": [
              {
                "events": {
                  "dom": {
                    "onClick": {
                      "config": {
                        "draggable": false,
                        "id": "2duVGJbC",
                        "modal": true,
                        "overlayDismiss": true,
                        "position": {
                          "height": 400,
                          "width": 600
                        },
                        "positionType": "exact",
                        "resizable": false,
                        "showCloseIcon": true,
                        "type": "open",
                        "viewPath": "Notification/API_Que",
                        "viewportBound": true
                      },
                      "scope": "C",
                      "type": "popup"
                    }
                  }
                },
                "meta": {
                  "name": "Icon"
                },
                "position": {
                  "basis": "37px"
                },
                "props": {
                  "color": "#3579C6",
                  "path": "material/pie_chart",
                  "style": {
                    "marginBottom": 5,
                    "marginRight": 20,
                    "marginTop": 5
                  }
                },
                "type": "ia.display.icon"
              },
              {
                "meta": {
                  "name": "Label"
                },
                "position": {
                  "basis": "50px",
                  "shrink": 0
                },
                "propConfig": {
                  "props.textStyle.color": {
                    "binding": {
                      "config": {
                        "path": "view.custom.Tab"
                      },
                      "transforms": [
                        {
                          "code": "\tif value\u003d\u003d2:\n\t\treturn \u0027#257A8C\u0027\n\telse:\n\t\treturn \u0027#595959\u0027\t\n\t\t",
                          "type": "script"
                        }
                      ],
                      "type": "property"
                    }
                  }
                },
                "props": {
                  "text": "From - ",
                  "textStyle": {
                    "fontFamily": "Roboto",
                    "fontSize": 14,
                    "fontWeight": 500,
                    "textAlign": "left"
                  }
                },
                "type": "ia.display.label"
              },
              {
                "events": {
                  "system": {
                    "onStartup": {
                      "config": {
                        "script": "\tTo\u003dsystem.date.now()\n\tdays\u003dself.getSibling(\"Button_0\").custom.No_of_Days\n\tMdate\u003dsystem.date.addDays(To, -days)\n\tself.props.value\u003dMdate"
                      },
                      "scope": "G",
                      "type": "script"
                    }
                  }
                },
                "meta": {
                  "name": "DateTimeInput"
                },
                "position": {
                  "basis": "100px",
                  "shrink": 0
                },
                "props": {
                  "format": "DD-MM-YYYY",
                  "formattedValue": "26-02-2024",
                  "pickerType": "date",
                  "style": {
                    "marginBottom": 5,
                    "marginRight": 15,
                    "marginTop": 8
                  },
                  "value": {
                    "$": [
                      "ts",
                      192,
                      1709010567599
                    ],
                    "$ts": 1708924167597
                  }
                },
                "type": "ia.input.date-time-input"
              },
              {
                "meta": {
                  "name": "Label_0"
                },
                "position": {
                  "basis": "30px",
                  "shrink": 0
                },
                "propConfig": {
                  "props.textStyle.color": {
                    "binding": {
                      "config": {
                        "path": "view.custom.Tab"
                      },
                      "transforms": [
                        {
                          "code": "\tif value\u003d\u003d2:\n\t\treturn \u0027#257A8C\u0027\n\telse:\n\t\treturn \u0027#595959\u0027\t\n\t\t",
                          "type": "script"
                        }
                      ],
                      "type": "property"
                    }
                  }
                },
                "props": {
                  "text": "To - ",
                  "textStyle": {
                    "fontFamily": "Roboto",
                    "fontSize": 14,
                    "fontWeight": 500,
                    "textAlign": "left"
                  }
                },
                "type": "ia.display.label"
              },
              {
                "events": {
                  "system": {
                    "onStartup": {
                      "config": {
                        "script": "\tself.props.value\u003dsystem.date.now()"
                      },
                      "scope": "G",
                      "type": "script"
                    }
                  }
                },
                "meta": {
                  "name": "DateTimeInput_0"
                },
                "position": {
                  "basis": "100px",
                  "shrink": 0
                },
                "propConfig": {
                  "props.value": {
                    "binding": {
                      "config": {
                        "expression": "now(20000)"
                      },
                      "type": "expr"
                    }
                  }
                },
                "props": {
                  "format": "DD-MM-YYYY",
                  "formattedValue": "27-02-2024",
                  "pickerType": "date",
                  "style": {
                    "marginBottom": 5,
                    "marginRight": 15,
                    "marginTop": 8
                  }
                },
                "type": "ia.input.date-time-input"
              },
              {
                "events": {
                  "dom": {
                    "onClick": {
                      "config": {
                        "script": "#\tFrom \n\tself.parent.parent.parent.getChild(\"EmbeddedView\").props.params.FromDate\u003dself.getSibling(\"DateTimeInput\").props.value\n#\tTo\n\tself.parent.parent.parent.getChild(\"EmbeddedView\").props.params.ToDate\u003dself.getSibling(\"DateTimeInput_0\").props.value"
                      },
                      "scope": "G",
                      "type": "script"
                    }
                  }
                },
                "meta": {
                  "name": "Button"
                },
                "position": {
                  "basis": "64px"
                },
                "propConfig": {
                  "props.style.fontSize": {
                    "binding": {
                      "config": {
                        "path": "page.props.dimensions.primaryView.width"
                      },
                      "overlayOptOut": true,
                      "transforms": [
                        {
                          "code": "\tif value\u003c\u003d1120:\n\t\tself.props.style.marginRight\u003d2\n\t\treturn 10\n\telse:\t\n\t\tself.props.style.marginRight\u003d18\n\t\treturn 14",
                          "type": "script"
                        }
                      ],
                      "type": "property"
                    }
                  }
                },
                "props": {
                  "style": {
                    "fontFamily": "Roboto",
                    "marginBottom": 5,
                    "marginRight": 2,
                    "marginTop": 8,
                    "textAlign": "center"
                  },
                  "text": "Apply"
                },
                "type": "ia.input.button"
              },
              {
                "custom": {
                  "No_of_Days": 1,
                  "No_of_Months": 12
                },
                "events": {
                  "dom": {
                    "onClick": {
                      "config": {
                        "script": "\tTo\u003dsystem.date.now()\n\tmonth\u003dself.custom.No_of_Months\n\tdays\u003dself.custom.No_of_Days\n\tMdate\u003dsystem.date.addDays(To, -days)\n\tself.props.value\u003dMdate\n\t\n#\tPass to To Date Component\n\tself.getSibling(\"DateTimeInput_0\").props.value\u003dTo\n\t\n#\tPass value to From Date Component\n\tself.getSibling(\"DateTimeInput\").props.value\u003dMdate\t\n\t\n#\tFrom \n\tself.parent.parent.parent.getChild(\"EmbeddedView\").props.params.FromDate\u003dMdate\n#\tTo\n\tself.parent.parent.parent.getChild(\"EmbeddedView\").props.params.ToDate\u003dTo\t"
                      },
                      "scope": "G",
                      "type": "script"
                    }
                  }
                },
                "meta": {
                  "name": "Button_0"
                },
                "position": {
                  "basis": "64px"
                },
                "propConfig": {
                  "props.style.fontSize": {
                    "binding": {
                      "config": {
                        "path": "page.props.dimensions.primaryView.width"
                      },
                      "overlayOptOut": true,
                      "transforms": [
                        {
                          "code": "\tif value\u003c\u003d1120:\n\t\tself.props.style.marginRight\u003d2\n\t\treturn 10\n\telse:\t\n\t\tself.props.style.marginRight\u003d18\n\t\treturn 14",
                          "type": "script"
                        }
                      ],
                      "type": "property"
                    }
                  }
                },
                "props": {
                  "style": {
                    "fontFamily": "Roboto",
                    "marginBottom": 5,
                    "marginRight": 2,
                    "marginTop": 8,
                    "textAlign": "center"
                  },
                  "text": "Reset",
                  "value": {
                    "$": [
                      "ts",
                      192,
                      1696394054724
                    ],
                    "$ts": 1693802054724
                  }
                },
                "type": "ia.input.button"
              }
            ],
            "meta": {
              "name": "FlexContainer_1"
            },
            "position": {
              "basis": "200px",
              "grow": 1
            },
            "props": {
              "justify": "flex-end",
              "style": {
                "paddingBottom": 8
              }
            },
            "type": "ia.container.flex"
          }
        ],
        "meta": {
          "name": "Tab"
        },
        "position": {
          "basis": "50px",
          "display": false
        },
        "props": {
          "justify": "flex-end",
          "style": {
            "marginTop": 5
          }
        },
        "type": "ia.container.flex"
      },
      {
        "meta": {
          "name": "FlexContainer"
        },
        "position": {
          "basis": "2px",
          "display": false,
          "shrink": 0
        },
        "props": {
          "style": {
            "backgroundColor": "#714A4ABD",
            "borderBottomLeftRadius": 4,
            "borderBottomRightRadius": 4,
            "borderTopLeftRadius": 4,
            "borderTopRightRadius": 4,
            "marginLeft": 8,
            "marginRight": 8
          }
        },
        "type": "ia.container.flex"
      },
      {
        "events": {
          "system": {
            "onStartup": {
              "config": {
                "script": "\tself.props.params.FromDate\u003dself.parent.getChild(\"Tab\").getChild(\"FlexContainer_1\").getChild(\"DateTimeInput\").props.value\n\tself.props.params.ToDate\u003dself.parent.getChild(\"Tab\").getChild(\"FlexContainer_1\").getChild(\"DateTimeInput_0\").props.value"
              },
              "scope": "G",
              "type": "script"
            }
          }
        },
        "meta": {
          "name": "EmbeddedView"
        },
        "position": {
          "basis": "320px",
          "grow": 1
        },
        "propConfig": {
          "props.params.From": {
            "binding": {
              "config": {
                "path": "../Tab/FlexContainer_1/DateTimeInput.props.value"
              },
              "overlayOptOut": true,
              "type": "property"
            }
          },
          "props.params.To": {
            "binding": {
              "config": {
                "path": "../Tab/FlexContainer_1/DateTimeInput_0.props.value"
              },
              "overlayOptOut": true,
              "type": "property"
            }
          },
          "props.path": {
            "onChange": {
              "enabled": null,
              "script": "\tif previousValue.value!\u003dcurrentValue.value:\n\t\tself.props.params.FromDate\u003dself.parent.getChild(\"Tab\").getChild(\"FlexContainer_1\").getChild(\"DateTimeInput\").props.value\n\t\tself.props.params.ToDate\u003dself.parent.getChild(\"Tab\").getChild(\"FlexContainer_1\").getChild(\"DateTimeInput_0\").props.value\n\telse:\n\t\tself.props.params.FromDate\u003dself.parent.getChild(\"Tab\").getChild(\"FlexContainer_1\").getChild(\"DateTimeInput\").props.value\n\t\tself.props.params.ToDate\u003dself.parent.getChild(\"Tab\").getChild(\"FlexContainer_1\").getChild(\"DateTimeInput_0\").props.value\t"
            }
          }
        },
        "props": {
          "params": {
            "FromDate": {
              "$": [
                "ts",
                192,
                1709010567599
              ],
              "$ts": 1705051419738
            },
            "ToDate": {
              "$": [
                "ts",
                192,
                1709010567600
              ],
              "$ts": 1709010567597
            }
          },
          "path": "Notification/API_tab",
          "style": {
            "marginBottom": 5,
            "marginLeft": 10,
            "marginRight": 10,
            "marginTop": 0
          }
        },
        "type": "ia.display.view"
      }
    ],
    "events": {
      "system": {
        "onStartup": [
          {
            "config": {
              "script": "\tself.view.custom.Tab\u003d1"
            },
            "scope": "G",
            "type": "script"
          },
          {
            "config": {
              "script": "\timport time\n\tPayload\u003d{\u0027value\u0027: 1}\n\tself.getChild(\"Tab\").getChild(\"Tab7\").getChild(\"Label_0\").props.text\u003d1\n\tsystem.perspective.sendMessage(\u0027DockExpand\u0027, payload\u003dPayload, scope \u003d \"page\")\n\ttime.sleep(1)\n\tPayload\u003d{\u0027value\u0027: 0}\n\tself.getChild(\"Tab\").getChild(\"Tab7\").getChild(\"Label_0\").props.text\u003d0\n\tsystem.perspective.sendMessage(\u0027DockExpand\u0027, payload\u003dPayload, scope \u003d \"page\")"
            },
            "scope": "G",
            "type": "script"
          }
        ]
      }
    },
    "meta": {
      "name": "root"
    },
    "props": {
      "direction": "column",
      "style": {
        "boxShadow": ""
      }
    },
    "type": "ia.container.flex"
  }
}