{
  "custom": {},
  "params": {
    "sapid": 2495597
  },
  "propConfig": {
    "params.sapid": {
      "paramDirection": "input",
      "persistent": true
    }
  },
  "props": {
    "defaultSize": {
      "height": 391,
      "width": 348
    }
  },
  "root": {
    "children": [
      {
        "meta": {
          "name": "ReportViewer",
          "tooltip": {
            "location": "center-left"
          }
        },
        "position": {
          "basis": "357px"
        },
        "propConfig": {
          "props.params.SAPId": {
            "binding": {
              "config": {
                "path": "view.params.sapid"
              },
              "type": "property"
            }
          }
        },
        "props": {
          "downloadFilename": "QR",
          "page": 1,
          "pageCount": 1,
          "source": "Print_QR",
          "style": {
            "overflow": "hidden"
          }
        },
        "type": "ia.reporting.report-viewer"
      },
      {
        "events": {
          "dom": {
            "onClick": {
              "config": {
                "script": "\timport time\n#\tprinter\u003dsystem.tag.read(\u0027[B_IMS]Printer\u0027).value\n\tprinter\u003d \u0027HPEA0A56 (HP Smart Tank 790 series)\u0027\n\t\n\tsapid \u003d self.getSibling(\"TextField\").props.text\n\tsapid\u003dlogId.replace(\u0027 \u0027,\u0027\u0027)\n\tsystem.perspective.openPopup(\u0027Print_loding\u0027,\u0027Popups/print_svg\u0027,params \u003d {\u0027sapid\u0027:str(sapid)},showCloseIcon\u003dFalse,modal\u003dTrue,draggable\u003dFalse)\n\t\n#\tparams \u003d {\u0027LogID\u0027:logId,\u0027Alloy\u0027:alloy,\u0027Weight\u0027:actualWeight}\n\tparams \u003d {\u0027SAPid\u0027:sapid}\n\t\n\tsetting \u003d {\u0027primaryPrinterName\u0027:str(printer),\u0027backupPrinterName\u0027:str(printer)}\n\tsystem.report.executeAndDistribute(path\u003d\u0027Print_QR\u0027, project\u003d\u0027Log_Receiving_Mobile\u0027, parameters\u003dparams, action\u003d\u0027print\u0027, actionSettings\u003dsetting)\n\ttime.sleep(0.5)\n\t\n\t#  Print SVG Close\t\n\tsystem.perspective.closePopup(\u0027Print_loding\u0027)\n\t\n\t# Close the popup\n\tsystem.perspective.closePopup(\u0027uYcRkgCv\u0027)\n#\tsystem.perspective.closePopup(\u0027LogID Edit View\u0027)\n\t"
              },
              "scope": "G",
              "type": "script"
            }
          }
        },
        "meta": {
          "name": "Button"
        },
        "position": {
          "basis": "34px"
        },
        "props": {
          "style": {
            "backgroundColor": "#453B98"
          },
          "text": "Print"
        },
        "type": "ia.input.button"
      },
      {
        "meta": {
          "name": "TextField"
        },
        "position": {
          "basis": "32px"
        },
        "propConfig": {
          "props.text": {
            "binding": {
              "config": {
                "path": "view.params.sapid"
              },
              "type": "property"
            }
          }
        },
        "type": "ia.input.text-field"
      }
    ],
    "meta": {
      "name": "root"
    },
    "props": {
      "alignItems": "center",
      "direction": "column",
      "justify": "space-between",
      "style": {
        "overflow": "hidden"
      }
    },
    "type": "ia.container.flex"
  }
}