{
  "custom": {},
  "params": {},
  "props": {
    "defaultSize": {
      "height": 1167,
      "width": 1570
    }
  },
  "root": {
    "children": [
      {
        "children": [
          {
            "children": [
              {
                "children": [
                  {
                    "meta": {
                      "name": "Label"
                    },
                    "position": {
                      "basis": "304px"
                    },
                    "props": {
                      "style": {
                        "classes": "Operator/header"
                      },
                      "text": "Billet Information"
                    },
                    "type": "ia.display.label"
                  },
                  {
                    "events": {
                      "dom": {
                        "onClick": {
                          "config": {
                            "draggable": false,
                            "id": "abcd1234",
                            "modal": true,
                            "overlayDismiss": true,
                            "position": {
                              "height": 300,
                              "width": 400
                            },
                            "positionType": "exact",
                            "resizable": false,
                            "showCloseIcon": true,
                            "type": "open",
                            "viewPath": "Operator/In_progress/Template/Billet information",
                            "viewportBound": false
                          },
                          "scope": "C",
                          "type": "popup"
                        }
                      }
                    },
                    "meta": {
                      "name": "Icon_0"
                    },
                    "position": {
                      "basis": "30px"
                    },
                    "props": {
                      "path": "material/add_circle",
                      "style": {
                        "classes": "Operator/icon"
                      }
                    },
                    "type": "ia.display.icon"
                  }
                ],
                "meta": {
                  "name": "Header"
                },
                "position": {
                  "basis": "30px"
                },
                "props": {
                  "justify": "space-between",
                  "style": {
                    "overflow": "hidden"
                  }
                },
                "type": "ia.container.flex"
              },
              {
                "meta": {
                  "name": "FlexRepeater"
                },
                "position": {
                  "basis": "100px",
                  "shrink": 0
                },
                "props": {
                  "instances": [
                    {
                      "instancePosition": {},
                      "instanceStyle": {
                        "classes": ""
                      }
                    }
                  ],
                  "path": "Operator/In_progress/Template/B_I",
                  "style": {
                    "overflow": "hidden"
                  }
                },
                "type": "ia.display.flex-repeater"
              }
            ],
            "meta": {
              "name": "Billet Information"
            },
            "position": {
              "shrink": 0
            },
            "props": {
              "direction": "column",
              "justify": "space-between"
            },
            "type": "ia.container.flex"
          },
          {
            "children": [
              {
                "children": [
                  {
                    "children": [
                      {
                        "meta": {
                          "name": "Label"
                        },
                        "position": {
                          "basis": "304px"
                        },
                        "props": {
                          "style": {
                            "classes": "Operator/header"
                          },
                          "text": "Process Parameters"
                        },
                        "type": "ia.display.label"
                      }
                    ],
                    "meta": {
                      "name": "Header"
                    },
                    "position": {
                      "basis": "30px"
                    },
                    "props": {
                      "justify": "space-between",
                      "style": {
                        "overflow": "hidden"
                      }
                    },
                    "type": "ia.container.flex"
                  },
                  {
                    "children": [
                      {
                        "children": [
                          {
                            "meta": {
                              "name": "Label"
                            },
                            "position": {
                              "basis": "130px"
                            },
                            "props": {
                              "style": {
                                "classes": "Operator/entry_label"
                              },
                              "text": "Breakthrough Pressure"
                            },
                            "type": "ia.display.label"
                          },
                          {
                            "meta": {
                              "name": "TextField"
                            },
                            "position": {
                              "basis": "179px"
                            },
                            "props": {
                              "style": {
                                "classes": "Operator/entry_field"
                              }
                            },
                            "type": "ia.input.text-field"
                          }
                        ],
                        "meta": {
                          "name": "FlexContainer"
                        },
                        "position": {
                          "basis": "261px"
                        },
                        "type": "ia.container.flex"
                      },
                      {
                        "children": [
                          {
                            "meta": {
                              "name": "Label"
                            },
                            "position": {
                              "basis": "130px"
                            },
                            "props": {
                              "style": {
                                "classes": "Operator/entry_label"
                              },
                              "text": "Extrusion Pressure"
                            },
                            "type": "ia.display.label"
                          },
                          {
                            "meta": {
                              "name": "TextField"
                            },
                            "position": {
                              "basis": "179px"
                            },
                            "props": {
                              "style": {
                                "classes": "Operator/entry_field"
                              }
                            },
                            "type": "ia.input.text-field"
                          }
                        ],
                        "meta": {
                          "name": "FlexContainer_0"
                        },
                        "position": {
                          "basis": "261px"
                        },
                        "type": "ia.container.flex"
                      },
                      {
                        "children": [
                          {
                            "meta": {
                              "name": "Label"
                            },
                            "position": {
                              "basis": "130px"
                            },
                            "props": {
                              "style": {
                                "classes": "Operator/entry_label"
                              },
                              "text": "Puller Tension"
                            },
                            "type": "ia.display.label"
                          },
                          {
                            "meta": {
                              "name": "TextField"
                            },
                            "position": {
                              "basis": "179px"
                            },
                            "props": {
                              "style": {
                                "classes": "Operator/entry_field"
                              }
                            },
                            "type": "ia.input.text-field"
                          }
                        ],
                        "meta": {
                          "name": "FlexContainer_1"
                        },
                        "position": {
                          "basis": "261px"
                        },
                        "type": "ia.container.flex"
                      },
                      {
                        "children": [
                          {
                            "meta": {
                              "name": "Label"
                            },
                            "position": {
                              "basis": "130px"
                            },
                            "props": {
                              "style": {
                                "classes": "Operator/entry_label"
                              },
                              "text": "Planned Quenching"
                            },
                            "type": "ia.display.label"
                          },
                          {
                            "meta": {
                              "name": "TextField"
                            },
                            "position": {
                              "basis": "179px"
                            },
                            "props": {
                              "style": {
                                "classes": "Operator/entry_field"
                              }
                            },
                            "type": "ia.input.text-field"
                          }
                        ],
                        "meta": {
                          "name": "FlexContainer_2"
                        },
                        "position": {
                          "basis": "261px"
                        },
                        "type": "ia.container.flex"
                      },
                      {
                        "children": [
                          {
                            "meta": {
                              "name": "Label"
                            },
                            "position": {
                              "basis": "130px"
                            },
                            "props": {
                              "style": {
                                "classes": "Operator/entry_label"
                              },
                              "text": "Actual Quenching"
                            },
                            "type": "ia.display.label"
                          },
                          {
                            "meta": {
                              "name": "TextField"
                            },
                            "position": {
                              "basis": "179px"
                            },
                            "props": {
                              "style": {
                                "classes": "Operator/entry_field"
                              }
                            },
                            "type": "ia.input.text-field"
                          }
                        ],
                        "meta": {
                          "name": "FlexContainer_3"
                        },
                        "position": {
                          "basis": "261px"
                        },
                        "props": {
                          "justify": "space-evenly",
                          "style": {
                            "overflow": "hidden"
                          }
                        },
                        "type": "ia.container.flex"
                      }
                    ],
                    "meta": {
                      "name": "FlexContainer_0"
                    },
                    "position": {
                      "basis": "43px"
                    },
                    "props": {
                      "justify": "space-evenly",
                      "style": {
                        "classes": "Operator/flex_rep"
                      }
                    },
                    "type": "ia.container.flex"
                  },
                  {
                    "children": [
                      {
                        "children": [
                          {
                            "meta": {
                              "name": "Label"
                            },
                            "position": {
                              "basis": "160px"
                            },
                            "props": {
                              "style": {
                                "classes": "Operator/entry_label"
                              },
                              "text": "Container Stem up side Temperature"
                            },
                            "type": "ia.display.label"
                          },
                          {
                            "meta": {
                              "name": "TextField"
                            },
                            "position": {
                              "basis": "210px"
                            },
                            "props": {
                              "style": {
                                "classes": "Operator/entry_field"
                              }
                            },
                            "type": "ia.input.text-field"
                          }
                        ],
                        "meta": {
                          "name": "FlexContainer"
                        },
                        "position": {
                          "basis": "371px"
                        },
                        "type": "ia.container.flex"
                      },
                      {
                        "children": [
                          {
                            "meta": {
                              "name": "Label"
                            },
                            "position": {
                              "basis": "160px"
                            },
                            "props": {
                              "style": {
                                "classes": "Operator/entry_label"
                              },
                              "text": "Container Stem down side Temperature"
                            },
                            "type": "ia.display.label"
                          },
                          {
                            "meta": {
                              "name": "TextField"
                            },
                            "position": {
                              "basis": "210px"
                            },
                            "props": {
                              "style": {
                                "classes": "Operator/entry_field"
                              }
                            },
                            "type": "ia.input.text-field"
                          }
                        ],
                        "meta": {
                          "name": "FlexContainer_0"
                        },
                        "position": {
                          "basis": "371px"
                        },
                        "type": "ia.container.flex"
                      },
                      {
                        "children": [
                          {
                            "meta": {
                              "name": "Label"
                            },
                            "position": {
                              "basis": "160px"
                            },
                            "props": {
                              "style": {
                                "classes": "Operator/entry_label"
                              },
                              "text": "Container Stem side Temp\n"
                            },
                            "type": "ia.display.label"
                          },
                          {
                            "meta": {
                              "name": "TextField"
                            },
                            "position": {
                              "basis": "210px"
                            },
                            "props": {
                              "style": {
                                "classes": "Operator/entry_field"
                              }
                            },
                            "type": "ia.input.text-field"
                          }
                        ],
                        "meta": {
                          "name": "FlexContainer_1"
                        },
                        "position": {
                          "basis": "371px"
                        },
                        "type": "ia.container.flex"
                      }
                    ],
                    "meta": {
                      "name": "FlexContainer_1"
                    },
                    "position": {
                      "basis": "43px"
                    },
                    "props": {
                      "justify": "space-around"
                    },
                    "type": "ia.container.flex"
                  },
                  {
                    "children": [
                      {
                        "children": [
                          {
                            "meta": {
                              "name": "Label"
                            },
                            "position": {
                              "basis": "160px"
                            },
                            "props": {
                              "style": {
                                "classes": "Operator/entry_label"
                              },
                              "text": "Container middle Temp\n"
                            },
                            "type": "ia.display.label"
                          },
                          {
                            "meta": {
                              "name": "TextField"
                            },
                            "position": {
                              "basis": "210px"
                            },
                            "props": {
                              "style": {
                                "classes": "Operator/entry_field"
                              }
                            },
                            "type": "ia.input.text-field"
                          }
                        ],
                        "meta": {
                          "name": "FlexContainer"
                        },
                        "position": {
                          "basis": "371px"
                        },
                        "type": "ia.container.flex"
                      },
                      {
                        "children": [
                          {
                            "meta": {
                              "name": "Label"
                            },
                            "position": {
                              "basis": "160px"
                            },
                            "props": {
                              "style": {
                                "classes": "Operator/entry_label"
                              },
                              "text": "Container Die side Temp"
                            },
                            "type": "ia.display.label"
                          },
                          {
                            "meta": {
                              "name": "TextField"
                            },
                            "position": {
                              "basis": "210px"
                            },
                            "props": {
                              "style": {
                                "classes": "Operator/entry_field"
                              }
                            },
                            "type": "ia.input.text-field"
                          }
                        ],
                        "meta": {
                          "name": "FlexContainer_0"
                        },
                        "position": {
                          "basis": "371px"
                        },
                        "type": "ia.container.flex"
                      },
                      {
                        "children": [
                          {
                            "meta": {
                              "name": "Label"
                            },
                            "position": {
                              "basis": "160px"
                            },
                            "props": {
                              "style": {
                                "classes": "Operator/entry_label"
                              },
                              "text": "Container  Temperature\n"
                            },
                            "type": "ia.display.label"
                          },
                          {
                            "meta": {
                              "name": "TextField"
                            },
                            "position": {
                              "basis": "210px"
                            },
                            "props": {
                              "style": {
                                "classes": "Operator/entry_field"
                              }
                            },
                            "type": "ia.input.text-field"
                          }
                        ],
                        "meta": {
                          "name": "FlexContainer_1"
                        },
                        "position": {
                          "basis": "371px"
                        },
                        "type": "ia.container.flex"
                      }
                    ],
                    "meta": {
                      "name": "FlexContainer_2"
                    },
                    "position": {
                      "basis": "43px"
                    },
                    "props": {
                      "justify": "space-around"
                    },
                    "type": "ia.container.flex"
                  },
                  {
                    "children": [
                      {
                        "children": [
                          {
                            "meta": {
                              "name": "Label"
                            },
                            "position": {
                              "basis": "160px"
                            },
                            "props": {
                              "style": {
                                "classes": "Operator/entry_label"
                              },
                              "text": "Container Die Up side Temperature"
                            },
                            "type": "ia.display.label"
                          },
                          {
                            "meta": {
                              "name": "TextField"
                            },
                            "position": {
                              "basis": "210px"
                            },
                            "props": {
                              "style": {
                                "classes": "Operator/entry_field"
                              }
                            },
                            "type": "ia.input.text-field"
                          }
                        ],
                        "meta": {
                          "name": "FlexContainer"
                        },
                        "position": {
                          "basis": "371px"
                        },
                        "type": "ia.container.flex"
                      },
                      {
                        "meta": {
                          "name": "FlexContainer_0"
                        },
                        "position": {
                          "basis": "880px"
                        },
                        "type": "ia.container.flex"
                      }
                    ],
                    "meta": {
                      "name": "FlexContainer_4"
                    },
                    "position": {
                      "basis": "43px"
                    },
                    "props": {
                      "justify": "space-around"
                    },
                    "type": "ia.container.flex"
                  }
                ],
                "meta": {
                  "name": "FlexContainer"
                },
                "position": {
                  "basis": "320px"
                },
                "props": {
                  "direction": "column",
                  "justify": "space-around"
                },
                "type": "ia.container.flex"
              }
            ],
            "meta": {
              "name": "Process Parameters"
            },
            "position": {
              "shrink": 0
            },
            "props": {
              "direction": "column",
              "path": ""
            },
            "type": "ia.container.flex"
          },
          {
            "children": [
              {
                "children": [
                  {
                    "meta": {
                      "name": "Label"
                    },
                    "position": {
                      "basis": "304px"
                    },
                    "props": {
                      "style": {
                        "classes": "Operator/header"
                      },
                      "text": "Die Fail Information"
                    },
                    "type": "ia.display.label"
                  },
                  {
                    "events": {
                      "dom": {
                        "onClick": {
                          "config": {
                            "draggable": false,
                            "id": "abcd2345",
                            "modal": true,
                            "overlayDismiss": true,
                            "position": {
                              "height": 300,
                              "width": 400
                            },
                            "positionType": "exact",
                            "resizable": false,
                            "showCloseIcon": true,
                            "type": "open",
                            "viewPath": "Operator/In_progress/Template/Die Fail Information",
                            "viewportBound": false
                          },
                          "scope": "C",
                          "type": "popup"
                        }
                      }
                    },
                    "meta": {
                      "name": "Icon_0"
                    },
                    "position": {
                      "basis": "30px"
                    },
                    "props": {
                      "path": "material/add_circle",
                      "style": {
                        "classes": "Operator/icon"
                      }
                    },
                    "type": "ia.display.icon"
                  }
                ],
                "meta": {
                  "name": "Header"
                },
                "position": {
                  "basis": "30px"
                },
                "props": {
                  "justify": "space-between",
                  "style": {
                    "overflow": "hidden"
                  }
                },
                "type": "ia.container.flex"
              },
              {
                "meta": {
                  "name": "FlexRepeater"
                },
                "position": {
                  "basis": "150px"
                },
                "props": {
                  "instances": [
                    {
                      "instancePosition": {},
                      "instanceStyle": {
                        "classes": ""
                      }
                    }
                  ],
                  "path": "Operator/In_progress/Template/DF_I",
                  "style": {
                    "overflow": "hidden"
                  }
                },
                "type": "ia.display.flex-repeater"
              }
            ],
            "meta": {
              "name": "Die Fail Info"
            },
            "position": {
              "shrink": 0
            },
            "props": {
              "direction": "column"
            },
            "type": "ia.container.flex"
          },
          {
            "children": [
              {
                "children": [
                  {
                    "meta": {
                      "name": "Label"
                    },
                    "position": {
                      "basis": "304px"
                    },
                    "props": {
                      "style": {
                        "classes": "Operator/header"
                      },
                      "text": "Breakdown"
                    },
                    "type": "ia.display.label"
                  },
                  {
                    "events": {
                      "dom": {
                        "onClick": {
                          "config": {
                            "draggable": false,
                            "id": "abcd3456",
                            "modal": true,
                            "overlayDismiss": false,
                            "position": {
                              "height": 300,
                              "width": 400
                            },
                            "positionType": "exact",
                            "resizable": true,
                            "showCloseIcon": true,
                            "type": "open",
                            "viewPath": "Operator/In_progress/Template/Breakdown",
                            "viewportBound": false
                          },
                          "scope": "C",
                          "type": "popup"
                        }
                      }
                    },
                    "meta": {
                      "name": "Icon_0"
                    },
                    "position": {
                      "basis": "30px"
                    },
                    "props": {
                      "path": "material/add_circle",
                      "style": {
                        "classes": "Operator/icon"
                      }
                    },
                    "type": "ia.display.icon"
                  }
                ],
                "meta": {
                  "name": "Header"
                },
                "position": {
                  "basis": "30px"
                },
                "props": {
                  "justify": "space-between",
                  "style": {
                    "overflow": "hidden"
                  }
                },
                "type": "ia.container.flex"
              },
              {
                "meta": {
                  "name": "FlexRepeater"
                },
                "position": {
                  "basis": "160px"
                },
                "props": {
                  "elementPosition": {
                    "shrink": 0
                  },
                  "instances": [
                    {
                      "instancePosition": {},
                      "instanceStyle": {
                        "classes": ""
                      }
                    }
                  ],
                  "justify": "space-between",
                  "path": "Operator/In_progress/Template/B_K",
                  "style": {
                    "overflow": "hidden"
                  }
                },
                "type": "ia.display.flex-repeater"
              },
              {
                "children": [
                  {
                    "children": [
                      {
                        "meta": {
                          "name": "Label"
                        },
                        "position": {
                          "basis": "130px"
                        },
                        "props": {
                          "style": {
                            "classes": "Operator/entry_label"
                          },
                          "text": "Operator Name*"
                        },
                        "type": "ia.display.label"
                      },
                      {
                        "meta": {
                          "name": "TextField"
                        },
                        "position": {
                          "basis": "179px"
                        },
                        "props": {
                          "style": {
                            "classes": "Operator/entry_field",
                            "marginBottom": 17,
                            "marginTop": 17
                          }
                        },
                        "type": "ia.input.text-field"
                      }
                    ],
                    "meta": {
                      "name": "FlexContainer"
                    },
                    "position": {
                      "basis": "261px"
                    },
                    "type": "ia.container.flex"
                  },
                  {
                    "children": [
                      {
                        "meta": {
                          "name": "Label"
                        },
                        "position": {
                          "basis": "130px"
                        },
                        "props": {
                          "style": {
                            "classes": "Operator/entry_label"
                          },
                          "text": "Production Supervisor*"
                        },
                        "type": "ia.display.label"
                      },
                      {
                        "meta": {
                          "name": "TextField"
                        },
                        "position": {
                          "basis": "179px"
                        },
                        "props": {
                          "style": {
                            "classes": "Operator/entry_field",
                            "marginBottom": 17,
                            "marginTop": 17
                          }
                        },
                        "type": "ia.input.text-field"
                      }
                    ],
                    "meta": {
                      "name": "FlexContainer_0"
                    },
                    "position": {
                      "basis": "261px"
                    },
                    "type": "ia.container.flex"
                  },
                  {
                    "children": [
                      {
                        "meta": {
                          "name": "Label"
                        },
                        "position": {
                          "basis": "130px"
                        },
                        "props": {
                          "style": {
                            "classes": "Operator/entry_label"
                          },
                          "text": "QA Supervisor*"
                        },
                        "type": "ia.display.label"
                      },
                      {
                        "meta": {
                          "name": "TextField"
                        },
                        "position": {
                          "basis": "179px"
                        },
                        "props": {
                          "style": {
                            "classes": "Operator/entry_field",
                            "marginBottom": 17,
                            "marginTop": 17
                          }
                        },
                        "type": "ia.input.text-field"
                      }
                    ],
                    "meta": {
                      "name": "FlexContainer_1"
                    },
                    "position": {
                      "basis": "261px"
                    },
                    "type": "ia.container.flex"
                  },
                  {
                    "children": [
                      {
                        "meta": {
                          "name": "Label"
                        },
                        "position": {
                          "basis": "130px"
                        },
                        "props": {
                          "style": {
                            "classes": "Operator/entry_label"
                          },
                          "text": "Operator Remarks*"
                        },
                        "type": "ia.display.label"
                      },
                      {
                        "meta": {
                          "name": "TextField"
                        },
                        "position": {
                          "basis": "179px"
                        },
                        "props": {
                          "style": {
                            "classes": "Operator/entry_field",
                            "marginBottom": 17,
                            "marginTop": 17
                          }
                        },
                        "type": "ia.input.text-field"
                      }
                    ],
                    "meta": {
                      "name": "FlexContainer_2"
                    },
                    "position": {
                      "basis": "261px"
                    },
                    "type": "ia.container.flex"
                  },
                  {
                    "children": [
                      {
                        "meta": {
                          "name": "Label"
                        },
                        "position": {
                          "basis": "130px"
                        },
                        "props": {
                          "style": {
                            "classes": "Operator/entry_label"
                          },
                          "text": "Overall Breakdown Duration\n"
                        },
                        "type": "ia.display.label"
                      },
                      {
                        "meta": {
                          "name": "TextField"
                        },
                        "position": {
                          "basis": "179px"
                        },
                        "props": {
                          "style": {
                            "classes": "Operator/entry_field",
                            "marginBottom": 17,
                            "marginTop": 17
                          }
                        },
                        "type": "ia.input.text-field"
                      }
                    ],
                    "meta": {
                      "name": "FlexContainer_3"
                    },
                    "position": {
                      "basis": "261px"
                    },
                    "props": {
                      "justify": "space-evenly",
                      "style": {
                        "overflow": "hidden"
                      }
                    },
                    "type": "ia.container.flex"
                  }
                ],
                "meta": {
                  "name": "Breakdown_last"
                },
                "position": {
                  "basis": "62px"
                },
                "props": {
                  "justify": "space-around",
                  "style": {
                    "classes": "Operator/breakflex"
                  }
                },
                "type": "ia.container.flex"
              }
            ],
            "meta": {
              "name": "Breakdown"
            },
            "position": {
              "shrink": 0
            },
            "props": {
              "direction": "column",
              "justify": "space-around"
            },
            "type": "ia.container.flex"
          },
          {
            "children": [
              {
                "children": [
                  {
                    "meta": {
                      "name": "Label"
                    },
                    "position": {
                      "basis": "304px"
                    },
                    "props": {
                      "style": {
                        "classes": "Operator/header"
                      },
                      "text": "Double Billet Information"
                    },
                    "type": "ia.display.label"
                  },
                  {
                    "events": {
                      "dom": {
                        "onClick": {
                          "config": {
                            "draggable": false,
                            "id": "abcd4567",
                            "modal": true,
                            "overlayDismiss": false,
                            "position": {
                              "height": 300,
                              "width": 800
                            },
                            "positionType": "exact",
                            "resizable": true,
                            "showCloseIcon": true,
                            "type": "open",
                            "viewPath": "Operator/In_progress/Template/Double Billet Information",
                            "viewportBound": false
                          },
                          "scope": "C",
                          "type": "popup"
                        }
                      }
                    },
                    "meta": {
                      "name": "Icon_0"
                    },
                    "position": {
                      "basis": "30px"
                    },
                    "props": {
                      "path": "material/add_circle",
                      "style": {
                        "classes": "Operator/icon"
                      }
                    },
                    "type": "ia.display.icon"
                  }
                ],
                "meta": {
                  "name": "Header"
                },
                "position": {
                  "basis": "30px"
                },
                "props": {
                  "justify": "space-between",
                  "style": {
                    "overflow": "hidden"
                  }
                },
                "type": "ia.container.flex"
              },
              {
                "meta": {
                  "name": "FlexRepeater"
                },
                "position": {
                  "basis": "200px"
                },
                "props": {
                  "elementPosition": {
                    "shrink": 0
                  },
                  "instances": [
                    {
                      "instancePosition": {},
                      "instanceStyle": {
                        "classes": ""
                      }
                    }
                  ],
                  "justify": "space-between",
                  "path": "Operator/In_progress/Template/DB_I",
                  "style": {
                    "overflow": "hidden"
                  }
                },
                "type": "ia.display.flex-repeater"
              }
            ],
            "meta": {
              "name": "Double billet info"
            },
            "position": {
              "shrink": 0
            },
            "props": {
              "direction": "column"
            },
            "type": "ia.container.flex"
          },
          {
            "children": [
              {
                "children": [
                  {
                    "meta": {
                      "name": "Button"
                    },
                    "position": {
                      "basis": "120px"
                    },
                    "props": {
                      "image": {
                        "style": {
                          "classes": "Toolshop/button"
                        }
                      },
                      "style": {
                        "classes": "Toolshop/button"
                      },
                      "text": "Hold"
                    },
                    "type": "ia.input.button"
                  },
                  {
                    "meta": {
                      "name": "Button_0"
                    },
                    "position": {
                      "basis": "120px"
                    },
                    "props": {
                      "style": {
                        "classes": "Toolshop/button"
                      },
                      "text": "Clear"
                    },
                    "type": "ia.input.button"
                  },
                  {
                    "meta": {
                      "name": "Button_1"
                    },
                    "position": {
                      "basis": "120px"
                    },
                    "props": {
                      "image": {
                        "style": {
                          "classes": "Toolshop/button"
                        }
                      },
                      "style": {
                        "classes": "Toolshop/button"
                      },
                      "text": "Update"
                    },
                    "type": "ia.input.button"
                  }
                ],
                "meta": {
                  "name": "FlexContainer"
                },
                "position": {
                  "basis": "500px"
                },
                "props": {
                  "justify": "space-evenly"
                },
                "type": "ia.container.flex"
              },
              {
                "meta": {
                  "name": "FlexContainer_1"
                },
                "position": {
                  "basis": "600px"
                },
                "type": "ia.container.flex"
              },
              {
                "children": [
                  {
                    "meta": {
                      "name": "Button"
                    },
                    "position": {
                      "basis": "120px"
                    },
                    "props": {
                      "image": {
                        "style": {
                          "classes": "Toolshop/button"
                        }
                      },
                      "style": {
                        "classes": "Toolshop/button"
                      },
                      "text": "Move to Bundling "
                    },
                    "type": "ia.input.button"
                  },
                  {
                    "meta": {
                      "name": "Button_0"
                    },
                    "position": {
                      "basis": "120px"
                    },
                    "props": {
                      "style": {
                        "classes": "Toolshop/button"
                      },
                      "text": "Reassign"
                    },
                    "type": "ia.input.button"
                  }
                ],
                "meta": {
                  "name": "FlexContainer_0"
                },
                "position": {
                  "basis": "500px"
                },
                "props": {
                  "justify": "space-evenly"
                },
                "type": "ia.container.flex"
              }
            ],
            "meta": {
              "name": "Buttons"
            },
            "position": {
              "basis": "50px",
              "shrink": 0
            },
            "type": "ia.container.flex"
          }
        ],
        "custom": {
          "code": "abc"
        },
        "meta": {
          "name": "OP"
        },
        "position": {
          "basis": "1167px"
        },
        "props": {
          "direction": "column"
        },
        "type": "ia.container.flex"
      }
    ],
    "meta": {
      "name": "root"
    },
    "props": {
      "direction": "column"
    },
    "type": "ia.container.flex"
  }
}