{
  "custom": {
    "Count": 0,
    "E": 0,
    "E1": 1,
    "EDIT": 0,
    "MCode": [
      "1100000040                                        "
    ],
    "MaterialDescription": [
      "EC Ingot 1                                        "
    ],
    "MaterialSelection": [
      "IN                  "
    ]
  },
  "params": {
    "Batch": [],
    "EDIT": true,
    "Height": 380,
    "MDesc": "value",
    "MSelection": "value",
    "MaterialCode": "value",
    "PONO": "003000002135",
    "QTY": [],
    "Stage": "010"
  },
  "propConfig": {
    "custom.Count": {
      "persistent": true
    },
    "custom.E": {
      "persistent": true
    },
    "custom.E1": {
      "persistent": true
    },
    "custom.MCode": {
      "persistent": true
    },
    "custom.MaterialDescription": {
      "persistent": true
    },
    "custom.MaterialSelection": {
      "persistent": true
    },
    "params.Batch": {
      "paramDirection": "input",
      "persistent": true
    },
    "params.EDIT": {
      "onChange": {
        "enabled": null,
        "script": "\tif currentValue.value\u003d\u003dTrue:\n\t\tself.getChild(\"root\").getChild(\"UserINPUT\").getChild(\"Entry_1\").getChild(\"FlexContainer_0\").getChild(\"Dropdown\").props.value\u003d\u0027\u0027\n\t\tself.getChild(\"root\").getChild(\"UserINPUT\").getChild(\"Entry_1\").getChild(\"FlexContainer_0\").getChild(\"Dropdown\").props.enabled\u003dTrue\n\t\tself.getChild(\"root\").getChild(\"UserINPUT\").getChild(\"Entry_1\").getChild(\"FlexContainer_8\").getChild(\"FlexContainer\").getChild(\"EmbeddedView\").props.params.Batch\u003d[]\n\t\tself.getChild(\"root\").getChild(\"UserINPUT\").getChild(\"Entry_1\").getChild(\"FlexContainer_8\").getChild(\"FlexContainer\").getChild(\"EmbeddedView\").props.params.Qty\u003d[]\t\n\t\tself.getChild(\"root\").getChild(\"UserINPUT\").getChild(\"Entry_1\").getChild(\"FlexContainer_8\").getChild(\"FlexContainer\").getChild(\"EmbeddedView\").props.params.EDIT\u003dFalse\n\t\tself.getChild(\"root\").getChild(\"UserINPUT\").getChild(\"Entry_1\").getChild(\"FlexContainer_8\").getChild(\"FlexContainer\").getChild(\"EmbeddedView\").props.params.EDIT\u003dTrue\n\t\tself.getChild(\"root\").getChild(\"UserINPUT\").getChild(\"Entry_1\").getChild(\"FlexContainer_8\").getChild(\"FlexContainer\").getChild(\"EmbeddedView\").props.params.Height\u003d32\n\t\n\telse:\n\t\tself.getChild(\"root\").getChild(\"UserINPUT\").getChild(\"Entry_1\").getChild(\"FlexContainer_0\").getChild(\"Dropdown\").props.value\u003dself.params.MaterialCode\n#\t\tself.getChild(\"root\").getChild(\"UserINPUT\").getChild(\"Entry_1\").getChild(\"FlexContainer_6\").getChild(\"Label\").props.text\u003dself.params.MSelection\n\t\tDATA\u003dself.params.MSelection\n\t\tDATA\u003dDATA.replace(\u0027 \u0027,\u0027\u0027)\n\t\tself.getChild(\"root\").getChild(\"UserINPUT\").getChild(\"Entry_1\").getChild(\"FlexContainer_6\").getChild(\"Dropdown\").props.value\u003dDATA\n\t\tself.getChild(\"root\").getChild(\"UserINPUT\").getChild(\"Entry_1\").getChild(\"FlexContainer_7\").getChild(\"Label\").props.text\u003dself.params.MDesc\n\t\t\t"
      },
      "paramDirection": "input",
      "persistent": true
    },
    "params.Height": {
      "binding": {
        "config": {
          "path": "view.props.defaultSize.height"
        },
        "overlayOptOut": true,
        "transforms": [
          {
            "code": "\ttry:\n\t\tif str(value)\u003d\u003d\u0027None\u0027 or value\u003d\u003d\u0027\u0027:\n\t\t\treturn 30\n\t\telse:\t\n\t\t\treturn value\n\texcept:\n\t\treturn 50\t",
            "type": "script"
          }
        ],
        "type": "property"
      },
      "paramDirection": "output",
      "persistent": true
    },
    "params.MDesc": {
      "paramDirection": "input",
      "persistent": true
    },
    "params.MSelection": {
      "paramDirection": "input",
      "persistent": true
    },
    "params.MaterialCode": {
      "paramDirection": "input",
      "persistent": true
    },
    "params.PONO": {
      "paramDirection": "input",
      "persistent": true
    },
    "params.QTY": {
      "paramDirection": "input",
      "persistent": true
    },
    "params.Stage": {
      "paramDirection": "input",
      "persistent": true
    },
    "props.defaultSize.height": {
      "binding": {
        "config": {
          "path": "/root/UserINPUT.position.basis"
        },
        "overlayOptOut": true,
        "transforms": [
          {
            "code": "\timport re\n\t\n\tdef extract_numbers(string):\n\t    pattern \u003d r\u0027\\d+\u0027  # Matches one or more digits\n\t    numbers \u003d re.findall(pattern, string)\n\t    return [int(num) for num in numbers]  # Convert extracted numbers to integers\n\t\n\t# Example usage\n\ttext \u003d value\n\tnumbers \u003d extract_numbers(text)\n\tprint(numbers)  # Output: [10, 5, 3]\n\t\n\treturn numbers[0]+10",
            "type": "script"
          }
        ],
        "type": "property"
      },
      "persistent": true
    }
  },
  "props": {
    "defaultSize": {
      "height": 380,
      "width": 1557
    }
  },
  "root": {
    "children": [
      {
        "children": [
          {
            "children": [
              {
                "meta": {
                  "name": "FlexContainer"
                },
                "position": {
                  "basis": "5px",
                  "shrink": 0
                },
                "type": "ia.container.flex"
              },
              {
                "children": [
                  {
                    "events": {
                      "component": {
                        "onActionPerformed": {
                          "config": {
                            "script": "\timport time\n\ttime.sleep(0.1)\n\tself.parent.parent.getChild(\"FlexContainer_8\").getChild(\"FlexContainer\").getChild(\"EmbeddedView\").props.params.EDIT\u003dFalse\n\ttime.sleep(0.1)\n\tself.parent.parent.getChild(\"FlexContainer_8\").getChild(\"FlexContainer\").getChild(\"EmbeddedView\").props.params.EDIT\u003dTrue\n\tEDIT\u003dself.view.params.EDIT\n\ttime.sleep(1)\n\tif EDIT\u003d\u003dFalse:\n\t\tself.props.value\u003dself.view.params.MaterialCode\n\telse:\t\n\t\tpass\t\n\t\t\n#\ttime.sleep(1)\t\n#\tself.parent.parent.getChild(\"FlexContainer_8\").getChild(\"FlexContainer\").getChild(\"EmbeddedView\").refreshBinding(\u0027props.params.Batch\u0027)\t"
                          },
                          "scope": "G",
                          "type": "script"
                        }
                      }
                    },
                    "meta": {
                      "name": "Dropdown"
                    },
                    "position": {
                      "basis": "30px",
                      "shrink": 0
                    },
                    "propConfig": {
                      "props.enabled": {
                        "binding": {
                          "config": {
                            "path": "..../Entry_1.custom.Edit"
                          },
                          "overlayOptOut": true,
                          "transforms": [
                            {
                              "code": "\tif value\u003d\u003d\u0027Yes\u0027:\n\t\treturn bool(1)\n\telse:\n\t\treturn bool(0)",
                              "type": "script"
                            }
                          ],
                          "type": "property"
                        }
                      },
                      "props.options": {
                        "binding": {
                          "config": {
                            "path": "view.custom.Count"
                          },
                          "transforms": [
                            {
                              "code": "\tdef MString(data):\n\t\tdata\u003dstr(data)\n\t\tdata\u003ddata.replace(\u0027 \u0027,\u0027\u0027)\n\t\treturn str(data)\n\n#\tEDIT\u003dself.view.params.EDIT\n#\tif EDIT\u003d\u003dTrue:\n\tquery\u003d\u0027\u0027\u0027\n\t\t\t\tSELECT DISTINCT \n\t\t\t\t      [material_code]\n\t\t\t\t   \n\t\t\t\t  FROM [CIMS].[dbo].[mes_bom]\n\t\t\t\t\u0027\u0027\u0027\n\n#\tquery\u003d\u0027\u0027\u0027\n#\t\t\t\t\t\tSELECT DISTINCT [material_code]FROM [CIMS].[dbo].[mes_bom] WHERE [material_sel]!\u003d\u0027OUT\u0027\n#\t\t\t\t\t\tUNION\n#\t\t\t\t\t\tSELECT DISTINCT [material_code]\tFROM [CIMS].[dbo].[mes_bom_OUT] WHERE [material_sel]\u003d\u0027OUT\u0027\n#\t\t\t\t\t\t\u0027\u0027\u0027\t\t\n\tDATA\u003dsystem.db.runPrepQuery(query, [], \u0027CIMS2\u0027)\t\n\tFDATA\u003d[]\n\tfor i in range(len(DATA)):\n\t\tV\u003d{\u0027value\u0027:MString(DATA[i][0]),\u0027label\u0027:MString(DATA[i][0])}\n\t\tFDATA.append(V)\n\treturn FDATA\n#\telse:\n#\t\tMCode\u003dself.view.params.MaterialCode\n#\t\tFDATA\u003d[{\u0027value\u0027: str(MCode),\n#\t\t\t\t\u0027label\u0027:str(MCode)}]\n#\t\treturn FDATA\t\t\n\t\t\t\n#\treturn MCode",
                              "type": "script"
                            }
                          ],
                          "type": "property"
                        }
                      }
                    },
                    "props": {
                      "style": {
                        "fontFamily": "Roboto",
                        "fontSize": 11
                      },
                      "value": "1100000001"
                    },
                    "type": "ia.input.dropdown"
                  },
                  {
                    "children": [
                      {
                        "meta": {
                          "name": "Label"
                        },
                        "position": {
                          "basis": "216px",
                          "display": false,
                          "grow": 1
                        },
                        "propConfig": {
                          "props.text": {
                            "binding": {
                              "config": {
                                "path": "view.params.MaterialCode"
                              },
                              "overlayOptOut": true,
                              "type": "property"
                            }
                          }
                        },
                        "type": "ia.display.label"
                      }
                    ],
                    "meta": {
                      "name": "FlexContainer"
                    },
                    "position": {
                      "basis": "200px",
                      "grow": 1
                    },
                    "type": "ia.container.flex"
                  }
                ],
                "meta": {
                  "name": "FlexContainer_0"
                },
                "position": {
                  "basis": "220px",
                  "shrink": 0
                },
                "props": {
                  "direction": "column"
                },
                "type": "ia.container.flex"
              },
              {
                "meta": {
                  "name": "FlexContainer_1"
                },
                "position": {
                  "basis": "4px",
                  "shrink": 0
                },
                "propConfig": {
                  "position.grow": {
                    "binding": {
                      "config": {
                        "path": "page.props.dimensions.primaryView.width"
                      },
                      "overlayOptOut": true,
                      "transforms": [
                        {
                          "code": "\tA\u003dint(value)\n\t\n\tif (A\u003e1234):\n\t\tself.position.grow\u003d1\n\t\tself.position.shrink\u003d1\n\t\treturn 1\n\telse:\n\t\tself.position.grow\u003d0\n\t\tself.position.shrink\u003d0\t\n\t\treturn 0\n\t",
                          "type": "script"
                        }
                      ],
                      "type": "property"
                    }
                  }
                },
                "props": {
                  "direction": "column"
                },
                "type": "ia.container.flex"
              },
              {
                "children": [
                  {
                    "meta": {
                      "name": "Label"
                    },
                    "position": {
                      "basis": "30px",
                      "display": false,
                      "shrink": 0
                    },
                    "propConfig": {
                      "props.text": {
                        "binding": {
                          "config": {
                            "path": ".../FlexContainer_0/Dropdown.props.value"
                          },
                          "overlayOptOut": true,
                          "transforms": [
                            {
                              "code": "\timport time\n\ttime.sleep(0.1)\n\ttry:\n\t\tA\u003dself.parent.parent.parent.getChild(\"Entry_1\").custom.Edit\n\t\tif A\u003d\u003d\u0027Yes\u0027:\n\t\t\tmaterialcode\u003dstr(self.parent.parent.getChild(\"FlexContainer_0\").getChild(\"Dropdown\").props.value)\n#\t\t\tquery\u003d\u0027\u0027\u0027\n#\t\t\t\tSELECT DISTINCT [material_sel]\n#\t\t\t\t    FROM [CIMS].[dbo].[mes_bom]\n#\t\t\t\t    WHERE [material_code]\u003d?\n#\t\t\t\t\u0027\u0027\u0027\n\t\t\tquery\u003d\u0027\u0027\u0027\n\t\t\t\tSELECT [material_sel] FROM (\n\t\t\t\tSELECT DISTINCT [material_code],[material_sel] FROM [CIMS].[dbo].[mes_bom] WHERE [material_sel]!\u003d\u0027OUT\u0027\n\t\t\t\tUNION\n\t\t\t\tSELECT DISTINCT [material_code],[material_sel] FROM [CIMS].[dbo].[mes_bom_OUT] WHERE [material_sel]\u003d\u0027OUT\u0027\n\t\t\t\t) AS t WHERE [material_code]\u003d?\n\t\t\t\t\u0027\u0027\u0027\n\t\t\tDATA\u003dsystem.db.runPrepQuery(query, [materialcode], \u0027CIMS2\u0027)\t\n\t\t\tself.props.enabled\u003dFalse\n\t\t\treturn DATA[0][0]\n#\t\t\treturn len(DATA)\n\t\telse:\t\n\t\t\tMSelec\u003dself.view.params.MSelection\n\t\t\treturn MSelec\n\texcept:\n\t\tData\u003dself.view.params.MSelection\n\t\treturn \u0027No Selection\u0027\t",
                              "type": "script"
                            }
                          ],
                          "type": "property"
                        },
                        "onChange": {
                          "enabled": null,
                          "script": "\timport time\n\ttry:\n\t\ttime.sleep(0.1)\n\t\tif currentValue.value\u003d\u003d\u0027OUT            \u0027:\n\t\t\tself.parent.parent.getChild(\"FlexContainer_9\").getChild(\"NumericEntryField\").position.display\u003dFalse\n\t\telse:\t\t\n\t\t\tself.parent.parent.getChild(\"FlexContainer_9\").getChild(\"NumericEntryField\").position.display\u003dTrue\n\texcept:\n\t\tpass\t\t"
                        },
                        "persistent": true
                      }
                    },
                    "props": {
                      "enabled": false,
                      "style": {
                        "fontFamily": "Roboto",
                        "fontSize": 12,
                        "textAlign": "center"
                      },
                      "text": "No Selection"
                    },
                    "type": "ia.display.label"
                  },
                  {
                    "meta": {
                      "name": "Dropdown"
                    },
                    "position": {
                      "basis": "30px",
                      "shrink": 0
                    },
                    "propConfig": {
                      "props.enabled": {
                        "binding": {
                          "config": {
                            "path": "view.params.EDIT"
                          },
                          "type": "property"
                        }
                      },
                      "props.value": {
                        "binding": {
                          "config": {
                            "path": ".../FlexContainer_0/Dropdown.props.value"
                          },
                          "overlayOptOut": true,
                          "transforms": [
                            {
                              "code": "\timport time\n\tdef MString(data):\n\t\tdata\u003dstr(data)\n\t\tdata\u003ddata.replace(\u0027 \u0027,\u0027\u0027)\n\t\treturn str(data)\n\t\n\ttime.sleep(0.1)\n\ttry:\n\t\tA\u003dself.parent.parent.parent.getChild(\"Entry_1\").custom.Edit\n\t\tif A\u003d\u003d\u0027Yes\u0027:\n\t\t\tmaterialcode\u003dstr(self.parent.parent.getChild(\"FlexContainer_0\").getChild(\"Dropdown\").props.value)\n\t\t\tquery\u003d\u0027\u0027\u0027\n\t\t\t\t\tselect \tDISTINCT [material_sel]\n\t\t\t\t\tfrom [OUTBOUNDCIMS].[dbo].[SAPBOM]\n\t\t\t\t\tWHERE [material_code]\u003d? and movement_type\u003d101\n\t\t\t\t\torder by [material_sel] desc\n\t\t\t\t\t\u0027\u0027\u0027\n#\t\t\tquery\u003d\u0027\u0027\u0027\n#\t\t\t\tSELECT DISTINCT [material_sel]\n#\t\t\t\t    FROM [CIMS].[dbo].[mes_bom]\n#\t\t\t\t    WHERE [material_code]\u003d?\n#\t\t\t\t\u0027\u0027\u0027\t\n\t\t\t\t\n\t\t\t\t\n\t\t\t\t\n#\t\t\tquery\u003d\u0027\u0027\u0027\n#\t\t\t\tSELECT [material_sel] FROM (\n#\t\t\t\tSELECT DISTINCT [material_code],[material_sel] FROM [CIMS].[dbo].[mes_bom] WHERE [material_sel]!\u003d\u0027OUT\u0027\n#\t\t\t\tUNION\n#\t\t\t\tSELECT DISTINCT [material_code],[material_sel] FROM [CIMS].[dbo].[mes_bom_OUT] WHERE [material_sel]\u003d\u0027OUT\u0027\n#\t\t\t\t) AS t WHERE [material_code]\u003d?\n#\t\t\t\t\u0027\u0027\u0027\n\n\n\t\t\tDATA\u003dsystem.db.runPrepQuery(query, [materialcode], \u0027CIMS2\u0027)\t\n#\t\t\treturn \u0027G\u0027\n#\t\t\tself.props.enabled\u003dFalse\n\t\t\tif(\u0027IN\u0027 \u003d\u003d MString(DATA[0][0])):\n\t\t\t\tself.props.enabled\u003dFalse\n\t\t\t\treturn \u0027IN\u0027\n\t\t\telif(\u0027IN/OUT\u0027 \u003d\u003d MString(DATA[0][0])):\t\n\t\t\t\tself.props.enabled\u003dTrue\n\t\t\t\treturn \u0027IN\u0027\n\t\t\telif(\u0027CONSUMABLE\u0027 \u003d\u003d MString(DATA[0][0])):\n\t\t\t\tself.props.enabled\u003dFalse\n\t\t\t\treturn \u0027CONSUMABLE\u0027\t\n\t\t\telif(\u0027OUT\u0027 \u003d\u003d MString(DATA[0][0])):\t\n\t\t\t\tself.props.enabled\u003dFalse\n\t\t\t\treturn \u0027OUT\u0027\n#\t\t\treturn \u0027\u0027\n\t\telse:\t\n\t\t\tMSelec\u003dself.view.params.MSelection\n\t\t\tMSelec\u003dMSelec.replace(\u0027 \u0027,\u0027\u0027)\n\t\t\treturn MSelec\n\texcept:\n\t\tData\u003dself.view.params.MSelection\n\t\treturn \u0027No Selection\u0027\t",
                              "type": "script"
                            }
                          ],
                          "type": "property"
                        },
                        "onChange": {
                          "enabled": null,
                          "script": "\timport time\n\ttry:\n\t\ttime.sleep(0.1)\n\t\tif \u0027OUT\u0027 in currentValue.value:\n\t\t\tself.parent.parent.getChild(\"FlexContainer_9\").getChild(\"NumericEntryField\").position.display\u003dFalse\n\t\t\tself.parent.parent.getChild(\"FlexContainer_8\").getChild(\"FlexContainer\").getChild(\"EmbeddedView\").props.params.TYPE\u003d\u0027OUT\u0027\n\t\telif \u0027IN\u0027 in currentValue.value:\n\t\t\tself.parent.parent.getChild(\"FlexContainer_9\").getChild(\"NumericEntryField\").position.display\u003dTrue\n\t\t\tself.parent.parent.getChild(\"FlexContainer_8\").getChild(\"FlexContainer\").getChild(\"EmbeddedView\").props.params.TYPE\u003d\u0027IN\u0027\n\t\telif \u0027CONSUMABLE\u0027 in currentValue.value:\n\t\t\tself.parent.parent.getChild(\"FlexContainer_9\").getChild(\"NumericEntryField\").position.display\u003dTrue\n\t\t\tself.parent.parent.getChild(\"FlexContainer_8\").getChild(\"FlexContainer\").getChild(\"EmbeddedView\").props.params.TYPE\u003d\u0027CONSUMABLE\u0027\n\t\telse:\t\t\n\t\t\tself.parent.parent.getChild(\"FlexContainer_9\").getChild(\"NumericEntryField\").position.display\u003dTrue\n\t\t\t\n\texcept:\n\t\tpass\t\t"
                        }
                      }
                    },
                    "props": {
                      "options": [
                        {
                          "label": "IN",
                          "value": "IN"
                        },
                        {
                          "label": "OUT",
                          "value": "OUT"
                        },
                        {
                          "label": "CONSUMABLE",
                          "value": "CONSUMABLE"
                        }
                      ],
                      "search": {
                        "enabled": false
                      },
                      "style": {
                        "fontFamily": "Roboto",
                        "fontSize": 12,
                        "fontWeight": "normal",
                        "textAlign": "left"
                      }
                    },
                    "type": "ia.input.dropdown"
                  },
                  {
                    "meta": {
                      "name": "FlexContainer"
                    },
                    "position": {
                      "basis": "200px",
                      "grow": 1
                    },
                    "type": "ia.container.flex"
                  }
                ],
                "meta": {
                  "name": "FlexContainer_6"
                },
                "position": {
                  "basis": "80px",
                  "shrink": 0
                },
                "props": {
                  "direction": "column"
                },
                "type": "ia.container.flex"
              },
              {
                "meta": {
                  "name": "FlexContainer_2"
                },
                "position": {
                  "basis": "4px",
                  "shrink": 0
                },
                "propConfig": {
                  "position.grow": {
                    "binding": {
                      "config": {
                        "path": "page.props.dimensions.primaryView.width"
                      },
                      "overlayOptOut": true,
                      "transforms": [
                        {
                          "code": "\tA\u003dint(value)\n\t\n\tif (A\u003e1234):\n\t\tself.position.grow\u003d1\n\t\tself.position.shrink\u003d1\n\t\treturn 1\n\telse:\n\t\tself.position.grow\u003d0\n\t\tself.position.shrink\u003d0\t\n\t\treturn 0\n\t",
                          "type": "script"
                        }
                      ],
                      "type": "property"
                    }
                  }
                },
                "type": "ia.container.flex"
              },
              {
                "children": [
                  {
                    "meta": {
                      "name": "TextField"
                    },
                    "position": {
                      "basis": "30px",
                      "display": false,
                      "shrink": 0
                    },
                    "propConfig": {
                      "props.enabled": {
                        "binding": {
                          "config": {
                            "path": "parent.custom.Edit"
                          },
                          "enabled": false,
                          "previewEnabled": false,
                          "transforms": [
                            {
                              "code": "\tif value\u003d\u003d\u0027Yes\u0027:\n\t\treturn bool(1)\n\telse:\n\t\treturn bool(0)",
                              "type": "script"
                            }
                          ],
                          "type": "property"
                        }
                      },
                      "props.text": {
                        "binding": {
                          "config": {
                            "path": ".../FlexContainer_0/Dropdown.props.value"
                          },
                          "enabled": false,
                          "transforms": [
                            {
                              "code": "\ttry:\n\t\tvalue\u003dself.parent.parent.parent.getChild(\"Entry_1\").custom.Edit\n\t\tif value\u003d\u003d\u0027Yes\u0027:\n\t\t\tmaterialcode\u003dstr(self.parent.parent.getChild(\"FlexContainer_0\").getChild(\"Dropdown\").props.value)\n\t\t\tquery\u003d\u0027\u0027\u0027\n\t\t\t\tSELECT DISTINCT [material_description]\n\t\t\t\t    FROM [CIMS].[dbo].[mes_bom]\n\t\t\t\t    WHERE [material_code]\u003d?\n\t\t\t\t\u0027\u0027\u0027\n\t\t\tDATA\u003dsystem.db.runPrepQuery(query, [materialcode], \u0027CIMS2\u0027)\t\n\t\t\tself.props.enabled\u003dFalse\n\t\t\treturn DATA[0][0]\n\t\t\t#return len(DATA)\n\t\telse:\t\n\t\t\tprint \u0027data\u0027\n\t\n\texcept:\n\t\treturn self.view.custom.MaterialDescription[0]\t\t\t\t",
                              "type": "script"
                            }
                          ],
                          "type": "property"
                        }
                      }
                    },
                    "props": {
                      "enabled": false,
                      "placeholder": "Description",
                      "style": {
                        "textAlign": "center"
                      },
                      "text": "EC Ingot 1                                        "
                    },
                    "type": "ia.input.text-field"
                  },
                  {
                    "custom": {
                      "StorageLocation": "DA11      ",
                      "ValuationType": "RM_ALU_DOM"
                    },
                    "meta": {
                      "name": "Label"
                    },
                    "position": {
                      "basis": "30px",
                      "shrink": 0
                    },
                    "propConfig": {
                      "props.text": {
                        "binding": {
                          "config": {
                            "path": ".../FlexContainer_0/Dropdown.props.value"
                          },
                          "overlayOptOut": true,
                          "transforms": [
                            {
                              "code": "\timport time\n\ttime.sleep(0.1)\n\ttry:\n\t\tDD\u003d\u0027test\u0027\n\t\tA\u003dself.parent.parent.parent.getChild(\"Entry_1\").custom.Edit\n\t\tif A\u003d\u003d\u0027Yes\u0027:\n\t\t\tmaterialcode\u003dstr(self.parent.parent.getChild(\"FlexContainer_0\").getChild(\"Dropdown\").props.value)\n\t\t\tquery\u003d\u0027\u0027\u0027\n\t\t\t\tSELECT DISTINCT \n\t\t\t\t        [material_desc]\n\t\t\t\t       ,[valuation_type]\n\t\t\t\t             ,[storage_loc]\n\t\t\t\t     \n\t\t\t\t    FROM [CIMS].[dbo].[mes_bom]\n\t\t\t\t  \n\t\t\t\t    where [material_code]\u003d?\n\t\t\t\t\u0027\u0027\u0027\n#\t\t\tquery\u003d\u0027\u0027\u0027\n#\t\t\t\t\tSELECT [material_desc],[valuation_type],[storage_loc] FROM (\n#\t\t\t\t\tSELECT DISTINCT [material_code],[material_desc],[valuation_type],[storage_loc] FROM [CIMS].[dbo].[mes_bom] WHERE [material_sel]!\u003d\u0027OUT\u0027\n#\t\t\t\t\tUNION\n#\t\t\t\t\tSELECT DISTINCT [material_code],[material_desc],[valuation_type],[storage_loc] FROM [CIMS].[dbo].[mes_bom_OUT] WHERE [material_sel]\u003d\u0027OUT\u0027\n#\t\t\t\t\t) AS t WHERE [material_code]\u003d?\n#\t\t\t\t\t\u0027\u0027\u0027\n\n\t\t\tDATA\u003dsystem.db.runPrepQuery(query, [materialcode], \u0027CIMS2\u0027)\t\n\t\t\tself.props.enabled\u003dFalse\n\t\t\t\n#\t\t\tValuation Type and Storage Location entry in custom properties\n\t\t\tself.custom.ValuationType\u003dDATA[0][\u0027valuation_type\u0027]\n\t\t\tself.custom.StorageLocation\u003dDATA[0][\u0027storage_loc\u0027]\n\t\t\t\n\t\t\treturn DATA[0][0]\n\t\t\t\n#\t\t\treturn len(DATA)\n\t\telse:\t\n\t\t\tMDESC\u003dself.view.params.MDesc\n#\t\t\tValuation Type and Storage Location entry in custom properties\n\t\t\tself.custom.ValuationType\u003d\u0027\u0027\n\t\t\tself.custom.StorageLocation\u003d\u0027\u0027\n\t\t\treturn MDESC\n\texcept:\n#\t\tData\u003dself.view.custom.MCode\n\t\treturn \u0027No Selection\u0027\t",
                              "type": "script"
                            }
                          ],
                          "type": "property"
                        }
                      }
                    },
                    "props": {
                      "enabled": false,
                      "style": {
                        "fontFamily": "Roboto",
                        "fontSize": 12,
                        "textAlign": "center"
                      }
                    },
                    "type": "ia.display.label"
                  },
                  {
                    "meta": {
                      "name": "FlexContainer"
                    },
                    "position": {
                      "basis": "200px",
                      "grow": 1
                    },
                    "type": "ia.container.flex"
                  }
                ],
                "meta": {
                  "name": "FlexContainer_7"
                },
                "position": {
                  "basis": "140px",
                  "shrink": 0
                },
                "props": {
                  "direction": "column"
                },
                "type": "ia.container.flex"
              },
              {
                "children": [
                  {
                    "meta": {
                      "name": "Dropdown"
                    },
                    "position": {
                      "basis": "30px",
                      "shrink": 0
                    },
                    "propConfig": {
                      "position.display": {
                        "binding": {
                          "config": {
                            "path": "view.params.EDIT"
                          },
                          "overlayOptOut": true,
                          "type": "property"
                        }
                      }
                    },
                    "props": {
                      "options": [
                        {
                          "label": "MF1/MF2",
                          "value": "[B_IMS]Weigh_Scale/_MF1_MF2_/4321/Message"
                        },
                        {
                          "label": "MF3/MF4",
                          "value": "[B_IMS]Weigh_Scale/_MF3_MF4_/4321/Message"
                        },
                        {
                          "label": "H_MF1/MF2",
                          "value": "[B_IMS]Weigh_Scale/_MF1_MF2 Hanging type_/4321/Message"
                        },
                        {
                          "label": "H_MF3/MF4",
                          "value": "[B_IMS]Weigh_Scale/_MF3_MF4 Hanging type_/4321/Message"
                        },
                        {
                          "label": "HF-1",
                          "value": "[B_IMS]Weigh_Scale/_HF-1_/4321/Message"
                        },
                        {
                          "label": "HF-2",
                          "value": "[B_IMS]Weigh_Scale/_HF-2_/4321/Message"
                        }
                      ],
                      "style": {
                        "fontFamily": "Roboto",
                        "fontSize": 12,
                        "marginLeft": 4,
                        "marginRight": 4
                      },
                      "textAlign": "center",
                      "value": "[B_IMS]Weigh_Scale/_MF1_MF2_/4321/Message"
                    },
                    "type": "ia.input.dropdown"
                  },
                  {
                    "meta": {
                      "name": "FlexContainer"
                    },
                    "position": {
                      "basis": "200px",
                      "grow": 1
                    },
                    "type": "ia.container.flex"
                  }
                ],
                "meta": {
                  "name": "FlexContainer_3"
                },
                "position": {
                  "basis": "4px",
                  "grow": 1
                },
                "props": {
                  "direction": "column"
                },
                "type": "ia.container.flex"
              },
              {
                "children": [
                  {
                    "meta": {
                      "name": "NumericEntryField_0"
                    },
                    "position": {
                      "basis": "30px",
                      "shrink": 0
                    },
                    "propConfig": {
                      "custom.W_value": {
                        "binding": {
                          "config": {
                            "expression": "now(3000)"
                          },
                          "overlayOptOut": true,
                          "transforms": [
                            {
                              "code": "\tpath\u003dstr(self.parent.parent.getChild(\"FlexContainer_3\").getChild(\"Dropdown\").props.value)\n\t\n\ttry:\n\t\treturn round(float(system.tag.read(path).value),2)\n\texcept:\t\n\t\treturn 0",
                              "type": "script"
                            }
                          ],
                          "type": "expr"
                        },
                        "onChange": {
                          "enabled": null,
                          "script": "\tself.props.value\u003dcurrentValue.value"
                        }
                      },
                      "props.enabled": {
                        "binding": {
                          "config": {
                            "path": "..../Entry_1.custom.Edit"
                          },
                          "transforms": [
                            {
                              "code": "\tif value\u003d\u003d\u0027Yes\u0027:\n\t\treturn bool(1)\n\telse:\n\t\treturn bool(0)",
                              "type": "script"
                            }
                          ],
                          "type": "property"
                        }
                      },
                      "props.value": {
                        "binding": {
                          "config": {
                            "path": "view.params.EDIT"
                          },
                          "overlayOptOut": true,
                          "transforms": [
                            {
                              "code": "\timport time\n\ttime.sleep(1)\n\ttry:\n\t\tif value\u003d\u003dbool(0):\n\t\t\treturn sum(self.view.params.QTY)\n\t\telse:\n\t\t\tA\u003dself.custom.W_value\n\t\t\treturn float(A)\t\n\texcept:\n\t\treturn 0",
                              "type": "script"
                            }
                          ],
                          "type": "property"
                        }
                      }
                    },
                    "props": {
                      "align": "center",
                      "spinner": {
                        "enabled": false
                      },
                      "style": {
                        "fontFamily": "Roboto",
                        "fontSize": 11
                      }
                    },
                    "type": "ia.input.numeric-entry-field"
                  },
                  {
                    "meta": {
                      "name": "FlexContainer"
                    },
                    "position": {
                      "basis": "200px",
                      "grow": 1
                    },
                    "type": "ia.container.flex"
                  }
                ],
                "meta": {
                  "name": "FlexContainer_10"
                },
                "position": {
                  "basis": "80px",
                  "shrink": 0
                },
                "props": {
                  "direction": "column"
                },
                "type": "ia.container.flex"
              },
              {
                "children": [
                  {
                    "meta": {
                      "name": "Label"
                    },
                    "position": {
                      "basis": "50px",
                      "grow": 1
                    },
                    "type": "ia.display.label"
                  }
                ],
                "meta": {
                  "name": "FlexContainer_5"
                },
                "position": {
                  "basis": "4px",
                  "shrink": 0
                },
                "propConfig": {
                  "position.grow": {
                    "binding": {
                      "config": {
                        "path": "page.props.dimensions.primaryView.width"
                      },
                      "overlayOptOut": true,
                      "transforms": [
                        {
                          "code": "\tA\u003dint(value)\n\t\n\tif (A\u003e1234):\n\t\tself.position.grow\u003d1\n\t\tself.position.shrink\u003d1\n\t\treturn 1\n\telse:\n\t\tself.position.grow\u003d0\n\t\tself.position.shrink\u003d0\t\n\t\treturn 0\n\t",
                          "type": "script"
                        }
                      ],
                      "type": "property"
                    }
                  }
                },
                "type": "ia.container.flex"
              },
              {
                "children": [
                  {
                    "children": [
                      {
                        "meta": {
                          "name": "EmbeddedView"
                        },
                        "position": {
                          "basis": "200px"
                        },
                        "propConfig": {
                          "props.params": {
                            "persistent": false
                          },
                          "props.params.Batch": {
                            "binding": {
                              "config": {
                                "expression": "{..../FlexContainer_0/Dropdown.props.value}+{..../FlexContainer_6/Dropdown.props.value}"
                              },
                              "overlayOptOut": true,
                              "transforms": [
                                {
                                  "code": "\tdef MString(data):\n\t\tdata\u003dstr(data)\n\t\tdata\u003ddata.replace(\u0027 \u0027,\u0027\u0027)\n\t\treturn str(data)\n\t\t\n\tMCode\u003dMString(self.parent.parent.parent.getChild(\"FlexContainer_0\").getChild(\"Dropdown\").props.value)\n\tEDIT\u003dself.parent.parent.parent.parent.getChild(\"Entry_1\").custom.Edit\n#\tTYPE\u003dself.parent.parent.parent.getChild(\"FlexContainer_6\").getChild(\"Label\").props.text\n\tTYPE\u003dMString(self.parent.parent.parent.getChild(\"FlexContainer_6\").getChild(\"Dropdown\").props.value)\n\t\t\n\tif EDIT\u003d\u003d\u0027Yes\u0027:\n\t\tquery\u003d\u0027\u0027\u0027\n\t\t\tSELECT [batch]\n\t\t\t     ,[quantity]\n\t\t\t    , [material_sel],valuation_type,storage_loc\n\t\t\t  FROM [CIMS].[dbo].[mes_bom]\n\t\t\t\n\t\t\t  where [material_code]\u003d? AND [quantity] \u003e 0\n\t\t\t\u0027\u0027\u0027\n#\t\tquery\u003d\u0027\u0027\u0027\n#\t\t\t\tSELECT [batch],[quantity],[material_sel] FROM (\n#\t\t\t\tSELECT DISTINCT [batch],[quantity],[material_sel],[material_code] FROM [CIMS].[dbo].[mes_bom] WHERE [material_sel]!\u003d\u0027OUT\u0027\n#\t\t\t\tUNION\n#\t\t\t\tSELECT DISTINCT [batch],[quantity],[material_sel],[material_code] FROM [CIMS].[dbo].[mes_bom_OUT] WHERE [material_sel]\u003d\u0027OUT\u0027\n#\t\t\t\t) AS t WHERE [material_code]\u003d?\n#\t\t\t\t\u0027\u0027\u0027\n\t\tDATA\u003dsystem.db.runPrepQuery(query, [MCode], \u0027CIMS2\u0027)\t\n\t\tFDATA\u003d[]\n\t\tQTY\u003d[]\n\t\tvalType\u003d[]\n\t\tstorageLoca\u003d[]\n\n\t\tself.parent.position.display\u003dTrue\n\t\ttry:\n\t\t\tif \u0027OUT            \u0027 \u003d\u003d (str(DATA[0][\u0027material_sel\u0027])):\n\t\t\t\tself.props.params.TYPE\u003d\u0027OUT\u0027\t\n\t\t\t\tself.props.params.Qty\u003d[99]\n\t\t\t\treturn [\u0027OUT\u0027]\n#\t\t\t\treturn len(DATA[0][\u0027material_sel\u0027])\n\t\t\telse:\t\n\t\t\t\tfor i in range(len(DATA)):\n\t\t\t\t\tV\u003dMString(DATA[i][\u0027batch\u0027])\n\t\t\t\t\tV1\u003dDATA[i][\u0027quantity\u0027]\n\t\t\t\t\tvalType.append(MString(DATA[i][\u0027valuation_type\u0027]))\n\t\t\t\t\tstorageLoca.append(MString(DATA[i][\u0027storage_loc\u0027]))\n\t\t\t\t\tFDATA.append(V)\n\t\t\t\t\tQTY.append(V1)\n\t\t\t\tself.props.params.TYPE\u003d\u0027IN\u0027\t\n\t\t\t\tself.props.params.Qty\u003dQTY\t\n\t\t\t\tself.props.params.valuation_type\u003dvalType\n\t\t\t\tself.props.params.Storage_Location\u003dstorageLoca\n\t\t\t\treturn FDATA\n\t\texcept:\n\t\t\tself.props.params.Qty\u003dself.view.params.QTY\t\t\n\t\t\treturn self.view.params.Batch\n#\t\t\treturn [\u0027DATA\u0027]\t\t\n\n\telse:\t\n\t\tself.props.params.Qty\u003dself.view.params.QTY\t\t\n\t\treturn self.view.params.Batch",
                                  "type": "script"
                                }
                              ],
                              "type": "expr"
                            },
                            "persistent": true
                          },
                          "props.params.EDIT": {
                            "binding": {
                              "config": {
                                "path": "...../Entry_1.custom.Edit"
                              },
                              "overlayOptOut": true,
                              "transforms": [
                                {
                                  "code": "\timport time\n\tif value\u003d\u003d\u0027Yes\u0027:\n\t\ttime.sleep(0.1)\n\t\treturn True\n\telse:\n\t\ttime.sleep(1)\n\t\treturn False\t",
                                  "type": "script"
                                }
                              ],
                              "type": "property"
                            }
                          },
                          "props.params.Height": {
                            "onChange": {
                              "enabled": null,
                              "script": "\ttry:\n\t\tself.parent.parent.parent.parent.getChild(\"Entry_1\").position.basis\u003dstr(int(currentValue.value))+\u0027px\u0027\n\texcept:\n\t\tself.parent.parent.parent.parent.getChild(\"Entry_1\").position.basis\u003d\u002740px\u0027\t"
                            },
                            "persistent": false
                          },
                          "props.path": {
                            "binding": {
                              "config": {
                                "path": "...../Entry_1.custom.Edit"
                              },
                              "overlayOptOut": true,
                              "transforms": [
                                {
                                  "code": "\treturn \u0027Template/Batches\u0027",
                                  "type": "script"
                                }
                              ],
                              "type": "property"
                            }
                          }
                        },
                        "props": {
                          "loading": {
                            "order": "with-parent"
                          }
                        },
                        "type": "ia.display.view"
                      }
                    ],
                    "meta": {
                      "name": "FlexContainer"
                    },
                    "position": {
                      "basis": "200px",
                      "grow": 1
                    },
                    "propConfig": {
                      "position.display": {
                        "binding": {
                          "config": {
                            "path": ".../FlexContainer_6/Dropdown.props.value"
                          },
                          "overlayOptOut": true,
                          "transforms": [
                            {
                              "code": "\tvalue\u003dvalue.replace(\u0027 \u0027,\u0027\u0027)\n\ttry:\n\t\tif \u0027OUT\u0027 in str(value):\n\t\t\treturn False\n\t\telse:\n\t\t\treturn True\t\n\texcept:\n\t\treturn True\t\t\n#\treturn len(str(value))",
                              "type": "script"
                            }
                          ],
                          "type": "property"
                        },
                        "persistent": true
                      }
                    },
                    "props": {
                      "style": {
                        "overflow": "hidden"
                      }
                    },
                    "type": "ia.container.flex"
                  }
                ],
                "meta": {
                  "name": "FlexContainer_8"
                },
                "position": {
                  "basis": "180px",
                  "shrink": 0
                },
                "props": {
                  "direction": "column"
                },
                "type": "ia.container.flex"
              },
              {
                "meta": {
                  "name": "FlexContainer_4"
                },
                "position": {
                  "basis": "4px",
                  "shrink": 0
                },
                "propConfig": {
                  "position.grow": {
                    "binding": {
                      "config": {
                        "path": "page.props.dimensions.primaryView.width"
                      },
                      "overlayOptOut": true,
                      "transforms": [
                        {
                          "code": "\tA\u003dint(value)\n\t\n\tif (A\u003e1234):\n\t\tself.position.grow\u003d1\n\t\tself.position.shrink\u003d1\n\t\treturn 1\n\telse:\n\t\tself.position.grow\u003d0\n\t\tself.position.shrink\u003d0\t\n\t\treturn 0\n\t",
                          "type": "script"
                        }
                      ],
                      "type": "property"
                    }
                  }
                },
                "type": "ia.container.flex"
              },
              {
                "children": [
                  {
                    "meta": {
                      "name": "NumericEntryField"
                    },
                    "position": {
                      "basis": "30px",
                      "shrink": 0
                    },
                    "propConfig": {
                      "position.display": {
                        "binding": {
                          "config": {
                            "path": "view.params.EDIT"
                          },
                          "overlayOptOut": true,
                          "type": "property"
                        }
                      },
                      "props.enabled": {
                        "binding": {
                          "config": {
                            "path": "parent.custom.Edit"
                          },
                          "enabled": false,
                          "previewEnabled": false,
                          "transforms": [
                            {
                              "code": "\tif value\u003d\u003d\u0027Yes\u0027:\n\t\treturn bool(1)\n\telse:\n\t\treturn bool(0)",
                              "type": "script"
                            }
                          ],
                          "type": "property"
                        }
                      },
                      "props.value": {
                        "binding": {
                          "config": {
                            "path": ".../FlexContainer_8/FlexContainer/EmbeddedView.props.params.Qty"
                          },
                          "transforms": [
                            {
                              "code": "\treturn sum(value)",
                              "type": "script"
                            }
                          ],
                          "type": "property"
                        }
                      }
                    },
                    "props": {
                      "align": "center",
                      "containerStyle": {
                        "textAlign": "center"
                      },
                      "enabled": false,
                      "style": {
                        "fontFamily": "Roboto",
                        "fontSize": 11
                      }
                    },
                    "type": "ia.input.numeric-entry-field"
                  },
                  {
                    "meta": {
                      "name": "FlexContainer"
                    },
                    "position": {
                      "basis": "200px",
                      "grow": 1
                    },
                    "type": "ia.container.flex"
                  }
                ],
                "meta": {
                  "name": "FlexContainer_9"
                },
                "position": {
                  "basis": "80px",
                  "shrink": 0
                },
                "props": {
                  "direction": "column"
                },
                "type": "ia.container.flex"
              },
              {
                "children": [
                  {
                    "children": [
                      {
                        "children": [
                          {
                            "events": {
                              "dom": {
                                "onClick": {
                                  "config": {
                                    "script": "\timport time\n\timport sys\n\t\n#\tRemove Empty spaces in string\n\tdef MString(data):\n\t\tdata\u003dstr(data)\n\t\tdata\u003ddata.replace(\u0027 \u0027,\u0027\u0027)\n\t\treturn str(data)\n\n#\tCheck CONSUMABLE and maitain as IN\n\tdef CheckData(data):\n\t\tif str(data)\u003d\u003d\u0027CONSUMABLE\u0027:\n\t\t\treturn \u0027IN\u0027\n\t\telse:\n\t\t\treturn str(data)\n\t\t\t\n#   Function to collect Storage location from SAP.BOM table\n\tdef getSL(BathNo):\n\t\tquery\u003d  \u0027\u0027\u0027\n\t\t\t\t SELECT [storage_loc]\n\t\t\t\t FROM [OUTBOUNDCIMS].[dbo].[SAPBOM]\n\t\t\t\t  Where [batch]\u003d?\n\t\t\t\t\u0027\u0027\u0027\n\t\tdata\u003dsystem.db.runPrepQuery(query, [BathNo], \u0027CIMS2\u0027)\t\t\n\t\tvalue\u003ddata[0][\u0027storage_loc\u0027]\n\t\tvalue\u003dvalue.replace(\u0027 \u0027,\u0027\u0027)\n\t\treturn value\t\t\t\n\t\t\t\n\tPO\u003dself.view.params.PONO\n\tMatCode\u003dself.parent.parent.parent.parent.getChild(\"FlexContainer_0\").getChild(\"Dropdown\").props.value\n\tMatSelec\u003dMString(self.parent.parent.parent.parent.getChild(\"FlexContainer_6\").getChild(\"Dropdown\").props.value)\n\tMatDesc\u003dself.parent.parent.parent.parent.getChild(\"FlexContainer_7\").getChild(\"Label\").props.text\n\tSBatch\u003dself.parent.parent.parent.parent.getChild(\"FlexContainer_8\").getChild(\"FlexContainer\").getChild(\"EmbeddedView\").props.params.S_Batch\n\tBatch\u003dself.parent.parent.parent.parent.getChild(\"FlexContainer_8\").getChild(\"FlexContainer\").getChild(\"EmbeddedView\").props.params.Batch\n\tAvQty\u003dself.parent.parent.parent.parent.getChild(\"FlexContainer_8\").getChild(\"FlexContainer\").getChild(\"EmbeddedView\").props.params.Qty\n\tProcQty\u003dfloat(self.parent.parent.parent.parent.getChild(\"FlexContainer_10\").getChild(\"NumericEntryField_0\").props.value)\n\tS_QTY\u003d(self.parent.parent.parent.parent.getChild(\"FlexContainer_8\").getChild(\"FlexContainer\").getChild(\"EmbeddedView\").props.params.S_Qty)\n\tS_QTY \u003d list(map(float, S_QTY))\n\tOPRNO\u003dint(self.view.params.Stage)\n\tValuType\u003dself.parent.parent.parent.parent.getChild(\"FlexContainer_7\").getChild(\"Label\").custom.ValuationType\n\tStorageLoc\u003dself.parent.parent.parent.parent.getChild(\"FlexContainer_7\").getChild(\"Label\").custom.StorageLocation\n\tSUM\u003dsum(S_QTY)\n\t\n\t\n#\tCheck the Material Selection in OUT Condition\n\tif \u0027OUT\u0027 \u003d\u003d MatSelec:\n\t\tpass\n\telse:\t\n\t\t# Calculate the total sum of the array\n\t\ttotal_sum \u003d sum(S_QTY)\t\n\t\t\n\t\t# Check if the target value is negative\n\t\tif ProcQty \u003c 0 or ProcQty\u003d\u003d0:\n\t\t    print(\"The target value is negative. Please provide a valid positive target value.\")\n\t\t    system.perspective.openPopup(\u0027Error\u0027,\u0027Template/Popup_1\u0027,params\u003d{\u0027Code\u0027:1,\u0027Message\u0027:\u0027Target Value in Negative or Zero. \\n Please provide valid value\u0027},showCloseIcon \u003d True,modal\u003dTrue,draggable\u003dFalse,position \u003d {\u0027top\u0027:100})\n\t\t    sys.exit()\n\t\t# If Batch not selected Pop-up a window with message\t\t\n\t\telif len(S_QTY) \u003d\u003d 0:   \n\t\t    print(\"The target value is negative. Please provide a valid positive target value.\")\n\t\t    system.perspective.openPopup(\u0027Error\u0027,\u0027Template/Popup_1\u0027,params\u003d{\u0027Code\u0027:1,\u0027Message\u0027:\u0027Select Batches from Material\u0027},showCloseIcon \u003d True,modal\u003dTrue,draggable\u003dFalse,position \u003d {\u0027top\u0027:100})\n\t\t    sys.exit()\n\t\t# Check if the total sum is less than the target value\n\t\telif total_sum \u003c ProcQty:\n\t\t\t# Generate a POP-UP and terminate the execution\t\t\n\t\t    print(\"The sum of values in the array is less than the target value.\")\n\t\t    system.perspective.openPopup(\u0027Error\u0027,\u0027Template/Popup_1\u0027,params\u003d{\u0027Code\u0027:1,\u0027Message\u0027:\u0027Error in Batch selection adjust Batch v/s QTY \u0027},showCloseIcon \u003d True,modal\u003dTrue,draggable\u003dFalse,position \u003d {\u0027top\u0027:100})\n\t\t    sys.exit()\n\t\telse:\n\t\t    # Create an array to store the consumed numbers\n\t\t    ConsumedArray \u003d []\n#\t\t    S\u003d[]\n#\t\t    V\u003d[]\n\t\t    storage\u003dself.parent.parent.parent.parent.getChild(\"FlexContainer_8\").getChild(\"FlexContainer\").getChild(\"EmbeddedView\").props.params.Storage_Location\n\t\t    valType\u003dself.parent.parent.parent.parent.getChild(\"FlexContainer_8\").getChild(\"FlexContainer\").getChild(\"EmbeddedView\").props.params.valuation_type\n\t\t    # Apply the minus condition based on the whole array and store consumed numbers\n\t\t    for i in range(len(S_QTY)):\n\t\t        consumed_value \u003d min(S_QTY[i], ProcQty)\n\t\t        ConsumedArray.append(consumed_value)\n\t\t        S_QTY[i] -\u003d consumed_value\n\t\t        ProcQty -\u003d consumed_value\n\t\t        \n#\t\t        # Append to s and v only if consumed_value is greater than 0\n#                if consumed_value \u003e 0:\n#                    S.append(storage[i])\n#                    V.append(valType[i])\n#                else:\n#                \tS.append(\u0027NA\u0027)\n#                \tV.append(\u0027NA\u0027)\n                \t\n        # Print the final array with the balance values\n\t\tprint(\"Remaining balance array:\", S_QTY)\n\t\tprint(\"Consumed numbers array:\", ConsumedArray)\n\t\t\t\t\t\t\t\t    \t\t\t\t\t\t\n#\t#\tCondition check for negative value and terminate execution\n#\t\tfor i in range (len(S_QTY)):\n#\t\t\tif ProcQty\u003e\u003d(S_QTY[i]):\n#\t\t\t\tQTY\u003dS_QTY[i]\n#\t\t\telse:\t\n#\t\t\t\tQTY\u003dProcQty\t\t\n#\t\t\tProcQty\u003dProcQty-S_QTY[i]\t\n#\t\t\tself.parent.parent.parent.parent.getChild(\"FlexContainer_5\").getChild(\"Label\").props.text\u003d(ProcQty)\n#\t\tif float(QTY)\u003c0 or float(QTY)\u003d\u003d0:\n#\t\t\tsystem.perspective.openPopup(\u0027Error\u0027,\u0027Template/Popup_1\u0027,params\u003d{\u0027Code\u0027:1,\u0027Message\u0027:\u0027Error in Batch selection adjust Batch v/s QTY \u0027},showCloseIcon \u003d True,modal\u003dTrue,draggable\u003dFalse,position \u003d {\u0027top\u0027:100})\n#\t\t\tsys.exit()\n#\t\telse:\n#\t\t\tpass\t\t\t\n\t\t\n\tProcQty\u003dfloat(self.parent.parent.parent.parent.getChild(\"FlexContainer_10\").getChild(\"NumericEntryField_0\").props.value)\n#\tOpen-loading Popup\n\tsystem.perspective.openPopup(\u0027Loading\u0027,\u0027Template/loading\u0027,showCloseIcon \u003d False,modal\u003dTrue,draggable\u003dFalse) \n\t\n#\tmelting operation\n#\tValutation type (IN\u003dNULL OUT\u003dMandatory)\n\tif OPRNO\u003d\u003d10:\n\t\tQQTY\u003d[]\n#\t\tMaterial selection \u003d\u003dOUT \n\t\tif \u0027OUT\u0027 \u003d\u003d MatSelec:\n\t\t\tQTY\u003dProcQty\n\t\t\tquery\u003d\u0027\u0027\u0027\n\t\t\t\t\tINSERT INTO [dbo].[mes_MF\u0026HF_operation]\n\t\t\t\t\t           ([oprn]\n\t\t\t\t\t           ,[prod_order]\n\t\t\t\t\t           ,[material_code]\n\t\t\t\t\t           ,[material_description]\n\t\t\t\t\t           ,[material_selection]\n\t\t\t\t\t           ,[batch]\n\t\t\t\t\t           ,[qty]\n\t\t\t\t\t           ,[qty_uom]\n\t\t\t\t\t           ,[valuation_type]\n\t\t\t\t\t           ,[storage_loc])\n\t\t\t\t\t     VALUES\n\t\t\t\t\t           (?,?,?,?,?,?,?,?,?,?)\n\t\t\t\u0027\u0027\u0027\n\t\t\tGoodMovQuery\u003d\u0027\u0027\u0027\n\t\t\t\t\t\tINSERT INTO [dbo].[goodmov]\n\t\t\t\t\t           ([oprn]\n\t\t\t\t\t           ,[prod_order]\n\t\t\t\t\t           ,[material_code]\n\t\t\t\t\t           ,[material_description]\n\t\t\t\t\t           ,[material_selection]\n\t\t\t\t\t           ,[qty]\n\t\t\t\t\t           ,[qty_uom]\n\t\t\t\t\t           ,[valuation_type]\n   \t\t\t\t\t           ,[storage_loc])\n\t\t\t\t\t     VALUES\n\t\t\t\t\t           (?,RTRIM(?),RTRIM(?),RTRIM(?),RTRIM(?),?,?,RTRIM(?),RTRIM(?))\n\t\t\t\t\t\t\t\u0027\u0027\u0027\n\t\t\targs\u003d[OPRNO,PO,MatCode,MatDesc,MatSelec,\u0027BATCH\u0027,QTY,\u0027KG\u0027,ValuType,StorageLoc]\n\t\t\t#Update in SAP.HF \u0026 MF Operation table\n\t\t\tsystem.db.runPrepUpdate(query, args, \u0027CIMS2\u0027)\n\t\t\t#Update in GoodMov Table\n\t\t\targs1\u003d[OPRNO,PO,MatCode,MatDesc,CheckData(MatSelec),QTY,\u0027KG\u0027,ValuType,StorageLoc]\n\t\t\tsystem.db.runPrepUpdate(GoodMovQuery, args1, \u0027CIMS_SAP_IN\u0027)\t\t\t\t\n\t\telse:\t\t\n\t\t\tfor i in range (len(ConsumedArray)):\n\t\t\t\tif ConsumedArray[i]\u003d\u003d0:\n\t\t\t\t\tQTY\u003d0\n#\t\t\t\t\tValuType\u003d\u0027NA\u0027\n#\t\t\t\t\tStorageLoc\u003d\u0027NA\u0027\n\t\t\t\telse:\t\n\t\t\t\t\tQTY\u003dConsumedArray[i]\n#\t\t\t\t\tValuType\u003dV[i]\n#\t\t\t\t\tStorageLoc\u003dS[i]\n\t\t\t\t\t\n\t\t\t\tquery\u003d\u0027\u0027\u0027\n\t\t\t\t\t\tINSERT INTO [dbo].[mes_MF\u0026HF_operation]\n\t\t\t\t\t\t           ([oprn]\n\t\t\t\t\t\t           ,[prod_order]\n\t\t\t\t\t\t           ,[material_code]\n\t\t\t\t\t\t           ,[material_description]\n\t\t\t\t\t\t           ,[material_selection]\n\t\t\t\t\t\t           ,[batch]\n\t\t\t\t\t\t           ,[qty]\n\t\t\t\t\t\t           ,[qty_uom]\n\t\t\t\t\t\t           ,[valuation_type]\n       \t\t\t\t\t           ,[storage_loc])\n\t\t\t\t\t\t     VALUES\n\t\t\t\t\t\t           (?,?,?,?,?,?,?,?,?,?)\n\t\t\t\t\u0027\u0027\u0027\n\t\t\t\t\n\t\t\t\tGoodMovQuery\u003d\u0027\u0027\u0027\n\t\t\t\t\t\tINSERT INTO [dbo].[goodmov]\n\t\t\t\t\t           ([oprn]\n\t\t\t\t\t           ,[prod_order]\n\t\t\t\t\t           ,[material_code]\n\t\t\t\t\t           ,[material_description]\n\t\t\t\t\t           ,[material_selection]\n\t\t\t\t\t           ,[batch]\n\t\t\t\t\t           ,[qty]\n\t\t\t\t\t           ,[qty_uom]\n   \t\t\t\t\t           ,[storage_loc])\n\t\t\t\t\t     VALUES\n\t\t\t\t\t           (?,RTRIM(?),RTRIM(?),RTRIM(?),RTRIM(?),RTRIM(?),?,RTRIM(?),RTRIM(?))\n\t\t\t\t\t\t\t\u0027\u0027\u0027\t\t\t\n\t\t\t\targs\u003d[OPRNO,PO,MatCode,MatDesc,MatSelec,SBatch[i],QTY,\u0027KG\u0027,ValuType,getSL(SBatch[i])]\n\t\t\t\t#Update in SAP.HF \u0026 MF Operation table\n\t\t\t\tsystem.db.runPrepUpdate(query, args, \u0027CIMS2\u0027)\n\t\t\t\t#Update in GoodMov Table\n\t\t\t\targs1\u003d[OPRNO,PO,MatCode,MatDesc,CheckData(MatSelec),SBatch[i],QTY,\u0027KG\u0027,getSL(SBatch[i])]\n\t\t\t\tsystem.db.runPrepUpdate(GoodMovQuery, args1, \u0027CIMS_SAP_IN\u0027)\t\n\n#\t\tUpdate Melting Status and Main Status Table\t\n\t\tMainStatusQuery\u003d\u0027\u0027\u0027\n\t\t\t\t\t\tUPDATE [dbo].[mes_status]\n\t\t\t\t\t\t   SET [po_status] \u003d ?\n\t\t\t\t\t\t WHERE [mes_po]\u003d?\n\t\t\t\t\t\u0027\u0027\u0027\t\n\t\tsystem.db.runPrepUpdate(MainStatusQuery, [\u0027Melting Inprogress\u0027,PO], \u0027CIMS2\u0027)\t\n#\t\tUpdate MAIN Table\n\t\tMainQuery\u003d\u0027\u0027\u0027\n\t\t\tUPDATE [dbo].[mes_main]\n\t\t\t   SET [Status] \u003d ?\n\t\t\t      ,[Date_and_time] \u003d ?\n\t\t\t    \n\t\t\t WHERE [PO]\u003d?\n\t\t\t \u0027\u0027\u0027\n\t\tMainargs\u003d[\u0027Melting Inprogress\u0027,system.date.now(),PO]\t\n\t\tsystem.db.runPrepUpdate(MainQuery, Mainargs, \u0027CIMS2\u0027) \t\n\t\n#\t\tUpdate in Melting Table\n\t\tMeltingQuery\u003d\u0027\u0027\u0027\n\t\t\t\t\t\tUPDATE [dbo].[mes_melting]\n\t\t\t\t\t\t   SET [Status] \u003d ?\n\t\t\t\t\t\t WHERE [PO]\u003d?\n\t\t \t\t\t\t\u0027\u0027\u0027\n\t\tsystem.db.runPrepUpdate(MeltingQuery, [\u0027Melting Inprogress\u0027,PO], \u0027CIMS2\u0027) \n\t\t\t\t\n#\t\trefresh Operation\n\t\t# Before Rfresh move Selected Batch,QTY to Embedded component\n\t\tself.parent.parent.parent.parent.getChild(\"FlexContainer_8\").getChild(\"FlexContainer\").getChild(\"EmbeddedView\").props.params.Batch\u003dSBatch\n\t\tself.parent.parent.parent.parent.getChild(\"FlexContainer_8\").getChild(\"FlexContainer\").getChild(\"EmbeddedView\").props.params.Qty\u003dQQTY\t\t\n\t\tself.parent.parent.parent.parent.parent.getChild(\"Entry_1\").custom.Edit\u003d\u0027No\u0027\n\t\tself.parent.parent.parent.parent.getChild(\"FlexContainer_0\").getChild(\"Dropdown\").props.enabled\u003dFalse\n#\t\tSend message to update the table in Melting Binding\n\t\tPayload\u003d{\u0027MeltingUpdate\u0027: 1}\n\t\tsystem.perspective.sendMessage(\u0027MeltingU\u0027, payload\u003dPayload, scope\u003d\u0027session\u0027)\n\t\tPayload\u003d{\u0027MeltingUpdate\u0027: 0}\n\t\tsystem.perspective.sendMessage(\u0027MeltingU\u0027, payload\u003dPayload, scope\u003d\u0027session\u0027)\n\t\tPayload\u003d{\"EDIT\":1}\n\t\tsystem.perspective.sendMessage(\u0027UpdateMaterial\u0027, payload\u003dPayload,scope\u003d\u0027page\u0027)\n\t\tPayload\u003d{\"EDIT\":0}\n\t\tsystem.perspective.sendMessage(\u0027UpdateMaterial\u0027, payload\u003dPayload,scope\u003d\u0027page\u0027)\n\t\t\t\t\t\t\t\t \t\t\t\t\t\t \t\t\t\t\t\t\t\t\t\t\t\t \t\t\t\t\t\t \t\t\t\t\n#\tHolding operation\n#\tValutation type (IN\u003dNULL OUT\u003dMandatory)\n\telif OPRNO\u003d\u003d20:\n\t\tQQTY\u003d[]\n#\t\tMaterial selection \u003d\u003dOUT \n\t\tif \u0027OUT\u0027 \u003d\u003d MatSelec:\n\t\t\tQTY\u003dProcQty\n\t\t\tquery\u003d\u0027\u0027\u0027\n\t\t\t\t\tINSERT INTO [dbo].[mes_MF\u0026HF_operation]\n\t\t\t\t\t           ([oprn]\n\t\t\t\t\t           ,[prod_order]\n\t\t\t\t\t           ,[material_code]\n\t\t\t\t\t           ,[material_description]\n\t\t\t\t\t           ,[material_selection]\n\t\t\t\t\t           ,[batch]\n\t\t\t\t\t           ,[qty]\n\t\t\t\t\t           ,[qty_uom]\n\t\t\t\t\t           ,[valuation_type]\n   \t\t\t\t\t           ,[storage_loc])\n\t\t\t\t\t     VALUES\n\t\t\t\t\t           (?,?,?,?,?,?,?,?,?,?)\n\t\t\t\u0027\u0027\u0027\n\t\t\tGoodMovQuery\u003d\u0027\u0027\u0027\n\t\t\t\t\tINSERT INTO [dbo].[goodmov]\n\t\t\t\t           ([oprn]\n\t\t\t\t           ,[prod_order]\n\t\t\t\t           ,[material_code]\n\t\t\t\t           ,[material_description]\n\t\t\t\t           ,[material_selection]\n\t\t\t\t           ,[qty]\n\t\t\t\t           ,[qty_uom]\n\t\t\t\t           ,[valuation_type]\n\t\t\t\t           ,[storage_loc])\n\t\t\t\t     VALUES\n\t\t\t\t           (?,RTRIM(?),RTRIM(?),RTRIM(?),RTRIM(?),?,?,RTRIM(?),RTRIM(?))\n\t\t\t\t\t\t\u0027\u0027\u0027\n\t\t\targs\u003d[OPRNO,PO,MatCode,MatDesc,MatSelec,\u0027BATCH\u0027,QTY,\u0027KG\u0027,ValuType,StorageLoc]\n\t\t\t#Update in SAP.HF \u0026 MF Operation table\n\t\t\tsystem.db.runPrepUpdate(query, args, \u0027CIMS2\u0027)\n\t\t\t#Update in GoodMov Table\n\t\t\targs1\u003d[OPRNO,PO,MatCode,MatDesc,CheckData(MatSelec),QTY,\u0027KG\u0027,ValuType,StorageLoc]\n\t\t\tsystem.db.runPrepUpdate(GoodMovQuery, args1, \u0027CIMS_SAP_IN\u0027)\t\n\t\telse:\t\n\t\t\tfor i in range (len(ConsumedArray)):\n\t\t\t\tif ConsumedArray[i]\u003d\u003d0:\n\t\t\t\t\tQTY\u003d0\n#\t\t\t\t\tValuType\u003d\u0027NA\u0027\n#\t\t\t\t\tStorageLoc\u003d\u0027NA\u0027\n\t\t\t\telse:\t\n\t\t\t\t\tQTY\u003dConsumedArray[i]\n#\t\t\t\t\tValuType\u003dV[i]\n#\t\t\t\t\tStorageLoc\u003dS[i]\n\t\t\t\tquery\u003d\u0027\u0027\u0027\n\t\t\t\t\tINSERT INTO [dbo].[mes_MF\u0026HF_operation]\n\t\t\t\t\t           ([oprn]\n\t\t\t\t\t           ,[prod_order]\n\t\t\t\t\t           ,[material_code]\n\t\t\t\t\t           ,[material_description]\n\t\t\t\t\t           ,[material_selection]\n\t\t\t\t\t           ,[batch]\n\t\t\t\t\t           ,[qty]\n\t\t\t\t\t           ,[qty_uom]\n\t\t\t\t\t           ,[valuation_type]\n\t\t\t\t\t\t           ,[storage_loc])\n\t\t\t\t\t     VALUES\n\t\t\t\t\t           (?,?,?,?,?,?,?,?,?,?)\n\t\t\t\t\u0027\u0027\u0027\n\t\t\t\tGoodMovQuery\u003d\u0027\u0027\u0027\n\t\t\t\t\tINSERT INTO [dbo].[goodmov]\n\t\t\t\t           ([oprn]\n\t\t\t\t           ,[prod_order]\n\t\t\t\t           ,[material_code]\n\t\t\t\t           ,[material_description]\n\t\t\t\t           ,[material_selection]\n\t\t\t\t           ,[batch]\n\t\t\t\t           ,[qty]\n\t\t\t\t           ,[qty_uom]\n\t\t\t\t           ,[storage_loc])\n\t\t\t\t     VALUES\n\t\t\t\t           (?,RTRIM(?),RTRIM(?),RTRIM(?),RTRIM(?),RTRIM(?),?,?,RTRIM(?))\n\t\t\t\t\t\t\u0027\u0027\u0027\n\t\t\t\targs\u003d[OPRNO,PO,MatCode,MatDesc,MatSelec,SBatch[i],QTY,\u0027KG\u0027,ValuType,getSL(SBatch[i])]\n\t\t\t\t#Update in SAP.HF \u0026 MF Operation table\n\t\t\t\tsystem.db.runPrepUpdate(query, args, \u0027CIMS2\u0027)\n\t\t\t\t#Update in GoodMov Table\n\t\t\t\targs1\u003d[OPRNO,PO,MatCode,MatDesc,CheckData(MatSelec),SBatch[i],QTY,\u0027KG\u0027,getSL(SBatch[i])]\n\t\t\t\tsystem.db.runPrepUpdate(GoodMovQuery, args1, \u0027CIMS_SAP_IN\u0027)\t\n\t\t\t\t\n\t\t\t\n#\t\tUpdate Holding Status and Main Status Table\t\n\t\tMainStatusQuery\u003d\u0027\u0027\u0027\n\t\t\t\t\t\tUPDATE [dbo].[mes_status]\n\t\t\t\t\t\t   SET [po_status] \u003d ?\n\t\t\t\t\t\t WHERE [mes_po]\u003d?\n\t\t\t\t\t\u0027\u0027\u0027\t\n\t\tsystem.db.runPrepUpdate(MainStatusQuery, [\u0027Holding Inprogress\u0027,PO], \u0027CIMS2\u0027)\t\n\t\n#\t\tUpdate MAIN Table\n\t\tMainQuery\u003d\u0027\u0027\u0027\n\t\t\tUPDATE [dbo].[mes_main]\n\t\t\t   SET [Status] \u003d ?\n\t\t\t      ,[Date_and_time] \u003d ?\n\t\t\t    \n\t\t\t WHERE [PO]\u003d?\n\t\t\t \u0027\u0027\u0027\n\t\tMainargs\u003d[\u0027Holding Inprogress\u0027,system.date.now(),PO]\t\n\t\tsystem.db.runPrepUpdate(MainQuery, Mainargs, \u0027CIMS2\u0027) \n\t\t\t\t\n#\t\tUpdate in Holding Table\n\t\tHoldingQuery\u003d\u0027\u0027\u0027\n\t\t\t\t\t\tUPDATE [dbo].[mes_holding]\n\t\t\t\t\t\t   SET [Status] \u003d ?\n\t\t\t\t\t\t WHERE [PO]\u003d?\n\t\t \t\t\t\t\u0027\u0027\u0027\n\t\tsystem.db.runPrepUpdate(HoldingQuery, [\u0027Holding Inprogress\u0027,PO], \u0027CIMS2\u0027) \n\t\t\t\t\n#\t\trefresh Operation\n\t\t# Before Rfresh move Selected Batch,QTY to Embedded component\n\t\tself.parent.parent.parent.parent.getChild(\"FlexContainer_8\").getChild(\"FlexContainer\").getChild(\"EmbeddedView\").props.params.Batch\u003dSBatch\n\t\tself.parent.parent.parent.parent.getChild(\"FlexContainer_8\").getChild(\"FlexContainer\").getChild(\"EmbeddedView\").props.params.Qty\u003dQQTY\t\n\t\tself.parent.parent.parent.parent.parent.getChild(\"Entry_1\").custom.Edit\u003d\u0027No\u0027\n\t\tself.parent.parent.parent.parent.getChild(\"FlexContainer_0\").getChild(\"Dropdown\").props.enabled\u003dFalse\n#\t\tSend message to update the table in Melting Binding\n\t\tPayload\u003d{\u0027HoldingUpdate\u0027: 1}\n\t\tsystem.perspective.sendMessage(\u0027HoldingU\u0027, payload\u003dPayload, scope\u003d\u0027session\u0027)\n\t\tPayload\u003d{\u0027HoldingUpdate\u0027: 0}\n\t\tsystem.perspective.sendMessage(\u0027HoldingU\u0027, payload\u003dPayload, scope\u003d\u0027session\u0027)\t\n\t\tPayload\u003d{\"EDIT\":1}\n\t\tsystem.perspective.sendMessage(\u0027UpdateMaterial\u0027, payload\u003dPayload,scope\u003d\u0027page\u0027)\n\t\tPayload\u003d{\"EDIT\":0}\n\t\tsystem.perspective.sendMessage(\u0027UpdateMaterial\u0027, payload\u003dPayload,scope\u003d\u0027page\u0027)\n\t\t\n#\t#Casting operation\n#\tValutation type (IN\u003dNULL OUT\u003dMandatory)\n\telif OPRNO\u003d\u003d30:\n\t\tQQTY\u003d[]\n#\t\tMaterial selection \u003d\u003dOUT \n\t\tif \u0027OUT\u0027 \u003d\u003d MatSelec:\n\t\t\tQTY\u003dProcQty\n\t\t\tquery\u003d\u0027\u0027\u0027\n\t\t\t\t\tINSERT INTO [dbo].[mes_MF\u0026HF_operation]\n\t\t\t\t\t           ([oprn]\n\t\t\t\t\t           ,[prod_order]\n\t\t\t\t\t           ,[material_code]\n\t\t\t\t\t           ,[material_description]\n\t\t\t\t\t           ,[material_selection]\n\t\t\t\t\t           ,[batch]\n\t\t\t\t\t           ,[qty]\n\t\t\t\t\t           ,[qty_uom]\n\t\t\t\t\t           ,[valuation_type]\n   \t\t\t\t\t           ,[storage_loc])\n\t\t\t\t\t     VALUES\n\t\t\t\t\t           (?,?,?,?,?,?,?,?,?,?)\n\t\t\t\u0027\u0027\u0027\n\t\t\tGoodMovQuery\u003d\u0027\u0027\u0027\n\t\t\t\t\tINSERT INTO [dbo].[goodmov]\n\t\t\t\t           ([oprn]\n\t\t\t\t           ,[prod_order]\n\t\t\t\t           ,[material_code]\n\t\t\t\t           ,[material_description]\n\t\t\t\t           ,[material_selection]\n\t\t\t\t           ,[qty]\n\t\t\t\t           ,[qty_uom]\n\t\t\t\t           ,[valuation_type]\n\t\t\t\t           ,[storage_loc])\n\t\t\t\t     VALUES\n\t\t\t\t           (?,RTRIM(?),RTRIM(?),RTRIM(?),RTRIM(?),?,?,RTRIM(?),RTRIM(?))\n\t\t\t\t\t\t\u0027\u0027\u0027\n\t\t\targs\u003d[OPRNO,PO,MatCode,MatDesc,MatSelec,\u0027BATCH\u0027,QTY,\u0027KG\u0027,ValuType,StorageLoc]\n\t\t\t#Update in SAP.HF \u0026 MF Operation table\n\t\t\tsystem.db.runPrepUpdate(query, args, \u0027CIMS2\u0027)\n\t\t\t#Update in GoodMov Table\n\t\t\targs1\u003d[OPRNO,PO,MatCode,MatDesc,CheckData(MatSelec),QTY,\u0027KG\u0027,ValuType,StorageLoc]\n\t\t\tsystem.db.runPrepUpdate(GoodMovQuery, args1, \u0027CIMS_SAP_IN\u0027)\t\n\t\telse:\t\t\t\t\n\t\t\tfor i in range (len(ConsumedArray)):\n\t\t\t\tif ConsumedArray[i]\u003d\u003d0:\n\t\t\t\t\tQTY\u003d0\n#\t\t\t\t\tValuType\u003d\u0027NA\u0027\n#\t\t\t\t\tStorageLoc\u003d\u0027NA\u0027\n\t\t\t\telse:\t\n\t\t\t\t\tQTY\u003dConsumedArray[i]\n#\t\t\t\t\tValuType\u003dV[i]\n#\t\t\t\t\tStorageLoc\u003dS[i]\n\t\t\t\tquery\u003d\u0027\u0027\u0027\n\t\t\t\t\t\tINSERT INTO [dbo].[mes_MF\u0026HF_operation]\n\t\t\t\t\t\t           ([oprn]\n\t\t\t\t\t\t           ,[prod_order]\n\t\t\t\t\t\t           ,[material_code]\n\t\t\t\t\t\t           ,[material_description]\n\t\t\t\t\t\t           ,[material_selection]\n\t\t\t\t\t\t           ,[batch]\n\t\t\t\t\t\t           ,[qty]\n\t\t\t\t\t\t           ,[qty_uom]\n\t\t\t\t\t\t           ,[valuation_type]\n       \t\t\t\t\t           ,[storage_loc])\n\t\t\t\t\t\t     VALUES\n\t\t\t\t\t\t           (?,?,?,?,?,?,?,?,?,?)\n\t\t\t\t\u0027\u0027\u0027\n\t\t\t\tGoodMovQuery\u003d\u0027\u0027\u0027\n\t\t\t\t\t\tINSERT INTO [dbo].[goodmov]\n\t\t\t\t\t           ([oprn]\n\t\t\t\t\t           ,[prod_order]\n\t\t\t\t\t           ,[material_code]\n\t\t\t\t\t           ,[material_description]\n\t\t\t\t\t           ,[material_selection]\n\t\t\t\t\t           ,[batch]\n\t\t\t\t\t           ,[qty]\n\t\t\t\t\t           ,[qty_uom]\n   \t\t\t\t\t           ,[storage_loc])\n\t\t\t\t\t     VALUES\n\t\t\t\t\t           (?,RTRIM(?),RTRIM(?),RTRIM(?),RTRIM(?),RTRIM(?),?,?,RTRIM(?))\n\t\t\t\t\t\t\t\u0027\u0027\u0027\n\t\t\t\targs\u003d[OPRNO,PO,MatCode,MatDesc,MatSelec,SBatch[i],QTY,\u0027KG\u0027,ValuType,getSL(SBatch[i])]\n\t\t\t\t#Update in SAP HF \u0026 MF Operation table\n\t\t\t\tsystem.db.runPrepUpdate(query, args, \u0027CIMS2\u0027)\n\t\t\t\t#Update in GoodMov Table\n\t\t\t\targs1\u003d[OPRNO,PO,MatCode,MatDesc,CheckData(MatSelec),SBatch[i],QTY,\u0027KG\u0027,getSL(SBatch[i])]\n\t\t\t\tsystem.db.runPrepUpdate(GoodMovQuery, args1, \u0027CIMS_SAP_IN\u0027)\t\n\t\t\t\t\t\t\t\n\t\t#Update Casting Status and Main Status Table\t\n\t\tMainStatusQuery\u003d\u0027\u0027\u0027\n\t\t\t\t\t\tUPDATE [dbo].[mes_status]\n\t\t\t\t\t\t   SET [po_status] \u003d ?\n\t\t\t\t\t\t WHERE [mes_po]\u003d?\n\t\t\t\t\t\u0027\u0027\u0027\t\n\t\tsystem.db.runPrepUpdate(MainStatusQuery, [\u0027Casting Inprogress\u0027,PO], \u0027CIMS2\u0027)\t\n\t\n#\t\tUpdate MAIN Table\n\t\tMainQuery\u003d\u0027\u0027\u0027\n\t\t\tUPDATE [dbo].[mes_main]\n\t\t\t   SET [Status] \u003d ?\n\t\t\t      ,[Date_and_time] \u003d ?\n\t\t\t    \n\t\t\t WHERE [PO]\u003d?\n\t\t\t \u0027\u0027\u0027\n\t\tMainargs\u003d[\u0027Casting Inprogress\u0027,system.date.now(),PO]\t\n\t\tsystem.db.runPrepUpdate(MainQuery, Mainargs, \u0027CIMS2\u0027) \n\t\t\n\t\t#Update in Casting Table\n\t\tCastingQuery\u003d\u0027\u0027\u0027\n\t\t\t\t\t\tUPDATE [dbo].[mes_casting]\n\t\t\t\t\t\t   SET [Status] \u003d ?\n\t\t\t\t\t\t WHERE [PO]\u003d?\n\t\t \t\t\t\t\u0027\u0027\u0027\n\t\tsystem.db.runPrepUpdate(CastingQuery, [\u0027Casting Inprogress\u0027,PO], \u0027CIMS2\u0027) \n\t\t\t\t\n\t\t#Refresh Operation\n\t\t# Before Rfresh move Selected Batch,QTY to Embedded component\n\t\tself.parent.parent.parent.parent.getChild(\"FlexContainer_8\").getChild(\"FlexContainer\").getChild(\"EmbeddedView\").props.params.Batch\u003dSBatch\n\t\tself.parent.parent.parent.parent.getChild(\"FlexContainer_8\").getChild(\"FlexContainer\").getChild(\"EmbeddedView\").props.params.Qty\u003dQQTY\t\n\t\tself.parent.parent.parent.parent.parent.getChild(\"Entry_1\").custom.Edit\u003d\u0027No\u0027\n\t\tself.parent.parent.parent.parent.getChild(\"FlexContainer_0\").getChild(\"Dropdown\").props.enabled\u003dFalse\n\t\t#Send message to update the table in Casting Binding\n\t\tPayload\u003d{\u0027CastingUpdate\u0027: 1}\n\t\tsystem.perspective.sendMessage(\u0027CastingU\u0027, payload\u003dPayload, scope\u003d\u0027session\u0027)\n\t\tPayload\u003d{\u0027CastingUpdate\u0027: 0}\n\t\tsystem.perspective.sendMessage(\u0027CastingU\u0027, payload\u003dPayload, scope\u003d\u0027session\u0027)\t\n\t\tPayload\u003d{\"EDIT\":1}\n\t\tsystem.perspective.sendMessage(\u0027UpdateMaterial\u0027, payload\u003dPayload,scope\u003d\u0027page\u0027)\n\t\tPayload\u003d{\"EDIT\":0}\n\t\tsystem.perspective.sendMessage(\u0027UpdateMaterial\u0027, payload\u003dPayload,scope\u003d\u0027page\u0027)\n\n#\tself.parent.parent.parent.parent.getChild(\"FlexContainer_8\").getChild(\"FlexContainer\").getChild(\"EmbeddedView\").refreshBinding(\u0027props.params.Batch\u0027)\n\t"
                                  },
                                  "scope": "G",
                                  "type": "script"
                                }
                              }
                            },
                            "meta": {
                              "name": "Button"
                            },
                            "position": {
                              "basis": "54px"
                            },
                            "props": {
                              "style": {
                                "backgroundColor": "#257A8C",
                                "fontFamily": "Roboto",
                                "fontSize": 12
                              },
                              "text": "Save"
                            },
                            "type": "ia.input.button"
                          },
                          {
                            "events": {
                              "dom": {
                                "onClick": [
                                  {
                                    "config": {
                                      "script": "\t#\tOpen-loading Popup\n\tsystem.perspective.openPopup(\u0027Loading\u0027,\u0027Template/loading\u0027,showCloseIcon \u003d False,modal\u003dTrue,draggable\u003dFalse) \n\t\n\t#   Reset Data in components\n\tself.parent.parent.parent.parent.getChild(\"FlexContainer_0\").getChild(\"Dropdown\").props.value\u003d\u0027\u0027\n\tself.parent.parent.parent.parent.getChild(\"FlexContainer_8\").getChild(\"FlexContainer\").getChild(\"EmbeddedView\").props.params.Qty\u003d[]\n\tself.parent.parent.parent.parent.getChild(\"FlexContainer_8\").getChild(\"FlexContainer\").getChild(\"EmbeddedView\").props.params.Batch\u003d[]\n\tself.parent.parent.parent.parent.getChild(\"FlexContainer_8\").getChild(\"FlexContainer\").getChild(\"EmbeddedView\").props.params.S_Batch\u003d[]\n\tself.parent.parent.parent.parent.getChild(\"FlexContainer_8\").getChild(\"FlexContainer\").getChild(\"EmbeddedView\").props.params.S_Qty\u003d[]\t\n\t\n\tPayload\u003d{\"EDIT\":1}\n\tsystem.perspective.sendMessage(\u0027UpdateMaterial\u0027, payload\u003dPayload,scope\u003d\u0027page\u0027)\n\tPayload\u003d{\"EDIT\":0}\n\tsystem.perspective.sendMessage(\u0027UpdateMaterial\u0027, payload\u003dPayload,scope\u003d\u0027page\u0027)"
                                    },
                                    "enabled": false,
                                    "scope": "G",
                                    "type": "script"
                                  },
                                  {
                                    "config": {
                                      "script": "\t#\tOpen-loading Popup\n#\tsystem.perspective.openPopup(\u0027Loading\u0027,\u0027Template/loading\u0027,showCloseIcon \u003d False,modal\u003dTrue,draggable\u003dFalse) \n#\t\n#\t#   Reset Data in components\n#\tself.parent.parent.parent.parent.getChild(\"FlexContainer_0\").getChild(\"Dropdown\").props.value\u003d\u0027\u0027\n#\tself.parent.parent.parent.parent.getChild(\"FlexContainer_8\").getChild(\"FlexContainer\").getChild(\"EmbeddedView\").props.params.Qty\u003d[]\n#\tself.parent.parent.parent.parent.getChild(\"FlexContainer_8\").getChild(\"FlexContainer\").getChild(\"EmbeddedView\").props.params.Batch\u003d[]\n#\tself.parent.parent.parent.parent.getChild(\"FlexContainer_8\").getChild(\"FlexContainer\").getChild(\"EmbeddedView\").props.params.S_Batch\u003d[]\n#\tself.parent.parent.parent.parent.getChild(\"FlexContainer_8\").getChild(\"FlexContainer\").getChild(\"EmbeddedView\").props.params.S_Qty\u003d[]\t\n#\t\n\tPayload\u003d{\"REMOVE\":1}\n\tsystem.perspective.sendMessage(\u0027Remove_Entry\u0027, payload\u003dPayload,scope\u003d\u0027page\u0027)\n#\tPayload\u003d{\"EDIT\":0}\n#\tsystem.perspective.sendMessage(\u0027UpdateMaterial\u0027, payload\u003dPayload,scope\u003d\u0027page\u0027)"
                                    },
                                    "scope": "G",
                                    "type": "script"
                                  }
                                ]
                              }
                            },
                            "meta": {
                              "name": "Button_0"
                            },
                            "position": {
                              "basis": "80px",
                              "shrink": 0
                            },
                            "props": {
                              "image": {
                                "style": {
                                  "marginLeft": 10
                                }
                              },
                              "style": {
                                "backgroundColor": "#257A8C",
                                "fontFamily": "Roboto",
                                "fontSize": 12,
                                "marginLeft": 10,
                                "marginRight": 10
                              },
                              "text": "Remove"
                            },
                            "type": "ia.input.button"
                          }
                        ],
                        "meta": {
                          "name": "FlexContainer"
                        },
                        "position": {
                          "basis": "30px",
                          "shrink": 0
                        },
                        "type": "ia.container.flex"
                      },
                      {
                        "meta": {
                          "name": "FlexContainer_0"
                        },
                        "position": {
                          "basis": "200px",
                          "grow": 1
                        },
                        "type": "ia.container.flex"
                      }
                    ],
                    "meta": {
                      "name": "FlexContainer"
                    },
                    "position": {
                      "basis": "200px"
                    },
                    "props": {
                      "direction": "column"
                    },
                    "type": "ia.container.flex"
                  }
                ],
                "meta": {
                  "name": "Actions"
                },
                "position": {
                  "basis": "140px",
                  "shrink": 0
                },
                "propConfig": {
                  "meta.visible": {
                    "binding": {
                      "config": {
                        "path": "parent.custom.Edit"
                      },
                      "overlayOptOut": true,
                      "transforms": [
                        {
                          "fallback": false,
                          "inputType": "scalar",
                          "mappings": [
                            {
                              "input": "Yes",
                              "output": true
                            }
                          ],
                          "outputType": "scalar",
                          "type": "map"
                        }
                      ],
                      "type": "property"
                    }
                  }
                },
                "props": {
                  "style": {
                    "marginLeft": 20
                  }
                },
                "type": "ia.container.flex"
              }
            ],
            "custom": {
              "B_Length": 0,
              "Count": 1
            },
            "meta": {
              "name": "Entry_1"
            },
            "position": {
              "shrink": 0
            },
            "propConfig": {
              "custom.Edit": {
                "binding": {
                  "config": {
                    "path": "view.params.EDIT"
                  },
                  "transforms": [
                    {
                      "code": "\tif value\u003d\u003dbool(1):\n\t\treturn \u0027Yes\u0027\n\telse:\n\t\treturn \u0027No\u0027",
                      "type": "script"
                    }
                  ],
                  "type": "property"
                }
              },
              "position.basis": {
                "binding": {
                  "config": {
                    "expression": "now(100)"
                  },
                  "overlayOptOut": true,
                  "transforms": [
                    {
                      "code": "\tvalue\u003dself.getChild(\"FlexContainer_8\").getChild(\"FlexContainer\").getChild(\"EmbeddedView\").props.params.Height\n\t\n\tif value\u003d\u003d0:\n\t\treturn \u002730px\u0027\n\telse:\n\t\treturn str(value+10)+\u0027px\u0027\t",
                      "type": "script"
                    }
                  ],
                  "type": "expr"
                }
              },
              "position.display": {
                "binding": {
                  "config": {
                    "path": "view.custom.Count"
                  },
                  "enabled": false,
                  "previewEnabled": false,
                  "transforms": [
                    {
                      "code": "\tA\u003d value\n\tB\u003d self.custom.Count\n\t\n\tif A\u003e\u003dB:\n\t\treturn bool(1)\n\telse:\n\t\treturn bool(0)\t",
                      "type": "script"
                    }
                  ],
                  "type": "property"
                }
              }
            },
            "props": {
              "justify": "center",
              "style": {
                "overflow": "hidden"
              }
            },
            "type": "ia.container.flex"
          }
        ],
        "meta": {
          "name": "UserINPUT"
        },
        "position": {
          "basis": "370px",
          "grow": 1,
          "shrink": 0
        },
        "propConfig": {
          "position.basis": {
            "binding": {
              "config": {
                "expression": "now(1)"
              },
              "overlayOptOut": true,
              "transforms": [
                {
                  "code": "\ttry:\n\t\tvalue\u003dself.getChild(\"Entry_1\").getChild(\"FlexContainer_8\").getChild(\"FlexContainer\").getChild(\"EmbeddedView\").props.params.Height\n\t\tif value\u003e0:\n\t\t\treturn self.getChild(\"Entry_1\").position.basis\n\t\telse:\n\t\t\treturn \u002740px\u0027\t\n\texcept:\n\t\tpass\t\t\t\n",
                  "type": "script"
                }
              ],
              "type": "expr"
            },
            "persistent": true
          },
          "position.display": {
            "persistent": true
          }
        },
        "props": {
          "direction": "column",
          "justify": "center",
          "style": {
            "backgroundColor": "#F1FBFD",
            "borderBottomLeftRadius": 4,
            "borderBottomRightRadius": 4,
            "borderColor": " #E3DEDE",
            "borderStyle": "solid",
            "borderTopLeftRadius": 4,
            "borderTopRightRadius": 4,
            "borderWidth": 1,
            "marginBottom": 0,
            "marginLeft": 0,
            "marginRight": 0,
            "marginTop": 0,
            "overflow": "hidden",
            "paddingTop": 4
          }
        },
        "type": "ia.container.flex"
      }
    ],
    "events": {
      "system": {
        "onStartup": {
          "config": {
            "script": "\timport time\n\tself.getChild(\"UserINPUT\").position.display\u003dFalse\n\tself.getChild(\"FlexContainer\").position.display\u003dTrue\n\ttime.sleep(3)\n\tself.getChild(\"UserINPUT\").position.display\u003dTrue\n\tself.getChild(\"FlexContainer\").position.display\u003dFalse\n\t"
          },
          "enabled": false,
          "scope": "G",
          "type": "script"
        }
      }
    },
    "meta": {
      "name": "root"
    },
    "props": {
      "direction": "column",
      "justify": "center",
      "style": {
        "backgroundColor": "#F4F4F4",
        "overflow": "hidden"
      }
    },
    "type": "ia.container.flex"
  }
}