{
  "custom": {
    "SOPO": "SO03",
    "SO_PO": {
      "Press": "SO01"
    }
  },
  "propConfig": {
    "custom.SO_PO": {
      "binding": {
        "config": {
          "expression": "now()"
        },
        "enabled": false,
        "transforms": [
          {
            "code": "\tq\u003d\u0027\u0027\u0027SELECT SO_NO FROM [PPC].[dbo].[SO_Planning]\u0027\u0027\u0027\n\targs\u003d[]\n\tdata\u003dsystem.db.runPrepQuery(q, args, \u0027PPC\u0027)\n\ta\u003ddata[0][0]\n\t\n\treturn a",
            "type": "script"
          }
        ],
        "type": "expr"
      }
    },
    "props.auth": {
      "access": "PRIVATE",
      "persistent": false
    },
    "props.device.accelerometer": {
      "access": "SYSTEM",
      "persistent": false
    },
    "props.device.identifier": {
      "access": "SYSTEM",
      "persistent": false
    },
    "props.device.timezone": {
      "access": "SYSTEM",
      "persistent": false
    },
    "props.device.type": {
      "access": "SYSTEM",
      "persistent": false
    },
    "props.device.userAgent": {
      "access": "SYSTEM",
      "persistent": false
    },
    "props.gateway": {
      "access": "SYSTEM",
      "persistent": false
    },
    "props.geolocation.data": {
      "access": "SYSTEM",
      "persistent": false
    },
    "props.geolocation.permissionGranted": {
      "access": "SYSTEM",
      "persistent": false
    },
    "props.host": {
      "access": "SYSTEM",
      "persistent": false
    },
    "props.id": {
      "access": "SYSTEM",
      "persistent": false
    },
    "props.lastActivity": {
      "access": "SYSTEM",
      "persistent": false
    }
  },
  "props": {
    "address": "192.200.8.160",
    "device": {},
    "geolocation": {},
    "locale": "en-US",
    "timeZoneId": "Asia/Calcutta"
  }
}