{
  "custom": {},
  "params": {},
  "props": {
    "defaultSize": {
      "height": 228,
      "width": 515
    }
  },
  "root": {
    "children": [
      {
        "children": [
          {
            "meta": {
              "name": "Label"
            },
            "position": {
              "basis": "165px",
              "grow": 1
            },
            "props": {
              "text": "Enter Log ID - ",
              "textStyle": {
                "fontFamily": "Roboto",
                "fontSize": 14,
                "fontWeight": "bold",
                "textAlign": "center"
              }
            },
            "type": "ia.display.label"
          },
          {
            "meta": {
              "name": "TextField"
            },
            "position": {
              "basis": "256px",
              "grow": 1
            },
            "props": {
              "placeholder": "Enter Log ID ",
              "style": {
                "fontFamily": "Roboto",
                "fontSize": 14,
                "fontWeight": "normal",
                "marginLeft": 20,
                "marginRight": 20,
                "textAlign": "center"
              }
            },
            "type": "ia.input.text-field"
          }
        ],
        "meta": {
          "name": "LOGID"
        },
        "position": {
          "basis": "40px",
          "shrink": 0
        },
        "type": "ia.container.flex"
      },
      {
        "events": {
          "dom": {
            "onClick": {
              "config": {
                "script": "\timport sys\n\timport re\n\timport time\n#\tLine\u003dstr(self.parent.getChild(\"LineSele\").getChild(\"Dropdown\").props.value)\n\tLOGID\u003dself.parent.getChild(\"LOGID\").getChild(\"TextField\").props.text\n\tDT\u003dsystem.date.now()\n\t\n\t\n#\tTemplate from manual scan \n#\t q \u003d \u0027\u0027\u0027update [B_D_Receive].[dbo].[STOPO_Logs]\n#\t\t           set received\u003d1\n#\t\t           where cims_id\u003d?\u0027\u0027\u0027\n#    a \u003d [CIMSID]\n#    system.db.runPrepUpdate(q, a, \u0027BDR\u0027)\n\n#   Refresh the table page\n\tdef refresh():\n\t\t# update the status of STOPO no\t\t\n\t\tq3\u003d\u0027\u0027\u0027update [B_D_Receive].[dbo].[STOPO]\n\t\t  set status\u003d\u0027Receive Inprogress\u0027\n\t\t  where STOPO\u003d?\u0027\u0027\u0027\n\t\ta3\u003d[STOPO] \n\t\tsystem.db.runPrepUpdate(q3, a3, \u0027BDR\u0027)\n\t\t\n\t\t#\tSend Message to refresh Table Data\n\t\tPayload\u003d{\"EDIT\":1}\n\t\tsystem.perspective.sendMessage(\u0027LogsUpdate\u0027, payload\u003dPayload,scope\u003d\u0027page\u0027)\n\t\tsystem.perspective.sendMessage(\u0027STOPPOUpdate\u0027, payload\u003dPayload,scope\u003d\u0027page\u0027)\n\t\tPayload\u003d{\"EDIT\":0}\n\t\tsystem.perspective.sendMessage(\u0027LogsUpdate\u0027, payload\u003dPayload,scope\u003d\u0027page\u0027)\n\t\tsystem.perspective.sendMessage(\u0027STOPPOUpdate\u0027, payload\u003dPayload,scope\u003d\u0027page\u0027)\n\t\t\n\tif len(str(LOGID))\u003e20 and len(str(LOGID))\u003c\u003d110:\n\t\tLOGID\u003dQRDATA.getLOGID.LOGID(LOGID)\n\t\t#\tUpdate in Database\n\t\tq \u003d \u0027\u0027\u0027update [B_D_Receive].[dbo].[STOPO_Logs]\n\t\t\t           set received\u003d1\n\t\t\t           where cims_id\u003d?\u0027\u0027\u0027\n\t\ta \u003d [LOGID]\n\t\tsystem.db.runPrepUpdate(q, a, \u0027BDR\u0027)\n\t\trefresh()\n\t\t\n\telif len(str(LOGID))\u003e110:\t\n\t#   Collect LOG ID if len \u003e 100 character\n\t\ttext \u003d str(self.parent.getChild(\"LOGID\").getChild(\"TextField\").props.text)\t\n\t#\tlog_ids \u003d re.findall(r\u0027B\\.NO-LOG ID:(\\w+)\u0027, text)\n\t\tlog_ids \u003d re.findall(r\u0027B\\.NO-LOG ID:\\s*(\\S+)\u0027, text)\n\t\tquoted_data_list \u003d [\"\u0027\" + item + \"\u0027\" for item in log_ids]\n\t\tdata_string \u003d \u0027, \u0027.join(quoted_data_list)\n\t\t# Update the data into DB\n\t\tquery\u003d\u0027\u0027\u0027\n\t\t\t\tupdate [B_D_Receive].[dbo].[STOPO_Logs]\n\t\t\t\t\t\t\t\t           set received\u003d1\n\t\t\t\t\t\t\t\t           where cims_id in (\u0027\u0027\u0027+data_string+\u0027\u0027\u0027)\u0027\u0027\u0027\n\t\tsystem.db.runPrepUpdate(query, [], \u0027BDR\u0027)\n\t\trefresh()\n\t\t\n\telse:\n\t\tLOGID\u003dLOGID\t\n\t#\tUpdate in Database\n\t#\tUpdate in Database\n\t\tq \u003d \u0027\u0027\u0027update [B_D_Receive].[dbo].[STOPO_Logs]\n\t\t\t           set received\u003d1\n\t\t\t           where cims_id\u003d?\u0027\u0027\u0027\n\t\ta \u003d [LOGID]\n\t\tsystem.db.runPrepUpdate(q, a, \u0027BDR\u0027)\n\t\trefresh()\n\t\t\t\t\n\n#\tClose popup\n\tsystem.perspective.closePopup(\u0027vt-JZXGk\u0027)\n\n\n\n"
              },
              "scope": "G",
              "type": "script"
            }
          }
        },
        "meta": {
          "name": "Button"
        },
        "position": {
          "basis": "37px",
          "shrink": 0
        },
        "props": {
          "style": {
            "marginBottom": 20,
            "marginLeft": 20,
            "marginRight": 20
          },
          "text": "ADD"
        },
        "type": "ia.input.button"
      }
    ],
    "meta": {
      "name": "root"
    },
    "props": {
      "direction": "column",
      "justify": "space-around"
    },
    "type": "ia.container.flex"
  }
}