{
  "custom": {},
  "params": {},
  "props": {
    "defaultSize": {
      "height": 150,
      "width": 301
    }
  },
  "root": {
    "children": [
      {
        "meta": {
          "name": "Label"
        },
        "position": {
          "basis": "106px"
        },
        "props": {
          "style": {
            "backgroundColor": "#EAE7E7",
            "color": "#000080",
            "fontSize": "17px",
            "fontWeight": "bold"
          },
          "text": "Are you sure you want to log out?"
        },
        "type": "ia.display.label"
      },
      {
        "children": [
          {
            "events": {
              "dom": {
                "onClick": {
                  "config": {},
                  "scope": "C",
                  "type": "logout"
                }
              }
            },
            "meta": {
              "name": "Button"
            },
            "position": {
              "basis": "78px"
            },
            "props": {
              "image": {
                "icon": {
                  "path": "material/check"
                }
              },
              "style": {
                "backgroundColor": "#000080"
              },
              "text": "Yes"
            },
            "type": "ia.input.button"
          },
          {
            "events": {
              "dom": {
                "onClick": {
                  "config": {
                    "draggable": true,
                    "id": "rodISXyx",
                    "modal": false,
                    "overlayDismiss": false,
                    "resizable": true,
                    "showCloseIcon": true,
                    "type": "close",
                    "viewPath": "",
                    "viewportBound": false
                  },
                  "scope": "C",
                  "type": "popup"
                }
              }
            },
            "meta": {
              "name": "Button_0"
            },
            "position": {
              "basis": "84px"
            },
            "props": {
              "image": {
                "icon": {
                  "path": "material/close"
                }
              },
              "style": {
                "backgroundColor": "#000080"
              },
              "text": "No"
            },
            "type": "ia.input.button"
          }
        ],
        "meta": {
          "name": "FlexContainer"
        },
        "position": {
          "basis": "44px"
        },
        "props": {
          "alignItems": "center",
          "justify": "space-around"
        },
        "type": "ia.container.flex"
      }
    ],
    "meta": {
      "name": "root"
    },
    "props": {
      "direction": "column"
    },
    "type": "ia.container.flex"
  }
}