{
  "custom": {},
  "params": {},
  "props": {
    "defaultSize": {
      "height": 1152,
      "width": 1047
    }
  },
  "root": {
    "children": [
      {
        "meta": {
          "name": "Table"
        },
        "position": {
          "basis": "400px",
          "grow": 1
        },
        "propConfig": {
          "props.data": {
            "binding": {
              "config": {
                "expression": "now(5000)"
              },
              "overlayOptOut": true,
              "transforms": [
                {
                  "code": "\treturn system.util.getModules()",
                  "type": "script"
                }
              ],
              "type": "expr"
            }
          }
        },
        "type": "ia.display.table"
      }
    ],
    "meta": {
      "name": "root"
    },
    "props": {
      "direction": "column"
    },
    "type": "ia.container.flex"
  }
}