{
  "custom": {},
  "params": {
    "rack_no": 6,
    "selected": false
  },
  "propConfig": {
    "params.rack_no": {
      "paramDirection": "input",
      "persistent": true
    },
    "params.selected": {
      "paramDirection": "output",
      "persistent": true
    }
  },
  "props": {
    "defaultSize": {
      "height": 70,
      "width": 1382
    }
  },
  "root": {
    "children": [
      {
        "meta": {
          "name": "Checkbox"
        },
        "position": {
          "basis": "80px"
        },
        "propConfig": {
          "props.selected": {
            "binding": {
              "config": {
                "bidirectional": true,
                "path": "view.params.selected"
              },
              "overlayOptOut": true,
              "type": "property"
            }
          },
          "props.text": {
            "binding": {
              "config": {
                "path": "view.params.rack_no"
              },
              "overlayOptOut": true,
              "transforms": [
                {
                  "code": "\treturn str(value)",
                  "type": "script"
                }
              ],
              "type": "property"
            }
          }
        },
        "props": {
          "style": {
            "marginLeft": 10
          }
        },
        "type": "ia.input.checkbox"
      },
      {
        "meta": {
          "name": "FlexRepeater"
        },
        "position": {
          "basis": "1255px",
          "grow": 1
        },
        "propConfig": {
          "props.instances": {
            "binding": {
              "config": {
                "path": "view.params.rack_no"
              },
              "enabled": false,
              "overlayOptOut": true,
              "transforms": [
                {
                  "code": "\n\ttry:\n\t\tquery\u003d\u0027\u0027\u0027  select trim(log_batch_no) as log_no \n\t\t  FROM [CIMS].[dbo].[mes_endcut_homogenize_dispatch] \n\t\t  where rack_no\u003d ? and [homogenization_start_execution_date] is null and [homogenization_end_execution_date] is null\u0027\u0027\u0027\n\t\tdata\u003dsystem.db.runPrepQuery(query, [value], \u0027CIMS2\u0027)  \n\t\tFdata\u003d[]\n\t\tfor i in range(len(data)):\n\t\t\tA\u003d{\n\t\t\t  \"instanceStyle\": {\n\t\t\t    \"classes\": \"\"\n\t\t\t  },\n\t\t\t  \"instancePosition\": {},\n\t\t\t  \"logID\": data[i][\u0027log_no\u0027]\n\t\t\t  }\n\t\t\tFdata.append(A)\n\t\treturn Fdata\n\t\t\t\n\texcept:\t\n\t\t\treturn[]\n\t",
                  "type": "script"
                }
              ],
              "type": "property"
            }
          }
        },
        "props": {
          "alignItems": "center",
          "instances": [
            {
              "instancePosition": {},
              "instanceStyle": {
                "classes": ""
              }
            },
            {
              "instancePosition": {},
              "instanceStyle": {
                "classes": ""
              }
            },
            {
              "instancePosition": {},
              "instanceStyle": {
                "classes": ""
              }
            }
          ],
          "justify": "space-between",
          "loading": {
            "order": "with-parent"
          },
          "path": "Template/Homogenization/loginfo"
        },
        "type": "ia.display.flex-repeater"
      }
    ],
    "meta": {
      "name": "root"
    },
    "propConfig": {
      "props.style.backgroundColor": {
        "binding": {
          "config": {
            "path": "./Checkbox.props.selected"
          },
          "overlayOptOut": true,
          "transforms": [
            {
              "fallback": null,
              "inputType": "scalar",
              "mappings": [
                {
                  "input": true,
                  "output": "#60E43B3B"
                },
                {
                  "input": false,
                  "output": "#FFFFFF"
                }
              ],
              "outputType": "scalar",
              "type": "map"
            }
          ],
          "type": "property"
        }
      }
    },
    "props": {
      "style": {
        "borderBottomLeftRadius": 6,
        "borderBottomRightRadius": 6,
        "borderTopLeftRadius": 6,
        "borderTopRightRadius": 6,
        "borderWidth": 1,
        "overflow": "hidden",
        "padding": 5
      }
    },
    "type": "ia.container.flex"
  }
}