{
  "custom": {},
  "params": {},
  "props": {
    "defaultSize": {
      "height": 53,
      "width": 960
    }
  },
  "root": {
    "children": [
      {
        "children": [
          {
            "meta": {
              "name": "FlexContainer11"
            },
            "position": {
              "basis": "11px"
            },
            "type": "ia.container.flex"
          },
          {
            "children": [
              {
                "events": {
                  "system": {
                    "onStartup": {
                      "config": {
                        "script": "\tself.props.text\u003d\u0027Dashboard\u0027"
                      },
                      "scope": "G",
                      "type": "script"
                    }
                  }
                },
                "meta": {
                  "name": "Label"
                },
                "position": {
                  "basis": "20px",
                  "grow": 1
                },
                "props": {
                  "style": {
                    "marginLeft": 12,
                    "marginTop": 5
                  },
                  "text": "Dashboard",
                  "textStyle": {
                    "color": "#5B5B5B",
                    "fontFamily": "Roboto",
                    "fontSize": "18px",
                    "fontWeight": 600,
                    "textAlign": "left"
                  }
                },
                "scripts": {
                  "customMethods": [],
                  "extensionFunctions": null,
                  "messageHandlers": [
                    {
                      "messageType": "navigation_message",
                      "pageScope": true,
                      "script": "\t# implement your handler here\n\tA\u003dpayload[\u0027name\u0027]\n\tself.props.text\u003dA",
                      "sessionScope": false,
                      "viewScope": false
                    }
                  ]
                },
                "type": "ia.display.label"
              }
            ],
            "meta": {
              "name": "FlexContainer13"
            },
            "position": {
              "basis": "450px"
            },
            "props": {
              "style": {
                "overflow": "hidden"
              }
            },
            "type": "ia.container.flex"
          },
          {
            "children": [
              {
                "meta": {
                  "name": "Label_0"
                },
                "position": {
                  "basis": "130px"
                },
                "propConfig": {
                  "props.text": {
                    "binding": {
                      "config": {
                        "fallbackDelay": 2.5,
                        "mode": "direct",
                        "tagPath": "[B_IMS]1Min_Tag"
                      },
                      "enabled": false,
                      "transforms": [
                        {
                          "code": "\ttry:\n\t\tquery\u003d\u0027\u0027\u0027\n\t\t\t\tselect [prod_order],[material_code] from dbo.goodmov where flag\u003d0\n\t\t\t\t\u0027\u0027\u0027\n\t\tDB\u003dsystem.db.runPrepQuery(query, [], \u0027CIMS_SAP_IN\u0027)\n\t\t\n\t\tif len(DB)\u003e\u003d1:\n\t\t\tself.position.display\u003dTrue\n\t\t\tself.getSibling(\"Icon\").position.display\u003dTrue\n\t\t\tPONO\u003dDB[0][\u0027prod_order\u0027]\n\t\t\tMaterialCode\u003dDB[0][\u0027material_code\u0027]\n\t\t\treturn \u0027PO No \u0027+str(PONO)+\u0027 and Materialcode \u0027+str(MaterialCode)+\u0027 sync is inprogress with SAP.\u0027\n\t\telse:\n\t\t\tself.position.display\u003dFalse\n\t\t\tself.getSibling(\"Icon\").position.display\u003dFalse\n\t\t\treturn \u0027\u0027\n\t\t\t\t\t\t\n\texcept:\n\t\treturn \u0027\u0027",
                          "type": "script"
                        }
                      ],
                      "type": "tag"
                    }
                  }
                },
                "props": {
                  "style": {
                    "fontFamily": "Roboto",
                    "marginRight": 5,
                    "textAlign": "right"
                  },
                  "text": "Kepware Status - ",
                  "textStyle": {
                    "color": "#2E1D18",
                    "fontFamily": "Roboto",
                    "fontSize": 14,
                    "fontWeight": "normal",
                    "textAlign": "right"
                  }
                },
                "type": "ia.display.label"
              },
              {
                "meta": {
                  "name": "Label"
                },
                "position": {
                  "basis": "100px"
                },
                "propConfig": {
                  "props.text": {
                    "binding": {
                      "config": {
                        "expression": "now(10000)"
                      },
                      "overlayOptOut": true,
                      "transforms": [
                        {
                          "code": "\treturn system.opc.getServerState(\u0027CIMS_KepServer_1\u0027)",
                          "type": "script"
                        }
                      ],
                      "type": "expr"
                    }
                  },
                  "props.textStyle.color": {
                    "binding": {
                      "config": {
                        "path": "this.props.text"
                      },
                      "overlayOptOut": true,
                      "transforms": [
                        {
                          "code": "\tif str(value)\u003d\u003d\u0027CONNECTED\u0027:\n\t\treturn \u0027#009900\u0027\n\telse:\n\t\treturn \u0027#ff8566\u0027\t\n",
                          "type": "script"
                        }
                      ],
                      "type": "property"
                    }
                  }
                },
                "props": {
                  "style": {
                    "marginRight": 10,
                    "textAlign": "left",
                    "textTransform": "none"
                  },
                  "textStyle": {
                    "fontFamily": "Roboto",
                    "fontSize": 14,
                    "fontWeight": "normal",
                    "textAlign": "left"
                  }
                },
                "type": "ia.display.label"
              }
            ],
            "meta": {
              "name": "FlexContainer"
            },
            "position": {
              "basis": "1px",
              "grow": 1,
              "shrink": 0
            },
            "props": {
              "justify": "flex-end",
              "style": {
                "overflow": "hidden"
              }
            },
            "type": "ia.container.flex"
          },
          {
            "meta": {
              "name": "Icon"
            },
            "position": {
              "basis": "30px",
              "display": false
            },
            "props": {
              "color": "#E23F3FD9",
              "path": "material/error",
              "style": {
                "marginRight": 10
              }
            },
            "type": "ia.display.icon"
          },
          {
            "children": [
              {
                "meta": {
                  "name": "Label"
                },
                "position": {
                  "basis": "50px",
                  "grow": 1
                },
                "propConfig": {
                  "props.text": {
                    "binding": {
                      "config": {
                        "path": "session.props.auth.user.userName"
                      },
                      "type": "property"
                    }
                  }
                },
                "props": {
                  "style": {
                    "color": "#3F5462"
                  },
                  "textStyle": {
                    "fontFamily": "Roboto",
                    "fontSize": 14,
                    "fontWeight": "normal",
                    "textAlign": "center"
                  }
                },
                "type": "ia.display.label"
              },
              {
                "meta": {
                  "name": "Label_0"
                },
                "position": {
                  "basis": "32px",
                  "grow": 1
                },
                "propConfig": {
                  "props.text": {
                    "binding": {
                      "config": {
                        "path": "session.props.auth.user.roles[0]"
                      },
                      "type": "property"
                    }
                  }
                },
                "props": {
                  "textStyle": {
                    "fontFamily": "Roboto",
                    "fontSize": 14,
                    "fontWeight": "bold",
                    "textAlign": "center"
                  }
                },
                "type": "ia.display.label"
              },
              {
                "meta": {
                  "name": "FlexContainer"
                },
                "position": {
                  "basis": "5px",
                  "shrink": 0
                },
                "type": "ia.container.flex"
              }
            ],
            "meta": {
              "name": "FlexContainer15"
            },
            "position": {
              "basis": "110px"
            },
            "props": {
              "direction": "column",
              "style": {
                "overflow": "hidden"
              }
            },
            "type": "ia.container.flex"
          },
          {
            "children": [
              {
                "events": {
                  "dom": {
                    "onClick": {
                      "config": {},
                      "enabled": false,
                      "scope": "C",
                      "type": "logout"
                    }
                  }
                },
                "meta": {
                  "name": "Icon",
                  "tooltip": {
                    "enabled": true,
                    "location": "bottom",
                    "text": "Logout"
                  }
                },
                "position": {
                  "basis": "35px",
                  "display": false
                },
                "props": {
                  "color": "#3F5462",
                  "path": "material/exit_to_app",
                  "style": {
                    "classes": "onIcon1"
                  }
                },
                "type": "ia.display.icon"
              },
              {
                "events": {
                  "dom": {
                    "onClick": {
                      "config": {},
                      "scope": "C",
                      "type": "logout"
                    }
                  }
                },
                "meta": {
                  "name": "logout (1)",
                  "tooltip": {
                    "enabled": true,
                    "location": "bottom",
                    "text": "Logout"
                  }
                },
                "position": {
                  "basis": "35px",
                  "shrink": 0
                },
                "props": {
                  "fit": {
                    "mode": "contain"
                  },
                  "source": "/system/images/logout (1).png",
                  "tint": {
                    "color": "#D5D5D5",
                    "enabled": true
                  }
                },
                "type": "ia.display.image"
              }
            ],
            "custom": {
              "Error": false
            },
            "meta": {
              "name": "FlexContainer14"
            },
            "position": {
              "basis": "40px"
            },
            "propConfig": {
              "custom.Error": {
                "binding": {
                  "config": {
                    "fallbackDelay": 2.5,
                    "mode": "direct",
                    "publishInitial": false,
                    "tagPath": "[B_IMS]Test/Test"
                  },
                  "enabled": false,
                  "type": "tag"
                },
                "onChange": {
                  "enabled": null,
                  "script": "\tif currentValue.value\u003d\u003dTrue:\n\t\tsystem.perspective.openPopup(\u0027Error\u0027,\u0027Template/Popup_1\u0027,params\u003d{\u0027Code\u0027:1,\u0027Message\u0027:\u0027Yeild Should be greatern than 50% PO QTY !\u0027},showCloseIcon \u003d True,modal\u003dTrue,draggable\u003dFalse,position \u003d {\u0027top\u0027:100})\n\telse:\n\t\tpass\t"
                }
              }
            },
            "type": "ia.container.flex"
          }
        ],
        "meta": {
          "name": "FlexContainer1"
        },
        "position": {
          "basis": "40px",
          "grow": 1
        },
        "props": {
          "style": {
            "boxShadow": "rgba(0, 0, 0, 0.07) 0px 1px 1px, rgba(0, 0, 0, 0.07) 0px 2px 2px, rgba(0, 0, 0, 0.07) 0px 4px 4px, rgba(0, 0, 0, 0.07) 0px 8px 8px, rgba(0, 0, 0, 0.07) 0px 16px 16px",
            "overflow": "hidden"
          }
        },
        "type": "ia.container.flex"
      }
    ],
    "meta": {
      "name": "root"
    },
    "props": {
      "direction": "column",
      "style": {
        "backgroundColor": "#3F546200"
      }
    },
    "type": "ia.container.flex"
  }
}