{
  "custom": {},
  "params": {},
  "props": {
    "defaultSize": {
      "height": 955,
      "width": 1130
    }
  },
  "root": {
    "children": [
      {
        "children": [
          {
            "children": [
              {
                "children": [
                  {
                    "children": [
                      {
                        "meta": {
                          "name": "Label"
                        },
                        "position": {
                          "basis": "120px"
                        },
                        "props": {
                          "style": {
                            "classes": "PPC/entry_label"
                          },
                          "text": "Quantity tolerance %*"
                        },
                        "type": "ia.display.label"
                      },
                      {
                        "meta": {
                          "name": "TextField"
                        },
                        "position": {
                          "basis": "200px"
                        },
                        "props": {
                          "style": {
                            "classes": "PPC/entry_field"
                          }
                        },
                        "type": "ia.input.text-field"
                      }
                    ],
                    "meta": {
                      "name": "FlexContainer"
                    },
                    "position": {
                      "basis": "38px"
                    },
                    "props": {
                      "style": {
                        "overflow": "hidden"
                      }
                    },
                    "type": "ia.container.flex"
                  },
                  {
                    "children": [
                      {
                        "meta": {
                          "name": "Label"
                        },
                        "position": {
                          "basis": "100px"
                        },
                        "props": {
                          "style": {
                            "classes": "PPC/entry_label"
                          },
                          "text": "Internal Alloy"
                        },
                        "type": "ia.display.label"
                      },
                      {
                        "meta": {
                          "name": "TextField"
                        },
                        "position": {
                          "basis": "200px"
                        },
                        "props": {
                          "style": {
                            "classes": "PPC/entry_field"
                          }
                        },
                        "type": "ia.input.text-field"
                      }
                    ],
                    "meta": {
                      "name": "FlexContainer_0"
                    },
                    "position": {
                      "basis": "38px"
                    },
                    "type": "ia.container.flex"
                  },
                  {
                    "children": [
                      {
                        "meta": {
                          "name": "Label"
                        },
                        "position": {
                          "basis": "100px"
                        },
                        "props": {
                          "style": {
                            "classes": "PPC/entry_label"
                          },
                          "text": "Billet unit weight(kg/inch)"
                        },
                        "type": "ia.display.label"
                      },
                      {
                        "meta": {
                          "name": "TextField"
                        },
                        "position": {
                          "basis": "200px"
                        },
                        "props": {
                          "style": {
                            "classes": "PPC/entry_field"
                          }
                        },
                        "type": "ia.input.text-field"
                      }
                    ],
                    "meta": {
                      "name": "FlexContainer_1"
                    },
                    "position": {
                      "basis": "38px"
                    },
                    "type": "ia.container.flex"
                  },
                  {
                    "children": [
                      {
                        "meta": {
                          "name": "Label"
                        },
                        "position": {
                          "basis": "100px"
                        },
                        "props": {
                          "style": {
                            "classes": "PPC/entry_label"
                          },
                          "text": "Die"
                        },
                        "type": "ia.display.label"
                      },
                      {
                        "meta": {
                          "name": "Dropdown"
                        },
                        "position": {
                          "basis": "256px"
                        },
                        "props": {
                          "multiSelect": true,
                          "style": {
                            "classes": "PPC/entry_field"
                          }
                        },
                        "type": "ia.input.dropdown"
                      }
                    ],
                    "meta": {
                      "name": "FlexContainer_2"
                    },
                    "position": {
                      "basis": "38px"
                    },
                    "type": "ia.container.flex"
                  },
                  {
                    "children": [
                      {
                        "meta": {
                          "name": "Label"
                        },
                        "position": {
                          "basis": "100px"
                        },
                        "props": {
                          "style": {
                            "classes": "PPC/entry_label"
                          },
                          "text": "Finish"
                        },
                        "type": "ia.display.label"
                      },
                      {
                        "meta": {
                          "name": "TextField"
                        },
                        "position": {
                          "basis": "200px"
                        },
                        "props": {
                          "style": {
                            "classes": "PPC/entry_field"
                          }
                        },
                        "type": "ia.input.text-field"
                      }
                    ],
                    "meta": {
                      "name": "FlexContainer_3"
                    },
                    "position": {
                      "basis": "38px"
                    },
                    "type": "ia.container.flex"
                  }
                ],
                "meta": {
                  "name": "FlexContainer"
                },
                "position": {
                  "basis": "280px"
                },
                "props": {
                  "direction": "column",
                  "justify": "space-between"
                },
                "type": "ia.container.flex"
              },
              {
                "children": [
                  {
                    "children": [
                      {
                        "meta": {
                          "name": "Label"
                        },
                        "position": {
                          "basis": "100px"
                        },
                        "props": {
                          "style": {
                            "classes": "PPC/entry_label"
                          },
                          "text": "Plant selected"
                        },
                        "type": "ia.display.label"
                      },
                      {
                        "meta": {
                          "name": "TextField"
                        },
                        "position": {
                          "basis": "200px"
                        },
                        "props": {
                          "style": {
                            "classes": "PPC/entry_field"
                          }
                        },
                        "type": "ia.input.text-field"
                      }
                    ],
                    "meta": {
                      "name": "FlexContainer"
                    },
                    "position": {
                      "basis": "38px"
                    },
                    "type": "ia.container.flex"
                  },
                  {
                    "children": [
                      {
                        "meta": {
                          "name": "Label"
                        },
                        "position": {
                          "basis": "100px"
                        },
                        "props": {
                          "style": {
                            "classes": "PPC/entry_label"
                          },
                          "text": "Quenching*"
                        },
                        "type": "ia.display.label"
                      },
                      {
                        "meta": {
                          "name": "TextField"
                        },
                        "position": {
                          "basis": "200px"
                        },
                        "props": {
                          "style": {
                            "classes": "PPC/entry_field"
                          }
                        },
                        "type": "ia.input.text-field"
                      }
                    ],
                    "meta": {
                      "name": "FlexContainer_0"
                    },
                    "position": {
                      "basis": "38px"
                    },
                    "type": "ia.container.flex"
                  },
                  {
                    "children": [
                      {
                        "meta": {
                          "name": "Label"
                        },
                        "position": {
                          "basis": "100px"
                        },
                        "props": {
                          "style": {
                            "classes": "PPC/entry_label"
                          },
                          "text": "Trial*"
                        },
                        "type": "ia.display.label"
                      },
                      {
                        "meta": {
                          "name": "RadioGroup"
                        },
                        "position": {
                          "basis": "83px"
                        },
                        "props": {
                          "radios": [
                            {
                              "selected": true,
                              "text": "Yes",
                              "value": "Radio button"
                            }
                          ]
                        },
                        "type": "ia.input.radio-group"
                      },
                      {
                        "meta": {
                          "name": "RadioGroup_0"
                        },
                        "position": {
                          "basis": "88px"
                        },
                        "props": {
                          "radios": [
                            {
                              "selected": true,
                              "text": "No",
                              "value": "Radio button"
                            }
                          ]
                        },
                        "type": "ia.input.radio-group"
                      }
                    ],
                    "meta": {
                      "name": "FlexContainer_1"
                    },
                    "position": {
                      "basis": "38px"
                    },
                    "type": "ia.container.flex"
                  },
                  {
                    "children": [
                      {
                        "meta": {
                          "name": "Label"
                        },
                        "position": {
                          "basis": "100px"
                        },
                        "props": {
                          "style": {
                            "classes": "PPC/entry_label"
                          },
                          "text": "No of cavities"
                        },
                        "type": "ia.display.label"
                      },
                      {
                        "meta": {
                          "name": "TextField"
                        },
                        "position": {
                          "basis": "200px"
                        },
                        "props": {
                          "style": {
                            "classes": "PPC/entry_field"
                          }
                        },
                        "type": "ia.input.text-field"
                      }
                    ],
                    "meta": {
                      "name": "FlexContainer_2"
                    },
                    "position": {
                      "basis": "38px"
                    },
                    "type": "ia.container.flex"
                  },
                  {
                    "children": [
                      {
                        "meta": {
                          "name": "Label"
                        },
                        "position": {
                          "basis": "100px"
                        },
                        "props": {
                          "style": {
                            "classes": "PPC/entry_label"
                          },
                          "text": "Approx Rec"
                        },
                        "type": "ia.display.label"
                      },
                      {
                        "meta": {
                          "name": "TextField"
                        },
                        "position": {
                          "basis": "200px"
                        },
                        "props": {
                          "style": {
                            "classes": "PPC/entry_field"
                          }
                        },
                        "type": "ia.input.text-field"
                      }
                    ],
                    "meta": {
                      "name": "FlexContainer_3"
                    },
                    "position": {
                      "basis": "38px"
                    },
                    "type": "ia.container.flex"
                  }
                ],
                "meta": {
                  "name": "FlexContainer_0"
                },
                "position": {
                  "basis": "280px"
                },
                "props": {
                  "direction": "column",
                  "justify": "space-between"
                },
                "type": "ia.container.flex"
              },
              {
                "children": [
                  {
                    "children": [
                      {
                        "meta": {
                          "name": "Label"
                        },
                        "position": {
                          "basis": "100px"
                        },
                        "props": {
                          "style": {
                            "classes": "PPC/entry_label"
                          },
                          "text": "Press No"
                        },
                        "type": "ia.display.label"
                      },
                      {
                        "meta": {
                          "name": "TextField"
                        },
                        "position": {
                          "basis": "200px"
                        },
                        "props": {
                          "style": {
                            "classes": "PPC/entry_field"
                          }
                        },
                        "type": "ia.input.text-field"
                      }
                    ],
                    "meta": {
                      "name": "FlexContainer"
                    },
                    "position": {
                      "basis": "38px"
                    },
                    "type": "ia.container.flex"
                  },
                  {
                    "children": [
                      {
                        "meta": {
                          "name": "Label"
                        },
                        "position": {
                          "basis": "100px"
                        },
                        "props": {
                          "style": {
                            "classes": "PPC/entry_label"
                          },
                          "text": "Extrusion ratio"
                        },
                        "type": "ia.display.label"
                      },
                      {
                        "meta": {
                          "name": "TextField"
                        },
                        "position": {
                          "basis": "200px"
                        },
                        "props": {
                          "style": {
                            "classes": "PPC/entry_field"
                          }
                        },
                        "type": "ia.input.text-field"
                      }
                    ],
                    "meta": {
                      "name": "FlexContainer_0"
                    },
                    "position": {
                      "basis": "38px"
                    },
                    "type": "ia.container.flex"
                  },
                  {
                    "children": [
                      {
                        "meta": {
                          "name": "Label"
                        },
                        "position": {
                          "basis": "100px"
                        },
                        "props": {
                          "style": {
                            "classes": "PPC/entry_label"
                          },
                          "text": "Priority*"
                        },
                        "type": "ia.display.label"
                      },
                      {
                        "meta": {
                          "name": "Dropdown"
                        },
                        "position": {
                          "basis": "256px"
                        },
                        "props": {
                          "multiSelect": true,
                          "style": {
                            "classes": "PPC/entry_field"
                          }
                        },
                        "type": "ia.input.dropdown"
                      }
                    ],
                    "meta": {
                      "name": "FlexContainer_1"
                    },
                    "position": {
                      "basis": "38px"
                    },
                    "type": "ia.container.flex"
                  },
                  {
                    "children": [
                      {
                        "meta": {
                          "name": "Label"
                        },
                        "position": {
                          "basis": "100px"
                        },
                        "props": {
                          "style": {
                            "classes": "PPC/entry_label"
                          },
                          "text": "Extra Length*(Ft)\n"
                        },
                        "type": "ia.display.label"
                      },
                      {
                        "meta": {
                          "name": "TextField"
                        },
                        "position": {
                          "basis": "200px"
                        },
                        "props": {
                          "style": {
                            "classes": "PPC/entry_field"
                          }
                        },
                        "type": "ia.input.text-field"
                      }
                    ],
                    "meta": {
                      "name": "FlexContainer_2"
                    },
                    "position": {
                      "basis": "38px"
                    },
                    "type": "ia.container.flex"
                  },
                  {
                    "children": [
                      {
                        "meta": {
                          "name": "Label"
                        },
                        "position": {
                          "basis": "100px"
                        },
                        "props": {
                          "style": {
                            "classes": "PPC/entry_label"
                          },
                          "text": "Customer segment"
                        },
                        "type": "ia.display.label"
                      },
                      {
                        "meta": {
                          "name": "TextField"
                        },
                        "position": {
                          "basis": "200px"
                        },
                        "props": {
                          "style": {
                            "classes": "PPC/entry_field"
                          }
                        },
                        "type": "ia.input.text-field"
                      }
                    ],
                    "meta": {
                      "name": "FlexContainer_3"
                    },
                    "position": {
                      "basis": "38px"
                    },
                    "type": "ia.container.flex"
                  }
                ],
                "meta": {
                  "name": "FlexContainer_1"
                },
                "position": {
                  "basis": "280px"
                },
                "props": {
                  "direction": "column",
                  "justify": "space-between"
                },
                "type": "ia.container.flex"
              },
              {
                "children": [
                  {
                    "children": [
                      {
                        "meta": {
                          "name": "Label"
                        },
                        "position": {
                          "basis": "100px"
                        },
                        "props": {
                          "style": {
                            "classes": "PPC/entry_label"
                          },
                          "text": "Planned Qty(Kgs)"
                        },
                        "type": "ia.display.label"
                      },
                      {
                        "meta": {
                          "name": "TextField"
                        },
                        "position": {
                          "basis": "200px"
                        },
                        "props": {
                          "style": {
                            "classes": "PPC/entry_field"
                          }
                        },
                        "type": "ia.input.text-field"
                      }
                    ],
                    "meta": {
                      "name": "FlexContainer"
                    },
                    "position": {
                      "basis": "38px"
                    },
                    "type": "ia.container.flex"
                  },
                  {
                    "children": [
                      {
                        "meta": {
                          "name": "Label"
                        },
                        "position": {
                          "basis": "100px"
                        },
                        "props": {
                          "style": {
                            "classes": "PPC/entry_label"
                          },
                          "text": "Profile unit weight(kg/m)"
                        },
                        "type": "ia.display.label"
                      },
                      {
                        "meta": {
                          "name": "TextField"
                        },
                        "position": {
                          "basis": "200px"
                        },
                        "props": {
                          "style": {
                            "classes": "PPC/entry_field"
                          }
                        },
                        "type": "ia.input.text-field"
                      }
                    ],
                    "meta": {
                      "name": "FlexContainer_0"
                    },
                    "position": {
                      "basis": "38px"
                    },
                    "props": {
                      "style": {
                        "overflow": "hidden"
                      }
                    },
                    "type": "ia.container.flex"
                  },
                  {
                    "children": [
                      {
                        "meta": {
                          "name": "Label"
                        },
                        "position": {
                          "basis": "100px"
                        },
                        "props": {
                          "style": {
                            "classes": "PPC/entry_label"
                          },
                          "text": "Production rate(kg/hr)"
                        },
                        "type": "ia.display.label"
                      },
                      {
                        "meta": {
                          "name": "TextField"
                        },
                        "position": {
                          "basis": "200px"
                        },
                        "props": {
                          "style": {
                            "classes": "PPC/entry_field"
                          }
                        },
                        "type": "ia.input.text-field"
                      }
                    ],
                    "meta": {
                      "name": "FlexContainer_1"
                    },
                    "position": {
                      "basis": "38px"
                    },
                    "type": "ia.container.flex"
                  },
                  {
                    "children": [
                      {
                        "meta": {
                          "name": "Label"
                        },
                        "position": {
                          "basis": "100px"
                        },
                        "props": {
                          "style": {
                            "classes": "PPC/entry_label"
                          },
                          "text": "Length planned*"
                        },
                        "type": "ia.display.label"
                      },
                      {
                        "meta": {
                          "name": "TextField"
                        },
                        "position": {
                          "basis": "200px"
                        },
                        "props": {
                          "style": {
                            "classes": "PPC/entry_field"
                          }
                        },
                        "type": "ia.input.text-field"
                      }
                    ],
                    "meta": {
                      "name": "FlexContainer_2"
                    },
                    "position": {
                      "basis": "38px"
                    },
                    "type": "ia.container.flex"
                  },
                  {
                    "children": [
                      {
                        "meta": {
                          "name": "Label"
                        },
                        "position": {
                          "basis": "100px"
                        },
                        "props": {
                          "style": {
                            "classes": "PPC/entry_label"
                          },
                          "text": "Bulk Calculate"
                        },
                        "type": "ia.display.label"
                      },
                      {
                        "meta": {
                          "name": "RadioGroup"
                        },
                        "position": {
                          "basis": "155px"
                        },
                        "props": {
                          "radios": [
                            {
                              "selected": true,
                              "text": "Yes",
                              "value": "Radio button"
                            }
                          ]
                        },
                        "type": "ia.input.radio-group"
                      },
                      {
                        "meta": {
                          "name": "RadioGroup_0"
                        },
                        "position": {
                          "basis": "155px"
                        },
                        "props": {
                          "radios": [
                            {
                              "selected": true,
                              "text": "No",
                              "value": "Radio button"
                            }
                          ]
                        },
                        "type": "ia.input.radio-group"
                      }
                    ],
                    "meta": {
                      "name": "FlexContainer_3"
                    },
                    "position": {
                      "basis": "38px"
                    },
                    "type": "ia.container.flex"
                  }
                ],
                "meta": {
                  "name": "FlexContainer_2"
                },
                "position": {
                  "basis": "280px"
                },
                "props": {
                  "direction": "column",
                  "justify": "space-between"
                },
                "type": "ia.container.flex"
              }
            ],
            "meta": {
              "name": "FlexContainer_1"
            },
            "position": {
              "basis": "302px"
            },
            "props": {
              "justify": "space-between",
              "style": {
                "overflow": "hidden"
              }
            },
            "type": "ia.container.flex"
          }
        ],
        "meta": {
          "name": "root_0"
        },
        "position": {
          "basis": "302px"
        },
        "props": {
          "direction": "column"
        },
        "type": "ia.container.flex"
      },
      {
        "children": [
          {
            "children": [
              {
                "meta": {
                  "name": "Label"
                },
                "position": {
                  "basis": "242px"
                },
                "props": {
                  "text": "Billet Information",
                  "textStyle": {
                    "color": "#FFFFFF",
                    "fontFamily": "Roboto",
                    "fontSize": 25
                  }
                },
                "type": "ia.display.label"
              }
            ],
            "meta": {
              "name": "FlexContainer"
            },
            "position": {
              "basis": "48px"
            },
            "props": {
              "style": {
                "backgroundColor": "#3F5462"
              }
            },
            "type": "ia.container.flex"
          },
          {
            "children": [
              {
                "meta": {
                  "name": "Icon"
                },
                "position": {
                  "basis": "30px"
                },
                "props": {
                  "path": "material/add_circle"
                },
                "type": "ia.display.icon"
              }
            ],
            "meta": {
              "name": "FlexContainer_1"
            },
            "position": {
              "basis": "41px"
            },
            "props": {
              "justify": "flex-end"
            },
            "type": "ia.container.flex"
          },
          {
            "children": [
              {
                "children": [
                  {
                    "meta": {
                      "name": "Label"
                    },
                    "position": {
                      "basis": "58.8px"
                    },
                    "props": {
                      "style": {
                        "classes": "PPC/entry_label"
                      },
                      "text": "Billet length(inch)"
                    },
                    "type": "ia.display.label"
                  },
                  {
                    "meta": {
                      "name": "TextField"
                    },
                    "position": {
                      "basis": "200px"
                    },
                    "props": {
                      "style": {
                        "classes": "PPC/entry_field"
                      }
                    },
                    "type": "ia.input.text-field"
                  }
                ],
                "meta": {
                  "name": "FlexContainer"
                },
                "position": {
                  "basis": "200px"
                },
                "type": "ia.container.flex"
              },
              {
                "children": [
                  {
                    "meta": {
                      "name": "Label"
                    },
                    "position": {
                      "basis": "58.8px"
                    },
                    "props": {
                      "style": {
                        "classes": "PPC/entry_label"
                      },
                      "text": "No of Billet*"
                    },
                    "type": "ia.display.label"
                  },
                  {
                    "meta": {
                      "name": "TextField"
                    },
                    "position": {
                      "basis": "150px"
                    },
                    "props": {
                      "style": {
                        "classes": "PPC/entry_field"
                      }
                    },
                    "type": "ia.input.text-field"
                  }
                ],
                "meta": {
                  "name": "FlexContainer_0"
                },
                "position": {
                  "basis": "200px"
                },
                "type": "ia.container.flex"
              },
              {
                "children": [
                  {
                    "meta": {
                      "name": "Label"
                    },
                    "position": {
                      "basis": "58.8px"
                    },
                    "props": {
                      "style": {
                        "classes": "PPC/entry_label"
                      },
                      "text": "Ext length"
                    },
                    "type": "ia.display.label"
                  },
                  {
                    "meta": {
                      "name": "TextField"
                    },
                    "position": {
                      "basis": "150px"
                    },
                    "props": {
                      "style": {
                        "classes": "PPC/entry_field"
                      }
                    },
                    "type": "ia.input.text-field"
                  }
                ],
                "meta": {
                  "name": "FlexContainer_1"
                },
                "position": {
                  "basis": "200px"
                },
                "type": "ia.container.flex"
              },
              {
                "children": [
                  {
                    "meta": {
                      "name": "Label"
                    },
                    "position": {
                      "basis": "58.8px"
                    },
                    "props": {
                      "style": {
                        "classes": "PPC/entry_label"
                      },
                      "text": "Push(KG)"
                    },
                    "type": "ia.display.label"
                  },
                  {
                    "meta": {
                      "name": "TextField"
                    },
                    "position": {
                      "basis": "150px"
                    },
                    "props": {
                      "style": {
                        "classes": "PPC/entry_field"
                      }
                    },
                    "type": "ia.input.text-field"
                  }
                ],
                "meta": {
                  "name": "FlexContainer_2"
                },
                "position": {
                  "basis": "200px"
                },
                "type": "ia.container.flex"
              },
              {
                "children": [
                  {
                    "meta": {
                      "name": "Label"
                    },
                    "position": {
                      "basis": "58.8px"
                    },
                    "props": {
                      "style": {
                        "classes": "PPC/entry_label"
                      },
                      "text": "No of pcs Plan"
                    },
                    "type": "ia.display.label"
                  },
                  {
                    "meta": {
                      "name": "TextField"
                    },
                    "position": {
                      "basis": "150px"
                    },
                    "props": {
                      "style": {
                        "classes": "PPC/entry_field"
                      }
                    },
                    "type": "ia.input.text-field"
                  }
                ],
                "meta": {
                  "name": "FlexContainer_3"
                },
                "position": {
                  "basis": "200px"
                },
                "props": {
                  "style": {
                    "overflow": "hidden"
                  }
                },
                "type": "ia.container.flex"
              },
              {
                "meta": {
                  "name": "Icon"
                },
                "position": {
                  "basis": "30px"
                },
                "props": {
                  "path": "material/indeterminate_check_box"
                },
                "type": "ia.display.icon"
              }
            ],
            "meta": {
              "name": "FlexContainer_0"
            },
            "position": {
              "basis": "44px"
            },
            "props": {
              "justify": "space-around"
            },
            "type": "ia.container.flex"
          }
        ],
        "meta": {
          "name": "root_1"
        },
        "props": {
          "direction": "column"
        },
        "type": "ia.container.flex"
      },
      {
        "children": [
          {
            "children": [
              {
                "children": [
                  {
                    "meta": {
                      "name": "Label"
                    },
                    "position": {
                      "basis": "300px"
                    },
                    "props": {
                      "style": {
                        "classes": "PPC/entry_label"
                      },
                      "text": "Extra pcs plan",
                      "textStyle": {
                        "classes": "PPC/entry_label"
                      }
                    },
                    "type": "ia.display.label"
                  },
                  {
                    "meta": {
                      "name": "TextField"
                    },
                    "position": {
                      "basis": "390px"
                    },
                    "props": {
                      "style": {
                        "classes": "PPC/entry_field"
                      }
                    },
                    "type": "ia.input.text-field"
                  }
                ],
                "meta": {
                  "name": "FlexContainer"
                },
                "position": {
                  "basis": "270px"
                },
                "props": {
                  "justify": "space-around",
                  "style": {
                    "overflow": "hidden"
                  }
                },
                "type": "ia.container.flex"
              },
              {
                "children": [
                  {
                    "meta": {
                      "name": "Label"
                    },
                    "position": {
                      "basis": "190px"
                    },
                    "props": {
                      "style": {
                        "classes": "PPC/entry_label"
                      },
                      "text": "No PCS required"
                    },
                    "type": "ia.display.label"
                  },
                  {
                    "meta": {
                      "name": "TextField"
                    },
                    "position": {
                      "basis": "350px"
                    },
                    "props": {
                      "style": {
                        "classes": "PPC/entry_field"
                      }
                    },
                    "type": "ia.input.text-field"
                  }
                ],
                "meta": {
                  "name": "FlexContainer_0"
                },
                "position": {
                  "basis": "270px"
                },
                "type": "ia.container.flex"
              },
              {
                "children": [
                  {
                    "meta": {
                      "name": "Label"
                    },
                    "position": {
                      "basis": "150px"
                    },
                    "props": {
                      "style": {
                        "classes": "PPC/entry_label"
                      },
                      "text": "Total push"
                    },
                    "type": "ia.display.label"
                  },
                  {
                    "meta": {
                      "name": "TextField"
                    },
                    "position": {
                      "basis": "350px"
                    },
                    "props": {
                      "style": {
                        "classes": "PPC/entry_field"
                      }
                    },
                    "type": "ia.input.text-field"
                  }
                ],
                "meta": {
                  "name": "FlexContainer_1"
                },
                "position": {
                  "basis": "270px"
                },
                "type": "ia.container.flex"
              },
              {
                "children": [
                  {
                    "meta": {
                      "name": "Label"
                    },
                    "position": {
                      "basis": "150px"
                    },
                    "props": {
                      "style": {
                        "classes": "PPC/entry_label"
                      },
                      "text": "Total pcs"
                    },
                    "type": "ia.display.label"
                  },
                  {
                    "meta": {
                      "name": "TextField"
                    },
                    "position": {
                      "basis": "350px"
                    },
                    "props": {
                      "style": {
                        "classes": "PPC/entry_field"
                      }
                    },
                    "type": "ia.input.text-field"
                  }
                ],
                "meta": {
                  "name": "FlexContainer_2"
                },
                "position": {
                  "basis": "270px"
                },
                "type": "ia.container.flex"
              }
            ],
            "meta": {
              "name": "FlexContainer"
            },
            "position": {
              "basis": "44px"
            },
            "type": "ia.container.flex"
          },
          {
            "children": [
              {
                "children": [
                  {
                    "meta": {
                      "name": "Label"
                    },
                    "position": {
                      "basis": "100px"
                    },
                    "props": {
                      "style": {
                        "classes": "PPC/entry_label"
                      },
                      "text": "% of extra pcs"
                    },
                    "type": "ia.display.label"
                  },
                  {
                    "meta": {
                      "name": "TextField"
                    },
                    "position": {
                      "basis": "200px"
                    },
                    "props": {
                      "style": {
                        "classes": "PPC/entry_field"
                      }
                    },
                    "type": "ia.input.text-field"
                  }
                ],
                "meta": {
                  "name": "FlexContainer"
                },
                "position": {
                  "basis": "270px"
                },
                "props": {
                  "style": {
                    "overflow": "hidden"
                  }
                },
                "type": "ia.container.flex"
              },
              {
                "children": [
                  {
                    "meta": {
                      "name": "Label"
                    },
                    "position": {
                      "basis": "100px"
                    },
                    "props": {
                      "style": {
                        "classes": "PPC/entry_label"
                      },
                      "text": "Approx rec%"
                    },
                    "type": "ia.display.label"
                  },
                  {
                    "meta": {
                      "name": "TextField"
                    },
                    "position": {
                      "basis": "212.1px"
                    },
                    "props": {
                      "style": {
                        "classes": "PPC/entry_field"
                      }
                    },
                    "type": "ia.input.text-field"
                  }
                ],
                "meta": {
                  "name": "FlexContainer_0"
                },
                "position": {
                  "basis": "270px"
                },
                "type": "ia.container.flex"
              }
            ],
            "meta": {
              "name": "FlexContainer_0"
            },
            "position": {
              "basis": "41px"
            },
            "type": "ia.container.flex"
          }
        ],
        "meta": {
          "name": "FlexContainer"
        },
        "position": {
          "basis": "155px"
        },
        "props": {
          "alignItems": "flex-start",
          "direction": "column",
          "justify": "space-between"
        },
        "type": "ia.container.flex"
      },
      {
        "children": [
          {
            "children": [
              {
                "children": [
                  {
                    "children": [
                      {
                        "children": [
                          {
                            "meta": {
                              "name": "Label"
                            },
                            "position": {
                              "basis": "100px"
                            },
                            "props": {
                              "style": {
                                "classes": "PPC/entry_label"
                              },
                              "text": "Total no Billet",
                              "textStyle": {
                                "classes": "PPC/entry_label"
                              }
                            },
                            "type": "ia.display.label"
                          },
                          {
                            "meta": {
                              "name": "TextField"
                            },
                            "position": {
                              "basis": "200px"
                            },
                            "props": {
                              "style": {
                                "classes": "PPC/entry_field"
                              }
                            },
                            "type": "ia.input.text-field"
                          }
                        ],
                        "meta": {
                          "name": "FlexContainer"
                        },
                        "position": {
                          "basis": "270px"
                        },
                        "props": {
                          "style": {
                            "overflow": "hidden"
                          }
                        },
                        "type": "ia.container.flex"
                      },
                      {
                        "children": [
                          {
                            "children": [
                              {
                                "meta": {
                                  "name": "Label"
                                },
                                "position": {
                                  "basis": "100px"
                                },
                                "props": {
                                  "style": {
                                    "classes": "PPC/entry_label"
                                  },
                                  "text": "Piping(Y/n)*"
                                },
                                "type": "ia.display.label"
                              },
                              {
                                "meta": {
                                  "name": "RadioGroup"
                                },
                                "position": {
                                  "basis": "83px"
                                },
                                "props": {
                                  "radios": [
                                    {
                                      "selected": true,
                                      "text": "Yes",
                                      "value": "Radio button"
                                    }
                                  ]
                                },
                                "type": "ia.input.radio-group"
                              },
                              {
                                "meta": {
                                  "name": "RadioGroup_0"
                                },
                                "position": {
                                  "basis": "88px"
                                },
                                "props": {
                                  "radios": [
                                    {
                                      "selected": true,
                                      "text": "No",
                                      "value": "Radio button"
                                    }
                                  ]
                                },
                                "type": "ia.input.radio-group"
                              }
                            ],
                            "meta": {
                              "name": "FlexContainer_1"
                            },
                            "position": {
                              "basis": "270px"
                            },
                            "type": "ia.container.flex"
                          }
                        ],
                        "meta": {
                          "name": "FlexContainer_0"
                        },
                        "position": {
                          "basis": "270px"
                        },
                        "type": "ia.container.flex"
                      },
                      {
                        "children": [
                          {
                            "meta": {
                              "name": "Label"
                            },
                            "position": {
                              "basis": "100px"
                            },
                            "props": {
                              "style": {
                                "classes": "PPC/entry_label"
                              },
                              "text": "Back end*"
                            },
                            "type": "ia.display.label"
                          },
                          {
                            "meta": {
                              "name": "TextField"
                            },
                            "position": {
                              "basis": "200px"
                            },
                            "props": {
                              "style": {
                                "classes": "PPC/entry_field"
                              }
                            },
                            "type": "ia.input.text-field"
                          }
                        ],
                        "meta": {
                          "name": "FlexContainer_1"
                        },
                        "position": {
                          "basis": "270px"
                        },
                        "type": "ia.container.flex"
                      },
                      {
                        "children": [
                          {
                            "meta": {
                              "name": "Label"
                            },
                            "position": {
                              "basis": "100px"
                            },
                            "props": {
                              "style": {
                                "classes": "PPC/entry_label"
                              },
                              "text": "Front end*"
                            },
                            "type": "ia.display.label"
                          },
                          {
                            "meta": {
                              "name": "TextField"
                            },
                            "position": {
                              "basis": "200px"
                            },
                            "props": {
                              "style": {
                                "classes": "PPC/entry_field"
                              }
                            },
                            "type": "ia.input.text-field"
                          }
                        ],
                        "meta": {
                          "name": "FlexContainer_2"
                        },
                        "position": {
                          "basis": "270px"
                        },
                        "type": "ia.container.flex"
                      }
                    ],
                    "meta": {
                      "name": "FlexContainer"
                    },
                    "position": {
                      "basis": "41px"
                    },
                    "props": {
                      "justify": "space-between"
                    },
                    "type": "ia.container.flex"
                  },
                  {
                    "meta": {
                      "name": "FlexContainer_1"
                    },
                    "position": {
                      "basis": "30px"
                    },
                    "type": "ia.container.flex"
                  },
                  {
                    "children": [
                      {
                        "children": [
                          {
                            "meta": {
                              "name": "Label"
                            },
                            "position": {
                              "basis": "100px"
                            },
                            "props": {
                              "style": {
                                "classes": "PPC/entry_label"
                              },
                              "text": "PPC remark*"
                            },
                            "type": "ia.display.label"
                          },
                          {
                            "meta": {
                              "name": "TextField"
                            },
                            "position": {
                              "basis": "200px"
                            },
                            "props": {
                              "style": {
                                "classes": "PPC/entry_field"
                              }
                            },
                            "type": "ia.input.text-field"
                          }
                        ],
                        "meta": {
                          "name": "FlexContainer"
                        },
                        "position": {
                          "basis": "270px"
                        },
                        "props": {
                          "style": {
                            "overflow": "hidden"
                          }
                        },
                        "type": "ia.container.flex"
                      },
                      {
                        "children": [
                          {
                            "meta": {
                              "name": "Label"
                            },
                            "position": {
                              "basis": "100px"
                            },
                            "props": {
                              "style": {
                                "classes": "PPC/entry_label"
                              },
                              "text": "Release blank"
                            },
                            "type": "ia.display.label"
                          },
                          {
                            "meta": {
                              "name": "Checkbox"
                            },
                            "position": {
                              "basis": "56px"
                            },
                            "props": {
                              "selected": true,
                              "text": ""
                            },
                            "type": "ia.input.checkbox"
                          }
                        ],
                        "meta": {
                          "name": "FlexContainer_0"
                        },
                        "position": {
                          "basis": "200px"
                        },
                        "type": "ia.container.flex"
                      },
                      {
                        "children": [
                          {
                            "meta": {
                              "name": "Label"
                            },
                            "position": {
                              "basis": "100px"
                            },
                            "props": {
                              "style": {
                                "classes": "PPC/entry_label"
                              },
                              "text": "Logo Printing"
                            },
                            "type": "ia.display.label"
                          },
                          {
                            "meta": {
                              "name": "RadioGroup"
                            },
                            "position": {
                              "basis": "155px"
                            },
                            "props": {
                              "radios": [
                                {
                                  "selected": true,
                                  "text": "Yes",
                                  "value": "Radio button"
                                }
                              ]
                            },
                            "type": "ia.input.radio-group"
                          },
                          {
                            "meta": {
                              "name": "RadioGroup_0"
                            },
                            "position": {
                              "basis": "155px"
                            },
                            "props": {
                              "radios": [
                                {
                                  "selected": true,
                                  "text": "No",
                                  "value": "Radio button"
                                }
                              ]
                            },
                            "type": "ia.input.radio-group"
                          }
                        ],
                        "meta": {
                          "name": "FlexContainer_1"
                        },
                        "position": {
                          "basis": "270px"
                        },
                        "props": {
                          "style": {
                            "overflow": "hidden"
                          }
                        },
                        "type": "ia.container.flex"
                      }
                    ],
                    "meta": {
                      "name": "FlexContainer_0"
                    },
                    "position": {
                      "basis": "41px"
                    },
                    "type": "ia.container.flex"
                  }
                ],
                "meta": {
                  "name": "FlexContainer"
                },
                "position": {
                  "basis": "118px"
                },
                "props": {
                  "direction": "column"
                },
                "type": "ia.container.flex"
              },
              {
                "children": [
                  {
                    "meta": {
                      "name": "Button"
                    },
                    "position": {
                      "basis": "80px"
                    },
                    "props": {
                      "style": {
                        "classes": "PPC/button"
                      },
                      "text": "Hold"
                    },
                    "type": "ia.input.button"
                  },
                  {
                    "meta": {
                      "name": "Button_0"
                    },
                    "position": {
                      "basis": "80px"
                    },
                    "props": {
                      "style": {
                        "classes": "PPC/button"
                      },
                      "text": "Complete"
                    },
                    "type": "ia.input.button"
                  },
                  {
                    "meta": {
                      "name": "Button_1"
                    },
                    "position": {
                      "basis": "80px"
                    },
                    "props": {
                      "text": "Reassign"
                    },
                    "type": "ia.input.button"
                  },
                  {
                    "meta": {
                      "name": "Button_2"
                    },
                    "position": {
                      "basis": "80px"
                    },
                    "props": {
                      "style": {
                        "classes": "PPC/button"
                      },
                      "text": "Clear"
                    },
                    "type": "ia.input.button"
                  },
                  {
                    "meta": {
                      "name": "Button_3"
                    },
                    "position": {
                      "basis": "80px"
                    },
                    "props": {
                      "style": {
                        "classes": "PPC/button"
                      },
                      "text": "Update"
                    },
                    "type": "ia.input.button"
                  }
                ],
                "meta": {
                  "name": "FlexContainer_0"
                },
                "position": {
                  "basis": "45px"
                },
                "props": {
                  "justify": "space-around",
                  "style": {
                    "classes": "PPC/button"
                  }
                },
                "type": "ia.container.flex"
              }
            ],
            "meta": {
              "name": "root"
            },
            "position": {
              "basis": "182px"
            },
            "props": {
              "direction": "column",
              "justify": "center"
            },
            "type": "ia.container.flex"
          }
        ],
        "meta": {
          "name": "root"
        },
        "position": {
          "basis": "236px"
        },
        "props": {
          "direction": "column"
        },
        "type": "ia.container.flex"
      }
    ],
    "meta": {
      "name": "root"
    },
    "props": {
      "direction": "column",
      "justify": "space-around"
    },
    "type": "ia.container.flex"
  }
}