{
  "custom": {
    "Material_Selection": null
  },
  "params": {
    "rowData": {}
  },
  "propConfig": {
    "custom.Material_Selection": {
      "binding": {
        "config": {
          "path": "view.params.rowData"
        },
        "overlayOptOut": true,
        "transforms": [
          {
            "code": "\tA\u003d value[\u0027material_sel\u0027]\n\tA\u003dstr(A)\n\tA\u003dA.replace(\u0027 \u0027,\u0027\u0027)\n\treturn str(A)",
            "type": "script"
          }
        ],
        "type": "property"
      },
      "persistent": true
    },
    "params.rowData": {
      "paramDirection": "input",
      "persistent": true
    }
  },
  "props": {
    "defaultSize": {
      "height": 30,
      "width": 184
    }
  },
  "root": {
    "children": [
      {
        "events": {
          "component": {
            "onActionPerformed": {
              "config": {
                "script": "\tMessageType \u003d \"MaterialSel\"\n\tPayload \u003d {\"selectedMS\": self.props.value}\n\tsystem.perspective.sendMessage(messageType\u003dMessageType,payload\u003dPayload,scope\u003d\"page\")"
              },
              "scope": "G",
              "type": "script"
            }
          }
        },
        "meta": {
          "name": "Dropdown"
        },
        "position": {
          "basis": "26px",
          "shrink": 0
        },
        "propConfig": {
          "position.display": {
            "binding": {
              "config": {
                "path": "view.custom.Material_Selection"
              },
              "overlayOptOut": true,
              "transforms": [
                {
                  "code": "\tif len(str(value))\u003e\u003d1:\n\t\treturn True\n\telse:\n\t\treturn False\t",
                  "type": "script"
                }
              ],
              "type": "property"
            }
          },
          "props.enabled": {
            "binding": {
              "config": {
                "path": "view.params.EDIT"
              },
              "enabled": false,
              "type": "property"
            }
          },
          "props.value": {
            "binding": {
              "config": {
                "path": "view.custom.Material_Selection"
              },
              "overlayOptOut": true,
              "transforms": [
                {
                  "code": "#\timport time\n#\tdef MString(data):\n#\t\tdata\u003dstr(data)\n#\t\tdata\u003ddata.replace(\u0027 \u0027,\u0027\u0027)\n#\t\treturn str(data)\n#\t\n#\ttime.sleep(0.1)\n#\ttry:\n#\t\tA\u003dself.parent.parent.parent.getChild(\"Entry_1\").custom.Edit\n#\t\tif A\u003d\u003d\u0027Yes\u0027:\n#\t\t\tmaterialcode\u003dstr(self.parent.parent.getChild(\"FlexContainer_0\").getChild(\"Dropdown\").props.value)\n#\t\t\tquery\u003d\u0027\u0027\u0027\n#\t\t\t\t\tselect \tDISTINCT [material_sel]\n#\t\t\t\t\tfrom [OUTBOUNDCIMS].[dbo].[SAPBOM]\n#\t\t\t\t\tWHERE [material_code]\u003d? and movement_type\u003d101\n#\t\t\t\t\torder by [material_sel] desc\n#\t\t\t\t\t\u0027\u0027\u0027\n##\t\t\tquery\u003d\u0027\u0027\u0027\n##\t\t\t\tSELECT DISTINCT [material_sel]\n##\t\t\t\t    FROM [CIMS].[dbo].[mes_bom]\n##\t\t\t\t    WHERE [material_code]\u003d?\n##\t\t\t\t\u0027\u0027\u0027\t\n#\t\t\t\t\n#\t\t\t\t\n#\t\t\t\t\n##\t\t\tquery\u003d\u0027\u0027\u0027\n##\t\t\t\tSELECT [material_sel] FROM (\n##\t\t\t\tSELECT DISTINCT [material_code],[material_sel] FROM [CIMS].[dbo].[mes_bom] WHERE [material_sel]!\u003d\u0027OUT\u0027\n##\t\t\t\tUNION\n##\t\t\t\tSELECT DISTINCT [material_code],[material_sel] FROM [CIMS].[dbo].[mes_bom_OUT] WHERE [material_sel]\u003d\u0027OUT\u0027\n##\t\t\t\t) AS t WHERE [material_code]\u003d?\n##\t\t\t\t\u0027\u0027\u0027\n#\n#\n#\t\t\tDATA\u003dsystem.db.runPrepQuery(query, [materialcode], \u0027CIMS2\u0027)\t\n##\t\t\treturn \u0027G\u0027\n##\t\t\tself.props.enabled\u003dFalse\n#\t\t\tif(\u0027IN\u0027 \u003d\u003d MString(DATA[0][0])):\n#\t\t\t\tself.props.enabled\u003dFalse\n#\t\t\t\treturn \u0027IN\u0027\n#\t\t\telif(\u0027IN/OUT\u0027 \u003d\u003d MString(DATA[0][0])):\t\n#\t\t\t\tself.props.enabled\u003dTrue\n#\t\t\t\treturn \u0027IN\u0027\n#\t\t\telif(\u0027CONSUMABLE\u0027 \u003d\u003d MString(DATA[0][0])):\n#\t\t\t\tself.props.enabled\u003dFalse\n#\t\t\t\treturn \u0027CONSUMABLE\u0027\t\n#\t\t\telif(\u0027OUT\u0027 \u003d\u003d MString(DATA[0][0])):\t\n#\t\t\t\tself.props.enabled\u003dFalse\n#\t\t\t\treturn \u0027OUT\u0027\n##\t\t\treturn \u0027\u0027\n#\t\telse:\t\n#\t\t\tMSelec\u003dself.view.params.MSelection\n#\t\t\tMSelec\u003dMSelec.replace(\u0027 \u0027,\u0027\u0027)\n#\t\t\treturn MSelec\n#\texcept:\n#\t\tData\u003dself.view.params.MSelection\n\n\treturn value\n#\t\treturn \u0027No Selection\u0027\t",
                  "type": "script"
                }
              ],
              "type": "property"
            },
            "onChange": {
              "enabled": null,
              "script": "\timport time\n\ttry:\n\t\ttime.sleep(0.1)\n\t\tif \u0027OUT\u0027 in currentValue.value:\n\t\t\tself.parent.parent.getChild(\"FlexContainer_9\").getChild(\"NumericEntryField\").position.display\u003dFalse\n\t\t\tself.parent.parent.getChild(\"FlexContainer_8\").getChild(\"FlexContainer\").getChild(\"EmbeddedView\").props.params.TYPE\u003d\u0027OUT\u0027\n\t\telif \u0027IN\u0027 in currentValue.value:\n\t\t\tself.parent.parent.getChild(\"FlexContainer_9\").getChild(\"NumericEntryField\").position.display\u003dTrue\n\t\t\tself.parent.parent.getChild(\"FlexContainer_8\").getChild(\"FlexContainer\").getChild(\"EmbeddedView\").props.params.TYPE\u003d\u0027IN\u0027\n\t\telif \u0027CONSUMABLE\u0027 in currentValue.value:\n\t\t\tself.parent.parent.getChild(\"FlexContainer_9\").getChild(\"NumericEntryField\").position.display\u003dTrue\n\t\t\tself.parent.parent.getChild(\"FlexContainer_8\").getChild(\"FlexContainer\").getChild(\"EmbeddedView\").props.params.TYPE\u003d\u0027CONSUMABLE\u0027\n\t\telse:\t\t\n\t\t\tself.parent.parent.getChild(\"FlexContainer_9\").getChild(\"NumericEntryField\").position.display\u003dTrue\n\t\t\t\n\texcept:\n\t\tpass\t\t"
            }
          }
        },
        "props": {
          "enabled": null,
          "options": [
            {
              "label": "IN",
              "value": "IN"
            },
            {
              "label": "OUT",
              "value": "OUT"
            },
            {
              "label": "CONSUMABLE",
              "value": "CONSUMABLE"
            }
          ],
          "search": {
            "enabled": false
          },
          "style": {
            "fontFamily": "Roboto",
            "fontSize": 12,
            "fontWeight": "normal",
            "textAlign": "left"
          }
        },
        "type": "ia.input.dropdown"
      }
    ],
    "meta": {
      "name": "root"
    },
    "props": {
      "direction": "column",
      "style": {
        "overflow": "hidden",
        "padding": 4
      }
    },
    "type": "ia.container.flex"
  }
}