{
  "custom": {},
  "params": {},
  "props": {},
  "root": {
    "children": [
      {
        "meta": {
          "name": "apexchart"
        },
        "position": {
          "basis": "364px",
          "display": false
        },
        "propConfig": {
          "props.series": {
            "binding": {
              "config": {
                "expression": "now(30000)"
              },
              "overlayOptOut": true,
              "transforms": [
                {
                  "code": "\tq1\u003d\u0027\u0027\u0027select count (*) FROM [INBOUNDCIMS].[dbo].[goodmov] where flag\u003d0\u0027\u0027\u0027\n\tq2\u003d\u0027\u0027\u0027select count (*) from [INBOUNDCIMS].[dbo].initialsc where flag \u003d 0\u0027\u0027\u0027\n\tq3\u003d\u0027\u0027\u0027select count (*) from [INBOUNDCIMS].[dbo].logmov where flag \u003d 0\u0027\u0027\u0027\n\t\n\tD1\u003dsystem.db.runPrepQuery(q1, [], \u0027CIMS_SAP_IN\u0027)\n\tD2\u003dsystem.db.runPrepQuery(q2, [], \u0027CIMS_SAP_IN\u0027)\n\tD3\u003dsystem.db.runPrepQuery(q3, [], \u0027CIMS_SAP_IN\u0027)\n\t\n\treturn [D1[0][0],D2[0][0],D3[0][0]]",
                  "type": "script"
                }
              ],
              "type": "expr"
            }
          }
        },
        "props": {
          "options": {
            "chart": {
              "events": {
                "animationEnd": false,
                "beforeMount": false,
                "beforeResetZoom": false,
                "beforeZoom": false,
                "brushScrolled": false,
                "click": false,
                "dataPointMouseEnter": false,
                "dataPointMouseLeave": false,
                "dataPointSelection": false,
                "legendClick": false,
                "markerClick": false,
                "mounted": false,
                "mouseLeave": false,
                "mouseMove": false,
                "scrolled": false,
                "selection": false,
                "updated": false,
                "zoomed": false
              },
              "type": "pie",
              "width": 380
            },
            "dataLabels": {
              "enable": true
            },
            "labels": [
              "Material",
              "Operation",
              "Scrap"
            ],
            "legend": {
              "position": "bottom",
              "show": true
            },
            "plotOptions": {
              "pie": {
                "donut": {
                  "labels": {
                    "name": "Data",
                    "show": true,
                    "value": 100
                  }
                }
              }
            },
            "responsive": [
              {
                "breakpoint": 500,
                "options": {
                  "chart": {
                    "width": 200
                  },
                  "legend": {
                    "position": "bottom"
                  }
                }
              }
            ]
          },
          "type": "donut"
        },
        "type": "kyvislabs.display.apexchart"
      },
      {
        "meta": {
          "name": "PieChart"
        },
        "position": {
          "basis": "375px"
        },
        "propConfig": {
          "props.data": {
            "binding": {
              "config": {
                "expression": "now(30000)"
              },
              "overlayOptOut": true,
              "transforms": [
                {
                  "code": "\tq1\u003d\u0027\u0027\u0027select count (*) FROM [INBOUNDCIMS].[dbo].[goodmov] where flag\u003d0\u0027\u0027\u0027\n\tq2\u003d\u0027\u0027\u0027select count (*) from [INBOUNDCIMS].[dbo].initialsc where flag \u003d 0\u0027\u0027\u0027\n\tq3\u003d\u0027\u0027\u0027select count (*) from [INBOUNDCIMS].[dbo].logmov where flag \u003d 0\u0027\u0027\u0027\n\t\n\tD1\u003dsystem.db.runPrepQuery(q1, [], \u0027CIMS_SAP_IN\u0027)\n\tD2\u003dsystem.db.runPrepQuery(q2, [], \u0027CIMS_SAP_IN\u0027)\n\tD3\u003dsystem.db.runPrepQuery(q3, [], \u0027CIMS_SAP_IN\u0027)\n\t\n\treturn [{\u0027API\u0027: \u0027Material\u0027,\n\t\t\t\u0027count\u0027: int(D1[0][0])},\n\t\t    {\u0027API\u0027: \u0027Operation\u0027,\n \t\t\t\u0027count\u0027: int(D2[0][0])},\n \t\t\t{\u0027API\u0027: \u0027Scrap\u0027,\n\t\t\t\u0027count\u0027: int(D3[0][0])}]\n#\treturn [D1[0][0],D2[0][0],D3[0][0]]",
                  "type": "script"
                }
              ],
              "type": "expr"
            }
          }
        },
        "props": {
          "colors": [
            "#3366CC",
            "#4FC86C",
            "#00A9C6"
          ],
          "title": "API pending transaction with SAP",
          "valueFormat": {
            "showValueAsPercent": false
          }
        },
        "type": "ia.chart.pie"
      }
    ],
    "meta": {
      "name": "root"
    },
    "props": {
      "direction": "column",
      "justify": "center",
      "style": {
        "overflow": "hidden"
      }
    },
    "type": "ia.container.flex"
  }
}