{
  "custom": {},
  "params": {},
  "props": {
    "defaultSize": {
      "height": 640,
      "width": 1600
    }
  },
  "root": {
    "children": [
      {
        "children": [
          {
            "children": [
              {
                "children": [
                  {
                    "meta": {
                      "name": "Label"
                    },
                    "position": {
                      "basis": "140px"
                    },
                    "props": {
                      "style": {
                        "classes": "PPC/entry_label"
                      },
                      "text": "Cut Length"
                    },
                    "type": "ia.display.label"
                  },
                  {
                    "meta": {
                      "name": "TextField"
                    },
                    "position": {
                      "basis": "300px"
                    },
                    "props": {
                      "style": {
                        "classes": "PPC/entry_field"
                      }
                    },
                    "type": "ia.input.text-field"
                  },
                  {
                    "meta": {
                      "name": "Label_0"
                    },
                    "position": {
                      "basis": "140px"
                    },
                    "props": {
                      "style": {
                        "classes": "PPC/entry_label"
                      },
                      "text": "Cut Length UoM"
                    },
                    "type": "ia.display.label"
                  },
                  {
                    "meta": {
                      "name": "TextField_0"
                    },
                    "position": {
                      "basis": "300px"
                    },
                    "props": {
                      "style": {
                        "classes": "PPC/entry_field"
                      }
                    },
                    "type": "ia.input.text-field"
                  },
                  {
                    "meta": {
                      "name": "Label_1"
                    },
                    "position": {
                      "basis": "140px"
                    },
                    "props": {
                      "style": {
                        "classes": "PPC/entry_label"
                      },
                      "text": "Actual Cut Length"
                    },
                    "type": "ia.display.label"
                  },
                  {
                    "meta": {
                      "name": "TextField_1"
                    },
                    "position": {
                      "basis": "300px"
                    },
                    "props": {
                      "style": {
                        "classes": "PPC/entry_field"
                      }
                    },
                    "type": "ia.input.text-field"
                  },
                  {
                    "meta": {
                      "name": "Label_2"
                    },
                    "position": {
                      "basis": "140px"
                    },
                    "props": {
                      "style": {
                        "classes": "PPC/entry_label"
                      },
                      "text": "Kg/Meter"
                    },
                    "type": "ia.display.label"
                  },
                  {
                    "meta": {
                      "name": "TextField_2"
                    },
                    "position": {
                      "basis": "300px"
                    },
                    "props": {
                      "style": {
                        "classes": "PPC/entry_field"
                      }
                    },
                    "type": "ia.input.text-field"
                  }
                ],
                "meta": {
                  "name": "first_1"
                },
                "position": {
                  "basis": "50px"
                },
                "props": {
                  "justify": "space-evenly",
                  "style": {
                    "overflow": "hidden"
                  }
                },
                "type": "ia.container.flex"
              },
              {
                "children": [
                  {
                    "meta": {
                      "name": "Label"
                    },
                    "position": {
                      "basis": "140px"
                    },
                    "props": {
                      "style": {
                        "classes": "PPC/entry_label"
                      },
                      "text": "Actual Kg/meter"
                    },
                    "type": "ia.display.label"
                  },
                  {
                    "meta": {
                      "name": "TextField"
                    },
                    "position": {
                      "basis": "300px"
                    },
                    "props": {
                      "style": {
                        "classes": "PPC/entry_field"
                      }
                    },
                    "type": "ia.input.text-field"
                  },
                  {
                    "meta": {
                      "name": "Label_0"
                    },
                    "position": {
                      "basis": "140px"
                    },
                    "props": {
                      "style": {
                        "classes": "PPC/entry_label"
                      },
                      "text": "Deviation%"
                    },
                    "type": "ia.display.label"
                  },
                  {
                    "meta": {
                      "name": "TextField_0"
                    },
                    "position": {
                      "basis": "300px"
                    },
                    "props": {
                      "style": {
                        "classes": "PPC/entry_field"
                      }
                    },
                    "type": "ia.input.text-field"
                  },
                  {
                    "meta": {
                      "name": "Label_1"
                    },
                    "position": {
                      "basis": "140px"
                    },
                    "props": {
                      "style": {
                        "classes": "PPC/entry_label"
                      },
                      "text": "No of pieces per bundle"
                    },
                    "type": "ia.display.label"
                  },
                  {
                    "meta": {
                      "name": "TextField_1"
                    },
                    "position": {
                      "basis": "300px"
                    },
                    "props": {
                      "style": {
                        "classes": "PPC/entry_field"
                      }
                    },
                    "type": "ia.input.text-field"
                  },
                  {
                    "meta": {
                      "name": "Label_2"
                    },
                    "position": {
                      "basis": "140px"
                    },
                    "props": {
                      "style": {
                        "classes": "PPC/entry_label"
                      },
                      "text": "Bundle Weight(Kg)"
                    },
                    "type": "ia.display.label"
                  },
                  {
                    "meta": {
                      "name": "TextField_2"
                    },
                    "position": {
                      "basis": "300px"
                    },
                    "props": {
                      "style": {
                        "classes": "PPC/entry_field"
                      }
                    },
                    "type": "ia.input.text-field"
                  }
                ],
                "meta": {
                  "name": "first_2"
                },
                "position": {
                  "basis": "50px"
                },
                "props": {
                  "justify": "space-evenly",
                  "style": {
                    "overflow": "hidden"
                  }
                },
                "type": "ia.container.flex"
              },
              {
                "children": [
                  {
                    "meta": {
                      "name": "Label"
                    },
                    "position": {
                      "basis": "145px"
                    },
                    "props": {
                      "style": {
                        "classes": "PPC/entry_label"
                      },
                      "text": "No of Bundles"
                    },
                    "type": "ia.display.label"
                  },
                  {
                    "meta": {
                      "name": "TextField"
                    },
                    "position": {
                      "basis": "300px"
                    },
                    "props": {
                      "style": {
                        "classes": "PPC/entry_field"
                      }
                    },
                    "type": "ia.input.text-field"
                  },
                  {
                    "meta": {
                      "name": "Label_0"
                    },
                    "position": {
                      "basis": "140px"
                    },
                    "props": {
                      "style": {
                        "classes": "PPC/entry_label"
                      },
                      "text": "No of loose pieces"
                    },
                    "type": "ia.display.label"
                  },
                  {
                    "meta": {
                      "name": "TextField_0"
                    },
                    "position": {
                      "basis": "300px"
                    },
                    "props": {
                      "style": {
                        "classes": "PPC/entry_field"
                      }
                    },
                    "type": "ia.input.text-field"
                  },
                  {
                    "meta": {
                      "name": "Label_1"
                    },
                    "position": {
                      "basis": "134px"
                    },
                    "props": {
                      "style": {
                        "classes": "PPC/entry_label"
                      },
                      "text": "No of pieces for correction"
                    },
                    "type": "ia.display.label"
                  },
                  {
                    "meta": {
                      "name": "TextField_1"
                    },
                    "position": {
                      "basis": "300px"
                    },
                    "props": {
                      "style": {
                        "classes": "PPC/entry_field"
                      }
                    },
                    "type": "ia.input.text-field"
                  },
                  {
                    "meta": {
                      "name": "Label_2"
                    },
                    "position": {
                      "basis": "140px"
                    },
                    "props": {
                      "style": {
                        "classes": "PPC/entry_label"
                      },
                      "text": "Correction Quantity(kg)"
                    },
                    "type": "ia.display.label"
                  },
                  {
                    "meta": {
                      "name": "TextField_2"
                    },
                    "position": {
                      "basis": "300px"
                    },
                    "props": {
                      "style": {
                        "classes": "PPC/entry_field"
                      }
                    },
                    "type": "ia.input.text-field"
                  }
                ],
                "meta": {
                  "name": "first_3"
                },
                "position": {
                  "basis": "50px"
                },
                "props": {
                  "justify": "space-evenly",
                  "style": {
                    "overflow": "hidden"
                  }
                },
                "type": "ia.container.flex"
              },
              {
                "children": [
                  {
                    "meta": {
                      "name": "Label"
                    },
                    "position": {
                      "basis": "140px"
                    },
                    "props": {
                      "style": {
                        "classes": "PPC/entry_label"
                      },
                      "text": "No of okay pieces"
                    },
                    "type": "ia.display.label"
                  },
                  {
                    "meta": {
                      "name": "TextField_3"
                    },
                    "position": {
                      "basis": "300px"
                    },
                    "props": {
                      "style": {
                        "classes": "PPC/entry_field"
                      }
                    },
                    "type": "ia.input.text-field"
                  },
                  {
                    "meta": {
                      "name": "Label_0"
                    },
                    "position": {
                      "basis": "140px"
                    },
                    "props": {
                      "style": {
                        "classes": "PPC/entry_label"
                      },
                      "text": "Actual back end coring length"
                    },
                    "type": "ia.display.label"
                  },
                  {
                    "meta": {
                      "name": "TextField_0"
                    },
                    "position": {
                      "basis": "300px"
                    },
                    "props": {
                      "style": {
                        "classes": "PPC/entry_field"
                      }
                    },
                    "type": "ia.input.text-field"
                  },
                  {
                    "meta": {
                      "name": "Label_1"
                    },
                    "position": {
                      "basis": "140px"
                    },
                    "props": {
                      "style": {
                        "classes": "PPC/entry_label"
                      },
                      "text": "Actual front end coring length"
                    },
                    "type": "ia.display.label"
                  },
                  {
                    "meta": {
                      "name": "TextField_1"
                    },
                    "position": {
                      "basis": "300px"
                    },
                    "props": {
                      "style": {
                        "classes": "PPC/entry_field"
                      }
                    },
                    "type": "ia.input.text-field"
                  },
                  {
                    "meta": {
                      "name": "Label_2"
                    },
                    "position": {
                      "basis": "140px"
                    },
                    "props": {
                      "style": {
                        "classes": "PPC/entry_label"
                      },
                      "text": "Actual total no of pieces"
                    },
                    "type": "ia.display.label"
                  },
                  {
                    "meta": {
                      "name": "TextField_2"
                    },
                    "position": {
                      "basis": "300px"
                    },
                    "props": {
                      "style": {
                        "classes": "PPC/entry_field"
                      }
                    },
                    "type": "ia.input.text-field"
                  }
                ],
                "meta": {
                  "name": "first_4"
                },
                "position": {
                  "basis": "50px"
                },
                "props": {
                  "style": {
                    "overflow": "hidden"
                  }
                },
                "type": "ia.container.flex"
              },
              {
                "children": [
                  {
                    "meta": {
                      "name": "Label"
                    },
                    "position": {
                      "basis": "140px"
                    },
                    "props": {
                      "style": {
                        "classes": "PPC/entry_label"
                      },
                      "text": "Coring UoM"
                    },
                    "type": "ia.display.label"
                  },
                  {
                    "meta": {
                      "name": "Dropdown"
                    },
                    "position": {
                      "basis": "300px"
                    },
                    "type": "ia.input.dropdown"
                  },
                  {
                    "meta": {
                      "name": "Label_0"
                    },
                    "position": {
                      "basis": "140px"
                    },
                    "props": {
                      "style": {
                        "classes": "PPC/entry_label"
                      },
                      "text": "Logo printing status"
                    },
                    "type": "ia.display.label"
                  },
                  {
                    "meta": {
                      "name": "RadioGroup"
                    },
                    "position": {
                      "basis": "155px"
                    },
                    "props": {
                      "radios": [
                        {
                          "selected": true,
                          "text": "Yes\n",
                          "value": "Radio button"
                        }
                      ]
                    },
                    "type": "ia.input.radio-group"
                  },
                  {
                    "meta": {
                      "name": "RadioGroup_0"
                    },
                    "position": {
                      "basis": "155px"
                    },
                    "props": {
                      "radios": [
                        {
                          "selected": true,
                          "text": "No",
                          "value": "Radio button"
                        }
                      ]
                    },
                    "type": "ia.input.radio-group"
                  },
                  {
                    "meta": {
                      "name": "Label_1"
                    },
                    "position": {
                      "basis": "140px"
                    },
                    "props": {
                      "style": {
                        "classes": "PPC/entry_label"
                      },
                      "text": "Offline cutting"
                    },
                    "type": "ia.display.label"
                  },
                  {
                    "meta": {
                      "name": "RadioGroup_1"
                    },
                    "position": {
                      "basis": "155px"
                    },
                    "props": {
                      "radios": [
                        {
                          "selected": true,
                          "text": "Yes\n",
                          "value": "Radio button"
                        }
                      ]
                    },
                    "type": "ia.input.radio-group"
                  },
                  {
                    "meta": {
                      "name": "RadioGroup_2"
                    },
                    "position": {
                      "basis": "155px"
                    },
                    "props": {
                      "radios": [
                        {
                          "selected": true,
                          "text": "No\n",
                          "value": "Radio button"
                        }
                      ]
                    },
                    "type": "ia.input.radio-group"
                  },
                  {
                    "meta": {
                      "name": "Label_2"
                    },
                    "position": {
                      "basis": "140px"
                    },
                    "props": {
                      "style": {
                        "classes": "PPC/entry_label"
                      },
                      "text": "offline cutting quantity(kg)"
                    },
                    "type": "ia.display.label"
                  },
                  {
                    "meta": {
                      "name": "TextField_3"
                    },
                    "position": {
                      "basis": "300px"
                    },
                    "props": {
                      "style": {
                        "classes": "PPC/entry_field"
                      }
                    },
                    "type": "ia.input.text-field"
                  }
                ],
                "meta": {
                  "name": "first_5"
                },
                "position": {
                  "basis": "50px"
                },
                "props": {
                  "style": {
                    "overflow": "hidden"
                  }
                },
                "type": "ia.container.flex"
              },
              {
                "children": [
                  {
                    "meta": {
                      "name": "Label"
                    },
                    "position": {
                      "basis": "140px"
                    },
                    "props": {
                      "style": {
                        "classes": "PPC/entry_label"
                      },
                      "text": "Scrap Quantity(kg)"
                    },
                    "type": "ia.display.label"
                  },
                  {
                    "meta": {
                      "name": "TextField_3"
                    },
                    "position": {
                      "basis": "300px"
                    },
                    "props": {
                      "style": {
                        "classes": "PPC/entry_field"
                      }
                    },
                    "type": "ia.input.text-field"
                  },
                  {
                    "meta": {
                      "name": "Label_0"
                    },
                    "position": {
                      "basis": "140px"
                    },
                    "props": {
                      "style": {
                        "classes": "PPC/entry_label"
                      },
                      "text": "Recovery(%)"
                    },
                    "type": "ia.display.label"
                  },
                  {
                    "meta": {
                      "name": "TextField_0"
                    },
                    "position": {
                      "basis": "300px"
                    },
                    "props": {
                      "style": {
                        "classes": "PPC/entry_field"
                      }
                    },
                    "type": "ia.input.text-field"
                  },
                  {
                    "meta": {
                      "name": "Label_1"
                    },
                    "position": {
                      "basis": "140px"
                    },
                    "props": {
                      "style": {
                        "classes": "PPC/entry_label"
                      },
                      "text": "Operator remarks"
                    },
                    "type": "ia.display.label"
                  },
                  {
                    "meta": {
                      "name": "TextField_1"
                    },
                    "position": {
                      "basis": "300px"
                    },
                    "props": {
                      "style": {
                        "classes": "PPC/entry_field"
                      }
                    },
                    "type": "ia.input.text-field"
                  },
                  {
                    "meta": {
                      "name": "Label_2"
                    },
                    "position": {
                      "basis": "140px"
                    },
                    "props": {
                      "style": {
                        "classes": "PPC/entry_label"
                      },
                      "text": "Yield quantity(kg)"
                    },
                    "type": "ia.display.label"
                  },
                  {
                    "meta": {
                      "name": "TextField_2"
                    },
                    "position": {
                      "basis": "300px"
                    },
                    "props": {
                      "style": {
                        "classes": "PPC/entry_field"
                      }
                    },
                    "type": "ia.input.text-field"
                  }
                ],
                "meta": {
                  "name": "first_6"
                },
                "position": {
                  "basis": "50px"
                },
                "props": {
                  "style": {
                    "overflow": "hidden"
                  }
                },
                "type": "ia.container.flex"
              },
              {
                "children": [
                  {
                    "meta": {
                      "name": "Label"
                    },
                    "position": {
                      "basis": "140px"
                    },
                    "props": {
                      "style": {
                        "classes": "PPC/entry_label"
                      },
                      "text": "PO final status"
                    },
                    "type": "ia.display.label"
                  },
                  {
                    "meta": {
                      "name": "Dropdown"
                    },
                    "position": {
                      "basis": "300px"
                    },
                    "type": "ia.input.dropdown"
                  },
                  {
                    "meta": {
                      "name": "Label_0"
                    },
                    "position": {
                      "basis": "140px"
                    },
                    "props": {
                      "style": {
                        "classes": "PPC/entry_label"
                      },
                      "text": "Planned no. pcs"
                    },
                    "type": "ia.display.label"
                  },
                  {
                    "meta": {
                      "name": "TextField_0"
                    },
                    "position": {
                      "basis": "300px"
                    },
                    "props": {
                      "style": {
                        "classes": "PPC/entry_field"
                      }
                    },
                    "type": "ia.input.text-field"
                  },
                  {
                    "meta": {
                      "name": "Label_1"
                    },
                    "position": {
                      "basis": "140px"
                    },
                    "props": {
                      "style": {
                        "classes": "PPC/entry_label"
                      },
                      "text": "Push quantity"
                    },
                    "type": "ia.display.label"
                  },
                  {
                    "meta": {
                      "name": "TextField_1"
                    },
                    "position": {
                      "basis": "300px"
                    },
                    "props": {
                      "style": {
                        "classes": "PPC/entry_field"
                      }
                    },
                    "type": "ia.input.text-field"
                  },
                  {
                    "meta": {
                      "name": "Label_2"
                    },
                    "position": {
                      "basis": "140px"
                    },
                    "props": {
                      "style": {
                        "classes": "PPC/entry_label"
                      },
                      "text": "Supervisor remarks"
                    },
                    "type": "ia.display.label"
                  },
                  {
                    "meta": {
                      "name": "TextField_2"
                    },
                    "position": {
                      "basis": "300px"
                    },
                    "props": {
                      "style": {
                        "classes": "PPC/entry_field"
                      }
                    },
                    "type": "ia.input.text-field"
                  }
                ],
                "meta": {
                  "name": "first_7"
                },
                "position": {
                  "basis": "50px"
                },
                "props": {
                  "style": {
                    "overflow": "hidden"
                  }
                },
                "type": "ia.container.flex"
              }
            ],
            "meta": {
              "name": "Bundling_first_part"
            },
            "position": {
              "basis": "1580px"
            },
            "props": {
              "direction": "column",
              "justify": "space-around",
              "style": {
                "borderBottomLeftRadius": 1,
                "borderBottomRightRadius": 1,
                "borderColor": "#DFDFDF",
                "borderStyle": "solid",
                "borderTopLeftRadius": 1,
                "borderTopRightRadius": 1,
                "borderWidth": 1
              }
            },
            "type": "ia.container.flex"
          }
        ],
        "meta": {
          "name": "Bundling_firstpart"
        },
        "position": {
          "basis": "578px"
        },
        "type": "ia.container.flex"
      },
      {
        "children": [
          {
            "children": [
              {
                "meta": {
                  "name": "Button"
                },
                "position": {
                  "basis": "80px"
                },
                "props": {
                  "style": {
                    "classes": "PPC/button"
                  },
                  "text": "Hold"
                },
                "type": "ia.input.button"
              },
              {
                "meta": {
                  "name": "Button_0"
                },
                "position": {
                  "basis": "80px"
                },
                "props": {
                  "style": {
                    "classes": "PPC/button"
                  },
                  "text": "Clear"
                },
                "type": "ia.input.button"
              },
              {
                "meta": {
                  "name": "Button_1"
                },
                "position": {
                  "basis": "80px"
                },
                "props": {
                  "style": {
                    "classes": "PPC/button"
                  },
                  "text": "Update"
                },
                "type": "ia.input.button"
              }
            ],
            "meta": {
              "name": "FlexContainer"
            },
            "position": {
              "basis": "285px"
            },
            "props": {
              "style": {
                "overflow": "hidden"
              }
            },
            "type": "ia.container.flex"
          },
          {
            "meta": {
              "name": "FlexContainer_0"
            },
            "position": {
              "basis": "1051px"
            },
            "type": "ia.container.flex"
          },
          {
            "children": [
              {
                "meta": {
                  "name": "Button"
                },
                "position": {
                  "basis": "80px"
                },
                "props": {
                  "style": {
                    "classes": "PPC/button"
                  },
                  "text": "Complete"
                },
                "type": "ia.input.button"
              },
              {
                "meta": {
                  "name": "Button_0"
                },
                "position": {
                  "basis": "80px"
                },
                "props": {
                  "style": {
                    "classes": "PPC/button"
                  },
                  "text": "Reassign"
                },
                "type": "ia.input.button"
              }
            ],
            "meta": {
              "name": "FlexContainer_1"
            },
            "position": {
              "basis": "200px"
            },
            "type": "ia.container.flex"
          }
        ],
        "meta": {
          "name": "Bundling_button"
        },
        "position": {
          "basis": "52px"
        },
        "props": {
          "justify": "space-around"
        },
        "type": "ia.container.flex"
      }
    ],
    "meta": {
      "name": "root"
    },
    "props": {
      "direction": "column",
      "justify": "space-between"
    },
    "type": "ia.container.flex"
  }
}