{
  "custom": {},
  "params": {
    "DieNo": "\"\"",
    "Die_allocation": 1,
    "remarks": "Testdytfyft"
  },
  "propConfig": {
    "params.DieNo": {
      "paramDirection": "input",
      "persistent": true
    },
    "params.Die_allocation": {
      "paramDirection": "input",
      "persistent": true
    },
    "params.remarks": {
      "paramDirection": "input",
      "persistent": true
    }
  },
  "props": {
    "defaultSize": {
      "height": 250,
      "width": 1067
    }
  },
  "root": {
    "children": [
      {
        "children": [
          {
            "children": [
              {
                "meta": {
                  "name": "Label"
                },
                "position": {
                  "basis": "224px"
                },
                "propConfig": {
                  "props.text": {
                    "binding": {
                      "config": {
                        "path": "view.params.Die_allocation"
                      },
                      "transforms": [
                        {
                          "code": "\ta\u003d\" Die Allocation\" \n\tb\u003d\" Die Allocation\" \n\tc\u003d\" Die Allocation\"\n\td\u003d\" Die Allocation\" \n\tif value\u003d\u003d1:\n\t\treturn str(value)+a\n\telif value\u003d\u003d2:\n\t\treturn str(value)+b\n\telif value\u003d\u003d3:\n\t\treturn str(value)+c\n\telse:\n\t\treturn str(value)+d",
                          "type": "script"
                        }
                      ],
                      "type": "property"
                    }
                  }
                },
                "props": {
                  "style": {
                    "color": "#FFFFFF",
                    "fontFamily": "Roboto",
                    "fontSize": 24,
                    "marginLeft": 10
                  }
                },
                "type": "ia.display.label"
              }
            ],
            "meta": {
              "name": "FlexContainer"
            },
            "position": {
              "basis": "51px"
            },
            "props": {
              "style": {
                "backgroundColor": "#3F5462",
                "classes": "#3F5462"
              }
            },
            "type": "ia.container.flex"
          },
          {
            "children": [
              {
                "children": [
                  {
                    "meta": {
                      "name": "Label"
                    },
                    "position": {
                      "basis": "100px"
                    },
                    "props": {
                      "style": {
                        "classes": "Toolshop/Entry_label"
                      },
                      "text": "Die No*"
                    },
                    "type": "ia.display.label"
                  },
                  {
                    "custom": {
                      "value": "value"
                    },
                    "meta": {
                      "name": "Dropdown"
                    },
                    "position": {
                      "basis": "209px"
                    },
                    "propConfig": {
                      "props.value": {
                        "binding": {
                          "config": {
                            "path": "view.params.DieNo"
                          },
                          "overlayOptOut": true,
                          "type": "property"
                        }
                      }
                    },
                    "props": {
                      "dropdownOptionStyle": {
                        "classes": "\n"
                      },
                      "enabled": false,
                      "options": [
                        {
                          "label": "Die1",
                          "value": "Die1"
                        },
                        {
                          "label": "Die2",
                          "value": "Die2"
                        },
                        {
                          "label": "Die3",
                          "value": "Die3"
                        },
                        {
                          "label": "Die4",
                          "value": "Die4"
                        },
                        {
                          "label": "Die5",
                          "value": "Die5"
                        },
                        {
                          "label": "Die6",
                          "value": "Die6"
                        },
                        {
                          "label": "Die7",
                          "value": "Die7"
                        }
                      ],
                      "style": {
                        "classes": "Toolshop/Entry_field"
                      }
                    },
                    "type": "ia.input.dropdown"
                  },
                  {
                    "meta": {
                      "name": "Label_0"
                    },
                    "position": {
                      "basis": "100px"
                    },
                    "props": {
                      "style": {
                        "classes": "Toolshop/Entry_label"
                      },
                      "text": "No.of Cavities"
                    },
                    "type": "ia.display.label"
                  },
                  {
                    "meta": {
                      "name": "TextField_0"
                    },
                    "position": {
                      "basis": "209px"
                    },
                    "propConfig": {
                      "props.text": {
                        "binding": {
                          "config": {
                            "path": "../Dropdown.props.value"
                          },
                          "overlayOptOut": true,
                          "transforms": [
                            {
                              "code": "\tquery\u003d\u0027\u0027\u0027SELECT\n\t       trim([Die_No]) as Die_No\n\t      ,[No_of_Cavity]\n\t      ,trim([Die_Desc]) as Die_Desc\n\t      ,trim([Backer]) as Backer\n\t      ,trim([Bolster]) as Bolster\n\t      ,trim([Special_Backer]) as Special_Backer\n\t      ,trim([Welding_Chamber]) as Welding_Chamber\n\t      ,trim([Ring]) as Ring\n\t      ,trim([Toolings]) as Toolings\n\t      ,trim([Die_type]) as Die_type\n\t  FROM [JALOMS].[dbo].[Die_Data]\n\t  where Die_No\u003d?\u0027\u0027\u0027\n\targs\u003d[value]  \n\tdata\u003dsystem.db.runPrepQuery(query, args, \u0027OMS\u0027)\n\t\n\t#backer Prop\n\tself.getSibling(\"TextField_1\").props.text\u003d(data[0][\u0027Backer\u0027])\n\t\n\t#Die Desc\n\tself.getSibling(\"TextField_2\").props.text \u003d data[0][\u0027Die_Desc\u0027]\n\t\n\t#Bolster\n\tself.parent.parent.getChild(\"FlexContainer_0\").getChild(\"TextField\").props.text \u003d data[0][\u0027Bolster\u0027]\n\t\n\t# Sp Backer\n\tself.parent.parent.getChild(\"FlexContainer_0\").getChild(\"TextField_0\").props.text \u003d data[0][\u0027Special_Backer\u0027]\n\t\n\t# Weld Chamber \n\tself.parent.parent.getChild(\"FlexContainer_0\").getChild(\"TextField_1\").props.text \u003d data [0][\u0027Welding_Chamber\u0027]\n\t\n\t#Ring type\n\tself.parent.parent.getChild(\"FlexContainer_0\").getChild(\"TextField_2\").props.text \u003d data [0][\u0027Ring\u0027]\n\t\n\t#Die type \n\tself.parent.parent.getChild(\"FlexContainer_1\").getChild(\"TextField\").props.text \u003d data [0][\u0027Die_type\u0027]\n\t\n\t#tooling\n\tself.parent.parent.getChild(\"FlexContainer_1\").getChild(\"TextField_0\").props.text \u003d data [0][\u0027Toolings\u0027]\n\t\n\treturn str(data[0][\u0027No_of_Cavity\u0027])\n\t\t\n\t",
                              "type": "script"
                            }
                          ],
                          "type": "property"
                        }
                      }
                    },
                    "props": {
                      "enabled": false,
                      "style": {
                        "classes": "Toolshop/Entry_field",
                        "marginBottom": 5,
                        "marginTop": 10
                      }
                    },
                    "type": "ia.input.text-field"
                  },
                  {
                    "meta": {
                      "name": "Label_2"
                    },
                    "position": {
                      "basis": "100px"
                    },
                    "props": {
                      "style": {
                        "classes": "Toolshop/Entry_label"
                      },
                      "text": "Backer"
                    },
                    "type": "ia.display.label"
                  },
                  {
                    "meta": {
                      "name": "TextField_1"
                    },
                    "position": {
                      "basis": "209px"
                    },
                    "props": {
                      "enabled": false,
                      "style": {
                        "classes": "Toolshop/Entry_field",
                        "marginBottom": 5,
                        "marginTop": 10
                      },
                      "text": "Backer2"
                    },
                    "type": "ia.input.text-field"
                  },
                  {
                    "meta": {
                      "name": "Label_1"
                    },
                    "position": {
                      "basis": "100px"
                    },
                    "props": {
                      "style": {
                        "classes": "Toolshop/Entry_label"
                      },
                      "text": "Die Description"
                    },
                    "type": "ia.display.label"
                  },
                  {
                    "meta": {
                      "name": "TextField_2"
                    },
                    "position": {
                      "basis": "209px"
                    },
                    "props": {
                      "enabled": false,
                      "style": {
                        "classes": "Toolshop/Entry_field",
                        "marginBottom": 5,
                        "marginTop": 10
                      },
                      "text": "Demo"
                    },
                    "type": "ia.input.text-field"
                  }
                ],
                "meta": {
                  "name": "FlexContainer"
                },
                "position": {
                  "basis": "55px"
                },
                "props": {
                  "justify": "space-evenly"
                },
                "type": "ia.container.flex"
              },
              {
                "children": [
                  {
                    "meta": {
                      "name": "Label"
                    },
                    "position": {
                      "basis": "100px"
                    },
                    "props": {
                      "style": {
                        "classes": "Toolshop/Entry_label"
                      },
                      "text": "Bolster"
                    },
                    "type": "ia.display.label"
                  },
                  {
                    "meta": {
                      "name": "TextField"
                    },
                    "position": {
                      "basis": "209px"
                    },
                    "props": {
                      "enabled": false,
                      "style": {
                        "classes": "Toolshop/Entry_field",
                        "marginBottom": 10,
                        "marginTop": 5
                      },
                      "text": "Bolster2"
                    },
                    "type": "ia.input.text-field"
                  },
                  {
                    "meta": {
                      "name": "Label_0"
                    },
                    "position": {
                      "basis": "100px"
                    },
                    "props": {
                      "style": {
                        "classes": "Toolshop/Entry_label"
                      },
                      "text": "Special Backer"
                    },
                    "type": "ia.display.label"
                  },
                  {
                    "meta": {
                      "name": "TextField_0"
                    },
                    "position": {
                      "basis": "209px"
                    },
                    "props": {
                      "enabled": false,
                      "style": {
                        "classes": "Toolshop/Entry_field",
                        "marginBottom": 10,
                        "marginLeft": 0,
                        "marginTop": 5
                      },
                      "text": "sb2"
                    },
                    "type": "ia.input.text-field"
                  },
                  {
                    "meta": {
                      "name": "Label_2"
                    },
                    "position": {
                      "basis": "100px"
                    },
                    "props": {
                      "style": {
                        "classes": "Toolshop/Entry_label"
                      },
                      "text": "Welding Chamber"
                    },
                    "type": "ia.display.label"
                  },
                  {
                    "meta": {
                      "name": "TextField_1"
                    },
                    "position": {
                      "basis": "209px"
                    },
                    "props": {
                      "enabled": false,
                      "style": {
                        "classes": "Toolshop/Entry_field",
                        "marginBottom": 10,
                        "marginTop": 5
                      },
                      "text": "wc2"
                    },
                    "type": "ia.input.text-field"
                  },
                  {
                    "meta": {
                      "name": "Label_1"
                    },
                    "position": {
                      "basis": "100px"
                    },
                    "props": {
                      "style": {
                        "classes": "Toolshop/Entry_label"
                      },
                      "text": "Ring Entry"
                    },
                    "type": "ia.display.label"
                  },
                  {
                    "meta": {
                      "name": "TextField_2"
                    },
                    "position": {
                      "basis": "209px"
                    },
                    "props": {
                      "enabled": false,
                      "style": {
                        "classes": "Toolshop/Entry_field",
                        "marginBottom": 10,
                        "marginTop": 5
                      },
                      "text": "r2"
                    },
                    "type": "ia.input.text-field"
                  }
                ],
                "meta": {
                  "name": "FlexContainer_0"
                },
                "position": {
                  "basis": "55px"
                },
                "props": {
                  "justify": "space-evenly"
                },
                "type": "ia.container.flex"
              },
              {
                "children": [
                  {
                    "meta": {
                      "name": "FlexContainer"
                    },
                    "position": {
                      "basis": "65px"
                    },
                    "type": "ia.container.flex"
                  },
                  {
                    "meta": {
                      "name": "Label"
                    },
                    "position": {
                      "basis": "100px"
                    },
                    "props": {
                      "style": {
                        "classes": "Toolshop/Entry_label"
                      },
                      "text": "Die Type"
                    },
                    "type": "ia.display.label"
                  },
                  {
                    "meta": {
                      "name": "FlexContainer_0"
                    },
                    "position": {
                      "basis": "65px"
                    },
                    "type": "ia.container.flex"
                  },
                  {
                    "meta": {
                      "name": "TextField"
                    },
                    "position": {
                      "basis": "209px"
                    },
                    "props": {
                      "enabled": false,
                      "style": {
                        "classes": "Toolshop/Entry_field",
                        "marginBottom": 10,
                        "marginTop": 5
                      },
                      "text": "DT2"
                    },
                    "type": "ia.input.text-field"
                  },
                  {
                    "meta": {
                      "name": "FlexContainer_1"
                    },
                    "position": {
                      "basis": "65px"
                    },
                    "type": "ia.container.flex"
                  },
                  {
                    "meta": {
                      "name": "Label_0"
                    },
                    "position": {
                      "basis": "100px"
                    },
                    "props": {
                      "style": {
                        "classes": "Toolshop/Entry_label"
                      },
                      "text": "Tooling"
                    },
                    "type": "ia.display.label"
                  },
                  {
                    "meta": {
                      "name": "FlexContainer_2"
                    },
                    "position": {
                      "basis": "70px"
                    },
                    "type": "ia.container.flex"
                  },
                  {
                    "meta": {
                      "name": "TextField_0"
                    },
                    "position": {
                      "basis": "209px"
                    },
                    "props": {
                      "enabled": false,
                      "style": {
                        "classes": "Toolshop/Entry_field",
                        "marginBottom": 10,
                        "marginTop": 5
                      },
                      "text": "T2"
                    },
                    "type": "ia.input.text-field"
                  },
                  {
                    "meta": {
                      "name": "FlexContainer_3"
                    },
                    "position": {
                      "basis": "70px"
                    },
                    "type": "ia.container.flex"
                  },
                  {
                    "meta": {
                      "name": "Label_2"
                    },
                    "position": {
                      "basis": "100px"
                    },
                    "props": {
                      "style": {
                        "classes": "Toolshop/Entry_label"
                      },
                      "text": "Tool Shop Remarks"
                    },
                    "type": "ia.display.label"
                  },
                  {
                    "meta": {
                      "name": "FlexContainer_4"
                    },
                    "position": {
                      "basis": "60px"
                    },
                    "type": "ia.container.flex"
                  },
                  {
                    "meta": {
                      "name": "TextField_1"
                    },
                    "position": {
                      "basis": "655px"
                    },
                    "propConfig": {
                      "props.text": {
                        "binding": {
                          "config": {
                            "path": "view.params.remarks"
                          },
                          "overlayOptOut": true,
                          "type": "property"
                        }
                      }
                    },
                    "props": {
                      "enabled": false,
                      "placeholder": "Remarks....",
                      "style": {
                        "classes": "Toolshop/Entry_field",
                        "marginBottom": 10,
                        "marginTop": 5
                      }
                    },
                    "type": "ia.input.text-field"
                  }
                ],
                "meta": {
                  "name": "FlexContainer_1"
                },
                "position": {
                  "basis": "55px"
                },
                "type": "ia.container.flex"
              }
            ],
            "meta": {
              "name": "FlexContainer_0"
            },
            "position": {
              "basis": "200px"
            },
            "props": {
              "direction": "column",
              "justify": "space-evenly"
            },
            "type": "ia.container.flex"
          }
        ],
        "meta": {
          "name": "FlexContainer"
        },
        "position": {
          "basis": "268px"
        },
        "props": {
          "direction": "column",
          "style": {
            "borderBottomLeftRadius": "4px",
            "borderBottomRightRadius": "4px",
            "borderColor": "#C6C6C6",
            "borderStyle": "solid",
            "borderTopLeftRadius": "4px",
            "borderTopRightRadius": "4px",
            "borderWidth": "1px"
          }
        },
        "type": "ia.container.flex"
      }
    ],
    "meta": {
      "name": "root"
    },
    "props": {
      "direction": "column",
      "justify": "space-around",
      "style": {
        "classes": "Operator/flex_rep",
        "marginBottom": 5,
        "marginTop": 5
      }
    },
    "type": "ia.container.flex"
  }
}