{
  "custom": {},
  "params": {},
  "props": {
    "defaultSize": {
      "height": 261,
      "width": 398
    }
  },
  "root": {
    "children": [
      {
        "children": [
          {
            "meta": {
              "name": "Label"
            },
            "position": {
              "basis": "304px"
            },
            "props": {
              "style": {
                "classes": "Popup/header"
              },
              "text": "Billet Information"
            },
            "type": "ia.display.label"
          }
        ],
        "meta": {
          "name": "Header"
        },
        "position": {
          "basis": "40px",
          "shrink": 0
        },
        "props": {
          "justify": "space-between",
          "style": {
            "overflow": "hidden"
          }
        },
        "type": "ia.container.flex"
      },
      {
        "children": [
          {
            "children": [
              {
                "meta": {
                  "name": "Label"
                },
                "position": {
                  "basis": "53px"
                },
                "props": {
                  "style": {
                    "classes": "Popup/entry_label"
                  },
                  "text": "Batch No"
                },
                "type": "ia.display.label"
              },
              {
                "meta": {
                  "name": "Label_0"
                },
                "position": {
                  "basis": "53px"
                },
                "props": {
                  "style": {
                    "classes": "Popup/entry_label"
                  },
                  "text": "Actual internal Alloy"
                },
                "type": "ia.display.label"
              },
              {
                "meta": {
                  "name": "Label_1"
                },
                "position": {
                  "basis": "53px"
                },
                "props": {
                  "style": {
                    "classes": "Popup/entry_label"
                  },
                  "text": "Log End Scrap(Kg)"
                },
                "type": "ia.display.label"
              }
            ],
            "meta": {
              "name": "label_field"
            },
            "position": {
              "basis": "502px"
            },
            "props": {
              "direction": "column"
            },
            "type": "ia.container.flex"
          },
          {
            "children": [
              {
                "meta": {
                  "name": "TextField"
                },
                "position": {
                  "basis": "40px"
                },
                "props": {
                  "style": {
                    "classes": "Popup/entry_field"
                  }
                },
                "type": "ia.input.text-field"
              },
              {
                "meta": {
                  "name": "TextField_0"
                },
                "position": {
                  "basis": "40px"
                },
                "props": {
                  "style": {
                    "classes": "Popup/entry_field"
                  }
                },
                "type": "ia.input.text-field"
              },
              {
                "meta": {
                  "name": "TextField_1"
                },
                "position": {
                  "basis": "40px"
                },
                "props": {
                  "style": {
                    "classes": "Popup/entry_field"
                  }
                },
                "type": "ia.input.text-field"
              }
            ],
            "meta": {
              "name": "text_field"
            },
            "position": {
              "basis": "502px"
            },
            "props": {
              "direction": "column",
              "justify": "space-around"
            },
            "type": "ia.container.flex"
          }
        ],
        "meta": {
          "name": "body"
        },
        "position": {
          "basis": "150px"
        },
        "type": "ia.container.flex"
      },
      {
        "children": [
          {
            "children": [
              {
                "meta": {
                  "name": "save"
                },
                "position": {
                  "basis": "100px"
                },
                "props": {
                  "image": {
                    "style": {
                      "classes": "Toolshop/button"
                    }
                  },
                  "style": {
                    "classes": "Popup/button"
                  },
                  "text": "Save"
                },
                "type": "ia.input.button"
              },
              {
                "meta": {
                  "name": "update"
                },
                "position": {
                  "basis": "100px"
                },
                "props": {
                  "style": {
                    "classes": "Popup/button"
                  },
                  "text": "Update"
                },
                "type": "ia.input.button"
              },
              {
                "events": {
                  "dom": {
                    "onClick": {
                      "config": {
                        "script": "\tsystem.perspective.closePopup(\u0027abcd1234\u0027)\n\t"
                      },
                      "scope": "G",
                      "type": "script"
                    }
                  }
                },
                "meta": {
                  "name": "close"
                },
                "position": {
                  "basis": "100px"
                },
                "props": {
                  "image": {
                    "style": {
                      "classes": "Toolshop/button"
                    }
                  },
                  "style": {
                    "classes": "Popup/button"
                  },
                  "text": "Close"
                },
                "type": "ia.input.button"
              }
            ],
            "meta": {
              "name": "FlexContainer"
            },
            "position": {
              "basis": "398px"
            },
            "props": {
              "alignContent": "space-around",
              "justify": "space-evenly"
            },
            "type": "ia.container.flex"
          }
        ],
        "meta": {
          "name": "Buttons"
        },
        "position": {
          "basis": "54px"
        },
        "props": {
          "justify": "space-around"
        },
        "type": "ia.container.flex"
      }
    ],
    "meta": {
      "name": "root"
    },
    "props": {
      "direction": "column",
      "justify": "space-evenly",
      "style": {
        "overflow": "hidden"
      }
    },
    "type": "ia.container.flex"
  }
}