{
  "custom": {},
  "params": {},
  "props": {
    "defaultSize": {
      "height": 60,
      "width": 1050
    }
  },
  "root": {
    "children": [
      {
        "children": [
          {
            "children": [
              {
                "meta": {
                  "name": "Label"
                },
                "position": {
                  "basis": "100px"
                },
                "props": {
                  "style": {
                    "classes": "Operator/entry_label"
                  },
                  "text": "Die Change Start"
                },
                "type": "ia.display.label"
              },
              {
                "meta": {
                  "name": "TextField"
                },
                "position": {
                  "basis": "200px"
                },
                "props": {
                  "style": {
                    "classes": "Operator/entry_field",
                    "marginBottom": 15,
                    "marginTop": 15
                  }
                },
                "type": "ia.input.text-field"
              }
            ],
            "meta": {
              "name": "FlexContainer"
            },
            "position": {
              "basis": "261px"
            },
            "type": "ia.container.flex"
          },
          {
            "children": [
              {
                "meta": {
                  "name": "Label"
                },
                "position": {
                  "basis": "130px"
                },
                "props": {
                  "style": {
                    "classes": "Operator/entry_label"
                  },
                  "text": "Die change End"
                },
                "type": "ia.display.label"
              },
              {
                "meta": {
                  "name": "TextField"
                },
                "position": {
                  "basis": "179px"
                },
                "props": {
                  "style": {
                    "classes": "Operator/entry_field",
                    "marginBottom": 15,
                    "marginTop": 15
                  }
                },
                "type": "ia.input.text-field"
              }
            ],
            "meta": {
              "name": "FlexContainer_0"
            },
            "position": {
              "basis": "261px"
            },
            "type": "ia.container.flex"
          },
          {
            "children": [
              {
                "meta": {
                  "name": "Label"
                },
                "position": {
                  "basis": "58.3px"
                },
                "props": {
                  "style": {
                    "classes": "Operator/entry_label"
                  },
                  "text": "Die Fail"
                },
                "type": "ia.display.label"
              },
              {
                "meta": {
                  "name": "RadioGroup"
                },
                "position": {
                  "basis": "172px"
                },
                "props": {
                  "index": 1,
                  "radios": [
                    {
                      "selected": false,
                      "text": "Yes",
                      "value": 1
                    },
                    {
                      "selected": true,
                      "text": "No",
                      "value": 0
                    }
                  ],
                  "value": 0
                },
                "type": "ia.input.radio-group"
              }
            ],
            "meta": {
              "name": "FlexContainer_1"
            },
            "position": {
              "basis": "300px"
            },
            "type": "ia.container.flex"
          },
          {
            "children": [
              {
                "meta": {
                  "name": "Label"
                },
                "position": {
                  "basis": "130px"
                },
                "props": {
                  "style": {
                    "classes": "Operator/entry_label"
                  },
                  "text": "Die Failure Reason*"
                },
                "type": "ia.display.label"
              },
              {
                "meta": {
                  "name": "TextField"
                },
                "position": {
                  "basis": "179px"
                },
                "props": {
                  "style": {
                    "classes": "Operator/entry_field",
                    "marginBottom": 15,
                    "marginTop": 15
                  }
                },
                "type": "ia.input.text-field"
              }
            ],
            "meta": {
              "name": "FlexContainer_2"
            },
            "position": {
              "basis": "261px"
            },
            "type": "ia.container.flex"
          },
          {
            "children": [
              {
                "meta": {
                  "name": "Label"
                },
                "position": {
                  "basis": "130px"
                },
                "props": {
                  "style": {
                    "classes": "Operator/entry_label"
                  },
                  "text": "Die fail Responsible Department*"
                },
                "type": "ia.display.label"
              },
              {
                "meta": {
                  "name": "TextField"
                },
                "position": {
                  "basis": "179px"
                },
                "props": {
                  "style": {
                    "classes": "Operator/entry_field",
                    "marginBottom": 15,
                    "marginTop": 15
                  }
                },
                "type": "ia.input.text-field"
              }
            ],
            "meta": {
              "name": "FlexContainer_3"
            },
            "position": {
              "basis": "261px"
            },
            "props": {
              "justify": "space-evenly",
              "style": {
                "overflow": "hidden"
              }
            },
            "type": "ia.container.flex"
          }
        ],
        "meta": {
          "name": "FlexContainer_0"
        },
        "position": {
          "basis": "67px"
        },
        "props": {
          "justify": "space-evenly"
        },
        "type": "ia.container.flex"
      }
    ],
    "meta": {
      "name": "root"
    },
    "props": {
      "direction": "column",
      "style": {
        "classes": "Operator/flex_rep"
      }
    },
    "type": "ia.container.flex"
  }
}