{
  "custom": {
    "Tab": 1,
    "User": 1
  },
  "params": {},
  "propConfig": {
    "custom.Tab": {
      "persistent": true
    },
    "custom.User": {
      "persistent": true
    }
  },
  "props": {
    "defaultSize": {
      "height": 96,
      "width": 1781
    }
  },
  "root": {
    "children": [
      {
        "meta": {
          "name": "FlexContainer"
        },
        "position": {
          "basis": "10px",
          "shrink": 0
        },
        "props": {
          "style": {
            "overflow": "hidden"
          }
        },
        "type": "ia.container.flex"
      },
      {
        "events": {
          "dom": {
            "onClick": {
              "config": {
                "page": "/"
              },
              "scope": "C",
              "type": "nav"
            }
          }
        },
        "meta": {
          "name": "Image"
        },
        "position": {
          "basis": "140px",
          "shrink": 0
        },
        "props": {
          "fit": {
            "height": 200,
            "mode": "contain",
            "width": 200
          },
          "source": "/system/images/Jindal_logo.png",
          "style": {
            "margin": 8
          }
        },
        "type": "ia.display.image"
      },
      {
        "meta": {
          "name": "FlexContainer_0"
        },
        "position": {
          "basis": "10px",
          "shrink": 0
        },
        "type": "ia.container.flex"
      },
      {
        "children": [
          {
            "meta": {
              "name": "FlexContainer_0"
            },
            "position": {
              "basis": "20px",
              "shrink": 0
            },
            "type": "ia.container.flex"
          },
          {
            "meta": {
              "name": "Label"
            },
            "position": {
              "basis": "50px",
              "grow": 1
            },
            "propConfig": {
              "props.textStyle.color": {
                "binding": {
                  "config": {
                    "path": "view.custom.Tab"
                  },
                  "transforms": [
                    {
                      "code": "\tif value\u003d\u003d1:\n\t\treturn \u0027#257A8C\u0027\n\telse:\n\t\treturn \u0027#595959\u0027\t\n\t\t",
                      "type": "script"
                    }
                  ],
                  "type": "property"
                }
              }
            },
            "props": {
              "text": "Log Receive",
              "textStyle": {
                "fontFamily": "Roboto",
                "fontSize": 16,
                "fontWeight": "bolder",
                "textAlign": "center"
              }
            },
            "type": "ia.display.label"
          },
          {
            "meta": {
              "name": "FlexContainer"
            },
            "position": {
              "basis": "5px",
              "shrink": 0
            },
            "propConfig": {
              "props.style.backgroundColor": {
                "binding": {
                  "config": {
                    "path": "view.custom.Tab"
                  },
                  "transforms": [
                    {
                      "code": "\tif value\u003d\u003d1:\n\t\treturn \u0027#257A8C\u0027\n\telse:\n\t\treturn \u0027#FFFFFF\u0027\t",
                      "type": "script"
                    }
                  ],
                  "type": "property"
                }
              }
            },
            "props": {
              "style": {
                "borderBottomLeftRadius": 4,
                "borderBottomRightRadius": 4,
                "borderTopLeftRadius": 4,
                "borderTopRightRadius": 4,
                "margin": 15
              }
            },
            "type": "ia.container.flex"
          }
        ],
        "events": {
          "dom": {
            "onClick": [
              {
                "config": {
                  "script": "\tself.view.custom.Tab\u003d1"
                },
                "scope": "G",
                "type": "script"
              },
              {
                "config": {
                  "page": "/Receiving"
                },
                "scope": "C",
                "type": "nav"
              }
            ]
          }
        },
        "meta": {
          "name": "Tab1"
        },
        "position": {
          "basis": "100px",
          "shrink": 0
        },
        "props": {
          "direction": "column",
          "justify": "flex-end"
        },
        "type": "ia.container.flex"
      },
      {
        "meta": {
          "name": "FlexContainer_1"
        },
        "position": {
          "basis": "100px",
          "grow": 1
        },
        "type": "ia.container.flex"
      },
      {
        "children": [
          {
            "children": [
              {
                "meta": {
                  "name": "Label"
                },
                "position": {
                  "basis": "95px"
                },
                "propConfig": {
                  "props.text": {
                    "binding": {
                      "config": {
                        "path": "session.props.auth.user.userName"
                      },
                      "type": "property"
                    }
                  }
                },
                "props": {
                  "textStyle": {
                    "color": "#5A5A5A",
                    "fontFamily": "Roboto",
                    "fontSize": 18,
                    "fontWeight": "500",
                    "marginTop": 8,
                    "textAlign": "center"
                  }
                },
                "type": "ia.display.label"
              }
            ],
            "meta": {
              "name": "FlexContainer"
            },
            "position": {
              "basis": "180px",
              "shrink": 0
            },
            "props": {
              "direction": "column"
            },
            "type": "ia.container.flex"
          },
          {
            "events": {
              "dom": {
                "onClick": {
                  "config": {
                    "draggable": true,
                    "id": "nuCHt-37",
                    "modal": false,
                    "overlayDismiss": true,
                    "resizable": false,
                    "showCloseIcon": false,
                    "type": "open",
                    "viewPath": "Popup/Toolshop/Logout",
                    "viewportBound": true
                  },
                  "scope": "C",
                  "type": "popup"
                }
              }
            },
            "meta": {
              "name": "Icon"
            },
            "position": {
              "basis": "60px"
            },
            "props": {
              "path": "material/account_circle",
              "style": {
                "marginLeft": 10
              }
            },
            "type": "ia.display.icon"
          }
        ],
        "meta": {
          "name": "User"
        },
        "position": {
          "basis": "250px",
          "shrink": 0
        },
        "props": {
          "justify": "flex-end"
        },
        "type": "ia.container.flex"
      }
    ],
    "meta": {
      "name": "root",
      "tooltip": {
        "style": {
          "backgroundColor": "#FFFFFF",
          "borderColor": " #E3E3E3",
          "borderStyle": "solid",
          "borderWidth": 1,
          "boxShadow": "0px 1px 4px rgba(35, 53, 81, 0.16)"
        }
      }
    },
    "position": {
      "basis": "68px",
      "display": true,
      "grow": 0,
      "shrink": 0
    },
    "props": {
      "style": {
        "backgroundColor": "#FFFFFF",
        "borderBottomColor": "#E3E3E3",
        "borderBottomStyle": "solid",
        "borderBottomWidth": "1px",
        "borderLeftStyle": "none",
        "borderLeftWidth": 1,
        "borderRightStyle": "none",
        "borderRightWidth": 1,
        "borderTopStyle": "none",
        "borderTopWidth": 1,
        "boxShadow": "0px 1px 4px rgba(35, 53, 81, 0.16)",
        "overflow": "hidden"
      }
    },
    "type": "ia.container.flex"
  }
}