{
  "custom": {},
  "params": {},
  "props": {},
  "root": {
    "children": [
      {
        "custom": {
          "Update": 0
        },
        "meta": {
          "name": "Table"
        },
        "position": {
          "basis": "400px",
          "grow": 1
        },
        "propConfig": {
          "props.data": {
            "binding": {
              "config": {
                "path": "this.custom.Update"
              },
              "overlayOptOut": true,
              "transforms": [
                {
                  "code": "\timport copy\n\t\n\trawJSON \u003d {\n\t\t\"endCutMachine\":\"\"\n\t}\t\n\treturnJSON\u003d[]\n\t\n\tendCutMachinesArray \u003d [\u0027EC1\u0027, \u0027EC2\u0027, \u0027EC3\u0027]\n\tfor i in range (3):\n\t\tentry\u003dcopy.deepcopy(rawJSON)\n\t\tentry[\"endCutMachine\"] \u003d endCutMachinesArray[i]\n\t\treturnJSON.append(entry)\n\treturn returnJSON\n\t",
                  "type": "script"
                }
              ],
              "type": "property"
            }
          }
        },
        "props": {
          "bodyStyle": {
            "backgroundColor": "#E3E3E3",
            "margin": ""
          },
          "cells": {
            "allowEditOn": "single-click",
            "style": {
              "classes": "Table/Table_Cell",
              "fontFamily": "Arial",
              "fontSize": 12,
              "textAlign": "left"
            }
          },
          "columns": [
            {
              "align": "center",
              "boolean": "checkbox",
              "dateFormat": "MM/DD/YYYY",
              "editable": false,
              "field": "endCutMachine",
              "filter": {
                "boolean": {
                  "condition": ""
                },
                "date": {
                  "condition": "",
                  "value": ""
                },
                "enabled": false,
                "number": {
                  "condition": "",
                  "value": ""
                },
                "string": {
                  "condition": "",
                  "value": ""
                },
                "visible": "on-hover"
              },
              "footer": {
                "align": "center",
                "justify": "left",
                "style": {
                  "classes": ""
                },
                "title": ""
              },
              "header": {
                "align": "center",
                "justify": "center",
                "style": {
                  "classes": ""
                },
                "title": "End Cut Machines"
              },
              "justify": "auto",
              "number": "value",
              "numberFormat": "0,0.##",
              "progressBar": {
                "bar": {
                  "color": "",
                  "style": {
                    "classes": ""
                  }
                },
                "max": 100,
                "min": 0,
                "track": {
                  "color": "",
                  "style": {
                    "classes": ""
                  }
                },
                "value": {
                  "enabled": true,
                  "format": "0,0.##",
                  "justify": "center",
                  "style": {
                    "classes": ""
                  }
                }
              },
              "render": "auto",
              "resizable": true,
              "sort": "none",
              "sortable": false,
              "strictWidth": false,
              "style": {
                "classes": ""
              },
              "toggleSwitch": {
                "color": {
                  "selected": "",
                  "unselected": ""
                }
              },
              "viewParams": {},
              "viewPath": "",
              "visible": true,
              "width": ""
            }
          ],
          "emptyMessage": {
            "style": {
              "backgroundColor": "#E3E3E3",
              "borderStyle": "none"
            }
          },
          "headerStyle": {
            "classes": "Table/Table_Header"
          },
          "pager": {
            "bottom": false,
            "initialOption": 50
          },
          "resizeMode": "fixed",
          "rows": {
            "height": 44,
            "highlight": {
              "color": "#FDF1D3"
            },
            "striped": {
              "color": {
                "even": "#FFFFFF",
                "odd": "#FFFFFF"
              },
              "style": {
                "marginTop": 5
              }
            },
            "style": {
              "classes": "Table/Table_Row"
            },
            "subview": {
              "enabled": true,
              "viewPath": "EndcuttingTemplates/ECMachineSubviewOld"
            },
            "subviewExpansionMode": "single"
          },
          "selection": {
            "mode": "single interval"
          },
          "style": {
            "classes": "Table/Table_style"
          }
        },
        "type": "ia.display.table"
      }
    ],
    "meta": {
      "name": "root"
    },
    "props": {
      "direction": "column"
    },
    "type": "ia.container.flex"
  }
}