{
  "custom": {
    "FromDate": {
      "$": [
        "ts",
        192,
        1709289068749
      ],
      "$ts": 1692009068749
    },
    "No_Of_PreviousDate": 200,
    "ToDate": {
      "$": [
        "ts",
        192,
        1709289068749
      ],
      "$ts": 1709289068749
    }
  },
  "params": {
    "FromDate": "2024-1-4 00:00:01",
    "ToDate": "2024-1-4 23:59:59",
    "downloadData": {
      "$": [
        "ds",
        192,
        1709282552348
      ],
      "$columns": [
        {
          "data": [],
          "name": "Prod Order",
          "type": "String"
        },
        {
          "data": [],
          "name": "Operation",
          "type": "String"
        },
        {
          "data": [],
          "name": "Recorded DateTime",
          "type": "String"
        },
        {
          "data": [],
          "name": "Material Code",
          "type": "String"
        },
        {
          "data": [],
          "name": "Material Description",
          "type": "String"
        },
        {
          "data": [],
          "name": "Material Selection",
          "type": "String"
        },
        {
          "data": [],
          "name": "Batch",
          "type": "String"
        },
        {
          "data": [],
          "name": "Quantity",
          "type": "String"
        },
        {
          "data": [],
          "name": "Qty Uom",
          "type": "String"
        },
        {
          "data": [],
          "name": "Total (kg)",
          "type": "String"
        },
        {
          "data": [],
          "name": " ",
          "type": "String"
        }
      ]
    }
  },
  "propConfig": {
    "custom.FromDate": {
      "binding": {
        "config": {
          "expression": "{view.custom.ToDate}"
        },
        "transforms": [
          {
            "code": "\tTo\u003dself.custom.ToDate\n\tdays\u003dself.custom.No_Of_PreviousDate\n\tMdate\u003dsystem.date.addDays(To,-days)\n\treturn Mdate",
            "type": "script"
          }
        ],
        "type": "expr"
      },
      "persistent": true
    },
    "custom.No_Of_PreviousDate": {
      "persistent": true
    },
    "custom.ToDate": {
      "binding": {
        "config": {
          "expression": "now(6000)"
        },
        "type": "expr"
      },
      "persistent": true
    },
    "params.FromDate": {
      "onChange": {
        "enabled": null,
        "script": "#\tif previousValue.value!\u003dcurrentValue.value:\n\tself.getChild(\"root\").getChild(\"Table_0\").custom.Update\u003d0\n\tself.getChild(\"root\").getChild(\"Table_0\").custom.Update\u003d1\t\n#\telse:\n#\t\tpass\t"
      },
      "paramDirection": "input",
      "persistent": true
    },
    "params.ToDate": {
      "onChange": {
        "enabled": null,
        "script": "#\tif previousValue.value!\u003dcurrentValue.value:\n\tself.getChild(\"root\").getChild(\"Table_0\").custom.Update\u003d0\n\tself.getChild(\"root\").getChild(\"Table_0\").custom.Update\u003d1\t\n#\telse:\n#\t\tpass\t"
      },
      "paramDirection": "input",
      "persistent": true
    },
    "params.downloadData": {
      "binding": {
        "config": {
          "path": "/root/Table_0.props.data"
        },
        "overlayOptOut": true,
        "transforms": [
          {
            "code": "\ttry:\n\t\tdataSet \u003d value\n\t\torgColumns \u003d system.dataset.getColumnHeaders(dataSet)\n\t\tdisplayColumns \u003d self.getChild(\"root\").getChild(\"Table_0\").props.columns\n\t\theaders \u003d []\n\t\tnewData \u003d []\n\t\tshowColumns \u003d []\n\t\tfinalDataset \u003d []\n\t\t\t\n\t\tfor oIdx in range(dataSet.getColumnCount()):\n\t\t\n\t\t\t# we want to know if orgColumns[oIdx] is found in displayColumns\n\t\t\tmatch \u003d False; # we haven\u0027t found it yet\n\t\t\tz \u003d 2\n\t\t\tfor sIdx in range(len(displayColumns)):\n\t\t\t\t\n\t\t\t\tif(orgColumns[oIdx] \u003d\u003d displayColumns[sIdx].field):\n\t\t\t\t\t# we have found orgColumns[oIdx] in displayColumns, so we can stop searching\n\t\t\t\t\tmatch \u003d True;\n\t\t\t\t\tbreak;\n\t\t\t\t# if we never find orgColumns[oIdx] in displayColumns, the for loop will simply end,\n\t\t\t\t# and match will remain false\n\t\t\t# add orgColumns[oIdx] to showColumns only if we find a match.\n\t\t\tif (match):\n\t\t\t\n\t\t\t\tshowColumns.append(orgColumns[oIdx]);\n\t\t\t\theaders.append(displayColumns[oIdx].header.title)\n\t\t\t\t\n\t\tfilterDataset \u003d system.dataset.filterColumns(dataSet, showColumns)\n\t\t\n\t\tfor rowIndex in range(filterDataset.getRowCount()):\n\t\t\trow \u003d [filterDataset.getValueAt(rowIndex,col) for col in range(filterDataset.getColumnCount())]\n\t\t\tnewData.append(row)\n\t\t\t\n\t\tfilterDataset \u003d system.dataset.toDataSet(headers, newData)\n\t\tfinalDataset \u003d system.dataset.toPyDataSet(filterDataset)\n\t\treturn finalDataset\n\texcept:\n\t\treturn []\t\n\t",
            "type": "script"
          }
        ],
        "type": "property"
      },
      "paramDirection": "output",
      "persistent": true
    }
  },
  "props": {
    "defaultSize": {
      "width": 823
    }
  },
  "root": {
    "children": [
      {
        "custom": {
          "Update": 1
        },
        "meta": {
          "name": "Table_0"
        },
        "position": {
          "basis": "400px",
          "grow": 1
        },
        "propConfig": {
          "props.data": {
            "binding": {
              "config": {
                "path": "this.custom.Update"
              },
              "overlayOptOut": true,
              "transforms": [
                {
                  "code": "\t\n\t#Get list of PO\u0027s\n\tquery1\u003d\u0027\u0027\u0027\n\t\tSELECT DISTINCT trim(mes_main.[PO]) as [PO]\t\t  \t\t      \t\t    \n\t\t    FROM mes_main, mes_orders\n\t    WHERE [mes_orders].[release_date] \u003e\u003d ? and [mes_orders].[release_date] \u003c\u003d ?\n\t    AND mes_main.[PO] \u003d [mes_orders].[production_order]\n\t    AND mes_main.[Status] IN (\u0027Casting Completed\u0027, \u0027End Cutting Pending\u0027)\n\t\u0027\u0027\u0027\n#\tData1\u003dsystem.db.runPrepQuery(query1, [system.date.addDays(system.date.now(), -1000),system.date.now()], \u0027CIMS2\u0027)\n\tData1\u003dsystem.db.runPrepQuery(query1, [self.view.params.FromDate,self.view.params.ToDate], \u0027CIMS2\u0027)\n\tFDATA\u003d[]\n\tfor i in range(len(Data1)):\n\t\tFDATA.append(str(Data1[i][\u0027PO\u0027]))\t\t\n\t\n\t#Load list of PO\u0027s to A\n\tA\u003dFDATA\n\tFdata \u003d \u0027\u0027\n\t#Get required data from casting table in to DATA1\n\tfor i in range(len(A)):\n\t\tif i\u003d\u003d0:\n\t\t\tFdata\u003dstr(A[i])\n\t\telse:\n\t\t\tFdata\u003dFdata+\u0027,\u0027+str(A[i])\n\n\tq2\u003dFdata\n#\tq1\u003d\u0027\u0027\u0027\n#\tWITH RankedOperations AS (\n#\t    SELECT\n#\t        CASE\n#\t            WHEN ROW_NUMBER() OVER (PARTITION BY [prod_order] ORDER BY [date_time]) \u003d 1 THEN [prod_order]\n#\t            ELSE \u0027\u0027  -- Display an empty string instead of null\n#\t        END AS [prod_order],\n#\t        CASE\n#\t            WHEN LAG([oprn]) OVER (PARTITION BY [prod_order] ORDER BY [date_time]) IS NULL OR\n#\t                 [oprn] \u003c\u003e LAG([oprn]) OVER (PARTITION BY [prod_order] ORDER BY [date_time]) THEN\n#\t                CASE\n#\t                    WHEN [oprn] \u003d 10 THEN \u0027Melting\u0027\n#\t                    WHEN [oprn] \u003d 20 THEN \u0027Holding\u0027\n#\t                    WHEN [oprn] \u003d 30 THEN \u0027Casting\u0027\n#\t                    ELSE \u0027Unknown\u0027\n#\t                END\n#\t            ELSE \u0027\u0027  -- Display an empty string instead of null\n#\t        END AS [oprn],\n#\t        [date_time],\n#\t        [material_code],\n#\t        [material_description],\n#\t        [material_selection],\n#\t        [batch],\n#\t        [qty],\n#\t        [qty_uom],\n#\t        CASE\n#\t            WHEN ROW_NUMBER() OVER (PARTITION BY [prod_order], [oprn] ORDER BY [date_time]) \u003d 1 THEN\n#\t                ISNULL(CONVERT(varchar, TRY_CAST(SUM(TRY_CAST([qty] AS decimal(10, 3))) OVER (PARTITION BY [prod_order], [oprn]) AS decimal(10, 3))), \u0027\u0027)\n#\t            ELSE \u0027\u0027  -- Display an empty string instead of null\n#\t        END AS Total  -- Calculate the sum of qty partitioned by prod_order and oprn\n#\t    FROM [CIMS].[dbo].[mes_MF\u0026HF_operation]\n#\t    WHERE \n#\t        prod_order IN (\u0027\u0027\u0027+q2+\u0027\u0027\u0027)\n#\t        AND oprn IN (10, 20, 30)\n#\t        AND material_selection \u003d \u0027OUT\u0027\n#\t)\n#\tSELECT\n#\t    [prod_order],\n#\t    [oprn],\n#\t    [date_time],\n#\t    [material_code],\n#\t    [material_description],\n#\t    [material_selection],\n#\t    [batch],\n#\t    [qty],\n#\t    [qty_uom],\n#\t    [Total]  -- Include the \u0027Total\u0027 column only in the first row of each prod_order and oprn combination\n#\tFROM RankedOperations\n#\t\u0027\u0027\u0027\n\tq1\u003d\u0027\u0027\u0027WITH RankedOperations AS (\n\t    SELECT\n\t        [prod_order] AS [PO1],  -- Use \u0027prod_order\u0027 directly for \u0027PO1\u0027 column\n\t        CASE\n\t            WHEN ROW_NUMBER() OVER (PARTITION BY [prod_order] ORDER BY [date_time]) \u003d 1 THEN [prod_order]\n\t            ELSE \u0027\u0027  -- Display an empty string instead of null\n\t        END AS [prod_order],\n\t        CASE\n\t            WHEN LAG([oprn]) OVER (PARTITION BY [prod_order] ORDER BY [date_time]) IS NULL OR\n\t                 [oprn] \u003c\u003e LAG([oprn]) OVER (PARTITION BY [prod_order] ORDER BY [date_time]) THEN\n\t                CASE\n\t                    WHEN [oprn] \u003d 10 THEN \u0027Melting\u0027\n\t                    WHEN [oprn] \u003d 20 THEN \u0027Holding\u0027\n\t                    WHEN [oprn] \u003d 30 THEN \u0027Casting\u0027\n\t                    ELSE \u0027Unknown\u0027\n\t                END\n\t            ELSE \u0027\u0027  -- Display an empty string instead of null\n\t        END AS [oprn],\n\t        [date_time],\n\t        [material_code],\n\t        [material_description],\n\t        [material_selection],\n\t        [batch],\n\t        [qty],\n\t        [qty_uom],\n\t        CASE\n\t            WHEN ROW_NUMBER() OVER (PARTITION BY [prod_order], [oprn] ORDER BY [date_time]) \u003d 1 THEN\n\t                ISNULL(CONVERT(varchar, TRY_CAST(SUM(TRY_CAST([qty] AS decimal(10, 3))) OVER (PARTITION BY [prod_order], [oprn]) AS decimal(10, 3))), \u0027\u0027)\n\t            ELSE \u0027\u0027  -- Display an empty string instead of null\n\t        END AS Total  -- Calculate the sum of qty partitioned by prod_order and oprn\n\t    FROM [CIMS].[dbo].[mes_MF\u0026HF_operation]\n\t    WHERE \n\t        prod_order IN (\u0027\u0027\u0027+q2+\u0027\u0027\u0027)\n\t        AND oprn IN (10, 20, 30)\n\t        AND material_selection \u003d \u0027OUT\u0027\n\t)\n\tSELECT\n\t    [PO1],  -- Display the respective \u0027prod_order\u0027 value in \u0027PO1\u0027 column\n\t    [prod_order],\n\t    [oprn],\n\t    [date_time],\n\t    [material_code],\n\t    [material_description],\n\t    [material_selection],\n\t    [batch],\n\t    [qty],\n\t    [qty_uom],\n\t    [Total]  -- Include the \u0027Total\u0027 column only in the first row of each prod_order and oprn combination\n\tFROM RankedOperations\u0027\u0027\u0027\n\t\t\t\n\tDATA1\u003dsystem.db.runPrepQuery(q1,[],\u0027CIMS2\u0027)\n#\tPO\u003dmap(lambda row: str(row[0]), DATA1)\n\t\n\treturn DATA1\n\t",
                  "type": "script"
                }
              ],
              "type": "property"
            }
          }
        },
        "props": {
          "bodyStyle": {
            "backgroundColor": "#E3E3E3",
            "margin": ""
          },
          "cells": {
            "allowEditOn": "single-click",
            "style": {
              "classes": "Table/Table_Cell",
              "fontFamily": "Arial",
              "fontSize": 12,
              "textAlign": "left"
            }
          },
          "columns": [
            {
              "align": "center",
              "boolean": "checkbox",
              "dateFormat": "MM/DD/YYYY",
              "editable": false,
              "field": "prod_order",
              "filter": {
                "boolean": {
                  "condition": ""
                },
                "date": {
                  "condition": "",
                  "value": ""
                },
                "enabled": false,
                "number": {
                  "condition": "",
                  "value": ""
                },
                "string": {
                  "condition": "",
                  "value": ""
                },
                "visible": "on-hover"
              },
              "footer": {
                "align": "center",
                "justify": "left",
                "style": {
                  "classes": ""
                },
                "title": ""
              },
              "header": {
                "align": "center",
                "justify": "center",
                "style": {
                  "classes": ""
                },
                "title": "Prod Order"
              },
              "justify": "center",
              "number": "value",
              "numberFormat": "0,0.##",
              "progressBar": {
                "bar": {
                  "color": "",
                  "style": {
                    "classes": ""
                  }
                },
                "max": 100,
                "min": 0,
                "track": {
                  "color": "",
                  "style": {
                    "classes": ""
                  }
                },
                "value": {
                  "enabled": true,
                  "format": "0,0.##",
                  "justify": "center",
                  "style": {
                    "classes": ""
                  }
                }
              },
              "render": "auto",
              "resizable": false,
              "sort": "none",
              "sortable": false,
              "strictWidth": false,
              "style": {
                "classes": "test1"
              },
              "toggleSwitch": {
                "color": {
                  "selected": "",
                  "unselected": ""
                }
              },
              "viewParams": {},
              "viewPath": "",
              "visible": true,
              "width": 60
            },
            {
              "align": "center",
              "boolean": "checkbox",
              "dateFormat": "MM/DD/YYYY",
              "editable": false,
              "field": "oprn",
              "filter": {
                "boolean": {
                  "condition": ""
                },
                "date": {
                  "condition": "",
                  "value": ""
                },
                "enabled": false,
                "number": {
                  "condition": "",
                  "value": ""
                },
                "string": {
                  "condition": "",
                  "value": ""
                },
                "visible": "on-hover"
              },
              "footer": {
                "align": "center",
                "justify": "left",
                "style": {
                  "classes": ""
                },
                "title": ""
              },
              "header": {
                "align": "center",
                "justify": "center",
                "style": {
                  "classes": ""
                },
                "title": "Operation"
              },
              "justify": "center",
              "number": "value",
              "numberFormat": "0,0.##",
              "progressBar": {
                "bar": {
                  "color": "",
                  "style": {
                    "classes": ""
                  }
                },
                "max": 100,
                "min": 0,
                "track": {
                  "color": "",
                  "style": {
                    "classes": ""
                  }
                },
                "value": {
                  "enabled": true,
                  "format": "0,0.##",
                  "justify": "center",
                  "style": {
                    "classes": ""
                  }
                }
              },
              "render": "auto",
              "resizable": true,
              "sort": "none",
              "sortable": false,
              "strictWidth": false,
              "style": {
                "classes": ""
              },
              "toggleSwitch": {
                "color": {
                  "selected": "",
                  "unselected": ""
                }
              },
              "viewParams": {},
              "viewPath": "",
              "visible": true,
              "width": 40
            },
            {
              "align": "center",
              "boolean": "checkbox",
              "dateFormat": "MM/DD/YYYY HH:mm:ss",
              "editable": false,
              "field": "date_time",
              "filter": {
                "boolean": {
                  "condition": ""
                },
                "date": {
                  "condition": "",
                  "value": ""
                },
                "enabled": false,
                "number": {
                  "condition": "",
                  "value": ""
                },
                "string": {
                  "condition": "",
                  "value": ""
                },
                "visible": "on-hover"
              },
              "footer": {
                "align": "center",
                "justify": "left",
                "style": {
                  "classes": ""
                },
                "title": ""
              },
              "header": {
                "align": "center",
                "justify": "center",
                "style": {
                  "classes": ""
                },
                "title": "Recorded DateTime"
              },
              "justify": "center",
              "number": "value",
              "numberFormat": "0,0.##",
              "progressBar": {
                "bar": {
                  "color": "",
                  "style": {
                    "classes": ""
                  }
                },
                "max": 100,
                "min": 0,
                "track": {
                  "color": "",
                  "style": {
                    "classes": ""
                  }
                },
                "value": {
                  "enabled": true,
                  "format": "0,0.##",
                  "justify": "center",
                  "style": {
                    "classes": ""
                  }
                }
              },
              "render": "auto",
              "resizable": true,
              "sort": "none",
              "sortable": true,
              "strictWidth": false,
              "style": {
                "classes": ""
              },
              "toggleSwitch": {
                "color": {
                  "selected": "",
                  "unselected": ""
                }
              },
              "viewParams": {},
              "viewPath": "",
              "visible": true,
              "width": 70
            },
            {
              "align": "center",
              "boolean": "checkbox",
              "dateFormat": "MM/DD/YYYY",
              "editable": false,
              "field": "material_code",
              "filter": {
                "boolean": {
                  "condition": ""
                },
                "date": {
                  "condition": "",
                  "value": ""
                },
                "enabled": false,
                "number": {
                  "condition": "",
                  "value": ""
                },
                "string": {
                  "condition": "",
                  "value": ""
                },
                "visible": "on-hover"
              },
              "footer": {
                "align": "center",
                "justify": "left",
                "style": {
                  "classes": ""
                },
                "title": ""
              },
              "header": {
                "align": "center",
                "justify": "center",
                "style": {
                  "classes": ""
                },
                "title": "Material Code"
              },
              "justify": "center",
              "number": "value",
              "numberFormat": "0,0.##",
              "progressBar": {
                "bar": {
                  "color": "",
                  "style": {
                    "classes": ""
                  }
                },
                "max": 100,
                "min": 0,
                "track": {
                  "color": "",
                  "style": {
                    "classes": ""
                  }
                },
                "value": {
                  "enabled": true,
                  "format": "0,0.##",
                  "justify": "center",
                  "style": {
                    "classes": ""
                  }
                }
              },
              "render": "auto",
              "resizable": true,
              "sort": "none",
              "sortable": false,
              "strictWidth": false,
              "style": {
                "classes": ""
              },
              "toggleSwitch": {
                "color": {
                  "selected": "",
                  "unselected": ""
                }
              },
              "viewParams": {},
              "viewPath": "",
              "visible": true,
              "width": 120
            },
            {
              "align": "center",
              "boolean": "checkbox",
              "dateFormat": "MM/DD/YYYY",
              "editable": false,
              "field": "material_description",
              "filter": {
                "boolean": {
                  "condition": ""
                },
                "date": {
                  "condition": "",
                  "value": ""
                },
                "enabled": false,
                "number": {
                  "condition": "",
                  "value": ""
                },
                "string": {
                  "condition": "",
                  "value": ""
                },
                "visible": "on-hover"
              },
              "footer": {
                "align": "center",
                "justify": "left",
                "style": {
                  "classes": ""
                },
                "title": ""
              },
              "header": {
                "align": "center",
                "justify": "center",
                "style": {
                  "classes": ""
                },
                "title": "Material Description"
              },
              "justify": "center",
              "number": "value",
              "numberFormat": "0,0.##",
              "progressBar": {
                "bar": {
                  "color": "",
                  "style": {
                    "classes": ""
                  }
                },
                "max": 100,
                "min": 0,
                "track": {
                  "color": "",
                  "style": {
                    "classes": ""
                  }
                },
                "value": {
                  "enabled": true,
                  "format": "0,0.##",
                  "justify": "center",
                  "style": {
                    "classes": ""
                  }
                }
              },
              "render": "auto",
              "resizable": true,
              "sort": "none",
              "sortable": false,
              "strictWidth": false,
              "style": {
                "classes": ""
              },
              "toggleSwitch": {
                "color": {
                  "selected": "",
                  "unselected": ""
                }
              },
              "viewParams": {},
              "viewPath": "",
              "visible": true,
              "width": 120
            },
            {
              "align": "center",
              "boolean": "checkbox",
              "dateFormat": "MM/DD/YYYY",
              "editable": false,
              "field": "material_selection",
              "filter": {
                "boolean": {
                  "condition": ""
                },
                "date": {
                  "condition": "",
                  "value": ""
                },
                "enabled": false,
                "number": {
                  "condition": "",
                  "value": ""
                },
                "string": {
                  "condition": "",
                  "value": ""
                },
                "visible": "on-hover"
              },
              "footer": {
                "align": "center",
                "justify": "left",
                "style": {
                  "classes": ""
                },
                "title": ""
              },
              "header": {
                "align": "center",
                "justify": "center",
                "style": {
                  "classes": ""
                },
                "title": "Material Selection"
              },
              "justify": "center",
              "number": "value",
              "numberFormat": "0,0.##",
              "progressBar": {
                "bar": {
                  "color": "",
                  "style": {
                    "classes": ""
                  }
                },
                "max": 100,
                "min": 0,
                "track": {
                  "color": "",
                  "style": {
                    "classes": ""
                  }
                },
                "value": {
                  "enabled": true,
                  "format": "0,0.##",
                  "justify": "center",
                  "style": {
                    "classes": ""
                  }
                }
              },
              "render": "auto",
              "resizable": true,
              "sort": "none",
              "sortable": false,
              "strictWidth": false,
              "style": {
                "classes": ""
              },
              "toggleSwitch": {
                "color": {
                  "selected": "",
                  "unselected": ""
                }
              },
              "viewParams": {},
              "viewPath": "",
              "visible": false,
              "width": ""
            },
            {
              "align": "center",
              "boolean": "checkbox",
              "dateFormat": "MM/DD/YYYY",
              "editable": false,
              "field": "batch",
              "filter": {
                "boolean": {
                  "condition": ""
                },
                "date": {
                  "condition": "",
                  "value": ""
                },
                "enabled": false,
                "number": {
                  "condition": "",
                  "value": ""
                },
                "string": {
                  "condition": "",
                  "value": ""
                },
                "visible": "on-hover"
              },
              "footer": {
                "align": "center",
                "justify": "left",
                "style": {
                  "classes": ""
                },
                "title": ""
              },
              "header": {
                "align": "center",
                "justify": "center",
                "style": {
                  "classes": ""
                },
                "title": "Batch"
              },
              "justify": "center",
              "number": "value",
              "numberFormat": "0,0.##",
              "progressBar": {
                "bar": {
                  "color": "",
                  "style": {
                    "classes": ""
                  }
                },
                "max": 100,
                "min": 0,
                "track": {
                  "color": "",
                  "style": {
                    "classes": ""
                  }
                },
                "value": {
                  "enabled": true,
                  "format": "0,0.##",
                  "justify": "center",
                  "style": {
                    "classes": ""
                  }
                }
              },
              "render": "auto",
              "resizable": true,
              "sort": "none",
              "sortable": false,
              "strictWidth": false,
              "style": {
                "classes": ""
              },
              "toggleSwitch": {
                "color": {
                  "selected": "",
                  "unselected": ""
                }
              },
              "viewParams": {},
              "viewPath": "",
              "visible": false,
              "width": ""
            },
            {
              "align": "center",
              "boolean": "checkbox",
              "dateFormat": "MM/DD/YYYY",
              "editable": false,
              "field": "qty",
              "filter": {
                "boolean": {
                  "condition": ""
                },
                "date": {
                  "condition": "",
                  "value": ""
                },
                "enabled": false,
                "number": {
                  "condition": "",
                  "value": ""
                },
                "string": {
                  "condition": "",
                  "value": ""
                },
                "visible": "on-hover"
              },
              "footer": {
                "align": "center",
                "justify": "left",
                "style": {
                  "classes": ""
                },
                "title": ""
              },
              "header": {
                "align": "center",
                "justify": "center",
                "style": {
                  "classes": ""
                },
                "title": "Quantity"
              },
              "justify": "center",
              "number": "value",
              "numberFormat": "0,0.##",
              "progressBar": {
                "bar": {
                  "color": "",
                  "style": {
                    "classes": ""
                  }
                },
                "max": 100,
                "min": 0,
                "track": {
                  "color": "",
                  "style": {
                    "classes": ""
                  }
                },
                "value": {
                  "enabled": true,
                  "format": "0,0.##",
                  "justify": "center",
                  "style": {
                    "classes": ""
                  }
                }
              },
              "render": "auto",
              "resizable": true,
              "sort": "none",
              "sortable": false,
              "strictWidth": false,
              "style": {
                "classes": ""
              },
              "toggleSwitch": {
                "color": {
                  "selected": "",
                  "unselected": ""
                }
              },
              "viewParams": {},
              "viewPath": "",
              "visible": true,
              "width": 40
            },
            {
              "align": "center",
              "boolean": "checkbox",
              "dateFormat": "MM/DD/YYYY",
              "editable": false,
              "field": "qty_uom",
              "filter": {
                "boolean": {
                  "condition": ""
                },
                "date": {
                  "condition": "",
                  "value": ""
                },
                "enabled": false,
                "number": {
                  "condition": "",
                  "value": ""
                },
                "string": {
                  "condition": "",
                  "value": ""
                },
                "visible": "on-hover"
              },
              "footer": {
                "align": "center",
                "justify": "left",
                "style": {
                  "classes": ""
                },
                "title": ""
              },
              "header": {
                "align": "center",
                "justify": "left",
                "style": {
                  "classes": ""
                },
                "title": "Qty Uom"
              },
              "justify": "center",
              "number": "value",
              "numberFormat": "0,0.##",
              "progressBar": {
                "bar": {
                  "color": "",
                  "style": {
                    "classes": ""
                  }
                },
                "max": 100,
                "min": 0,
                "track": {
                  "color": "",
                  "style": {
                    "classes": ""
                  }
                },
                "value": {
                  "enabled": true,
                  "format": "0,0.##",
                  "justify": "center",
                  "style": {
                    "classes": ""
                  }
                }
              },
              "render": "auto",
              "resizable": true,
              "sort": "none",
              "sortable": false,
              "strictWidth": false,
              "style": {
                "classes": ""
              },
              "toggleSwitch": {
                "color": {
                  "selected": "",
                  "unselected": ""
                }
              },
              "viewParams": {},
              "viewPath": "",
              "visible": true,
              "width": 40
            },
            {
              "align": "center",
              "boolean": "checkbox",
              "dateFormat": "MM/DD/YYYY",
              "editable": false,
              "field": "Total",
              "filter": {
                "boolean": {
                  "condition": ""
                },
                "date": {
                  "condition": "",
                  "value": ""
                },
                "enabled": false,
                "number": {
                  "condition": "",
                  "value": ""
                },
                "string": {
                  "condition": "",
                  "value": ""
                },
                "visible": "on-hover"
              },
              "footer": {
                "align": "center",
                "justify": "left",
                "style": {
                  "classes": ""
                },
                "title": ""
              },
              "header": {
                "align": "center",
                "justify": "center",
                "style": {
                  "classes": ""
                },
                "title": "Total (kg)"
              },
              "justify": "center",
              "number": "value",
              "numberFormat": "0,0.##",
              "progressBar": {
                "bar": {
                  "color": "",
                  "style": {
                    "classes": ""
                  }
                },
                "max": 100,
                "min": 0,
                "track": {
                  "color": "",
                  "style": {
                    "classes": ""
                  }
                },
                "value": {
                  "enabled": true,
                  "format": "0,0.##",
                  "justify": "center",
                  "style": {
                    "classes": ""
                  }
                }
              },
              "render": "auto",
              "resizable": true,
              "sort": "none",
              "sortable": false,
              "strictWidth": false,
              "style": {
                "classes": ""
              },
              "toggleSwitch": {
                "color": {
                  "selected": "",
                  "unselected": ""
                }
              },
              "viewParams": {},
              "viewPath": "",
              "visible": true,
              "width": 40
            },
            {
              "align": "center",
              "boolean": "checkbox",
              "dateFormat": "MM/DD/YYYY",
              "editable": false,
              "field": "PO1",
              "filter": {
                "boolean": {
                  "condition": ""
                },
                "date": {
                  "condition": "",
                  "value": ""
                },
                "enabled": false,
                "number": {
                  "condition": "",
                  "value": ""
                },
                "string": {
                  "condition": "",
                  "value": ""
                },
                "visible": "on-hover"
              },
              "footer": {
                "align": "center",
                "justify": "left",
                "style": {
                  "classes": ""
                },
                "title": ""
              },
              "header": {
                "align": "center",
                "justify": "left",
                "style": {
                  "classes": ""
                },
                "title": " "
              },
              "justify": "auto",
              "number": "value",
              "numberFormat": "0,0.##",
              "progressBar": {
                "bar": {
                  "color": "",
                  "style": {
                    "classes": ""
                  }
                },
                "max": 100,
                "min": 0,
                "track": {
                  "color": "",
                  "style": {
                    "classes": ""
                  }
                },
                "value": {
                  "enabled": true,
                  "format": "0,0.##",
                  "justify": "center",
                  "style": {
                    "classes": ""
                  }
                }
              },
              "render": "auto",
              "resizable": false,
              "sort": "none",
              "sortable": false,
              "strictWidth": true,
              "style": {
                "classes": "",
                "color": "#E4CACA00",
                "fontFamily": "Roboto",
                "fontSize": 12
              },
              "toggleSwitch": {
                "color": {
                  "selected": "",
                  "unselected": ""
                }
              },
              "viewParams": {},
              "viewPath": "",
              "visible": true,
              "width": 5
            }
          ],
          "emptyMessage": {
            "style": {
              "backgroundColor": "#E3E3E3",
              "borderStyle": "none"
            }
          },
          "filter": {
            "enabled": true
          },
          "headerStyle": {
            "classes": "Table/Table_Header"
          },
          "pager": {
            "initialOption": 50
          },
          "resizeMode": "fixed",
          "rows": {
            "height": 35,
            "highlight": {
              "color": "#FDF1D3"
            },
            "striped": {
              "color": {
                "even": "#FFFFFF",
                "odd": "#FFFFFF"
              },
              "style": {
                "marginTop": 5
              }
            },
            "style": {
              "classes": "Table/Table_Row"
            },
            "subviewExpansionMode": "single"
          },
          "selection": {
            "mode": "single interval"
          },
          "style": {
            "classes": "Table/Table_style"
          }
        },
        "scripts": {
          "customMethods": [],
          "extensionFunctions": null,
          "messageHandlers": [
            {
              "messageType": "CastingU",
              "pageScope": true,
              "script": "\t# implement your handler here\n\tV\u003dpayload[\u0027DrossReportUpdate\u0027]\n\tself.custom.Update\u003dV",
              "sessionScope": true,
              "viewScope": false
            }
          ]
        },
        "type": "ia.display.table"
      }
    ],
    "events": {
      "system": {
        "onStartup": {
          "config": {
            "script": "\tquery1 \u003d \u0027\u0027\u0027\n\t\tWITH RankedOperations AS (\t\t\n\t\t    SELECT\t\t\n\t\t        CASE\t\t\n\t\t            WHEN ROW_NUMBER() OVER (PARTITION BY [prod_order] ORDER BY [date_time]) \u003d 1 THEN [prod_order]\t\t\n\t\t            ELSE \u0027\u0027  -- Display an empty string instead of null\t\t\n\t\t        END AS [prod_order],\t\t\n\t\t        CASE\t\t\n\t\t            WHEN LAG([oprn]) OVER (PARTITION BY [prod_order] ORDER BY [date_time]) IS NULL OR\t\t\n\t\t                 [oprn] \u003c\u003e LAG([oprn]) OVER (PARTITION BY [prod_order] ORDER BY [date_time]) THEN\t\t\n\t\t                CASE\t\t\n\t\t                    WHEN [oprn] \u003d 10 THEN \u0027Melting\u0027\t\t\n\t\t                    WHEN [oprn] \u003d 20 THEN \u0027Holding\u0027\t\t\n\t\t                    WHEN [oprn] \u003d 30 THEN \u0027Casting\u0027\t\t\n\t\t                    ELSE \u0027Unknown\u0027\t\t\n\t\t                END\t\t\n\t\t            ELSE \u0027\u0027  -- Display an empty string instead of null\t\t\n\t\t        END AS [oprn],\t\t\n\t\t        [date_time],\t\t\n\t\t        [material_code],\t\t\n\t\t        [material_description],\t\t\n\t\t        [material_selection],\t\t\n\t\t        [batch],\t\t\n\t\t        [qty],\t\t\n\t\t        [qty_uom],\t\t\n\t\t        CASE\t\t\n\t\t            WHEN ROW_NUMBER() OVER (PARTITION BY [prod_order], [oprn] ORDER BY [date_time]) \u003d 1 THEN\t\t\n\t\t                ISNULL(CONVERT(varchar, TRY_CAST(SUM(TRY_CAST([qty] AS decimal(10, 3))) OVER (PARTITION BY [prod_order], [oprn]) AS decimal(10, 3))), \u0027\u0027)\t\t\n\t\t            ELSE \u0027\u0027  -- Display an empty string instead of null\t\t\n\t\t        END AS Total  -- Calculate the sum of qty partitioned by prod_order and oprn\t\t\n\t\t    FROM [CIMS].[dbo].[mes_MF\u0026HF_operation]\t\t\n\t\t    WHERE\t\t\n\t\t        prod_order IN (\u0027003000007751\u0027, \u0027003000007717\u0027)\t\t\n\t\t        AND oprn IN (10, 20, 30)\t\t\n\t\t        AND material_selection \u003d \u0027IN\u0027\t\t\n\t\t)\t\t\n\t\tSELECT\t\t\n\t\t    [prod_order],\t\t\n\t\t    [oprn],\t\t\n\t\t    [date_time],\t\t\n\t\t    [material_code],\t\t\n\t\t    [material_description],\t\t\n\t\t    [material_selection],\t\t\n\t\t    [batch],\t\t\n\t\t    [qty],\t\t\n\t\t    [qty_uom],\t\t\n\t\t    Total  -- Include the \u0027Total\u0027 column only in the first row of each prod_order and oprn combination\t\t\n\t\tFROM RankedOperations;\n\t\u0027\u0027\u0027\n\tData1\u003dsystem.db.runPrepQuery(query1, [self.view.custom.FromDate,self.view.custom.ToDate], \u0027CIMS2\u0027)\n\t\n\tself.getChild(\"Table_0\").props.data\u003dData1\n\t"
          },
          "enabled": false,
          "scope": "G",
          "type": "script"
        }
      }
    },
    "meta": {
      "name": "root"
    },
    "props": {
      "direction": "column"
    },
    "type": "ia.container.flex"
  }
}