{
  "custom": {},
  "params": {},
  "props": {
    "defaultSize": {
      "height": 730,
      "width": 430
    }
  },
  "root": {
    "children": [
      {
        "children": [
          {
            "meta": {
              "name": "Icon_Jindal"
            },
            "position": {
              "basis": "100px"
            },
            "props": {
              "altText": "jindal",
              "fit": {
                "height": 60,
                "mode": "contain",
                "width": 70
              },
              "source": "/system/images/Jindal_logo.png"
            },
            "type": "ia.display.image"
          },
          {
            "meta": {
              "name": "Label"
            },
            "position": {
              "basis": "234px",
              "grow": 1
            },
            "props": {
              "style": {
                "color": "#000080",
                "fontFamily": "Verdana",
                "fontSize": "25px",
                "fontWeight": "bolder",
                "textAlign": "center"
              }
            },
            "type": "ia.display.label"
          },
          {
            "events": {
              "dom": {
                "onClick": {
                  "config": {
                    "draggable": true,
                    "id": "rodISXyx",
                    "modal": false,
                    "overlayDismiss": true,
                    "resizable": true,
                    "showCloseIcon": true,
                    "title": "Confirm Submit",
                    "type": "open",
                    "viewPath": "Popups/Logout",
                    "viewportBound": false
                  },
                  "scope": "C",
                  "type": "popup"
                }
              }
            },
            "meta": {
              "name": "Icon",
              "tooltip": {
                "location": "top-right"
              }
            },
            "position": {
              "basis": "30px"
            },
            "props": {
              "path": "material/exit_to_app"
            },
            "type": "ia.display.icon"
          }
        ],
        "meta": {
          "name": "FlexContainer_Header"
        },
        "position": {
          "basis": "110px"
        },
        "props": {
          "alignItems": "center",
          "style": {
            "marginLeft": "3px",
            "marginRight": "2px"
          }
        },
        "type": "ia.container.flex"
      },
      {
        "children": [
          {
            "events": {
              "dom": {
                "onClick": {
                  "config": {
                    "script": "\tsystem.perspective.sendMessage(\u0027clear\u0027, payload \u003d{\u0027a\u0027:1},scope\u003d\u0027page\u0027)\n\tsystem.perspective.print(\u0027Clear Data\u0027)\n\tsystem.perspective.navigate(view\u003d\u0027Mainscreen/LogReceiving_mainscreen\u0027)"
                  },
                  "scope": "G",
                  "type": "script"
                }
              }
            },
            "meta": {
              "name": "Image"
            },
            "position": {
              "basis": "153px"
            },
            "props": {
              "fit": {
                "mode": "contain"
              },
              "source": "/system/images/Builtin/icons/MicrosoftTeams-image (1).png",
              "style": {
                "marginLeft": "20px",
                "marginRight": "20px",
                "marginTop": "3px",
                "outlineStyle": "none",
                "paddingLeft": "2px",
                "paddingRight": "2px",
                "paddingTop": "2px"
              }
            },
            "type": "ia.display.image"
          },
          {
            "meta": {
              "name": "Label"
            },
            "position": {
              "basis": "32px"
            },
            "props": {
              "style": {
                "color": "#140D88",
                "fontFamily": "Verdana",
                "fontSize": "24px",
                "fontWeight": "bold",
                "marginBottom": "2px",
                "paddingBottom": "2px",
                "paddingLeft": "2px",
                "paddingRight": "2px",
                "textAlign": "center"
              },
              "text": "Receiving"
            },
            "type": "ia.display.label"
          }
        ],
        "events": {
          "dom": {
            "onClick": {
              "config": {
                "script": "\tsystem.perspective.sendMessage(\u0027clear\u0027, payload \u003d{\u0027a\u0027:1},scope\u003d\u0027page\u0027)\n\tsystem.perspective.print(\u0027Clear Data\u0027)\n\tsystem.perspective.navigate(view\u003d\u0027Mainscreen/LogReceiving_mainscreen\u0027)"
              },
              "scope": "G",
              "type": "script"
            }
          }
        },
        "meta": {
          "name": "FlexContainer"
        },
        "position": {
          "basis": "201px"
        },
        "props": {
          "alignItems": "center",
          "direction": "column",
          "justify": "center",
          "style": {
            "backgroundColor": "#F4F4EF",
            "borderBottomColor": "#DFDBDB",
            "borderBottomStyle": "ridge",
            "borderBottomWidth": "4px",
            "borderLeftColor": "#DFDBDB",
            "borderLeftStyle": "ridge",
            "borderLeftWidth": "1px",
            "borderRightColor": "#DFDBDB",
            "borderRightStyle": "ridge",
            "borderRightWidth": "2px",
            "borderTopColor": "#DFDBDB",
            "borderTopStyle": "ridge",
            "borderTopWidth": "1px",
            "marginLeft": "60px",
            "marginRight": "60px",
            "marginTop": "80px"
          }
        },
        "type": "ia.container.flex"
      }
    ],
    "meta": {
      "name": "root"
    },
    "props": {
      "direction": "column",
      "style": {
        "backgroundColor": "#EDEDE2",
        "marginBottom": "3px"
      }
    },
    "type": "ia.container.flex"
  }
}