{
  "custom": {},
  "params": {
    "Code": "",
    "Message": ""
  },
  "propConfig": {
    "params.Code": {
      "paramDirection": "input",
      "persistent": true
    },
    "params.Message": {
      "paramDirection": "input",
      "persistent": true
    }
  },
  "props": {
    "defaultSize": {
      "height": 67,
      "width": 387
    }
  },
  "root": {
    "children": [
      {
        "children": [
          {
            "meta": {
              "name": "Label"
            },
            "position": {
              "basis": "50px",
              "grow": 1
            },
            "propConfig": {
              "props.text": {
                "binding": {
                  "config": {
                    "path": "view.params.Message"
                  },
                  "type": "property"
                },
                "persistent": true
              }
            },
            "props": {
              "textStyle": {
                "fontFamily": "Roboto",
                "fontSize": 14,
                "textAlign": "center"
              }
            },
            "type": "ia.display.label"
          },
          {
            "meta": {
              "name": "Error"
            },
            "position": {
              "basis": "30px",
              "display": false,
              "shrink": 0
            },
            "propConfig": {
              "position.display": {
                "binding": {
                  "config": {
                    "path": "view.params.Code"
                  },
                  "overlayOptOut": true,
                  "transforms": [
                    {
                      "fallback": false,
                      "inputType": "scalar",
                      "mappings": [
                        {
                          "input": 1,
                          "output": true
                        }
                      ],
                      "outputType": "scalar",
                      "type": "map"
                    }
                  ],
                  "type": "property"
                },
                "persistent": true
              }
            },
            "props": {
              "color": "#E54242",
              "path": "material/error"
            },
            "type": "ia.display.icon"
          },
          {
            "meta": {
              "name": "OK"
            },
            "position": {
              "basis": "30px",
              "display": false,
              "shrink": 0
            },
            "propConfig": {
              "position.display": {
                "binding": {
                  "config": {
                    "path": "view.params.Code"
                  },
                  "overlayOptOut": true,
                  "transforms": [
                    {
                      "fallback": false,
                      "inputType": "scalar",
                      "mappings": [
                        {
                          "input": 3,
                          "output": true
                        }
                      ],
                      "outputType": "scalar",
                      "type": "map"
                    }
                  ],
                  "type": "property"
                },
                "persistent": true
              }
            },
            "props": {
              "color": "#89D189",
              "path": "material/check_circle"
            },
            "type": "ia.display.icon"
          },
          {
            "meta": {
              "name": "Warning"
            },
            "position": {
              "basis": "30px",
              "display": false,
              "shrink": 0
            },
            "propConfig": {
              "position.display": {
                "binding": {
                  "config": {
                    "path": "view.params.Code"
                  },
                  "overlayOptOut": true,
                  "transforms": [
                    {
                      "fallback": false,
                      "inputType": "scalar",
                      "mappings": [
                        {
                          "input": 2,
                          "output": true
                        }
                      ],
                      "outputType": "scalar",
                      "type": "map"
                    }
                  ],
                  "type": "property"
                },
                "persistent": true
              }
            },
            "props": {
              "color": "#E0C342",
              "path": "material/error"
            },
            "type": "ia.display.icon"
          }
        ],
        "events": {
          "system": {
            "onStartup": {
              "config": {
                "script": "\timport time\n\t\n\ttime.sleep(2)\n\t\n\tsystem.perspective.closePopup(\u0027\u0027)"
              },
              "enabled": false,
              "scope": "G",
              "type": "script"
            }
          }
        },
        "meta": {
          "name": "Message_box"
        },
        "position": {
          "basis": "238px",
          "grow": 1
        },
        "props": {
          "justify": "center",
          "style": {
            "overflow": "hidden"
          }
        },
        "type": "ia.container.flex"
      }
    ],
    "meta": {
      "name": "root"
    },
    "props": {
      "justify": "center",
      "style": {
        "backgroundColor": "#4CCDBE29",
        "borderBottomLeftRadius": 4,
        "borderBottomRightRadius": 4,
        "borderTopLeftRadius": 4,
        "borderTopRightRadius": 4,
        "padding": 10
      }
    },
    "type": "ia.container.flex"
  }
}