{
  "custom": {
    "FromDate": {
      "$": [
        "ts",
        192,
        1706096339793
      ],
      "$ts": 1688816339793
    },
    "No_Of_PreviousDate": 200,
    "ToDate": {
      "$": [
        "ts",
        192,
        1706096339793
      ],
      "$ts": 1706096339793
    }
  },
  "params": {
    "FromDate": "2022-11-6 17:11:50",
    "ToDate": "2023-5-25 17:11:56",
    "downloadData": []
  },
  "propConfig": {
    "custom.FromDate": {
      "binding": {
        "config": {
          "expression": "{view.custom.ToDate}"
        },
        "transforms": [
          {
            "code": "\tTo\u003dself.custom.ToDate\n\tdays\u003dself.custom.No_Of_PreviousDate\n\tMdate\u003dsystem.date.addDays(To,-days)\n\treturn Mdate",
            "type": "script"
          }
        ],
        "type": "expr"
      },
      "persistent": true
    },
    "custom.No_Of_PreviousDate": {
      "persistent": true
    },
    "custom.ToDate": {
      "binding": {
        "config": {
          "expression": "now(6000)"
        },
        "type": "expr"
      },
      "persistent": true
    },
    "params.FromDate": {
      "onChange": {
        "enabled": null,
        "script": "\tif previousValue.value!\u003dcurrentValue.value:\n\t\tself.getChild(\"root\").getChild(\"Table_0\").custom.Update\u003d0\n\t\tself.getChild(\"root\").getChild(\"Table_0\").custom.Update\u003d1\t\n\telse:\n\t\tpass\t"
      },
      "paramDirection": "input",
      "persistent": true
    },
    "params.ToDate": {
      "onChange": {
        "enabled": null,
        "script": "\tif previousValue.value!\u003dcurrentValue.value:\n\t\tself.getChild(\"root\").getChild(\"Table_0\").custom.Update\u003d0\n\t\tself.getChild(\"root\").getChild(\"Table_0\").custom.Update\u003d1\t\n\telse:\n\t\tpass\t"
      },
      "paramDirection": "input",
      "persistent": true
    },
    "params.downloadData": {
      "binding": {
        "config": {
          "path": "/root/Table_0.props.data"
        },
        "overlayOptOut": true,
        "transforms": [
          {
            "code": "\ttry:\n\t\tdataSet \u003d value\n\t\torgColumns \u003d system.dataset.getColumnHeaders(dataSet)\n\t\tdisplayColumns \u003d self.getChild(\"root\").getChild(\"Table_0\").props.columns\n\t\theaders \u003d []\n\t\tnewData \u003d []\n\t\tshowColumns \u003d []\n\t\tfinalDataset \u003d []\n\t\t\t\n\t\tfor oIdx in range(dataSet.getColumnCount()):\n\t\t# OR for oIdx in range(len(orgColumns)):\n\t\t\n\t\t\t# we want to know if orgColumns[oIdx] is found in displayColumns\n\t\t\tmatch \u003d False; # we haven\u0027t found it yet\n\t\t\tz \u003d 2\n\t\t\tfor sIdx in range(len(displayColumns)):\n\t\t\t\t# displayColumns[1].field  displayColumns[0].keys()  displayColumns[0].values()\n\t\t\t\t\n\t\t\t\tif(orgColumns[oIdx] \u003d\u003d displayColumns[sIdx].field):\n\t\t\t\t\t# we have found orgColumns[oIdx] in displayColumns, so we can stop searching\n\t\t\t\t\tmatch \u003d True;\n\t\t\t\t\tbreak;\n\t\t\t\t# if we never find orgColumns[oIdx] in displayColumns, the for loop will simply end,\n\t\t\t\t# and match will remain false\n\t\t\t# add orgColumns[oIdx] to showColumns only if we find a match.\n\t\t\tif (match):\n\t\t\t\n\t\t\t\tshowColumns.append(orgColumns[oIdx]);\n\t\t\t\theaders.append(displayColumns[oIdx].header.title)\n\t\t\t\t\n\t\tfilterDataset \u003d system.dataset.filterColumns(dataSet, showColumns)\n\t\t\n\t\tfor rowIndex in range(filterDataset.getRowCount()):\n\t\t\trow \u003d [filterDataset.getValueAt(rowIndex,col) for col in range(filterDataset.getColumnCount())]\n\t\t\tnewData.append(row)\n\t\t\t\n\t\tfilterDataset \u003d system.dataset.toDataSet(headers, newData)\n\t\tfinalDataset \u003d system.dataset.toPyDataSet(filterDataset)\n\t\treturn finalDataset\n\texcept:\n\t\treturn []\t\n\t\t",
            "type": "script"
          }
        ],
        "type": "property"
      },
      "paramDirection": "output",
      "persistent": true
    }
  },
  "props": {
    "defaultSize": {
      "width": 823
    }
  },
  "root": {
    "children": [
      {
        "custom": {
          "PO_No": [
            "003000001901                            ",
            "003000001903                            ",
            "003000001907                            ",
            "3000000047                              "
          ],
          "Update": 0
        },
        "events": {
          "component": {
            "onEditCellCommit": {
              "config": {
                "script": "\tvalueToSet \u003d event.value\n\tself.props.data \u003d system.dataset.setValue(self.props.data, event.row, event.column, valueToSet)"
              },
              "enabled": false,
              "scope": "G",
              "type": "script"
            }
          }
        },
        "meta": {
          "name": "Table_0"
        },
        "position": {
          "basis": "400px",
          "grow": 1
        },
        "propConfig": {
          "custom.PO_No": {
            "binding": {
              "config": {
                "path": "this.custom.Update"
              },
              "enabled": false,
              "transforms": [
                {
                  "code": "\t#\tget PO numbers based on the last 120 days from MES_Orders table\n\tquery1\u003d\u0027\u0027\u0027\n\t\tSELECT DISTINCT mes_melting.[PO]\t\t  \t\t      \t\t    \n\t    \tFROM mes_orders,mes_melting\n\t    WHERE [mes_orders].[release_date]\u003e\u003d? and [mes_orders].[release_date]\u003c\u003d? and mes_melting.[PO]\u003d[mes_orders].[production_order]\n\t\u0027\u0027\u0027\n\tData1\u003dsystem.db.runPrepQuery(query1, [self.view.custom.FromDate,self.view.custom.ToDate], \u0027CIMS2\u0027)\n\tFDATA\u003d[]\n\tfor i in range(len(Data1)):\n\t\tFDATA.append(str(Data1[i][\u0027PO\u0027]))\n\t\t\n\treturn FDATA",
                  "type": "script"
                }
              ],
              "type": "property"
            }
          },
          "props.data": {
            "binding": {
              "config": {
                "path": "this.custom.Update"
              },
              "overlayOptOut": true,
              "transforms": [
                {
                  "code": "#\tget list of PO\u0027s\n\tquery1\u003d\u0027\u0027\u0027\n\t\t\tSELECT DISTINCT mes_melting.[PO]\t\t\t  \t\t      \t\t    \n\t\t\t    FROM mes_orders,mes_melting\n\t\t    where [mes_orders].[release_date]\u003e\u003d? and [mes_orders].[release_date]\u003c\u003d? and mes_melting.[PO]\u003d[mes_orders].[production_order]\n\t\t\n\t\u0027\u0027\u0027\n\tData1\u003dsystem.db.runPrepQuery(query1, [self.view.params.FromDate,self.view.params.ToDate], \u0027CIMS2\u0027)\n\t#Data1\u003dsystem.db.runPrepQuery(query1, [\u00272022-01-01\u0027, \u00272023-07-29\u0027], \u0027CIMS2\u0027)\n\tFDATA\u003d[]\n\tfor i in range(len(Data1)):\n\t\tFDATA.append(str(Data1[i][\u0027PO\u0027]))\n\t\t\n\t\n#\tload List pof PO\u0027s to A\n\tA\u003dFDATA\n\t#get required data from Melting table in to DATA1\n\tfor i in range(len(A)):\n\t\tif i\u003d\u003d0:\n\t\t\tc\u003d\"\u0027\"\n\t\t\tFdata\u003d\"\u0027\"+str(A[i])+\"\u0027\"\n\t\telse:\n\t\t\tFdata\u003dFdata+\u0027,\u0027+\"\u0027\"+str(A[i])+\"\u0027\"\n\tq2\u003dFdata\n\tq2\u003dq2.replace(\u0027 \u0027,\u0027\u0027)\n\tq2\u003dstr(q2)\n\n\tq1\u003d\u0027\u0027\u0027\n\t\tSELECT \t\t\tmes_melting.PO\n\t\t    \t\t        ,mes_melting.Press_derived\n\t\t    \t\t        ,mes_melting.Start_Date\n\t\t    \t\t        ,mes_melting.Start_time\n\t\t    \t\t        ,mes_melting.End_Date\n\t\t    \t\t        ,mes_melting.End_time\n\t\t    \t\t        ,mes_melting.Total_weight\n\t\t    \t\t        ,mes_melting.Total_Dross\n\t\t    \t\t        ,mes_melting.Yield\n\t\t    \t\t        ,mes_melting.Machine\n\t\t    \t\t        ,mes_melting.Melting_Remark\n\t\t    \t\t        ,mes_melting.Status\n\t\t    \t\t    \t,mes_orders.sfg_code\n\t\t    \t\t      ,mes_orders.standard_alloy\n\t\t    \t\t      ,mes_orders.internal_alloy\n\t\t    \t\t      ,mes_orders.planned_order_qty\n\t\t    \t\t      ,mes_orders.log_dia\n\t\t    \t\t      ,mes_orders.log_length\n\t\t    \t\t      ,mes_orders.release_date\n\t\t    \t\t  FROM mes_orders,mes_melting\n\t\t    \t\twhere mes_orders.production_order\u003dmes_melting.PO and  mes_orders.production_order in (\u0027\u0027\u0027\n\tquery\u003dq1+q2+\u0027) order by mes_orders.production_order desc\u0027\t\n\tDATA1\u003dsystem.db.runPrepQuery(query,[],\u0027CIMS2\u0027)\n\tPO\u003dmap(lambda row: str(row[0]), DATA1)\n\n\t\n\treturn DATA1",
                  "type": "script"
                }
              ],
              "type": "property"
            }
          }
        },
        "props": {
          "bodyStyle": {
            "backgroundColor": "#E3E3E3",
            "margin": ""
          },
          "cells": {
            "allowEditOn": "single-click",
            "style": {
              "classes": "Table/Table_Cell",
              "fontFamily": "Arial",
              "fontSize": 12,
              "textAlign": "left"
            }
          },
          "columns": [
            {
              "align": "center",
              "boolean": "checkbox",
              "dateFormat": "MM/DD/YYYY",
              "editable": false,
              "field": "PO",
              "filter": {
                "boolean": {
                  "condition": ""
                },
                "date": {
                  "condition": "",
                  "value": ""
                },
                "enabled": true,
                "number": {
                  "condition": "",
                  "value": ""
                },
                "string": {
                  "condition": "",
                  "value": ""
                },
                "visible": "on-hover"
              },
              "footer": {
                "align": "center",
                "justify": "left",
                "style": {
                  "classes": ""
                },
                "title": ""
              },
              "header": {
                "align": "center",
                "justify": "center",
                "style": {
                  "classes": ""
                },
                "title": "PO"
              },
              "justify": "center",
              "number": "value",
              "numberFormat": "0,0.##",
              "progressBar": {
                "bar": {
                  "color": "",
                  "style": {
                    "classes": ""
                  }
                },
                "max": 100,
                "min": 0,
                "track": {
                  "color": "",
                  "style": {
                    "classes": ""
                  }
                },
                "value": {
                  "enabled": true,
                  "format": "0,0.##",
                  "justify": "center",
                  "style": {
                    "classes": ""
                  }
                }
              },
              "render": "string",
              "resizable": false,
              "sort": "none",
              "sortable": false,
              "strictWidth": true,
              "style": {
                "classes": "test1"
              },
              "toggleSwitch": {
                "color": {
                  "selected": "",
                  "unselected": ""
                }
              },
              "viewParams": {},
              "viewPath": "",
              "visible": true,
              "width": 100
            },
            {
              "align": "center",
              "boolean": "checkbox",
              "dateFormat": "MM/DD/YYYY",
              "editable": false,
              "field": "standard_alloy",
              "filter": {
                "boolean": {
                  "condition": ""
                },
                "date": {
                  "condition": "",
                  "value": ""
                },
                "enabled": false,
                "number": {
                  "condition": "",
                  "value": ""
                },
                "string": {
                  "condition": "",
                  "value": ""
                },
                "visible": "on-hover"
              },
              "footer": {
                "align": "center",
                "justify": "left",
                "style": {
                  "classes": ""
                },
                "title": ""
              },
              "header": {
                "align": "center",
                "justify": "center",
                "style": {
                  "classes": ""
                },
                "title": "STD Alloy"
              },
              "justify": "center",
              "number": "value",
              "numberFormat": "0,0.##",
              "progressBar": {
                "bar": {
                  "color": "",
                  "style": {
                    "classes": ""
                  }
                },
                "max": 100,
                "min": 0,
                "track": {
                  "color": "",
                  "style": {
                    "classes": ""
                  }
                },
                "value": {
                  "enabled": true,
                  "format": "0,0.##",
                  "justify": "center",
                  "style": {
                    "classes": ""
                  }
                }
              },
              "render": "string",
              "resizable": false,
              "sort": "none",
              "sortable": false,
              "strictWidth": true,
              "style": {
                "classes": ""
              },
              "toggleSwitch": {
                "color": {
                  "selected": "",
                  "unselected": ""
                }
              },
              "viewParams": {},
              "viewPath": "",
              "visible": true,
              "width": 45
            },
            {
              "align": "center",
              "boolean": "checkbox",
              "dateFormat": "MM/DD/YYYY",
              "editable": false,
              "field": "sfg_code",
              "filter": {
                "boolean": {
                  "condition": ""
                },
                "date": {
                  "condition": "",
                  "value": ""
                },
                "enabled": true,
                "number": {
                  "condition": "",
                  "value": ""
                },
                "string": {
                  "condition": "",
                  "value": ""
                },
                "visible": "on-hover"
              },
              "footer": {
                "align": "center",
                "justify": "left",
                "style": {
                  "classes": ""
                },
                "title": ""
              },
              "header": {
                "align": "center",
                "justify": "center",
                "style": {
                  "classes": ""
                },
                "title": "SFG Code"
              },
              "justify": "center",
              "number": "value",
              "numberFormat": "0,0.##",
              "progressBar": {
                "bar": {
                  "color": "",
                  "style": {
                    "classes": ""
                  }
                },
                "max": 100,
                "min": 0,
                "track": {
                  "color": "",
                  "style": {
                    "classes": ""
                  }
                },
                "value": {
                  "enabled": true,
                  "format": "0,0.##",
                  "justify": "center",
                  "style": {
                    "classes": ""
                  }
                }
              },
              "render": "string",
              "resizable": false,
              "sort": "none",
              "sortable": false,
              "strictWidth": true,
              "style": {
                "classes": "test1"
              },
              "toggleSwitch": {
                "color": {
                  "selected": "",
                  "unselected": ""
                }
              },
              "viewParams": {},
              "viewPath": "",
              "visible": true,
              "width": 200
            },
            {
              "align": "center",
              "boolean": "checkbox",
              "dateFormat": "MM/DD/YYYY",
              "editable": false,
              "field": "internal_alloy",
              "filter": {
                "boolean": {
                  "condition": ""
                },
                "date": {
                  "condition": "",
                  "value": ""
                },
                "enabled": false,
                "number": {
                  "condition": "",
                  "value": ""
                },
                "string": {
                  "condition": "",
                  "value": ""
                },
                "visible": "on-hover"
              },
              "footer": {
                "align": "center",
                "justify": "left",
                "style": {
                  "classes": ""
                },
                "title": ""
              },
              "header": {
                "align": "center",
                "justify": "center",
                "style": {
                  "classes": ""
                },
                "title": "Internal Alloy"
              },
              "justify": "center",
              "number": "value",
              "numberFormat": "0,0.##",
              "progressBar": {
                "bar": {
                  "color": "",
                  "style": {
                    "classes": ""
                  }
                },
                "max": 100,
                "min": 0,
                "track": {
                  "color": "",
                  "style": {
                    "classes": ""
                  }
                },
                "value": {
                  "enabled": true,
                  "format": "0,0.##",
                  "justify": "center",
                  "style": {
                    "classes": ""
                  }
                }
              },
              "render": "string",
              "resizable": false,
              "sort": "none",
              "sortable": false,
              "strictWidth": true,
              "style": {
                "classes": ""
              },
              "toggleSwitch": {
                "color": {
                  "selected": "",
                  "unselected": ""
                }
              },
              "viewParams": {},
              "viewPath": "",
              "visible": true,
              "width": 60
            },
            {
              "align": "center",
              "boolean": "checkbox",
              "dateFormat": "MM/DD/YYYY",
              "editable": false,
              "field": "Status",
              "filter": {
                "boolean": {
                  "condition": ""
                },
                "date": {
                  "condition": "",
                  "value": ""
                },
                "enabled": false,
                "number": {
                  "condition": "",
                  "value": ""
                },
                "string": {
                  "condition": "",
                  "value": ""
                },
                "visible": "on-hover"
              },
              "footer": {
                "align": "center",
                "justify": "left",
                "style": {
                  "classes": ""
                },
                "title": ""
              },
              "header": {
                "align": "center",
                "justify": "center",
                "style": {
                  "classes": ""
                },
                "title": "Status"
              },
              "justify": "center",
              "number": "value",
              "numberFormat": "0,0.##",
              "progressBar": {
                "bar": {
                  "color": "",
                  "style": {
                    "classes": ""
                  }
                },
                "max": 100,
                "min": 0,
                "track": {
                  "color": "",
                  "style": {
                    "classes": ""
                  }
                },
                "value": {
                  "enabled": true,
                  "format": "0,0.##",
                  "justify": "center",
                  "style": {
                    "classes": ""
                  }
                }
              },
              "render": "string",
              "resizable": false,
              "sort": "none",
              "sortable": false,
              "strictWidth": false,
              "style": {
                "classes": ""
              },
              "toggleSwitch": {
                "color": {
                  "selected": "",
                  "unselected": ""
                }
              },
              "viewParams": {},
              "viewPath": "",
              "visible": true,
              "width": ""
            },
            {
              "align": "center",
              "boolean": "checkbox",
              "dateFormat": "MM/DD/YYYY",
              "editable": false,
              "field": "Yield",
              "filter": {
                "boolean": {
                  "condition": ""
                },
                "date": {
                  "condition": "",
                  "value": ""
                },
                "enabled": false,
                "number": {
                  "condition": "",
                  "value": ""
                },
                "string": {
                  "condition": "",
                  "value": ""
                },
                "visible": "on-hover"
              },
              "footer": {
                "align": "center",
                "justify": "left",
                "style": {
                  "classes": ""
                },
                "title": ""
              },
              "header": {
                "align": "center",
                "justify": "center",
                "style": {
                  "classes": ""
                },
                "title": "Yield"
              },
              "justify": "center",
              "number": "value",
              "numberFormat": "0,0.##",
              "progressBar": {
                "bar": {
                  "color": "",
                  "style": {
                    "classes": ""
                  }
                },
                "max": 100,
                "min": 0,
                "track": {
                  "color": "",
                  "style": {
                    "classes": ""
                  }
                },
                "value": {
                  "enabled": true,
                  "format": "0,0.##",
                  "justify": "center",
                  "style": {
                    "classes": ""
                  }
                }
              },
              "render": "number",
              "resizable": false,
              "sort": "none",
              "sortable": false,
              "strictWidth": true,
              "style": {
                "classes": ""
              },
              "toggleSwitch": {
                "color": {
                  "selected": "",
                  "unselected": ""
                }
              },
              "viewParams": {},
              "viewPath": "",
              "visible": true,
              "width": 70
            },
            {
              "align": "center",
              "boolean": "checkbox",
              "dateFormat": "MM/DD/YYYY",
              "editable": false,
              "field": "Machine",
              "filter": {
                "boolean": {
                  "condition": ""
                },
                "date": {
                  "condition": "",
                  "value": ""
                },
                "enabled": false,
                "number": {
                  "condition": "",
                  "value": ""
                },
                "string": {
                  "condition": "",
                  "value": ""
                },
                "visible": "on-hover"
              },
              "footer": {
                "align": "center",
                "justify": "left",
                "style": {
                  "classes": ""
                },
                "title": ""
              },
              "header": {
                "align": "center",
                "justify": "center",
                "style": {
                  "classes": ""
                },
                "title": "Machine"
              },
              "justify": "center",
              "number": "value",
              "numberFormat": "0,0.##",
              "progressBar": {
                "bar": {
                  "color": "",
                  "style": {
                    "classes": ""
                  }
                },
                "max": 100,
                "min": 0,
                "track": {
                  "color": "",
                  "style": {
                    "classes": ""
                  }
                },
                "value": {
                  "enabled": true,
                  "format": "0,0.##",
                  "justify": "center",
                  "style": {
                    "classes": ""
                  }
                }
              },
              "render": "view",
              "resizable": false,
              "sort": "none",
              "sortable": false,
              "strictWidth": true,
              "style": {
                "classes": ""
              },
              "toggleSwitch": {
                "color": {
                  "selected": "",
                  "unselected": ""
                }
              },
              "viewParams": {
                "listOfOptions": [
                  {
                    "label": "MF1",
                    "value": "MF1+HF1+CS1"
                  },
                  {
                    "label": "MF2",
                    "value": "MF2+HF1+CS1"
                  },
                  {
                    "label": "MF3",
                    "value": "MF3+HF2+CS2"
                  },
                  {
                    "label": "MF4",
                    "value": "MF4+HF2+CS2"
                  }
                ],
                "rowData": {},
                "value": ""
              },
              "viewPath": "MeltingPageTemplates/MachineDropdown",
              "visible": true,
              "width": 80
            },
            {
              "align": "center",
              "boolean": "checkbox",
              "dateFormat": "MM/DD/YYYY",
              "editable": false,
              "field": "Press_derived",
              "filter": {
                "boolean": {
                  "condition": ""
                },
                "date": {
                  "condition": "",
                  "value": ""
                },
                "enabled": false,
                "number": {
                  "condition": "",
                  "value": ""
                },
                "string": {
                  "condition": "",
                  "value": ""
                },
                "visible": "on-hover"
              },
              "footer": {
                "align": "center",
                "justify": "left",
                "style": {
                  "classes": ""
                },
                "title": ""
              },
              "header": {
                "align": "center",
                "justify": "center",
                "style": {
                  "classes": ""
                },
                "title": "Press"
              },
              "justify": "center",
              "number": "value",
              "numberFormat": "0,0.##",
              "progressBar": {
                "bar": {
                  "color": "",
                  "style": {
                    "classes": ""
                  }
                },
                "max": 100,
                "min": 0,
                "track": {
                  "color": "",
                  "style": {
                    "classes": ""
                  }
                },
                "value": {
                  "enabled": true,
                  "format": "0,0.##",
                  "justify": "center",
                  "style": {
                    "classes": ""
                  }
                }
              },
              "render": "string",
              "resizable": false,
              "sort": "none",
              "sortable": false,
              "strictWidth": false,
              "style": {
                "classes": ""
              },
              "toggleSwitch": {
                "color": {
                  "selected": "",
                  "unselected": ""
                }
              },
              "viewParams": {},
              "viewPath": "",
              "visible": false,
              "width": ""
            },
            {
              "align": "center",
              "boolean": "checkbox",
              "dateFormat": "MM/DD/YYYY",
              "editable": false,
              "field": "Start_Date",
              "filter": {
                "boolean": {
                  "condition": ""
                },
                "date": {
                  "condition": "",
                  "value": ""
                },
                "enabled": false,
                "number": {
                  "condition": "",
                  "value": ""
                },
                "string": {
                  "condition": "",
                  "value": ""
                },
                "visible": "on-hover"
              },
              "footer": {
                "align": "center",
                "justify": "left",
                "style": {
                  "classes": ""
                },
                "title": ""
              },
              "header": {
                "align": "center",
                "justify": "center",
                "style": {
                  "classes": ""
                },
                "title": "Start Date"
              },
              "justify": "center",
              "number": "value",
              "numberFormat": "0,0.##",
              "progressBar": {
                "bar": {
                  "color": "",
                  "style": {
                    "classes": ""
                  }
                },
                "max": 100,
                "min": 0,
                "track": {
                  "color": "",
                  "style": {
                    "classes": ""
                  }
                },
                "value": {
                  "enabled": true,
                  "format": "0,0.##",
                  "justify": "center",
                  "style": {
                    "classes": ""
                  }
                }
              },
              "render": "date",
              "resizable": false,
              "sort": "none",
              "sortable": false,
              "strictWidth": false,
              "style": {
                "classes": ""
              },
              "toggleSwitch": {
                "color": {
                  "selected": "",
                  "unselected": ""
                }
              },
              "viewParams": {},
              "viewPath": "",
              "visible": false,
              "width": ""
            },
            {
              "align": "center",
              "boolean": "checkbox",
              "dateFormat": "h:mm:ss a",
              "editable": false,
              "field": "Start_time",
              "filter": {
                "boolean": {
                  "condition": ""
                },
                "date": {
                  "condition": "",
                  "value": ""
                },
                "enabled": false,
                "number": {
                  "condition": "",
                  "value": ""
                },
                "string": {
                  "condition": "",
                  "value": ""
                },
                "visible": "on-hover"
              },
              "footer": {
                "align": "center",
                "justify": "left",
                "style": {
                  "classes": ""
                },
                "title": ""
              },
              "header": {
                "align": "center",
                "justify": "center",
                "style": {
                  "classes": ""
                },
                "title": "Start Time"
              },
              "justify": "center",
              "number": "value",
              "numberFormat": "0,0.##",
              "progressBar": {
                "bar": {
                  "color": "",
                  "style": {
                    "classes": ""
                  }
                },
                "max": 100,
                "min": 0,
                "track": {
                  "color": "",
                  "style": {
                    "classes": ""
                  }
                },
                "value": {
                  "enabled": true,
                  "format": "0,0.##",
                  "justify": "center",
                  "style": {
                    "classes": ""
                  }
                }
              },
              "render": "date",
              "resizable": false,
              "sort": "none",
              "sortable": false,
              "strictWidth": false,
              "style": {
                "classes": ""
              },
              "toggleSwitch": {
                "color": {
                  "selected": "",
                  "unselected": ""
                }
              },
              "viewParams": {},
              "viewPath": "",
              "visible": false,
              "width": ""
            },
            {
              "align": "center",
              "boolean": "checkbox",
              "dateFormat": "MM/DD/YYYY",
              "editable": false,
              "field": "End_Date",
              "filter": {
                "boolean": {
                  "condition": ""
                },
                "date": {
                  "condition": "",
                  "value": ""
                },
                "enabled": false,
                "number": {
                  "condition": "",
                  "value": ""
                },
                "string": {
                  "condition": "",
                  "value": ""
                },
                "visible": "on-hover"
              },
              "footer": {
                "align": "center",
                "justify": "left",
                "style": {
                  "classes": ""
                },
                "title": ""
              },
              "header": {
                "align": "center",
                "justify": "center",
                "style": {
                  "classes": ""
                },
                "title": "End Date"
              },
              "justify": "center",
              "number": "value",
              "numberFormat": "0,0.##",
              "progressBar": {
                "bar": {
                  "color": "",
                  "style": {
                    "classes": ""
                  }
                },
                "max": 100,
                "min": 0,
                "track": {
                  "color": "",
                  "style": {
                    "classes": ""
                  }
                },
                "value": {
                  "enabled": true,
                  "format": "0,0.##",
                  "justify": "center",
                  "style": {
                    "classes": ""
                  }
                }
              },
              "render": "date",
              "resizable": false,
              "sort": "none",
              "sortable": false,
              "strictWidth": false,
              "style": {
                "classes": ""
              },
              "toggleSwitch": {
                "color": {
                  "selected": "",
                  "unselected": ""
                }
              },
              "viewParams": {},
              "viewPath": "",
              "visible": false,
              "width": ""
            },
            {
              "align": "center",
              "boolean": "checkbox",
              "dateFormat": "MM/DD/YYYY",
              "editable": false,
              "field": "End_time",
              "filter": {
                "boolean": {
                  "condition": ""
                },
                "date": {
                  "condition": "",
                  "value": ""
                },
                "enabled": false,
                "number": {
                  "condition": "",
                  "value": ""
                },
                "string": {
                  "condition": "",
                  "value": ""
                },
                "visible": "on-hover"
              },
              "footer": {
                "align": "center",
                "justify": "left",
                "style": {
                  "classes": ""
                },
                "title": ""
              },
              "header": {
                "align": "center",
                "justify": "center",
                "style": {
                  "classes": ""
                },
                "title": "End Time"
              },
              "justify": "center",
              "number": "value",
              "numberFormat": "0,0.##",
              "progressBar": {
                "bar": {
                  "color": "",
                  "style": {
                    "classes": ""
                  }
                },
                "max": 100,
                "min": 0,
                "track": {
                  "color": "",
                  "style": {
                    "classes": ""
                  }
                },
                "value": {
                  "enabled": true,
                  "format": "0,0.##",
                  "justify": "center",
                  "style": {
                    "classes": ""
                  }
                }
              },
              "render": "date",
              "resizable": false,
              "sort": "none",
              "sortable": false,
              "strictWidth": false,
              "style": {
                "classes": ""
              },
              "toggleSwitch": {
                "color": {
                  "selected": "",
                  "unselected": ""
                }
              },
              "viewParams": {},
              "viewPath": "",
              "visible": false,
              "width": ""
            },
            {
              "align": "center",
              "boolean": "checkbox",
              "dateFormat": "MM/DD/YYYY",
              "editable": false,
              "field": "Melting_Remark",
              "filter": {
                "boolean": {
                  "condition": ""
                },
                "date": {
                  "condition": "",
                  "value": ""
                },
                "enabled": false,
                "number": {
                  "condition": "",
                  "value": ""
                },
                "string": {
                  "condition": "",
                  "value": ""
                },
                "visible": "on-hover"
              },
              "footer": {
                "align": "center",
                "justify": "left",
                "style": {
                  "classes": ""
                },
                "title": ""
              },
              "header": {
                "align": "center",
                "justify": "center",
                "style": {
                  "classes": ""
                },
                "title": "Melting Remarks"
              },
              "justify": "center",
              "number": "value",
              "numberFormat": "0,0.##",
              "progressBar": {
                "bar": {
                  "color": "",
                  "style": {
                    "classes": ""
                  }
                },
                "max": 100,
                "min": 0,
                "track": {
                  "color": "",
                  "style": {
                    "classes": ""
                  }
                },
                "value": {
                  "enabled": true,
                  "format": "0,0.##",
                  "justify": "center",
                  "style": {
                    "classes": ""
                  }
                }
              },
              "render": "string",
              "resizable": false,
              "sort": "none",
              "sortable": false,
              "strictWidth": false,
              "style": {
                "classes": ""
              },
              "toggleSwitch": {
                "color": {
                  "selected": "",
                  "unselected": ""
                }
              },
              "viewParams": {},
              "viewPath": "",
              "visible": false,
              "width": ""
            },
            {
              "align": "center",
              "boolean": "checkbox",
              "dateFormat": "MM/DD/YYYY",
              "editable": false,
              "field": "Total_weight",
              "filter": {
                "boolean": {
                  "condition": ""
                },
                "date": {
                  "condition": "",
                  "value": ""
                },
                "enabled": false,
                "number": {
                  "condition": "",
                  "value": ""
                },
                "string": {
                  "condition": "",
                  "value": ""
                },
                "visible": "on-hover"
              },
              "footer": {
                "align": "center",
                "justify": "left",
                "style": {
                  "classes": ""
                },
                "title": ""
              },
              "header": {
                "align": "center",
                "justify": "center",
                "style": {
                  "classes": ""
                },
                "title": "Total Weight"
              },
              "justify": "center",
              "number": "value",
              "numberFormat": "0,0.##",
              "progressBar": {
                "bar": {
                  "color": "",
                  "style": {
                    "classes": ""
                  }
                },
                "max": 100,
                "min": 0,
                "track": {
                  "color": "",
                  "style": {
                    "classes": ""
                  }
                },
                "value": {
                  "enabled": true,
                  "format": "0,0.##",
                  "justify": "center",
                  "style": {
                    "classes": ""
                  }
                }
              },
              "render": "string",
              "resizable": false,
              "sort": "none",
              "sortable": false,
              "strictWidth": false,
              "style": {
                "classes": ""
              },
              "toggleSwitch": {
                "color": {
                  "selected": "",
                  "unselected": ""
                }
              },
              "viewParams": {},
              "viewPath": "",
              "visible": false,
              "width": ""
            },
            {
              "align": "center",
              "boolean": "checkbox",
              "dateFormat": "MM/DD/YYYY",
              "editable": false,
              "field": "Total_Dross",
              "filter": {
                "boolean": {
                  "condition": ""
                },
                "date": {
                  "condition": "",
                  "value": ""
                },
                "enabled": false,
                "number": {
                  "condition": "",
                  "value": ""
                },
                "string": {
                  "condition": "",
                  "value": ""
                },
                "visible": "on-hover"
              },
              "footer": {
                "align": "center",
                "justify": "left",
                "style": {
                  "classes": ""
                },
                "title": ""
              },
              "header": {
                "align": "center",
                "justify": "center",
                "style": {
                  "classes": ""
                },
                "title": "Total Dross"
              },
              "justify": "center",
              "number": "value",
              "numberFormat": "0,0.##",
              "progressBar": {
                "bar": {
                  "color": "",
                  "style": {
                    "classes": ""
                  }
                },
                "max": 100,
                "min": 0,
                "track": {
                  "color": "",
                  "style": {
                    "classes": ""
                  }
                },
                "value": {
                  "enabled": true,
                  "format": "0,0.##",
                  "justify": "center",
                  "style": {
                    "classes": ""
                  }
                }
              },
              "render": "string",
              "resizable": false,
              "sort": "none",
              "sortable": false,
              "strictWidth": false,
              "style": {
                "classes": ""
              },
              "toggleSwitch": {
                "color": {
                  "selected": "",
                  "unselected": ""
                }
              },
              "viewParams": {},
              "viewPath": "",
              "visible": false,
              "width": ""
            },
            {
              "align": "center",
              "boolean": "checkbox",
              "dateFormat": "MM/DD/YYYY",
              "editable": false,
              "field": "planned_order_qty",
              "filter": {
                "boolean": {
                  "condition": ""
                },
                "date": {
                  "condition": "",
                  "value": ""
                },
                "enabled": false,
                "number": {
                  "condition": "",
                  "value": ""
                },
                "string": {
                  "condition": "",
                  "value": ""
                },
                "visible": "on-hover"
              },
              "footer": {
                "align": "center",
                "justify": "left",
                "style": {
                  "classes": ""
                },
                "title": ""
              },
              "header": {
                "align": "center",
                "justify": "center",
                "style": {
                  "classes": ""
                },
                "title": "PO QTY (kg)"
              },
              "justify": "center",
              "number": "value",
              "numberFormat": "0,0.##",
              "progressBar": {
                "bar": {
                  "color": "",
                  "style": {
                    "classes": ""
                  }
                },
                "max": 100,
                "min": 0,
                "track": {
                  "color": "",
                  "style": {
                    "classes": ""
                  }
                },
                "value": {
                  "enabled": true,
                  "format": "0,0.##",
                  "justify": "center",
                  "style": {
                    "classes": ""
                  }
                }
              },
              "render": "number",
              "resizable": false,
              "sort": "none",
              "sortable": false,
              "strictWidth": false,
              "style": {
                "classes": ""
              },
              "toggleSwitch": {
                "color": {
                  "selected": "",
                  "unselected": ""
                }
              },
              "viewParams": {},
              "viewPath": "",
              "visible": true,
              "width": ""
            },
            {
              "align": "center",
              "boolean": "checkbox",
              "dateFormat": "MM/DD/YYYY",
              "editable": false,
              "field": "log_dia",
              "filter": {
                "boolean": {
                  "condition": ""
                },
                "date": {
                  "condition": "",
                  "value": ""
                },
                "enabled": false,
                "number": {
                  "condition": "",
                  "value": ""
                },
                "string": {
                  "condition": "",
                  "value": ""
                },
                "visible": "on-hover"
              },
              "footer": {
                "align": "center",
                "justify": "left",
                "style": {
                  "classes": ""
                },
                "title": ""
              },
              "header": {
                "align": "center",
                "justify": "center",
                "style": {
                  "classes": ""
                },
                "title": "Log Dia (mm)"
              },
              "justify": "center",
              "number": "value",
              "numberFormat": "0,0.##",
              "progressBar": {
                "bar": {
                  "color": "",
                  "style": {
                    "classes": ""
                  }
                },
                "max": 100,
                "min": 0,
                "track": {
                  "color": "",
                  "style": {
                    "classes": ""
                  }
                },
                "value": {
                  "enabled": true,
                  "format": "0,0.##",
                  "justify": "center",
                  "style": {
                    "classes": ""
                  }
                }
              },
              "render": "number",
              "resizable": false,
              "sort": "none",
              "sortable": false,
              "strictWidth": false,
              "style": {
                "classes": ""
              },
              "toggleSwitch": {
                "color": {
                  "selected": "",
                  "unselected": ""
                }
              },
              "viewParams": {},
              "viewPath": "",
              "visible": true,
              "width": ""
            },
            {
              "align": "center",
              "boolean": "checkbox",
              "dateFormat": "MM/DD/YYYY",
              "editable": false,
              "field": "log_length",
              "filter": {
                "boolean": {
                  "condition": ""
                },
                "date": {
                  "condition": "",
                  "value": ""
                },
                "enabled": false,
                "number": {
                  "condition": "",
                  "value": ""
                },
                "string": {
                  "condition": "",
                  "value": ""
                },
                "visible": "on-hover"
              },
              "footer": {
                "align": "center",
                "justify": "left",
                "style": {
                  "classes": ""
                },
                "title": ""
              },
              "header": {
                "align": "center",
                "justify": "center",
                "style": {
                  "classes": ""
                },
                "title": "Log Length (mm)"
              },
              "justify": "center",
              "number": "value",
              "numberFormat": "0,0.##",
              "progressBar": {
                "bar": {
                  "color": "",
                  "style": {
                    "classes": ""
                  }
                },
                "max": 100,
                "min": 0,
                "track": {
                  "color": "",
                  "style": {
                    "classes": ""
                  }
                },
                "value": {
                  "enabled": true,
                  "format": "0,0.##",
                  "justify": "center",
                  "style": {
                    "classes": ""
                  }
                }
              },
              "render": "number",
              "resizable": false,
              "sort": "none",
              "sortable": false,
              "strictWidth": false,
              "style": {
                "classes": ""
              },
              "toggleSwitch": {
                "color": {
                  "selected": "",
                  "unselected": ""
                }
              },
              "viewParams": {},
              "viewPath": "",
              "visible": true,
              "width": ""
            },
            {
              "align": "center",
              "boolean": "checkbox",
              "dateFormat": "DD/MM/YYYY",
              "editable": false,
              "field": "release_date",
              "filter": {
                "boolean": {
                  "condition": ""
                },
                "date": {
                  "condition": "",
                  "value": ""
                },
                "enabled": false,
                "number": {
                  "condition": "",
                  "value": ""
                },
                "string": {
                  "condition": "",
                  "value": ""
                },
                "visible": "on-hover"
              },
              "footer": {
                "align": "center",
                "justify": "left",
                "style": {
                  "classes": ""
                },
                "title": ""
              },
              "header": {
                "align": "center",
                "justify": "center",
                "style": {
                  "classes": ""
                },
                "title": "PO Release Date"
              },
              "justify": "center",
              "number": "value",
              "numberFormat": "0,0.##",
              "progressBar": {
                "bar": {
                  "color": "",
                  "style": {
                    "classes": ""
                  }
                },
                "max": 100,
                "min": 0,
                "track": {
                  "color": "",
                  "style": {
                    "classes": ""
                  }
                },
                "value": {
                  "enabled": true,
                  "format": "0,0.##",
                  "justify": "center",
                  "style": {
                    "classes": ""
                  }
                }
              },
              "render": "date",
              "resizable": false,
              "sort": "none",
              "sortable": false,
              "strictWidth": false,
              "style": {
                "classes": ""
              },
              "toggleSwitch": {
                "color": {
                  "selected": "",
                  "unselected": ""
                }
              },
              "viewParams": {},
              "viewPath": "",
              "visible": true,
              "width": ""
            }
          ],
          "emptyMessage": {
            "style": {
              "backgroundColor": "#E3E3E3",
              "borderStyle": "none"
            }
          },
          "headerStyle": {
            "classes": "Table/Table_Header"
          },
          "pager": {
            "initialOption": 50
          },
          "resizeMode": "fixed",
          "rows": {
            "highlight": {
              "color": "#FDF1D3"
            },
            "striped": {
              "color": {
                "even": "#FFFFFF",
                "odd": "#FFFFFF"
              },
              "style": {
                "marginTop": 5
              }
            },
            "style": {
              "classes": "Table/Table_Row"
            },
            "subview": {
              "enabled": true,
              "viewParams": {
                "Stage": "010",
                "value": {
                  "Actual_dia": "",
                  "Actual_length": "",
                  "Casting_Remark": "",
                  "Derived_weight": "",
                  "End_Date": "",
                  "End_time": "",
                  "Holding_Remark": "",
                  "Machine": "",
                  "Melting_Remark": "",
                  "No_of_logs": "",
                  "PO": "",
                  "Press_derived": "",
                  "Start_Date": {
                    "$": [
                      "ts",
                      192,
                      1684992723932
                    ],
                    "$ts": 1684953000000
                  },
                  "Start_time": "1900-1-1 23:23:00",
                  "Status": "",
                  "Tibal_quantity": "",
                  "Yield": "",
                  "log_dia": "",
                  "planned_order_qty": "",
                  "sfg_code": ""
                }
              },
              "viewPath": "Template/User_Input"
            },
            "subviewExpansionMode": "single"
          },
          "selection": {
            "mode": "single interval"
          },
          "style": {
            "classes": "Table/Table_style"
          },
          "virtualized": false
        },
        "scripts": {
          "customMethods": [],
          "extensionFunctions": null,
          "messageHandlers": [
            {
              "messageType": "MeltingU",
              "pageScope": true,
              "script": "\t# implement your handler here\n\tV\u003dpayload[\u0027MeltingUpdate\u0027]\n\tself.custom.Update\u003dV",
              "sessionScope": true,
              "viewScope": false
            },
            {
              "messageType": "MeltingMachineSelection",
              "pageScope": true,
              "script": "\t# implement your handler here\n\tmachineStr \u003d payload[\u0027selectedMeltingMachine\u0027]\n\n\tmData \u003d machineStr.split(\u0027+\u0027)\n\tmeltingMachine \u003d str(mData[0])\n\t\n\tmachine \u003d meltingMachine\n\tpo \u003d self.props.selection.data[0].PO\t\n\t\t\n\tupdatedColumn \u003d self.props.selection.selectedColumn\n\t\t\n\tif updatedColumn \u003d\u003d \u0027Machine\u0027:\n\t\t# Update table component\n\t\tvalueToSet \u003d machine\n\t\tsystem.dataset.setValue(self.props.data, self.props.selection.selectedRow, self.props.selection.selectedColumn, valueToSet)\n\t\t\n\t\tstatus \u003d \u0027Melting Pending\u0027\n\t\tdt \u003d system.date.now()\n\t\t\n\t\trecordExistsQuery \u003d \"SELECT * FROM [dbo].[mes_melting] WHERE [PO] \u003d ?\"\n\t\trExists \u003d system.db.runPrepQuery(recordExistsQuery, [po], \u0027CIMS2\u0027)\n\t\t\n\t\tif(rExists.getRowCount() \u003d\u003d 1):\n\t\t\tmQuery \u003d \"UPDATE [dbo].[mes_main] SET [Machine] \u003d ? WHERE [PO] \u003d ?\"\n\t\t\tsystem.db.runPrepUpdate(mQuery, [machineStr, po], \u0027CIMS2\u0027)\n\t\t\t\n\t\t\tmeltQuery \u003d \"UPDATE [dbo].[mes_melting] SET [Machine] \u003d ? WHERE [PO] \u003d ?\"\n\t\t\tsystem.db.runPrepUpdate(meltQuery, [meltingMachine, po], \u0027CIMS2\u0027)\n\t\t\n\t\t# Message Handler for Melting Page\n\t\tMessageType \u003d \"MeltingU\"\n\t\tPayload\u003d {\"MeltingUpdate\": 0}\n\t\tsystem.perspective.sendMessage(messageType\u003dMessageType, payload\u003dPayload,scope\u003d\"session\")\n\t\n\tself.refreshBinding(\"props.data\")",
              "sessionScope": false,
              "viewScope": false
            }
          ]
        },
        "type": "ia.display.table"
      }
    ],
    "events": {
      "system": {
        "onStartup": {
          "config": {
            "script": "\t# Get PO numbers based on the last 120 days from MES_Orders table\n\tquery1\u003d\u0027\u0027\u0027\n\t\tSELECT [production_order]    \t\t    \n\t\t\tFROM [CIMS].[dbo].[mes_orders]\n\t\tWHERE [release_date]\u003e\u003d? and [release_date]\u003c\u003d?\n\t\u0027\u0027\u0027\n\tData1\u003dsystem.db.runPrepQuery(query1, [self.view.custom.FromDate,self.view.custom.ToDate], \u0027CIMS2\u0027)\n\t\n\tself.getChild(\"Table_0\").props.data\u003dData1\n\t"
          },
          "enabled": false,
          "scope": "G",
          "type": "script"
        }
      }
    },
    "meta": {
      "name": "root"
    },
    "props": {
      "direction": "column"
    },
    "type": "ia.container.flex"
  }
}