{
  "custom": {
    "Dia": 271,
    "Max_Length": 6170,
    "Update": 0,
    "totalLength": 29180
  },
  "params": {
    "PO": "003000002117                            "
  },
  "propConfig": {
    "custom.Dia": {
      "persistent": true
    },
    "custom.Max_Length": {
      "persistent": true
    },
    "custom.Update": {
      "persistent": true
    },
    "custom.totalLength": {
      "persistent": true
    },
    "params.PO": {
      "paramDirection": "input",
      "persistent": true
    }
  },
  "props": {
    "defaultSize": {
      "height": 786,
      "width": 1071
    }
  },
  "root": {
    "children": [
      {
        "meta": {
          "name": "FlexContainer1"
        },
        "position": {
          "basis": "1px"
        },
        "type": "ia.container.flex"
      },
      {
        "children": [
          {
            "meta": {
              "name": "FlexContainer21"
            },
            "position": {
              "basis": "100px"
            },
            "props": {
              "style": {
                "marginLeft": 20
              }
            },
            "type": "ia.container.flex"
          },
          {
            "children": [
              {
                "meta": {
                  "name": "Label"
                },
                "position": {
                  "basis": "50px",
                  "display": false,
                  "grow": 1
                },
                "props": {
                  "text": "End Cutt Error Log\u0027s",
                  "textStyle": {
                    "textAlign": "center"
                  }
                },
                "type": "ia.display.label"
              }
            ],
            "meta": {
              "name": "FlexContainer22"
            },
            "position": {
              "basis": "200px",
              "grow": 1
            },
            "type": "ia.container.flex"
          },
          {
            "children": [
              {
                "events": {
                  "dom": {
                    "onClick": {
                      "config": {
                        "script": "\tfrom datetime import datetime\n\t\t\n\t#Set the filename with current timestamp\n\tcurrentDateTime \u003d datetime.now()\n\t\n\tfileName \u003d \"Material_Error_\" + str(currentDateTime.strftime(\"%Y%m%d%H%M%S\")) + \".xlsx\"\n\t\n\tdataSet \u003d self.parent.parent.parent.getChild(\"FlexContainer3\").getChild(\"Table\").props.data\n\torgColumns \u003d system.dataset.getColumnHeaders(dataSet)\n\tdisplayColumns \u003d self.parent.parent.parent.getChild(\"FlexContainer3\").getChild(\"Table\").props.columns\n\t\n\theaders \u003d []\n\tnewData \u003d []\n\tshowColumns \u003d []\n\tfinalDataset \u003d []\n\t\n\tfor oIdx in range(dataSet.getColumnCount()):\n\t\tmatch \u003d False;\n\t\tfor sIdx in range(len(displayColumns)):\n\t\t\tif(orgColumns[oIdx] \u003d\u003d displayColumns[sIdx].field and displayColumns[sIdx].visible \u003d\u003d True):\n\t\t\t\tmatch \u003d True;\n\t\t\t\tbreak;\n\t\tif (match):\t\t\t\t\t\t\n\t\t\tshowColumns.append(orgColumns[oIdx]);\n\t\t\theaders.append(displayColumns[oIdx].header.title)\n\t\t\t\n\tfilterDataset \u003d system.dataset.filterColumns(dataSet, showColumns)\n\t\n\tfor rowIndex in range(filterDataset.rowCount):\n\t\trow \u003d [filterDataset.getValueAt(rowIndex,col) for col in range(filterDataset.columnCount)]\n\t\tnewData.append(row)\n\t\t\n\tfinalDataset \u003d system.dataset.toDataSet(headers,newData)\n\tXLSFormat \u003d system.dataset.toExcel(True,[finalDataset])\n\tsystem.perspective.download(fileName, XLSFormat)\n\t"
                      },
                      "scope": "G",
                      "type": "script"
                    }
                  }
                },
                "meta": {
                  "name": "Icon"
                },
                "position": {
                  "basis": "30px"
                },
                "props": {
                  "color": "#3F5462",
                  "path": "material/arrow_circle_down",
                  "style": {
                    "marginBottom": 4,
                    "marginRight": 10,
                    "marginTop": 4
                  }
                },
                "type": "ia.display.icon"
              }
            ],
            "meta": {
              "name": "FlexContainer23"
            },
            "position": {
              "basis": "100px"
            },
            "props": {
              "justify": "flex-end"
            },
            "type": "ia.container.flex"
          }
        ],
        "meta": {
          "name": "FlexContainer2"
        },
        "position": {
          "basis": "40px"
        },
        "type": "ia.container.flex"
      },
      {
        "children": [
          {
            "custom": {
              "rowCount": 5
            },
            "events": {
              "component": {
                "onEditCellCommit": {
                  "config": {
                    "script": "\timport sys\n#\tpo \u003d self.view.params.PO\n\t\n\tif(self.props.selection.selectedColumn \u003d\u003d \u0027Select\u0027):\n\t\ta \u003d event.value\n\t\tvalueToSet \u003d a\n\t\tself.props.data \u003d system.dataset.setValue(self.props.data, event.row, event.column, valueToSet)\n#\telif(self.props.selection.selectedColumn \u003d\u003d \u0027Actual_length\u0027):\n#\t\t# Disable SAVE button\n#\t\t#self.parent.parent.getChild(\"FlexContainer4\").getChild(\"SaveButton\").props.enabled \u003d False\n#\t\t\n#\t\tMAX_Length\u003dself.view.custom.Max_Length\n#\t\tvalueToSet \u003d event.value\n#\t\tMLENGTH\u003devent.value\n#\t\t\n#\t\t#Condition to check the exceeding max length\n#\t\tif float(MLENGTH)\u003c\u003dfloat(MAX_Length):\n#\t\t\tself.props.data \u003d system.dataset.setValue(self.props.data, event.row, event.column, valueToSet)\n#\t\t\t\n#\t\t\t#Calculated new weight\n#\t\t\t#dia in mm\n#\t\t\td\u003dself.view.custom.Dia\n#\t\t\t#len in mm\n#\t\t\tl\u003dMLENGTH\n#\t\t\t#final calculation in Kg/mm3\n#\t\t\tFCaluculation\u003d((float(3.14)*float(d)*float(d))/float(4))*(float(l))*(0.0000027)\n#\t\t\t#update the new weight in table component\n#\t\t\tself.props.data \u003d system.dataset.setValue(self.props.data, event.row, \u0027Actual_weight\u0027, FCaluculation)\t\t\t\n#\t\t\t\t\t\t\t\n#\t\t\tlogID \u003d self.props.selection.data[0].LogID\n#\t\t\t\n#\t\t\t#update in Log ID intermidiate table\n#\t\t\tupdateQuery \u003d \u0027\u0027\u0027UPDATE [CIMS].[dbo].[mes_Intermediate_logTable]\n#\t\t\t\t\t\t\t\t\t     \tSET [Actual_length] \u003d ?, [Actual_weight]\u003d?\n#\t\t\t\t\t\t\t\t\t  \t\tWHERE [LOGID] \u003d ? AND [PO] \u003d ?\u0027\u0027\u0027\n#\t\t\tsystem.db.runPrepUpdate(updateQuery, [MLENGTH,FCaluculation,logID,po], \u0027CIMS2\u0027)\n#\t\t\t\n#\t\t\t#Update derived weight in casting table\n#\t\t\tgetWquery\u003d\u0027\u0027\u0027\n#\t\t\t\t\t SELECT sum([Actual_weight])\n#\t\t\t\t\t\t FROM [CIMS].[dbo].[mes_Intermediate_logTable]\n#\t\t\t\t\t\t WHERE [PO] \u003d ?\n#\t\t\t\t\t\u0027\u0027\u0027\t\n#\t\t\tData1\u003dsystem.db.runPrepQuery(getWquery, [po], \u0027CIMS2\u0027)\t\t\n#\t\t\tNWeight\u003dfloat(Data1[0][0])\n#\t\t\tCastQuery\u003d\u0027\u0027\u0027\n#\t\t\t\tUPDATE [dbo].[mes_casting]\n#\t\t\t\t\tSET [Derived_weight] \u003d?\n#\t\t\t\t\tWHERE PO\u003d?\n#\t\t\t\t\u0027\u0027\u0027\t\n#\t\t\tsystem.db.runPrepUpdate(CastQuery, [NWeight,po], \u0027CIMS2\u0027)\t\n#\t\t\t\t\t\t\t\t\n#\t\t\t#Refresh table data binding\n#\t\t\tself.refreshBinding(\"props.data\")\n#\t\t\t#send message to refresh the casting table\n#\t\t\tPayload\u003d{\u0027CastingUpdate\u0027: 1}\n#\t\t\tsystem.perspective.sendMessage(\u0027CastingU\u0027, payload\u003dPayload, scope\u003d\u0027session\u0027)\t\n#\t\t\tPayload\u003d{\u0027CastingUpdate\u0027: 0}\t\t\n#\t\t\tsystem.perspective.sendMessage(\u0027CastingU\u0027, payload\u003dPayload, scope\u003d\u0027session\u0027)\t\n#\t\t\tPayload\u003d{\"EDIT\":1}\n#\t\t\tsystem.perspective.sendMessage(\u0027UpdateMaterial\u0027, payload\u003dPayload,scope\u003d\u0027session\u0027)\n#\t\t\tPayload\u003d{\"EDIT\":0}\n#\t\t\tsystem.perspective.sendMessage(\u0027UpdateMaterial\u0027, payload\u003dPayload,scope\u003d\u0027session\u0027)\n#\t\t\t\n#\t\telse:\t\n#\t\t\tself.refreshBinding(\"props.data\")\n#\t\t\tsystem.perspective.openPopup(\u0027Error\u0027,\u0027Template/Popup_1\u0027,params\u003d{\u0027Code\u0027:1,\u0027Message\u0027:\u0027Error: Length entered exceeds the original length value\u0027},showCloseIcon \u003d True,modal\u003dTrue,draggable\u003dFalse,position \u003d {\u0027top\u0027:100})\t\n"
                  },
                  "permissions": {
                    "securityLevels": [],
                    "type": "AnyOf"
                  },
                  "scope": "G",
                  "type": "script"
                }
              }
            },
            "meta": {
              "name": "Table"
            },
            "position": {
              "basis": "400px",
              "grow": 1
            },
            "propConfig": {
              "props.data": {
                "binding": {
                  "config": {
                    "expression": "{view.custom.Update}"
                  },
                  "overlayOptOut": true,
                  "transforms": [
                    {
                      "code": "\timport math\t\n\ttry:\n\t\tgetQuery \u003d \u0027\u0027\u0027SELECT \n\t\t    0 as [Select],\n\t\t    trim([prod_order]) as [prod_order],\n\t\t    trim([material_code]) as [material_code],\n\t\t    trim([material_description]) as [material_description],\n\t\t    trim([material_selection]) as [material_selection],\n\t\t    trim([batch]) as [batch],\n\t\t    [qty],\n\t\t    [qty_uom],\n\t\t    [oprn],\n\t\t    [DATE_TIME],\n\t\t    [uid],\n\t\t    trim([msg]) as [msg],\n\t\t    CASE \n\t\t        WHEN [mov_type] IS NOT NULL THEN \u0027Cancellation\u0027\n\t\t\t\tWHEN [mov_type] IS  NULL THEN \u0027 \u0027\n\t\t        ELSE trim([mov_type])\n\t\t    END as [mov_type],\n\t\t    CASE \n\t\t        WHEN [oprn] \u003d 10 THEN \u0027Melting\u0027\n\t\t        WHEN [oprn] \u003d 20 THEN \u0027Holding\u0027\n\t\t        WHEN [oprn] \u003d 30 THEN \u0027Casting\u0027\n\t\t        WHEN [oprn] \u003d 40 THEN \u0027End cut scrap\u0027\n\t\t        ELSE \u0027Unknown\u0027\n\t\t    END as [oprn1],\n\t\t    0 as [Print]\n\t\tFROM [INBOUNDCIMS].[dbo].[Egoodmov]\n\t\tWHERE flag\u003d0 \n\t\torder by DATE_TIME desc\u0027\u0027\u0027\n\t\t\n\t\tdataSet \u003d system.db.runPrepQuery(getQuery, [], \u0027CIMS2\u0027)\n\t\treturn dataSet\n\texcept:\n\t\treturn []\t",
                      "type": "script"
                    }
                  ],
                  "type": "expr"
                }
              }
            },
            "props": {
              "bodyStyle": {
                "backgroundColor": "#E3E3E3",
                "margin": ""
              },
              "cells": {
                "allowEditOn": "single-click",
                "style": {
                  "classes": "Table/Table_Cell",
                  "fontFamily": "Arial",
                  "fontSize": 12,
                  "textAlign": "left"
                }
              },
              "columns": [
                {
                  "align": "center",
                  "boolean": "checkbox",
                  "dateFormat": "MM/DD/YYYY",
                  "editable": true,
                  "field": "Select",
                  "filter": {
                    "boolean": {
                      "condition": ""
                    },
                    "date": {
                      "condition": "",
                      "value": ""
                    },
                    "enabled": false,
                    "number": {
                      "condition": "",
                      "value": ""
                    },
                    "string": {
                      "condition": "",
                      "value": ""
                    },
                    "visible": "on-hover"
                  },
                  "footer": {
                    "align": "center",
                    "justify": "left",
                    "style": {
                      "classes": ""
                    },
                    "title": ""
                  },
                  "header": {
                    "align": "center",
                    "justify": "center",
                    "style": {
                      "classes": ""
                    },
                    "title": "Select"
                  },
                  "justify": "center",
                  "number": "value",
                  "numberFormat": "0,0.##",
                  "progressBar": {
                    "bar": {
                      "color": "",
                      "style": {
                        "classes": ""
                      }
                    },
                    "max": 100,
                    "min": 0,
                    "track": {
                      "color": "",
                      "style": {
                        "classes": ""
                      }
                    },
                    "value": {
                      "enabled": true,
                      "format": "0,0.##",
                      "justify": "center",
                      "style": {
                        "classes": ""
                      }
                    }
                  },
                  "render": "boolean",
                  "resizable": false,
                  "sort": "none",
                  "sortable": false,
                  "strictWidth": true,
                  "style": {
                    "classes": ""
                  },
                  "toggleSwitch": {
                    "color": {
                      "selected": "",
                      "unselected": ""
                    }
                  },
                  "viewParams": {},
                  "viewPath": "",
                  "visible": true,
                  "width": 50
                },
                {
                  "align": "center",
                  "boolean": "checkbox",
                  "dateFormat": "MM/DD/YYYY",
                  "editable": false,
                  "field": "oprn1",
                  "filter": {
                    "boolean": {
                      "condition": ""
                    },
                    "date": {
                      "condition": "",
                      "value": ""
                    },
                    "enabled": false,
                    "number": {
                      "condition": "",
                      "value": ""
                    },
                    "string": {
                      "condition": "",
                      "value": ""
                    },
                    "visible": "on-hover"
                  },
                  "footer": {
                    "align": "center",
                    "justify": "left",
                    "style": {
                      "classes": ""
                    },
                    "title": ""
                  },
                  "header": {
                    "align": "center",
                    "justify": "center",
                    "style": {
                      "classes": ""
                    },
                    "title": "Stage"
                  },
                  "justify": "center",
                  "number": "value",
                  "numberFormat": "0,0.##",
                  "progressBar": {
                    "bar": {
                      "color": "",
                      "style": {
                        "classes": ""
                      }
                    },
                    "max": 100,
                    "min": 0,
                    "track": {
                      "color": "",
                      "style": {
                        "classes": ""
                      }
                    },
                    "value": {
                      "enabled": true,
                      "format": "0,0.##",
                      "justify": "center",
                      "style": {
                        "classes": ""
                      }
                    }
                  },
                  "render": "string",
                  "resizable": false,
                  "sort": "none",
                  "sortable": false,
                  "strictWidth": false,
                  "style": {
                    "classes": ""
                  },
                  "toggleSwitch": {
                    "color": {
                      "selected": "",
                      "unselected": ""
                    }
                  },
                  "viewParams": {},
                  "viewPath": "",
                  "visible": true,
                  "width": ""
                },
                {
                  "align": "center",
                  "boolean": "checkbox",
                  "dateFormat": "MM/DD/YYYY HH:mm:ss",
                  "editable": false,
                  "field": "DATE_TIME",
                  "filter": {
                    "boolean": {
                      "condition": ""
                    },
                    "date": {
                      "condition": "",
                      "value": ""
                    },
                    "enabled": false,
                    "number": {
                      "condition": "",
                      "value": ""
                    },
                    "string": {
                      "condition": "",
                      "value": ""
                    },
                    "visible": "on-hover"
                  },
                  "footer": {
                    "align": "center",
                    "justify": "left",
                    "style": {
                      "classes": ""
                    },
                    "title": ""
                  },
                  "header": {
                    "align": "center",
                    "justify": "center",
                    "style": {
                      "classes": ""
                    },
                    "title": "Date Time"
                  },
                  "justify": "center",
                  "number": "value",
                  "numberFormat": "0,0.##",
                  "progressBar": {
                    "bar": {
                      "color": "",
                      "style": {
                        "classes": ""
                      }
                    },
                    "max": 100,
                    "min": 0,
                    "track": {
                      "color": "",
                      "style": {
                        "classes": ""
                      }
                    },
                    "value": {
                      "enabled": true,
                      "format": "0,0.##",
                      "justify": "center",
                      "style": {
                        "classes": ""
                      }
                    }
                  },
                  "render": "date",
                  "resizable": false,
                  "sort": "none",
                  "sortable": false,
                  "strictWidth": false,
                  "style": {
                    "classes": ""
                  },
                  "toggleSwitch": {
                    "color": {
                      "selected": "",
                      "unselected": ""
                    }
                  },
                  "viewParams": {},
                  "viewPath": "",
                  "visible": true,
                  "width": 80
                },
                {
                  "align": "center",
                  "boolean": "checkbox",
                  "dateFormat": "MM/DD/YYYY",
                  "editable": false,
                  "field": "prod_order",
                  "filter": {
                    "boolean": {
                      "condition": ""
                    },
                    "date": {
                      "condition": "",
                      "value": ""
                    },
                    "enabled": true,
                    "number": {
                      "condition": "",
                      "value": ""
                    },
                    "string": {
                      "condition": "",
                      "value": ""
                    },
                    "visible": "on-hover"
                  },
                  "footer": {
                    "align": "center",
                    "justify": "left",
                    "style": {
                      "classes": ""
                    },
                    "title": ""
                  },
                  "header": {
                    "align": "center",
                    "justify": "center",
                    "style": {
                      "classes": ""
                    },
                    "title": "PO NO"
                  },
                  "justify": "center",
                  "number": "value",
                  "numberFormat": "0,0.##",
                  "progressBar": {
                    "bar": {
                      "color": "",
                      "style": {
                        "classes": ""
                      }
                    },
                    "max": 100,
                    "min": 0,
                    "track": {
                      "color": "",
                      "style": {
                        "classes": ""
                      }
                    },
                    "value": {
                      "enabled": true,
                      "format": "0,0.##",
                      "justify": "center",
                      "style": {
                        "classes": ""
                      }
                    }
                  },
                  "render": "auto",
                  "resizable": true,
                  "sort": "none",
                  "sortable": false,
                  "strictWidth": true,
                  "style": {
                    "classes": "test1"
                  },
                  "toggleSwitch": {
                    "color": {
                      "selected": "",
                      "unselected": ""
                    }
                  },
                  "viewParams": {},
                  "viewPath": "",
                  "visible": true,
                  "width": 90
                },
                {
                  "align": "center",
                  "boolean": "checkbox",
                  "dateFormat": "MM/DD/YYYY",
                  "editable": false,
                  "field": "material_code",
                  "filter": {
                    "boolean": {
                      "condition": ""
                    },
                    "date": {
                      "condition": "",
                      "value": ""
                    },
                    "enabled": false,
                    "number": {
                      "condition": "",
                      "value": ""
                    },
                    "string": {
                      "condition": "",
                      "value": ""
                    },
                    "visible": "on-hover"
                  },
                  "footer": {
                    "align": "center",
                    "justify": "left",
                    "style": {
                      "classes": ""
                    },
                    "title": ""
                  },
                  "header": {
                    "align": "center",
                    "justify": "center",
                    "style": {
                      "classes": ""
                    },
                    "title": "Material Code"
                  },
                  "justify": "center",
                  "number": "value",
                  "numberFormat": "0,0.##",
                  "progressBar": {
                    "bar": {
                      "color": "",
                      "style": {
                        "classes": ""
                      }
                    },
                    "max": 100,
                    "min": 0,
                    "track": {
                      "color": "",
                      "style": {
                        "classes": ""
                      }
                    },
                    "value": {
                      "enabled": true,
                      "format": "0,0.##",
                      "justify": "center",
                      "style": {
                        "classes": ""
                      }
                    }
                  },
                  "render": "auto",
                  "resizable": false,
                  "sort": "none",
                  "sortable": false,
                  "strictWidth": false,
                  "style": {
                    "classes": ""
                  },
                  "toggleSwitch": {
                    "color": {
                      "selected": "",
                      "unselected": ""
                    }
                  },
                  "viewParams": {},
                  "viewPath": "",
                  "visible": true,
                  "width": 80
                },
                {
                  "align": "center",
                  "boolean": "checkbox",
                  "dateFormat": "MM/DD/YYYY",
                  "editable": false,
                  "field": "material_description",
                  "filter": {
                    "boolean": {
                      "condition": ""
                    },
                    "date": {
                      "condition": "",
                      "value": ""
                    },
                    "enabled": false,
                    "number": {
                      "condition": "",
                      "value": ""
                    },
                    "string": {
                      "condition": "",
                      "value": ""
                    },
                    "visible": "on-hover"
                  },
                  "footer": {
                    "align": "center",
                    "justify": "left",
                    "style": {
                      "classes": ""
                    },
                    "title": ""
                  },
                  "header": {
                    "align": "center",
                    "justify": "center",
                    "style": {
                      "classes": ""
                    },
                    "title": "Description"
                  },
                  "justify": "center",
                  "number": "value",
                  "numberFormat": "0,0.##",
                  "progressBar": {
                    "bar": {
                      "color": "",
                      "style": {
                        "classes": ""
                      }
                    },
                    "max": 100,
                    "min": 0,
                    "track": {
                      "color": "",
                      "style": {
                        "classes": ""
                      }
                    },
                    "value": {
                      "enabled": true,
                      "format": "0,0.##",
                      "justify": "center",
                      "style": {
                        "classes": ""
                      }
                    }
                  },
                  "render": "number",
                  "resizable": false,
                  "sort": "none",
                  "sortable": false,
                  "strictWidth": false,
                  "style": {
                    "classes": ""
                  },
                  "toggleSwitch": {
                    "color": {
                      "selected": "",
                      "unselected": ""
                    }
                  },
                  "viewParams": {},
                  "viewPath": "",
                  "visible": true,
                  "width": 70
                },
                {
                  "align": "center",
                  "boolean": "checkbox",
                  "dateFormat": "MM/DD/YYYY HH:mm:ss",
                  "editable": false,
                  "field": "material_selection",
                  "filter": {
                    "boolean": {
                      "condition": ""
                    },
                    "date": {
                      "condition": "",
                      "value": ""
                    },
                    "enabled": false,
                    "number": {
                      "condition": "",
                      "value": ""
                    },
                    "string": {
                      "condition": "",
                      "value": ""
                    },
                    "visible": "on-hover"
                  },
                  "footer": {
                    "align": "center",
                    "justify": "left",
                    "style": {
                      "classes": ""
                    },
                    "title": ""
                  },
                  "header": {
                    "align": "center",
                    "justify": "center",
                    "style": {
                      "classes": ""
                    },
                    "title": "Selection"
                  },
                  "justify": "center",
                  "number": "value",
                  "numberFormat": "0,0.##",
                  "progressBar": {
                    "bar": {
                      "color": "",
                      "style": {
                        "classes": ""
                      }
                    },
                    "max": 100,
                    "min": 0,
                    "track": {
                      "color": "",
                      "style": {
                        "classes": ""
                      }
                    },
                    "value": {
                      "enabled": true,
                      "format": "0,0.##",
                      "justify": "center",
                      "style": {
                        "classes": ""
                      }
                    }
                  },
                  "render": "date",
                  "resizable": true,
                  "sort": "none",
                  "sortable": false,
                  "strictWidth": true,
                  "style": {
                    "classes": ""
                  },
                  "toggleSwitch": {
                    "color": {
                      "selected": "",
                      "unselected": ""
                    }
                  },
                  "viewParams": {},
                  "viewPath": "",
                  "visible": true,
                  "width": 60
                },
                {
                  "align": "center",
                  "boolean": "checkbox",
                  "dateFormat": "MM/DD/YYYY",
                  "editable": false,
                  "field": "batch",
                  "filter": {
                    "boolean": {
                      "condition": ""
                    },
                    "date": {
                      "condition": "",
                      "value": ""
                    },
                    "enabled": false,
                    "number": {
                      "condition": "",
                      "value": ""
                    },
                    "string": {
                      "condition": "",
                      "value": ""
                    },
                    "visible": "on-hover"
                  },
                  "footer": {
                    "align": "center",
                    "justify": "left",
                    "style": {
                      "classes": ""
                    },
                    "title": ""
                  },
                  "header": {
                    "align": "center",
                    "justify": "center",
                    "style": {
                      "classes": ""
                    },
                    "title": "Batch"
                  },
                  "justify": "center",
                  "number": "value",
                  "numberFormat": "0,0.##",
                  "progressBar": {
                    "bar": {
                      "color": "",
                      "style": {
                        "classes": ""
                      }
                    },
                    "max": 100,
                    "min": 0,
                    "track": {
                      "color": "",
                      "style": {
                        "classes": ""
                      }
                    },
                    "value": {
                      "enabled": true,
                      "format": "0,0.##",
                      "justify": "center",
                      "style": {
                        "classes": ""
                      }
                    }
                  },
                  "render": "string",
                  "resizable": false,
                  "sort": "none",
                  "sortable": false,
                  "strictWidth": true,
                  "style": {
                    "classes": ""
                  },
                  "toggleSwitch": {
                    "color": {
                      "selected": "",
                      "unselected": ""
                    }
                  },
                  "viewParams": {},
                  "viewPath": "",
                  "visible": true,
                  "width": 80
                },
                {
                  "align": "center",
                  "boolean": "checkbox",
                  "dateFormat": "MM/DD/YYYY",
                  "editable": false,
                  "field": "qty",
                  "filter": {
                    "boolean": {
                      "condition": ""
                    },
                    "date": {
                      "condition": "",
                      "value": ""
                    },
                    "enabled": false,
                    "number": {
                      "condition": "",
                      "value": ""
                    },
                    "string": {
                      "condition": "",
                      "value": ""
                    },
                    "visible": "on-hover"
                  },
                  "footer": {
                    "align": "center",
                    "justify": "left",
                    "style": {
                      "classes": ""
                    },
                    "title": ""
                  },
                  "header": {
                    "align": "center",
                    "justify": "center",
                    "style": {
                      "classes": ""
                    },
                    "title": "Qty (kg)"
                  },
                  "justify": "center",
                  "number": "value",
                  "numberFormat": "0,0.##",
                  "progressBar": {
                    "bar": {
                      "color": "",
                      "style": {
                        "classes": ""
                      }
                    },
                    "max": 100,
                    "min": 0,
                    "track": {
                      "color": "",
                      "style": {
                        "classes": ""
                      }
                    },
                    "value": {
                      "enabled": true,
                      "format": "0,0.##",
                      "justify": "center",
                      "style": {
                        "classes": ""
                      }
                    }
                  },
                  "render": "number",
                  "resizable": false,
                  "sort": "none",
                  "sortable": false,
                  "strictWidth": true,
                  "style": {
                    "classes": ""
                  },
                  "toggleSwitch": {
                    "color": {
                      "selected": "",
                      "unselected": ""
                    }
                  },
                  "viewParams": {
                    "rowData": {}
                  },
                  "viewPath": "Error/Template/Endcut\u0026Homog/Resend_API_Button",
                  "visible": true,
                  "width": 60
                },
                {
                  "align": "center",
                  "boolean": "checkbox",
                  "dateFormat": "MM/DD/YYYY",
                  "editable": false,
                  "field": "qty_uom",
                  "filter": {
                    "boolean": {
                      "condition": ""
                    },
                    "date": {
                      "condition": "",
                      "value": ""
                    },
                    "enabled": false,
                    "number": {
                      "condition": "",
                      "value": ""
                    },
                    "string": {
                      "condition": "",
                      "value": ""
                    },
                    "visible": "on-hover"
                  },
                  "footer": {
                    "align": "center",
                    "justify": "left",
                    "style": {
                      "classes": ""
                    },
                    "title": ""
                  },
                  "header": {
                    "align": "center",
                    "justify": "center",
                    "style": {
                      "classes": ""
                    },
                    "title": "UOM"
                  },
                  "justify": "center",
                  "number": "value",
                  "numberFormat": "0,0.##",
                  "progressBar": {
                    "bar": {
                      "color": "",
                      "style": {
                        "classes": ""
                      }
                    },
                    "max": 100,
                    "min": 0,
                    "track": {
                      "color": "",
                      "style": {
                        "classes": ""
                      }
                    },
                    "value": {
                      "enabled": true,
                      "format": "0,0.##",
                      "justify": "center",
                      "style": {
                        "classes": ""
                      }
                    }
                  },
                  "render": "string",
                  "resizable": false,
                  "sort": "none",
                  "sortable": false,
                  "strictWidth": true,
                  "style": {
                    "classes": ""
                  },
                  "toggleSwitch": {
                    "color": {
                      "selected": "",
                      "unselected": ""
                    }
                  },
                  "viewParams": {},
                  "viewPath": "",
                  "visible": true,
                  "width": 40
                },
                {
                  "align": "center",
                  "boolean": "checkbox",
                  "dateFormat": "MM/DD/YYYY",
                  "editable": false,
                  "field": "msg",
                  "filter": {
                    "boolean": {
                      "condition": ""
                    },
                    "date": {
                      "condition": "",
                      "value": ""
                    },
                    "enabled": false,
                    "number": {
                      "condition": "",
                      "value": ""
                    },
                    "string": {
                      "condition": "",
                      "value": ""
                    },
                    "visible": "on-hover"
                  },
                  "footer": {
                    "align": "center",
                    "justify": "left",
                    "style": {
                      "classes": ""
                    },
                    "title": ""
                  },
                  "header": {
                    "align": "center",
                    "justify": "center",
                    "style": {
                      "classes": ""
                    },
                    "title": "Error Message"
                  },
                  "justify": "center",
                  "number": "value",
                  "numberFormat": "0,0.##",
                  "progressBar": {
                    "bar": {
                      "color": "",
                      "style": {
                        "classes": ""
                      }
                    },
                    "max": 100,
                    "min": 0,
                    "track": {
                      "color": "",
                      "style": {
                        "classes": ""
                      }
                    },
                    "value": {
                      "enabled": true,
                      "format": "0,0.##",
                      "justify": "center",
                      "style": {
                        "classes": ""
                      }
                    }
                  },
                  "render": "string",
                  "resizable": false,
                  "sort": "none",
                  "sortable": false,
                  "strictWidth": false,
                  "style": {
                    "classes": ""
                  },
                  "toggleSwitch": {
                    "color": {
                      "selected": "",
                      "unselected": ""
                    }
                  },
                  "viewParams": {},
                  "viewPath": "",
                  "visible": true,
                  "width": 200
                },
                {
                  "align": "center",
                  "boolean": "checkbox",
                  "dateFormat": "MM/DD/YYYY",
                  "editable": false,
                  "field": "uid",
                  "filter": {
                    "boolean": {
                      "condition": ""
                    },
                    "date": {
                      "condition": "",
                      "value": ""
                    },
                    "enabled": false,
                    "number": {
                      "condition": "",
                      "value": ""
                    },
                    "string": {
                      "condition": "",
                      "value": ""
                    },
                    "visible": "on-hover"
                  },
                  "footer": {
                    "align": "center",
                    "justify": "left",
                    "style": {
                      "classes": ""
                    },
                    "title": ""
                  },
                  "header": {
                    "align": "center",
                    "justify": "left",
                    "style": {
                      "classes": ""
                    },
                    "title": ""
                  },
                  "justify": "auto",
                  "number": "value",
                  "numberFormat": "0,0.##",
                  "progressBar": {
                    "bar": {
                      "color": "",
                      "style": {
                        "classes": ""
                      }
                    },
                    "max": 100,
                    "min": 0,
                    "track": {
                      "color": "",
                      "style": {
                        "classes": ""
                      }
                    },
                    "value": {
                      "enabled": true,
                      "format": "0,0.##",
                      "justify": "center",
                      "style": {
                        "classes": ""
                      }
                    }
                  },
                  "render": "auto",
                  "resizable": true,
                  "sort": "none",
                  "sortable": true,
                  "strictWidth": false,
                  "style": {
                    "classes": ""
                  },
                  "toggleSwitch": {
                    "color": {
                      "selected": "",
                      "unselected": ""
                    }
                  },
                  "viewParams": {},
                  "viewPath": "",
                  "visible": false,
                  "width": ""
                },
                {
                  "align": "center",
                  "boolean": "checkbox",
                  "dateFormat": "MM/DD/YYYY",
                  "editable": false,
                  "field": "mov_type",
                  "filter": {
                    "boolean": {
                      "condition": ""
                    },
                    "date": {
                      "condition": "",
                      "value": ""
                    },
                    "enabled": false,
                    "number": {
                      "condition": "",
                      "value": ""
                    },
                    "string": {
                      "condition": "",
                      "value": ""
                    },
                    "visible": "on-hover"
                  },
                  "footer": {
                    "align": "center",
                    "justify": "left",
                    "style": {
                      "classes": ""
                    },
                    "title": ""
                  },
                  "header": {
                    "align": "center",
                    "justify": "center",
                    "style": {
                      "classes": ""
                    },
                    "title": "Type"
                  },
                  "justify": "center",
                  "number": "value",
                  "numberFormat": "0,0.##",
                  "progressBar": {
                    "bar": {
                      "color": "",
                      "style": {
                        "classes": ""
                      }
                    },
                    "max": 100,
                    "min": 0,
                    "track": {
                      "color": "",
                      "style": {
                        "classes": ""
                      }
                    },
                    "value": {
                      "enabled": true,
                      "format": "0,0.##",
                      "justify": "center",
                      "style": {
                        "classes": ""
                      }
                    }
                  },
                  "render": "string",
                  "resizable": false,
                  "sort": "none",
                  "sortable": false,
                  "strictWidth": false,
                  "style": {
                    "classes": ""
                  },
                  "toggleSwitch": {
                    "color": {
                      "selected": "",
                      "unselected": ""
                    }
                  },
                  "viewParams": {},
                  "viewPath": "",
                  "visible": true,
                  "width": ""
                },
                {
                  "align": "center",
                  "boolean": "checkbox",
                  "dateFormat": "MM/DD/YYYY",
                  "editable": false,
                  "field": "Print",
                  "filter": {
                    "boolean": {
                      "condition": ""
                    },
                    "date": {
                      "condition": "",
                      "value": ""
                    },
                    "enabled": false,
                    "number": {
                      "condition": "",
                      "value": ""
                    },
                    "string": {
                      "condition": "",
                      "value": ""
                    },
                    "visible": "on-hover"
                  },
                  "footer": {
                    "align": "center",
                    "justify": "left",
                    "style": {
                      "classes": ""
                    },
                    "title": ""
                  },
                  "header": {
                    "align": "center",
                    "justify": "center",
                    "style": {
                      "classes": ""
                    },
                    "title": "Resend"
                  },
                  "justify": "center",
                  "number": "value",
                  "numberFormat": "0,0.##",
                  "progressBar": {
                    "bar": {
                      "color": "",
                      "style": {
                        "classes": ""
                      }
                    },
                    "max": 100,
                    "min": 0,
                    "track": {
                      "color": "",
                      "style": {
                        "classes": ""
                      }
                    },
                    "value": {
                      "enabled": true,
                      "format": "0,0.##",
                      "justify": "center",
                      "style": {
                        "classes": ""
                      }
                    }
                  },
                  "render": "view",
                  "resizable": false,
                  "sort": "none",
                  "sortable": false,
                  "strictWidth": true,
                  "style": {
                    "classes": ""
                  },
                  "toggleSwitch": {
                    "color": {
                      "selected": "",
                      "unselected": ""
                    }
                  },
                  "viewParams": {
                    "rowData": {}
                  },
                  "viewPath": "Error/Template/Material/Resend_API_Button",
                  "visible": true,
                  "width": 60
                },
                {
                  "align": "center",
                  "boolean": "checkbox",
                  "dateFormat": "MM/DD/YYYY",
                  "editable": false,
                  "field": "oprn",
                  "filter": {
                    "boolean": {
                      "condition": ""
                    },
                    "date": {
                      "condition": "",
                      "value": ""
                    },
                    "enabled": false,
                    "number": {
                      "condition": "",
                      "value": ""
                    },
                    "string": {
                      "condition": "",
                      "value": ""
                    },
                    "visible": "on-hover"
                  },
                  "footer": {
                    "align": "center",
                    "justify": "left",
                    "style": {
                      "classes": ""
                    },
                    "title": ""
                  },
                  "header": {
                    "align": "center",
                    "justify": "left",
                    "style": {
                      "classes": ""
                    },
                    "title": "oprn"
                  },
                  "justify": "auto",
                  "number": "value",
                  "numberFormat": "0,0.##",
                  "progressBar": {
                    "bar": {
                      "color": "",
                      "style": {
                        "classes": ""
                      }
                    },
                    "max": 100,
                    "min": 0,
                    "track": {
                      "color": "",
                      "style": {
                        "classes": ""
                      }
                    },
                    "value": {
                      "enabled": true,
                      "format": "0,0.##",
                      "justify": "center",
                      "style": {
                        "classes": ""
                      }
                    }
                  },
                  "render": "auto",
                  "resizable": true,
                  "sort": "none",
                  "sortable": true,
                  "strictWidth": false,
                  "style": {
                    "classes": ""
                  },
                  "toggleSwitch": {
                    "color": {
                      "selected": "",
                      "unselected": ""
                    }
                  },
                  "viewParams": {},
                  "viewPath": "",
                  "visible": false,
                  "width": ""
                }
              ],
              "dragOrderable": false,
              "emptyMessage": {
                "style": {
                  "backgroundColor": "#E3E3E3",
                  "borderStyle": "none"
                }
              },
              "headerStyle": {
                "classes": "Table/Table_Header"
              },
              "pager": {
                "initialOption": 50
              },
              "resizeMode": "fixed",
              "rows": {
                "height": 20,
                "highlight": {
                  "color": "#FDF1D3",
                  "enabled": false
                },
                "striped": {
                  "color": {
                    "even": "#FFFFFF",
                    "odd": "#FFFFFF"
                  },
                  "style": {
                    "marginTop": 5
                  }
                },
                "style": {
                  "classes": "Table/Table_Row"
                }
              },
              "style": {
                "classes": "Table/Table_style"
              },
              "virtualized": false
            },
            "scripts": {
              "customMethods": [],
              "extensionFunctions": null,
              "messageHandlers": [
                {
                  "messageType": "Update_E_Error1",
                  "pageScope": true,
                  "script": "\timport time\n\t# implement your handler here\n\t\n\tdef reset():\n\t\tself.props.selection.enableRowSelection\u003dFalse\t\t\n\t\tself.props.selection.data\u003d[]\n\t\tself.props.virtualized\u003dTrue\t\t\n\t\ttime.sleep(2)\n\t\tself.props.selection.selectedRow\u003d-1\n\t\tself.props.selection.selectedColumn\u003d-1\n\t\tself.props.selection.selectedRow\u003dNone\n\t\tself.props.selection.selectedColumn\u003dNone\n\t\tself.props.selection.enableRowSelection\u003dTrue\n\t\tself.props.virtualized\u003dFalse\n\t\n\tA\u003dpayload[\u0027EUpdate\u0027]\n\tself.refreshBinding(\u0027props.data\u0027)\n\treset()\n\tif A\u003d\u003d1:\n\t\ttime.sleep(1)\n\t\tself.refreshBinding(\u0027props.data\u0027)\n\t\treset()\n\telse:\n\t\tself.refreshBinding(\u0027props.data\u0027)\t\n\t\treset()",
                  "sessionScope": true,
                  "viewScope": true
                }
              ]
            },
            "type": "ia.display.table"
          }
        ],
        "meta": {
          "name": "FlexContainer3"
        },
        "position": {
          "basis": "200px",
          "grow": 1
        },
        "type": "ia.container.flex"
      },
      {
        "meta": {
          "name": "FlexContainer5"
        },
        "position": {
          "basis": "1px"
        },
        "type": "ia.container.flex"
      }
    ],
    "events": {
      "system": {
        "onStartup": {
          "config": {
            "script": "\tgetQuery \u003d \u0027\u0027\u0027SELECT \n\t    0 as [Select],\n\t    trim([prod_order]) as [prod_order],\n\t    trim([material_code]) as [material_code],\n\t    trim([material_description]) as [material_description],\n\t    trim([material_selection]) as [material_selection],\n\t    trim([batch]) as [batch],\n\t    [qty],\n\t    [qty_uom],\n\t    [oprn],\n\t    [DATE_TIME],\n\t    [uid],\n\t    trim([msg]) as [msg],\n\t    CASE \n\t        WHEN [mov_type] IS NOT NULL THEN \u0027Cancellation\u0027\n\t\t\tWHEN [mov_type] IS  NULL THEN \u0027 \u0027\n\t        ELSE trim([mov_type])\n\t    END as [mov_type],\n\t    CASE \n\t        WHEN [oprn] \u003d 10 THEN \u0027Melting\u0027\n\t        WHEN [oprn] \u003d 20 THEN \u0027Holding\u0027\n\t        WHEN [oprn] \u003d 30 THEN \u0027Casting\u0027\n\t        WHEN [oprn] \u003d 40 THEN \u0027End cut scrap\u0027\n\t        ELSE \u0027Unknown\u0027\n\t    END as [oprn1],\n\t    0 as [Print]\n\tFROM [INBOUNDCIMS].[dbo].[Egoodmov]\n\tWHERE flag\u003d0\n\torder by DATE_TIME desc\u0027\u0027\u0027\n\t\t\n\tdataSet \u003d system.db.runPrepQuery(getQuery, [], \u0027CIMS2\u0027)\n\tself.getChild(\"FlexContainer3\").getChild(\"Table\").props.data\u003d dataSet\n\t"
          },
          "scope": "G",
          "type": "script"
        }
      }
    },
    "meta": {
      "name": "root"
    },
    "props": {
      "direction": "column"
    },
    "type": "ia.container.flex"
  }
}