{
  "custom": {},
  "params": {},
  "props": {
    "defaultSize": {
      "height": 125,
      "width": 1550
    }
  },
  "root": {
    "children": [
      {
        "children": [
          {
            "children": [
              {
                "children": [
                  {
                    "meta": {
                      "name": "Label"
                    },
                    "position": {
                      "basis": "114px"
                    },
                    "props": {
                      "text": "Double Billet"
                    },
                    "type": "ia.display.label"
                  },
                  {
                    "meta": {
                      "name": "Icon"
                    },
                    "position": {
                      "basis": "30px"
                    },
                    "props": {
                      "path": "material/check_box_outline_blank"
                    },
                    "type": "ia.display.icon"
                  }
                ],
                "meta": {
                  "name": "FlexContainer"
                },
                "position": {
                  "basis": "50px"
                },
                "props": {
                  "style": {
                    "overflow": "hidden"
                  }
                },
                "type": "ia.container.flex"
              },
              {
                "children": [
                  {
                    "meta": {
                      "name": "Label"
                    },
                    "position": {
                      "basis": "130px"
                    },
                    "props": {
                      "style": {
                        "classes": "Operator/entry_label"
                      },
                      "text": "Billet No.*"
                    },
                    "type": "ia.display.label"
                  },
                  {
                    "meta": {
                      "name": "TextField"
                    },
                    "position": {
                      "basis": "179px"
                    },
                    "props": {
                      "style": {
                        "classes": "Operator/entry_field"
                      }
                    },
                    "type": "ia.input.text-field"
                  }
                ],
                "meta": {
                  "name": "FlexContainer_0"
                },
                "position": {
                  "basis": "120px"
                },
                "type": "ia.container.flex"
              },
              {
                "meta": {
                  "name": "FlexContainer_1"
                },
                "position": {
                  "basis": "70px"
                },
                "type": "ia.container.flex"
              }
            ],
            "meta": {
              "name": "FlexContainer"
            },
            "position": {
              "basis": "320px"
            },
            "props": {
              "direction": "column"
            },
            "type": "ia.container.flex"
          },
          {
            "children": [
              {
                "children": [
                  {
                    "meta": {
                      "name": "Label"
                    },
                    "position": {
                      "basis": "130px"
                    },
                    "props": {
                      "style": {
                        "classes": "Operator/entry_label"
                      },
                      "text": "Batch1"
                    },
                    "type": "ia.display.label"
                  },
                  {
                    "meta": {
                      "name": "TextField"
                    },
                    "position": {
                      "basis": "179px"
                    },
                    "props": {
                      "style": {
                        "classes": "Operator/entry_field"
                      }
                    },
                    "type": "ia.input.text-field"
                  }
                ],
                "meta": {
                  "name": "FlexContainer"
                },
                "position": {
                  "basis": "120px"
                },
                "type": "ia.container.flex"
              },
              {
                "children": [
                  {
                    "meta": {
                      "name": "Label"
                    },
                    "position": {
                      "basis": "130px"
                    },
                    "props": {
                      "style": {
                        "classes": "Operator/entry_label"
                      },
                      "text": "Batch 2"
                    },
                    "type": "ia.display.label"
                  },
                  {
                    "meta": {
                      "name": "TextField"
                    },
                    "position": {
                      "basis": "179px"
                    },
                    "props": {
                      "style": {
                        "classes": "Operator/entry_field"
                      }
                    },
                    "type": "ia.input.text-field"
                  }
                ],
                "meta": {
                  "name": "FlexContainer_0"
                },
                "position": {
                  "basis": "120px"
                },
                "type": "ia.container.flex"
              }
            ],
            "meta": {
              "name": "FlexContainer_0"
            },
            "position": {
              "basis": "320px"
            },
            "props": {
              "direction": "column"
            },
            "type": "ia.container.flex"
          },
          {
            "children": [
              {
                "children": [
                  {
                    "meta": {
                      "name": "Label"
                    },
                    "position": {
                      "basis": "130px"
                    },
                    "props": {
                      "style": {
                        "classes": "Operator/entry_label"
                      },
                      "text": "1st Billet Length"
                    },
                    "type": "ia.display.label"
                  },
                  {
                    "meta": {
                      "name": "TextField"
                    },
                    "position": {
                      "basis": "179px"
                    },
                    "props": {
                      "style": {
                        "classes": "Operator/entry_field"
                      }
                    },
                    "type": "ia.input.text-field"
                  }
                ],
                "meta": {
                  "name": "FlexContainer"
                },
                "position": {
                  "basis": "120px"
                },
                "type": "ia.container.flex"
              },
              {
                "children": [
                  {
                    "meta": {
                      "name": "Label"
                    },
                    "position": {
                      "basis": "130px"
                    },
                    "props": {
                      "style": {
                        "classes": "Operator/entry_label"
                      },
                      "text": "2nd Billet Length"
                    },
                    "type": "ia.display.label"
                  },
                  {
                    "meta": {
                      "name": "TextField"
                    },
                    "position": {
                      "basis": "179px"
                    },
                    "props": {
                      "style": {
                        "classes": "Operator/entry_field"
                      }
                    },
                    "type": "ia.input.text-field"
                  }
                ],
                "meta": {
                  "name": "FlexContainer_0"
                },
                "position": {
                  "basis": "120px"
                },
                "type": "ia.container.flex"
              }
            ],
            "meta": {
              "name": "FlexContainer_1"
            },
            "position": {
              "basis": "320px"
            },
            "props": {
              "direction": "column"
            },
            "type": "ia.container.flex"
          },
          {
            "children": [
              {
                "children": [
                  {
                    "meta": {
                      "name": "Label"
                    },
                    "position": {
                      "basis": "130px"
                    },
                    "props": {
                      "style": {
                        "classes": "Operator/entry_label"
                      },
                      "text": "1st Billet Weight(Kg)"
                    },
                    "type": "ia.display.label"
                  },
                  {
                    "meta": {
                      "name": "TextField"
                    },
                    "position": {
                      "basis": "179px"
                    },
                    "props": {
                      "style": {
                        "classes": "Operator/entry_field"
                      }
                    },
                    "type": "ia.input.text-field"
                  }
                ],
                "meta": {
                  "name": "FlexContainer"
                },
                "position": {
                  "basis": "120px"
                },
                "type": "ia.container.flex"
              },
              {
                "children": [
                  {
                    "meta": {
                      "name": "Label"
                    },
                    "position": {
                      "basis": "130px"
                    },
                    "props": {
                      "style": {
                        "classes": "Operator/entry_label"
                      },
                      "text": "2nd Billet Weight(Kg)"
                    },
                    "type": "ia.display.label"
                  },
                  {
                    "meta": {
                      "name": "TextField"
                    },
                    "position": {
                      "basis": "179px"
                    },
                    "props": {
                      "style": {
                        "classes": "Operator/entry_field"
                      }
                    },
                    "type": "ia.input.text-field"
                  }
                ],
                "meta": {
                  "name": "FlexContainer_0"
                },
                "position": {
                  "basis": "120px"
                },
                "type": "ia.container.flex"
              }
            ],
            "meta": {
              "name": "FlexContainer_2"
            },
            "position": {
              "basis": "320px"
            },
            "props": {
              "direction": "column"
            },
            "type": "ia.container.flex"
          }
        ],
        "meta": {
          "name": "FlexContainer"
        },
        "position": {
          "basis": "105px"
        },
        "props": {
          "justify": "space-evenly"
        },
        "type": "ia.container.flex"
      },
      {
        "children": [
          {
            "children": [
              {
                "meta": {
                  "name": "Label"
                },
                "position": {
                  "basis": "220px"
                },
                "props": {
                  "style": {
                    "classes": "Operator/entry_label"
                  },
                  "text": "Double Billet-Push Quantity"
                },
                "type": "ia.display.label"
              },
              {
                "meta": {
                  "name": "TextField"
                },
                "position": {
                  "basis": "179px"
                },
                "props": {
                  "style": {
                    "classes": "Operator/entry_field"
                  }
                },
                "type": "ia.input.text-field"
              }
            ],
            "meta": {
              "name": "FlexContainer_0"
            },
            "position": {
              "basis": "472px"
            },
            "props": {
              "style": {
                "marginLeft": 10
              }
            },
            "type": "ia.container.flex"
          }
        ],
        "meta": {
          "name": "FlexContainer_0"
        },
        "position": {
          "basis": "52px"
        },
        "type": "ia.container.flex"
      }
    ],
    "meta": {
      "name": "root"
    },
    "props": {
      "direction": "column",
      "style": {
        "classes": "Operator/flex_rep"
      }
    },
    "type": "ia.container.flex"
  }
}