{
  "custom": {
    "Tab": 1,
    "User": 1
  },
  "params": {},
  "propConfig": {
    "custom.Tab": {
      "persistent": true
    },
    "custom.User": {
      "persistent": true
    }
  },
  "props": {
    "defaultSize": {
      "height": 96,
      "width": 1781
    }
  },
  "root": {
    "children": [
      {
        "meta": {
          "name": "FlexContainer"
        },
        "position": {
          "basis": "10px",
          "shrink": 0
        },
        "props": {
          "style": {
            "overflow": "hidden"
          }
        },
        "type": "ia.container.flex"
      },
      {
        "events": {
          "dom": {
            "onClick": {
              "config": {
                "page": "/"
              },
              "scope": "C",
              "type": "nav"
            }
          }
        },
        "meta": {
          "name": "Image"
        },
        "position": {
          "basis": "140px",
          "shrink": 0
        },
        "props": {
          "fit": {
            "mode": "contain"
          },
          "source": "/system/images/Jindal_logo.png",
          "style": {
            "margin": 8
          }
        },
        "type": "ia.display.image"
      },
      {
        "meta": {
          "name": "FlexContainer_0"
        },
        "position": {
          "basis": "10px",
          "shrink": 0
        },
        "type": "ia.container.flex"
      },
      {
        "children": [
          {
            "meta": {
              "name": "FlexContainer_0"
            },
            "position": {
              "basis": "20px",
              "shrink": 0
            },
            "type": "ia.container.flex"
          },
          {
            "meta": {
              "name": "Label"
            },
            "position": {
              "basis": "50px",
              "grow": 1
            },
            "propConfig": {
              "props.textStyle.color": {
                "binding": {
                  "config": {
                    "path": "view.custom.Tab"
                  },
                  "transforms": [
                    {
                      "code": "\tif value\u003d\u003d1:\n\t\treturn \u0027#257A8C\u0027\n\telse:\n\t\treturn \u0027#595959\u0027\t\n\t\t",
                      "type": "script"
                    }
                  ],
                  "type": "property"
                }
              }
            },
            "props": {
              "text": "Dashboard",
              "textStyle": {
                "fontFamily": "Roboto",
                "fontSize": 16,
                "fontWeight": "bolder",
                "textAlign": "center"
              }
            },
            "type": "ia.display.label"
          },
          {
            "meta": {
              "name": "FlexContainer"
            },
            "position": {
              "basis": "5px",
              "shrink": 0
            },
            "propConfig": {
              "props.style.backgroundColor": {
                "binding": {
                  "config": {
                    "path": "view.custom.Tab"
                  },
                  "transforms": [
                    {
                      "code": "\tif value\u003d\u003d1:\n\t\treturn \u0027#257A8C\u0027\n\telse:\n\t\treturn \u0027#FFFFFF\u0027\t",
                      "type": "script"
                    }
                  ],
                  "type": "property"
                }
              }
            },
            "props": {
              "style": {
                "borderBottomLeftRadius": 4,
                "borderBottomRightRadius": 4,
                "borderTopLeftRadius": 4,
                "borderTopRightRadius": 4,
                "margin": 15
              }
            },
            "type": "ia.container.flex"
          }
        ],
        "events": {
          "dom": {
            "onClick": [
              {
                "config": {
                  "script": "\tself.view.custom.Tab\u003d1"
                },
                "scope": "G",
                "type": "script"
              },
              {
                "config": {
                  "page": "/Dashboard"
                },
                "scope": "C",
                "type": "nav"
              }
            ]
          }
        },
        "meta": {
          "name": "Tab1"
        },
        "position": {
          "basis": "100px",
          "shrink": 0
        },
        "props": {
          "direction": "column",
          "justify": "flex-end"
        },
        "type": "ia.container.flex"
      },
      {
        "children": [
          {
            "meta": {
              "name": "FlexContainer_0"
            },
            "position": {
              "basis": "20px",
              "shrink": 0
            },
            "type": "ia.container.flex"
          },
          {
            "meta": {
              "name": "Label"
            },
            "position": {
              "basis": "50px",
              "grow": 1
            },
            "propConfig": {
              "props.textStyle.color": {
                "binding": {
                  "config": {
                    "path": "view.custom.Tab"
                  },
                  "transforms": [
                    {
                      "code": "\tif value\u003d\u003d2:\n\t\treturn \u0027#257A8C\u0027\n\telse:\n\t\treturn \u0027#595959\u0027\t\n\t\t",
                      "type": "script"
                    }
                  ],
                  "type": "property"
                }
              }
            },
            "props": {
              "text": "Pending",
              "textStyle": {
                "fontFamily": "Roboto",
                "fontSize": 16,
                "fontWeight": 500,
                "textAlign": "center"
              }
            },
            "type": "ia.display.label"
          },
          {
            "meta": {
              "name": "FlexContainer"
            },
            "position": {
              "basis": "5px",
              "shrink": 0
            },
            "propConfig": {
              "props.style.backgroundColor": {
                "binding": {
                  "config": {
                    "path": "view.custom.Tab"
                  },
                  "transforms": [
                    {
                      "code": "\tif value\u003d\u003d2:\n\t\treturn \u0027#257A8C\u0027\n\telse:\n\t\treturn \u0027#FFFFFF\u0027\t",
                      "type": "script"
                    }
                  ],
                  "type": "property"
                }
              }
            },
            "props": {
              "style": {
                "borderBottomLeftRadius": 4,
                "borderBottomRightRadius": 4,
                "borderTopLeftRadius": 4,
                "borderTopRightRadius": 4,
                "margin": 15
              }
            },
            "type": "ia.container.flex"
          }
        ],
        "events": {
          "dom": {
            "onClick": [
              {
                "config": {
                  "script": "\tself.view.custom.Tab\u003d2"
                },
                "scope": "G",
                "type": "script"
              },
              {
                "config": {
                  "page": "/Pending"
                },
                "scope": "C",
                "type": "nav"
              }
            ]
          }
        },
        "meta": {
          "name": "Tab2"
        },
        "position": {
          "basis": "140px",
          "shrink": 0
        },
        "props": {
          "direction": "column"
        },
        "type": "ia.container.flex"
      },
      {
        "children": [
          {
            "meta": {
              "name": "FlexContainer_0"
            },
            "position": {
              "basis": "20px",
              "shrink": 0
            },
            "type": "ia.container.flex"
          },
          {
            "meta": {
              "name": "Label"
            },
            "position": {
              "basis": "50px",
              "grow": 1
            },
            "propConfig": {
              "props.textStyle.color": {
                "binding": {
                  "config": {
                    "path": "view.custom.Tab"
                  },
                  "transforms": [
                    {
                      "code": "\tif value\u003d\u003d3:\n\t\treturn \u0027#257A8C\u0027\n\telse:\n\t\treturn \u0027#595959\u0027\t\n\t\t",
                      "type": "script"
                    }
                  ],
                  "type": "property"
                }
              }
            },
            "props": {
              "text": "In-Progress",
              "textStyle": {
                "fontFamily": "Roboto",
                "fontSize": 16,
                "fontWeight": 500,
                "textAlign": "center"
              }
            },
            "type": "ia.display.label"
          },
          {
            "meta": {
              "name": "FlexContainer"
            },
            "position": {
              "basis": "5px",
              "shrink": 0
            },
            "propConfig": {
              "props.style.backgroundColor": {
                "binding": {
                  "config": {
                    "path": "view.custom.Tab"
                  },
                  "transforms": [
                    {
                      "code": "\tif value\u003d\u003d3:\n\t\treturn \u0027#257A8C\u0027\n\telse:\n\t\treturn \u0027#FFFFFF\u0027\t",
                      "type": "script"
                    }
                  ],
                  "type": "property"
                }
              }
            },
            "props": {
              "style": {
                "borderBottomLeftRadius": 4,
                "borderBottomRightRadius": 4,
                "borderTopLeftRadius": 4,
                "borderTopRightRadius": 4,
                "margin": 15
              }
            },
            "type": "ia.container.flex"
          }
        ],
        "events": {
          "dom": {
            "onClick": [
              {
                "config": {
                  "script": "\tself.view.custom.Tab\u003d3"
                },
                "scope": "G",
                "type": "script"
              },
              {
                "config": {
                  "page": "/inprogress"
                },
                "scope": "C",
                "type": "nav"
              }
            ]
          }
        },
        "meta": {
          "name": "Tab3"
        },
        "position": {
          "basis": "140px",
          "shrink": 0
        },
        "props": {
          "direction": "column"
        },
        "type": "ia.container.flex"
      },
      {
        "children": [
          {
            "meta": {
              "name": "FlexContainer_0"
            },
            "position": {
              "basis": "20px",
              "shrink": 0
            },
            "type": "ia.container.flex"
          },
          {
            "meta": {
              "name": "Label"
            },
            "position": {
              "basis": "50px",
              "grow": 1
            },
            "propConfig": {
              "props.textStyle.color": {
                "binding": {
                  "config": {
                    "path": "view.custom.Tab"
                  },
                  "transforms": [
                    {
                      "code": "\tif value\u003d\u003d4:\n\t\treturn \u0027#257A8C\u0027\n\telse:\n\t\treturn \u0027#595959\u0027\t\n\t\t",
                      "type": "script"
                    }
                  ],
                  "type": "property"
                }
              }
            },
            "props": {
              "text": "On Hold",
              "textStyle": {
                "fontFamily": "Roboto",
                "fontSize": 16,
                "fontWeight": 500,
                "textAlign": "center"
              }
            },
            "type": "ia.display.label"
          },
          {
            "meta": {
              "name": "FlexContainer"
            },
            "position": {
              "basis": "5px",
              "shrink": 0
            },
            "propConfig": {
              "props.style.backgroundColor": {
                "binding": {
                  "config": {
                    "path": "view.custom.Tab"
                  },
                  "transforms": [
                    {
                      "code": "\tif value\u003d\u003d4:\n\t\treturn \u0027#257A8C\u0027\n\telse:\n\t\treturn \u0027#FFFFFF\u0027\t",
                      "type": "script"
                    }
                  ],
                  "type": "property"
                }
              }
            },
            "props": {
              "style": {
                "borderBottomLeftRadius": 4,
                "borderBottomRightRadius": 4,
                "borderTopLeftRadius": 4,
                "borderTopRightRadius": 4,
                "margin": 15
              }
            },
            "type": "ia.container.flex"
          }
        ],
        "events": {
          "dom": {
            "onClick": [
              {
                "config": {
                  "script": "\tself.view.custom.Tab\u003d4"
                },
                "scope": "G",
                "type": "script"
              },
              {
                "config": {
                  "page": "/Onhold"
                },
                "scope": "C",
                "type": "nav"
              }
            ]
          }
        },
        "meta": {
          "name": "Tab4"
        },
        "position": {
          "basis": "140px",
          "shrink": 0
        },
        "props": {
          "direction": "column"
        },
        "type": "ia.container.flex"
      },
      {
        "children": [
          {
            "meta": {
              "name": "FlexContainer_0"
            },
            "position": {
              "basis": "20px",
              "shrink": 0
            },
            "type": "ia.container.flex"
          },
          {
            "meta": {
              "name": "Label"
            },
            "position": {
              "basis": "50px",
              "grow": 1
            },
            "propConfig": {
              "props.textStyle.color": {
                "binding": {
                  "config": {
                    "path": "view.custom.Tab"
                  },
                  "transforms": [
                    {
                      "code": "\tif value\u003d\u003d5:\n\t\treturn \u0027#257A8C\u0027\n\telse:\n\t\treturn \u0027#595959\u0027\t\n\t\t",
                      "type": "script"
                    }
                  ],
                  "type": "property"
                }
              }
            },
            "props": {
              "text": "Completed",
              "textStyle": {
                "fontFamily": "Roboto",
                "fontSize": 16,
                "fontWeight": 500,
                "textAlign": "center"
              }
            },
            "type": "ia.display.label"
          },
          {
            "meta": {
              "name": "FlexContainer"
            },
            "position": {
              "basis": "5px",
              "shrink": 0
            },
            "propConfig": {
              "props.style.backgroundColor": {
                "binding": {
                  "config": {
                    "path": "view.custom.Tab"
                  },
                  "transforms": [
                    {
                      "code": "\tif value\u003d\u003d5:\n\t\treturn \u0027#257A8C\u0027\n\telse:\n\t\treturn \u0027#FFFFFF\u0027\t",
                      "type": "script"
                    }
                  ],
                  "type": "property"
                }
              }
            },
            "props": {
              "style": {
                "borderBottomLeftRadius": 4,
                "borderBottomRightRadius": 4,
                "borderTopLeftRadius": 4,
                "borderTopRightRadius": 4,
                "margin": 15
              }
            },
            "type": "ia.container.flex"
          }
        ],
        "events": {
          "dom": {
            "onClick": [
              {
                "config": {
                  "script": "\tself.view.custom.Tab\u003d5"
                },
                "scope": "G",
                "type": "script"
              },
              {
                "config": {
                  "page": "/Completed"
                },
                "scope": "C",
                "type": "nav"
              }
            ]
          }
        },
        "meta": {
          "name": "Tab5"
        },
        "position": {
          "basis": "140px",
          "shrink": 0
        },
        "props": {
          "direction": "column"
        },
        "type": "ia.container.flex"
      },
      {
        "children": [
          {
            "meta": {
              "name": "FlexContainer_0"
            },
            "position": {
              "basis": "20px",
              "shrink": 0
            },
            "type": "ia.container.flex"
          },
          {
            "meta": {
              "name": "Label"
            },
            "position": {
              "basis": "50px",
              "grow": 1
            },
            "propConfig": {
              "props.textStyle.color": {
                "binding": {
                  "config": {
                    "path": "view.custom.Tab"
                  },
                  "transforms": [
                    {
                      "code": "\tif value\u003d\u003d6:\n\t\treturn \u0027#257A8C\u0027\n\telse:\n\t\treturn \u0027#595959\u0027\t\n\t\t",
                      "type": "script"
                    }
                  ],
                  "type": "property"
                }
              }
            },
            "props": {
              "text": "PO Tracker",
              "textStyle": {
                "fontFamily": "Roboto",
                "fontSize": 16,
                "fontWeight": 500,
                "textAlign": "center"
              }
            },
            "type": "ia.display.label"
          },
          {
            "meta": {
              "name": "FlexContainer"
            },
            "position": {
              "basis": "5px",
              "shrink": 0
            },
            "propConfig": {
              "props.style.backgroundColor": {
                "binding": {
                  "config": {
                    "path": "view.custom.Tab"
                  },
                  "transforms": [
                    {
                      "code": "\tif value\u003d\u003d6:\n\t\treturn \u0027#257A8C\u0027\n\telse:\n\t\treturn \u0027#FFFFFF\u0027\t",
                      "type": "script"
                    }
                  ],
                  "type": "property"
                }
              }
            },
            "props": {
              "style": {
                "borderBottomLeftRadius": 4,
                "borderBottomRightRadius": 4,
                "borderTopLeftRadius": 4,
                "borderTopRightRadius": 4,
                "margin": 15
              }
            },
            "type": "ia.container.flex"
          }
        ],
        "events": {
          "dom": {
            "onClick": [
              {
                "config": {
                  "script": "\tself.view.custom.Tab\u003d6"
                },
                "scope": "G",
                "type": "script"
              },
              {
                "config": {
                  "params": {},
                  "view": "Windows/PO_Tracker"
                },
                "scope": "C",
                "type": "nav"
              }
            ]
          }
        },
        "meta": {
          "name": "Tab6"
        },
        "position": {
          "basis": "140px",
          "display": false,
          "shrink": 0
        },
        "props": {
          "direction": "column"
        },
        "type": "ia.container.flex"
      },
      {
        "children": [
          {
            "meta": {
              "name": "FlexContainer_0"
            },
            "position": {
              "basis": "20px",
              "shrink": 0
            },
            "type": "ia.container.flex"
          },
          {
            "meta": {
              "name": "Label"
            },
            "position": {
              "basis": "50px",
              "grow": 1
            },
            "propConfig": {
              "props.textStyle.color": {
                "binding": {
                  "config": {
                    "path": "view.custom.Tab"
                  },
                  "transforms": [
                    {
                      "code": "\tif value\u003d\u003d7:\n\t\treturn \u0027#257A8C\u0027\n\telse:\n\t\treturn \u0027#595959\u0027\t\n\t\t",
                      "type": "script"
                    }
                  ],
                  "type": "property"
                }
              }
            },
            "props": {
              "text": "Report",
              "textStyle": {
                "fontFamily": "Roboto",
                "fontSize": 16,
                "fontWeight": 500,
                "textAlign": "center"
              }
            },
            "type": "ia.display.label"
          },
          {
            "meta": {
              "name": "FlexContainer"
            },
            "position": {
              "basis": "5px",
              "shrink": 0
            },
            "propConfig": {
              "props.style.backgroundColor": {
                "binding": {
                  "config": {
                    "path": "view.custom.Tab"
                  },
                  "transforms": [
                    {
                      "code": "\tif value\u003d\u003d7:\n\t\treturn \u0027#257A8C\u0027\n\telse:\n\t\treturn \u0027#FFFFFF\u0027\t",
                      "type": "script"
                    }
                  ],
                  "type": "property"
                }
              }
            },
            "props": {
              "style": {
                "borderBottomLeftRadius": 4,
                "borderBottomRightRadius": 4,
                "borderTopLeftRadius": 4,
                "borderTopRightRadius": 4,
                "margin": 15
              }
            },
            "type": "ia.container.flex"
          }
        ],
        "events": {
          "dom": {
            "onClick": [
              {
                "config": {
                  "script": "\tself.view.custom.Tab\u003d7"
                },
                "scope": "G",
                "type": "script"
              },
              {
                "config": {
                  "params": {},
                  "view": "Windows/Report"
                },
                "scope": "C",
                "type": "nav"
              }
            ]
          }
        },
        "meta": {
          "name": "Tab7"
        },
        "position": {
          "basis": "100px",
          "display": false,
          "shrink": 0
        },
        "props": {
          "direction": "column"
        },
        "type": "ia.container.flex"
      },
      {
        "meta": {
          "name": "FlexContainer_1"
        },
        "position": {
          "basis": "100px",
          "grow": 1
        },
        "type": "ia.container.flex"
      },
      {
        "children": [
          {
            "children": [
              {
                "meta": {
                  "name": "Label"
                },
                "position": {
                  "basis": "50px"
                },
                "propConfig": {
                  "props.text": {
                    "binding": {
                      "config": {
                        "path": "session.props.auth.user.userName"
                      },
                      "type": "property"
                    }
                  }
                },
                "props": {
                  "textStyle": {
                    "color": "#5A5A5A",
                    "fontFamily": "Roboto",
                    "fontSize": 18,
                    "fontWeight": "500",
                    "marginTop": 8,
                    "textAlign": "center"
                  }
                },
                "type": "ia.display.label"
              },
              {
                "events": {
                  "component": {
                    "onActionPerformed": {
                      "config": {
                        "script": "\tself.view.custom.User\u003dself.props.value\n\tLOAD\u003d{\"data\":self.props.value}\n\tsystem.perspective.sendMessage(\"UserSelection\", payload\u003dLOAD,scope\u003d\"session\")\t"
                      },
                      "enabled": false,
                      "scope": "G",
                      "type": "script"
                    }
                  }
                },
                "meta": {
                  "name": "Dropdown_0"
                },
                "position": {
                  "basis": "36px"
                },
                "props": {
                  "options": [
                    {
                      "label": "PPC",
                      "value": 1
                    },
                    {
                      "label": "Toolshop",
                      "value": 2
                    },
                    {
                      "label": "QA",
                      "value": 3
                    },
                    {
                      "label": "Operator",
                      "value": 4
                    },
                    {
                      "label": "Bundling",
                      "value": 5
                    },
                    {
                      "label": "Administrator",
                      "value": 6
                    }
                  ],
                  "value": 2
                },
                "type": "ia.input.dropdown"
              }
            ],
            "meta": {
              "name": "FlexContainer"
            },
            "position": {
              "basis": "180px",
              "shrink": 0
            },
            "props": {
              "direction": "column"
            },
            "type": "ia.container.flex"
          },
          {
            "events": {
              "dom": {
                "onClick": {
                  "config": {
                    "draggable": true,
                    "id": "nuCHt-37",
                    "modal": false,
                    "overlayDismiss": true,
                    "resizable": false,
                    "showCloseIcon": false,
                    "type": "open",
                    "viewPath": "Popup/Toolshop/Logout",
                    "viewportBound": true
                  },
                  "scope": "C",
                  "type": "popup"
                }
              }
            },
            "meta": {
              "name": "Icon"
            },
            "position": {
              "basis": "60px"
            },
            "props": {
              "path": "material/account_circle",
              "style": {
                "marginLeft": 10
              }
            },
            "type": "ia.display.icon"
          }
        ],
        "meta": {
          "name": "User"
        },
        "position": {
          "basis": "250px",
          "shrink": 0
        },
        "props": {
          "justify": "flex-end"
        },
        "type": "ia.container.flex"
      }
    ],
    "events": {
      "system": {
        "onStartup": {
          "config": {
            "script": "\tA\u003dself.session.props.auth.user.roles[0]\n\tOUT\u003d0\n\t\n\tif A\u003d\u003d\u0027PPC\u0027:\n\t\tOUT\u003dbool(0)\n\telif A\u003d\u003d\u0027Toolshop\u0027:\n\t\tOUT\u003dbool(0)\n\telif A\u003d\u003d\u0027QA\u0027:\n\t\tOUT\u003dbool(0)\t\t\t\n\telif A\u003d\u003d\u0027Operator\u0027:\n\t\tOUT\u003dbool(0)\t\t\n\telif A\u003d\u003d\u0027Bundling\u0027:\n\t\tOUT\u003dbool(0)\n\telif A\u003d\u003d\u0027Administrator\u0027:\n\t\tOUT\u003dbool(1)\n\t\t\n\t#ake drop down visible\t\t\t\t\t\nself.getChild(\"User\").getChild(\"FlexContainer\").getChild(\"Dropdown_0\").props.value\u003dOUT"
          },
          "enabled": false,
          "scope": "G",
          "type": "script"
        }
      }
    },
    "meta": {
      "name": "root",
      "tooltip": {
        "style": {
          "backgroundColor": "#FFFFFF",
          "borderColor": " #E3E3E3",
          "borderStyle": "solid",
          "borderWidth": 1,
          "boxShadow": "0px 1px 4px rgba(35, 53, 81, 0.16)"
        }
      }
    },
    "position": {
      "basis": "68px",
      "display": true,
      "grow": 0,
      "shrink": 0
    },
    "props": {
      "style": {
        "backgroundColor": "#FFFFFF",
        "borderBottomColor": "#E3E3E3",
        "borderBottomStyle": "solid",
        "borderBottomWidth": "1px",
        "borderLeftStyle": "none",
        "borderLeftWidth": 1,
        "borderRightStyle": "none",
        "borderRightWidth": 1,
        "borderTopStyle": "none",
        "borderTopWidth": 1,
        "boxShadow": "0px 1px 4px rgba(35, 53, 81, 0.16)",
        "overflow": "hidden"
      }
    },
    "type": "ia.container.flex"
  }
}