{
  "custom": {
    "Tab": 1
  },
  "params": {},
  "props": {
    "defaultSize": {
      "height": 1257,
      "width": 1151
    }
  },
  "root": {
    "children": [
      {
        "children": [
          {
            "meta": {
              "name": "FlexContainer"
            },
            "position": {
              "basis": "10px",
              "shrink": 0
            },
            "props": {
              "style": {
                "overflow": "hidden"
              }
            },
            "type": "ia.container.flex"
          },
          {
            "children": [
              {
                "meta": {
                  "name": "FlexContainer_0"
                },
                "position": {
                  "basis": "20px",
                  "shrink": 0
                },
                "type": "ia.container.flex"
              },
              {
                "meta": {
                  "name": "Label"
                },
                "position": {
                  "basis": "50px",
                  "grow": 1
                },
                "propConfig": {
                  "props.textStyle.color": {
                    "binding": {
                      "config": {
                        "path": "view.custom.Tab"
                      },
                      "transforms": [
                        {
                          "code": "\tif value\u003d\u003d1:\n\t\treturn \u0027#257A8C\u0027\n\telse:\n\t\treturn \u0027#595959\u0027\t\n\t\t",
                          "type": "script"
                        }
                      ],
                      "type": "property"
                    }
                  }
                },
                "props": {
                  "text": "PPC",
                  "textStyle": {
                    "fontFamily": "Roboto",
                    "fontSize": 14,
                    "fontWeight": "bolder",
                    "textAlign": "center"
                  }
                },
                "type": "ia.display.label"
              },
              {
                "meta": {
                  "name": "FlexContainer"
                },
                "position": {
                  "basis": "5px",
                  "shrink": 0
                },
                "propConfig": {
                  "props.style.backgroundColor": {
                    "binding": {
                      "config": {
                        "path": "view.custom.Tab"
                      },
                      "transforms": [
                        {
                          "code": "\tif value\u003d\u003d1:\n\t\treturn \u0027#257A8C\u0027\n\telse:\n\t\treturn \u0027#FFFFFF\u0027\t",
                          "type": "script"
                        }
                      ],
                      "type": "property"
                    }
                  }
                },
                "props": {
                  "style": {
                    "borderBottomLeftRadius": 4,
                    "borderBottomRightRadius": 4,
                    "borderTopLeftRadius": 4,
                    "borderTopRightRadius": 4,
                    "margin": 15
                  }
                },
                "type": "ia.container.flex"
              }
            ],
            "events": {
              "dom": {
                "onClick": {
                  "config": {
                    "script": "\tself.view.custom.Tab\u003d1\n#\tChange view path and params in Embeded view\n\tself.parent.parent.getChild(\"EmbeddedView\").props.path\u003d\u0027PPC/PPC_screens/sub_dashboard\u0027"
                  },
                  "scope": "G",
                  "type": "script"
                }
              }
            },
            "meta": {
              "name": "Tab1"
            },
            "position": {
              "basis": "100px",
              "shrink": 0
            },
            "props": {
              "direction": "column",
              "style": {
                "fontSize": 14,
                "overflow": "hidden"
              }
            },
            "type": "ia.container.flex"
          },
          {
            "children": [
              {
                "meta": {
                  "name": "FlexContainer_0"
                },
                "position": {
                  "basis": "20px",
                  "shrink": 0
                },
                "type": "ia.container.flex"
              },
              {
                "meta": {
                  "name": "Label"
                },
                "position": {
                  "basis": "50px",
                  "grow": 1
                },
                "propConfig": {
                  "props.textStyle.color": {
                    "binding": {
                      "config": {
                        "path": "view.custom.Tab"
                      },
                      "transforms": [
                        {
                          "code": "\tif value\u003d\u003d2:\n\t\treturn \u0027#257A8C\u0027\n\telse:\n\t\treturn \u0027#595959\u0027\t\n\t\t",
                          "type": "script"
                        }
                      ],
                      "type": "property"
                    }
                  }
                },
                "props": {
                  "text": "TOOLSHOP",
                  "textStyle": {
                    "fontFamily": "Roboto",
                    "fontSize": 14,
                    "fontWeight": "bolder",
                    "textAlign": "center"
                  }
                },
                "type": "ia.display.label"
              },
              {
                "meta": {
                  "name": "FlexContainer"
                },
                "position": {
                  "basis": "5px",
                  "shrink": 0
                },
                "propConfig": {
                  "props.style.backgroundColor": {
                    "binding": {
                      "config": {
                        "path": "view.custom.Tab"
                      },
                      "transforms": [
                        {
                          "code": "\tif value\u003d\u003d2:\n\t\treturn \u0027#257A8C\u0027\n\telse:\n\t\treturn \u0027#FFFFFF\u0027\t",
                          "type": "script"
                        }
                      ],
                      "type": "property"
                    }
                  }
                },
                "props": {
                  "style": {
                    "borderBottomLeftRadius": 4,
                    "borderBottomRightRadius": 4,
                    "borderTopLeftRadius": 4,
                    "borderTopRightRadius": 4,
                    "margin": 15
                  }
                },
                "type": "ia.container.flex"
              }
            ],
            "events": {
              "dom": {
                "onClick": {
                  "config": {
                    "script": "\tself.view.custom.Tab\u003d2\n\t\n\t#\tChange view path and params in Embeded view\n\tself.parent.parent.getChild(\"EmbeddedView\").props.path\u003d\u0027TOOLSHOP/Toolshop_main\u0027"
                  },
                  "scope": "G",
                  "type": "script"
                }
              }
            },
            "meta": {
              "name": "Tab2"
            },
            "position": {
              "basis": "100px",
              "shrink": 0
            },
            "props": {
              "direction": "column",
              "style": {
                "fontSize": 14,
                "overflow": "hidden"
              }
            },
            "type": "ia.container.flex"
          },
          {
            "children": [
              {
                "meta": {
                  "name": "FlexContainer_0"
                },
                "position": {
                  "basis": "20px",
                  "shrink": 0
                },
                "type": "ia.container.flex"
              },
              {
                "meta": {
                  "name": "Label"
                },
                "position": {
                  "basis": "50px",
                  "grow": 1
                },
                "propConfig": {
                  "props.textStyle.color": {
                    "binding": {
                      "config": {
                        "path": "view.custom.Tab"
                      },
                      "transforms": [
                        {
                          "code": "\tif value\u003d\u003d3:\n\t\treturn \u0027#257A8C\u0027\n\telse:\n\t\treturn \u0027#595959\u0027\t\n\t\t",
                          "type": "script"
                        }
                      ],
                      "type": "property"
                    }
                  }
                },
                "props": {
                  "text": "QUALITY",
                  "textStyle": {
                    "fontFamily": "Roboto",
                    "fontSize": 14,
                    "fontWeight": "bolder",
                    "textAlign": "center"
                  }
                },
                "type": "ia.display.label"
              },
              {
                "meta": {
                  "name": "FlexContainer"
                },
                "position": {
                  "basis": "5px",
                  "shrink": 0
                },
                "propConfig": {
                  "props.style.backgroundColor": {
                    "binding": {
                      "config": {
                        "path": "view.custom.Tab"
                      },
                      "transforms": [
                        {
                          "code": "\tif value\u003d\u003d3:\n\t\treturn \u0027#257A8C\u0027\n\telse:\n\t\treturn \u0027#FFFFFF\u0027\t",
                          "type": "script"
                        }
                      ],
                      "type": "property"
                    }
                  }
                },
                "props": {
                  "style": {
                    "borderBottomLeftRadius": 4,
                    "borderBottomRightRadius": 4,
                    "borderTopLeftRadius": 4,
                    "borderTopRightRadius": 4,
                    "margin": 15
                  }
                },
                "type": "ia.container.flex"
              }
            ],
            "events": {
              "dom": {
                "onClick": {
                  "config": {
                    "script": "\tself.view.custom.Tab\u003d3\n\t\n#\tChnage view path and params\n\tself.parent.parent.getChild(\"EmbeddedView\").props.path\u003d\u0027Dashboards/Holding\u0027"
                  },
                  "scope": "G",
                  "type": "script"
                }
              }
            },
            "meta": {
              "name": "Tab3"
            },
            "position": {
              "basis": "100px",
              "shrink": 0
            },
            "props": {
              "direction": "column",
              "style": {
                "fontSize": 14,
                "overflow": "hidden"
              }
            },
            "type": "ia.container.flex"
          },
          {
            "children": [
              {
                "meta": {
                  "name": "Label"
                },
                "position": {
                  "basis": "50px",
                  "shrink": 0
                },
                "propConfig": {
                  "props.textStyle.color": {
                    "binding": {
                      "config": {
                        "path": "view.custom.Tab"
                      },
                      "transforms": [
                        {
                          "code": "\tif value\u003d\u003d2:\n\t\treturn \u0027#257A8C\u0027\n\telse:\n\t\treturn \u0027#595959\u0027\t\n\t\t",
                          "type": "script"
                        }
                      ],
                      "type": "property"
                    }
                  }
                },
                "props": {
                  "text": "From - ",
                  "textStyle": {
                    "fontFamily": "Roboto",
                    "fontSize": 14,
                    "fontWeight": 500,
                    "textAlign": "left"
                  }
                },
                "type": "ia.display.label"
              },
              {
                "events": {
                  "system": {
                    "onStartup": {
                      "config": {
                        "script": "\tTo\u003dsystem.date.now()\n\tdays\u003dself.getSibling(\"Button_0\").custom.No_of_Months\n\tD\u003dself.getSibling(\"Button_0\").custom.No_of_Days\n#\tMdate\u003dsystem.date.addMonths(To, -days)\n\tMdate\u003dsystem.date.addDays(To, -D)\n\tself.props.value\u003dMdate"
                      },
                      "scope": "G",
                      "type": "script"
                    }
                  }
                },
                "meta": {
                  "name": "DateTimeInput"
                },
                "position": {
                  "basis": "100px",
                  "shrink": 0
                },
                "props": {
                  "format": "DD-MM-YYYY",
                  "formattedValue": "26-03-2024",
                  "pickerType": "date",
                  "style": {
                    "marginBottom": 5,
                    "marginRight": 15,
                    "marginTop": 8
                  },
                  "value": {
                    "$": [
                      "ts",
                      192,
                      1712050542549
                    ],
                    "$ts": 1711445742545
                  }
                },
                "type": "ia.input.date-time-input"
              },
              {
                "meta": {
                  "name": "Label_0"
                },
                "position": {
                  "basis": "30px",
                  "shrink": 0
                },
                "propConfig": {
                  "props.textStyle.color": {
                    "binding": {
                      "config": {
                        "path": "view.custom.Tab"
                      },
                      "transforms": [
                        {
                          "code": "\tif value\u003d\u003d2:\n\t\treturn \u0027#257A8C\u0027\n\telse:\n\t\treturn \u0027#595959\u0027\t\n\t\t",
                          "type": "script"
                        }
                      ],
                      "type": "property"
                    }
                  }
                },
                "props": {
                  "text": "To - ",
                  "textStyle": {
                    "fontFamily": "Roboto",
                    "fontSize": 14,
                    "fontWeight": 500,
                    "textAlign": "left"
                  }
                },
                "type": "ia.display.label"
              },
              {
                "events": {
                  "system": {
                    "onStartup": {
                      "config": {
                        "script": "\tself.props.value\u003dsystem.date.now()"
                      },
                      "scope": "G",
                      "type": "script"
                    }
                  }
                },
                "meta": {
                  "name": "DateTimeInput_0"
                },
                "position": {
                  "basis": "100px",
                  "shrink": 0
                },
                "props": {
                  "format": "DD-MM-YYYY",
                  "formattedValue": "02-04-2024",
                  "pickerType": "date",
                  "style": {
                    "marginBottom": 5,
                    "marginRight": 15,
                    "marginTop": 8
                  },
                  "value": {
                    "$": [
                      "ts",
                      192,
                      1712050542544
                    ],
                    "$ts": 1712050542544
                  }
                },
                "type": "ia.input.date-time-input"
              },
              {
                "events": {
                  "dom": {
                    "onClick": {
                      "config": {
                        "script": "#\tFrom \n\tself.parent.parent.parent.getChild(\"EmbeddedView\").props.params.FromDate\u003dself.getSibling(\"DateTimeInput\").props.value\n#\tTo\n\tself.parent.parent.parent.getChild(\"EmbeddedView\").props.params.ToDate\u003dself.getSibling(\"DateTimeInput_0\").props.value"
                      },
                      "scope": "G",
                      "type": "script"
                    }
                  }
                },
                "meta": {
                  "name": "Button"
                },
                "position": {
                  "basis": "64px"
                },
                "propConfig": {
                  "props.style.fontSize": {
                    "binding": {
                      "config": {
                        "path": "page.props.dimensions.primaryView.width"
                      },
                      "overlayOptOut": true,
                      "transforms": [
                        {
                          "code": "\tif value\u003c\u003d1120:\n\t\tself.props.style.marginRight\u003d2\n\t\treturn 10\n\telse:\t\n\t\tself.props.style.marginRight\u003d18\n\t\treturn 14",
                          "type": "script"
                        }
                      ],
                      "type": "property"
                    }
                  }
                },
                "props": {
                  "style": {
                    "fontFamily": "Roboto",
                    "marginBottom": 5,
                    "marginRight": 2,
                    "marginTop": 8,
                    "textAlign": "center"
                  },
                  "text": "Apply"
                },
                "type": "ia.input.button"
              },
              {
                "custom": {
                  "No_of_Days": 7,
                  "No_of_Months": 12
                },
                "events": {
                  "dom": {
                    "onClick": {
                      "config": {
                        "script": "\tTo\u003dsystem.date.now()\n\tmonth\u003dself.custom.No_of_Months\n\tDays\u003dself.custom.No_of_Days\n#\tMdate\u003dsystem.date.addMonths(To, -month)\n\tMdate\u003dsystem.date.addDays(To, -Days)\n\tself.props.value\u003dMdate\n\t\n#\tPass to To Date Component\n\tself.getSibling(\"DateTimeInput_0\").props.value\u003dTo\n\t\n#\tPass value to From Date Component\n\tself.getSibling(\"DateTimeInput\").props.value\u003dMdate\t\n\t\n#\tFrom \n\tself.parent.parent.parent.getChild(\"EmbeddedView\").props.params.FromDate\u003dMdate\n#\tTo\n\tself.parent.parent.parent.getChild(\"EmbeddedView\").props.params.ToDate\u003dTo\t"
                      },
                      "scope": "G",
                      "type": "script"
                    }
                  }
                },
                "meta": {
                  "name": "Button_0"
                },
                "position": {
                  "basis": "64px"
                },
                "propConfig": {
                  "props.style.fontSize": {
                    "binding": {
                      "config": {
                        "path": "page.props.dimensions.primaryView.width"
                      },
                      "overlayOptOut": true,
                      "transforms": [
                        {
                          "code": "\tif value\u003c\u003d1120:\n\t\tself.props.style.marginRight\u003d2\n\t\treturn 10\n\telse:\t\n\t\tself.props.style.marginRight\u003d18\n\t\treturn 14",
                          "type": "script"
                        }
                      ],
                      "type": "property"
                    }
                  }
                },
                "props": {
                  "style": {
                    "fontFamily": "Roboto",
                    "marginBottom": 5,
                    "marginRight": 2,
                    "marginTop": 8,
                    "textAlign": "center"
                  },
                  "text": "Reset",
                  "value": {
                    "$": [
                      "ts",
                      192,
                      1685015582908
                    ],
                    "$ts": 1671969182908
                  }
                },
                "type": "ia.input.button"
              }
            ],
            "meta": {
              "name": "FlexContainer_1"
            },
            "position": {
              "basis": "200px",
              "grow": 1
            },
            "props": {
              "justify": "flex-end",
              "style": {
                "paddingBottom": 8
              }
            },
            "type": "ia.container.flex"
          }
        ],
        "meta": {
          "name": "Tab"
        },
        "position": {
          "basis": "50px",
          "shrink": 0
        },
        "props": {
          "justify": "flex-end",
          "style": {
            "overflow": "hidden"
          }
        },
        "type": "ia.container.flex"
      },
      {
        "meta": {
          "name": "FlexContainer"
        },
        "position": {
          "basis": "2px",
          "shrink": 0
        },
        "props": {
          "style": {
            "backgroundColor": "#714A4ABD",
            "borderBottomLeftRadius": 4,
            "borderBottomRightRadius": 4,
            "borderTopLeftRadius": 4,
            "borderTopRightRadius": 4,
            "marginLeft": 8,
            "marginRight": 8
          }
        },
        "type": "ia.container.flex"
      },
      {
        "meta": {
          "name": "EmbeddedView"
        },
        "position": {
          "basis": "320px",
          "grow": 1,
          "shrink": 0
        },
        "props": {
          "path": "PPC/PPC_screens/sub_dashboard"
        },
        "type": "ia.display.view"
      }
    ],
    "events": {
      "system": {
        "onStartup": {
          "config": {
            "script": "\tself.view.custom.Tab\u003d1"
          },
          "scope": "G",
          "type": "script"
        }
      }
    },
    "meta": {
      "name": "root"
    },
    "props": {
      "direction": "column",
      "style": {
        "boxShadow": "",
        "overflow": "hidden"
      }
    },
    "type": "ia.container.flex"
  }
}