{
  "custom": {
    "COUNT": 6
  },
  "params": {
    "Batch": [
      "42101B",
      "42102B",
      "42103B",
      "42104B",
      "42105B",
      "42106B"
    ],
    "EDIT": true,
    "Qty": [
      100,
      100,
      100,
      100,
      100,
      100
    ],
    "S_Batch": [],
    "S_Qty": []
  },
  "propConfig": {
    "custom.COUNT": {
      "binding": {
        "config": {
          "path": "view.params.Batch"
        },
        "transforms": [
          {
            "code": "\t\n\t\t\n\t\n\treturn len(value)",
            "type": "script"
          }
        ],
        "type": "property"
      },
      "persistent": true
    },
    "params.Batch": {
      "paramDirection": "input",
      "persistent": true
    },
    "params.EDIT": {
      "onChange": {
        "enabled": null,
        "script": "\timport time\n\tBatch\u003dlen(self.params.Batch)\n\t\n\tif currentValue.value\u003d\u003dFalse:\n#\t\tself.params.S_Batch\u003d[]\n#\t\tself.params.S_Qty\u003d[]\n\t\tfor i in range(Batch):\n\t\t\tCount\u003dstr(i+1)\n\t\t\ttime.sleep(0.01)\n\t\t\tself.getChild(\"root\").getChild(\u0027B\u0027+Count).getChild(\"Checkbox\").props.selected\u003dTrue\n\t\t\tself.getChild(\"root\").getChild(\u0027B\u0027+Count).getChild(\"Checkbox\").props.enabled\u003dFalse\n\telse:\n#\t\tself.params.S_Batch\u003d[]\n#\t\tself.params.S_Qty\u003d[]\n\t\tfor i in range(Batch):\n\t\t\ttime.sleep(0.01)\n\t\t\tCount\u003dstr(i+1)\n\t\t\tself.getChild(\"root\").getChild(\u0027B\u0027+Count).getChild(\"Checkbox\").props.selected\u003dFalse\n\t\t\tself.getChild(\"root\").getChild(\u0027B\u0027+Count).getChild(\"Checkbox\").props.enabled\u003dTrue\t\t\n\t\t"
      },
      "paramDirection": "input",
      "persistent": true
    },
    "params.Qty": {
      "paramDirection": "input",
      "persistent": true
    },
    "params.S_Batch": {
      "paramDirection": "inout",
      "persistent": true
    },
    "params.S_Qty": {
      "paramDirection": "inout",
      "persistent": true
    }
  },
  "props": {
    "defaultSize": {
      "height": 30,
      "width": 138
    }
  },
  "root": {
    "children": [
      {
        "children": [
          {
            "events": {
              "system": {
                "onStartup": {
                  "config": {
                    "script": "\tself.props.selected\u003dFalse"
                  },
                  "scope": "G",
                  "type": "script"
                }
              }
            },
            "meta": {
              "name": "Checkbox"
            },
            "position": {
              "basis": "56px",
              "grow": 1
            },
            "propConfig": {
              "custom.Value": {
                "binding": {
                  "config": {
                    "path": "view.params.Batch"
                  },
                  "transforms": [
                    {
                      "code": "\treturn value[self.parent.custom.index]",
                      "type": "script"
                    }
                  ],
                  "type": "property"
                }
              },
              "props.selected": {
                "onChange": {
                  "enabled": null,
                  "script": "\tA\u003dself.view.params.S_Batch\t\n\tB\u003dself.view.params.S_Qty\n\tI\u003dint(self.parent.custom.index)\n\tQTY\u003dself.view.params.Qty\n\tif currentValue.value\u003d\u003dTrue:\n\t\tA.append(self.custom.Value)\n\t\tB.append(QTY[I])\n\t\tself.view.params.S_Batch\u003dA\n\t\tself.view.params.S_Qty\u003dB\n\telif currentValue.value\u003d\u003dFalse:\n\t\tA.remove(self.custom.Value)\n\t\tB.remove(QTY[I])\n\t\tself.view.params.S_Batch\u003dA\t\n\t\tself.view.params.S_Qty\u003dB"
                },
                "persistent": false
              },
              "props.text": {
                "binding": {
                  "config": {
                    "path": "view.params.Batch"
                  },
                  "overlayOptOut": true,
                  "transforms": [
                    {
                      "code": "\tBatch\u003dself.view.params.Batch\n\tQTY\u003dself.view.params.Qty\n\tI\u003dself.parent.custom.index\n\treturn str(Batch[I])+\u0027-\u0027+str(QTY[I])+\u0027KG\u0027",
                      "type": "script"
                    }
                  ],
                  "type": "property"
                }
              }
            },
            "props": {
              "style": {
                "fontFamily": "Roboto",
                "fontSize": 14
              },
              "textPosition": "left"
            },
            "type": "ia.input.checkbox"
          }
        ],
        "custom": {
          "index": 0
        },
        "meta": {
          "name": "B1"
        },
        "position": {
          "basis": "30px",
          "shrink": 0
        },
        "propConfig": {
          "position.display": {
            "binding": {
              "config": {
                "path": "view.custom.COUNT"
              },
              "overlayOptOut": true,
              "transforms": [
                {
                  "code": "\t\n\tif value\u003e\u003d(self.custom.index+1):\n\t\treturn True\n\telse:\n\t\treturn False\t",
                  "type": "script"
                }
              ],
              "type": "property"
            },
            "persistent": true
          }
        },
        "props": {
          "style": {
            "overflow": "hidden"
          }
        },
        "type": "ia.container.flex"
      },
      {
        "children": [
          {
            "events": {
              "system": {
                "onStartup": {
                  "config": {
                    "script": "\tself.props.selected\u003dFalse"
                  },
                  "scope": "G",
                  "type": "script"
                }
              }
            },
            "meta": {
              "name": "Checkbox"
            },
            "position": {
              "basis": "56px",
              "grow": 1
            },
            "propConfig": {
              "custom.Value": {
                "binding": {
                  "config": {
                    "path": "view.params.Batch"
                  },
                  "transforms": [
                    {
                      "code": "\treturn value[self.parent.custom.index]",
                      "type": "script"
                    }
                  ],
                  "type": "property"
                }
              },
              "props.selected": {
                "onChange": {
                  "enabled": null,
                  "script": "\tA\u003dself.view.params.S_Batch\t\n\tB\u003dself.view.params.S_Qty\n\tI\u003dint(self.parent.custom.index)\n\tQTY\u003dself.view.params.Qty\n\tif currentValue.value\u003d\u003dTrue:\n\t\tA.append(self.custom.Value)\n\t\tB.append(QTY[I])\n\t\tself.view.params.S_Batch\u003dA\n\t\tself.view.params.S_Qty\u003dB\n\telif currentValue.value\u003d\u003dFalse:\n\t\tA.remove(self.custom.Value)\n\t\tB.remove(QTY[I])\n\t\tself.view.params.S_Batch\u003dA\t\n\t\tself.view.params.S_Qty\u003dB"
                },
                "persistent": false
              },
              "props.text": {
                "binding": {
                  "config": {
                    "path": "view.params.Batch"
                  },
                  "overlayOptOut": true,
                  "transforms": [
                    {
                      "code": "\tBatch\u003dself.view.params.Batch\n\tQTY\u003dself.view.params.Qty\n\tI\u003dself.parent.custom.index\n\treturn str(Batch[I])+\u0027-\u0027+str(QTY[I])+\u0027KG\u0027",
                      "type": "script"
                    }
                  ],
                  "type": "property"
                }
              }
            },
            "props": {
              "style": {
                "fontFamily": "Roboto",
                "fontSize": 14
              },
              "textPosition": "left"
            },
            "type": "ia.input.checkbox"
          }
        ],
        "custom": {
          "index": 1
        },
        "meta": {
          "name": "B2"
        },
        "position": {
          "basis": "30px",
          "shrink": 0
        },
        "propConfig": {
          "position.display": {
            "binding": {
              "config": {
                "path": "view.custom.COUNT"
              },
              "overlayOptOut": true,
              "transforms": [
                {
                  "code": "\t\n\tif value\u003e\u003d(self.custom.index+1):\n\t\treturn True\n\telse:\n\t\treturn False\t",
                  "type": "script"
                }
              ],
              "type": "property"
            },
            "persistent": true
          }
        },
        "props": {
          "style": {
            "overflow": "hidden"
          }
        },
        "type": "ia.container.flex"
      },
      {
        "children": [
          {
            "events": {
              "system": {
                "onStartup": {
                  "config": {
                    "script": "\tself.props.selected\u003dFalse"
                  },
                  "scope": "G",
                  "type": "script"
                }
              }
            },
            "meta": {
              "name": "Checkbox"
            },
            "position": {
              "basis": "56px",
              "grow": 1
            },
            "propConfig": {
              "custom.Value": {
                "binding": {
                  "config": {
                    "path": "view.params.Batch"
                  },
                  "transforms": [
                    {
                      "code": "\treturn value[self.parent.custom.index]",
                      "type": "script"
                    }
                  ],
                  "type": "property"
                }
              },
              "props.selected": {
                "onChange": {
                  "enabled": null,
                  "script": "\tA\u003dself.view.params.S_Batch\t\n\tB\u003dself.view.params.S_Qty\n\tI\u003dint(self.parent.custom.index)\n\tQTY\u003dself.view.params.Qty\n\tif currentValue.value\u003d\u003dTrue:\n\t\tA.append(self.custom.Value)\n\t\tB.append(QTY[I])\n\t\tself.view.params.S_Batch\u003dA\n\t\tself.view.params.S_Qty\u003dB\n\telif currentValue.value\u003d\u003dFalse:\n\t\tA.remove(self.custom.Value)\n\t\tB.remove(QTY[I])\n\t\tself.view.params.S_Batch\u003dA\t\n\t\tself.view.params.S_Qty\u003dB"
                },
                "persistent": false
              },
              "props.text": {
                "binding": {
                  "config": {
                    "path": "view.params.Batch"
                  },
                  "overlayOptOut": true,
                  "transforms": [
                    {
                      "code": "\tBatch\u003dself.view.params.Batch\n\tQTY\u003dself.view.params.Qty\n\tI\u003dself.parent.custom.index\n\treturn str(Batch[I])+\u0027-\u0027+str(QTY[I])+\u0027KG\u0027",
                      "type": "script"
                    }
                  ],
                  "type": "property"
                }
              }
            },
            "props": {
              "style": {
                "fontFamily": "Roboto",
                "fontSize": 14
              },
              "textPosition": "left"
            },
            "type": "ia.input.checkbox"
          }
        ],
        "custom": {
          "index": 2
        },
        "meta": {
          "name": "B3"
        },
        "position": {
          "basis": "30px",
          "shrink": 0
        },
        "propConfig": {
          "position.display": {
            "binding": {
              "config": {
                "path": "view.custom.COUNT"
              },
              "overlayOptOut": true,
              "transforms": [
                {
                  "code": "\t\n\tif value\u003e\u003d(self.custom.index+1):\n\t\treturn True\n\telse:\n\t\treturn False\t",
                  "type": "script"
                }
              ],
              "type": "property"
            },
            "persistent": true
          }
        },
        "props": {
          "style": {
            "overflow": "hidden"
          }
        },
        "type": "ia.container.flex"
      },
      {
        "children": [
          {
            "events": {
              "system": {
                "onStartup": {
                  "config": {
                    "script": "\tself.props.selected\u003dFalse"
                  },
                  "scope": "G",
                  "type": "script"
                }
              }
            },
            "meta": {
              "name": "Checkbox"
            },
            "position": {
              "basis": "56px",
              "grow": 1
            },
            "propConfig": {
              "custom.Value": {
                "binding": {
                  "config": {
                    "path": "view.params.Batch"
                  },
                  "transforms": [
                    {
                      "code": "\treturn value[self.parent.custom.index]",
                      "type": "script"
                    }
                  ],
                  "type": "property"
                }
              },
              "props.selected": {
                "onChange": {
                  "enabled": null,
                  "script": "\tA\u003dself.view.params.S_Batch\t\n\tB\u003dself.view.params.S_Qty\n\tI\u003dint(self.parent.custom.index)\n\tQTY\u003dself.view.params.Qty\n\tif currentValue.value\u003d\u003dTrue:\n\t\tA.append(self.custom.Value)\n\t\tB.append(QTY[I])\n\t\tself.view.params.S_Batch\u003dA\n\t\tself.view.params.S_Qty\u003dB\n\telif currentValue.value\u003d\u003dFalse:\n\t\tA.remove(self.custom.Value)\n\t\tB.remove(QTY[I])\n\t\tself.view.params.S_Batch\u003dA\t\n\t\tself.view.params.S_Qty\u003dB"
                },
                "persistent": false
              },
              "props.text": {
                "binding": {
                  "config": {
                    "path": "view.params.Batch"
                  },
                  "overlayOptOut": true,
                  "transforms": [
                    {
                      "code": "\tBatch\u003dself.view.params.Batch\n\tQTY\u003dself.view.params.Qty\n\tI\u003dself.parent.custom.index\n\treturn str(Batch[I])+\u0027-\u0027+str(QTY[I])+\u0027KG\u0027",
                      "type": "script"
                    }
                  ],
                  "type": "property"
                }
              }
            },
            "props": {
              "style": {
                "fontFamily": "Roboto",
                "fontSize": 14
              },
              "textPosition": "left"
            },
            "type": "ia.input.checkbox"
          }
        ],
        "custom": {
          "index": 3
        },
        "meta": {
          "name": "B4"
        },
        "position": {
          "basis": "30px",
          "shrink": 0
        },
        "propConfig": {
          "position.display": {
            "binding": {
              "config": {
                "path": "view.custom.COUNT"
              },
              "overlayOptOut": true,
              "transforms": [
                {
                  "code": "\t\n\tif value\u003e\u003d(self.custom.index+1):\n\t\treturn True\n\telse:\n\t\treturn False\t",
                  "type": "script"
                }
              ],
              "type": "property"
            },
            "persistent": true
          }
        },
        "props": {
          "style": {
            "overflow": "hidden"
          }
        },
        "type": "ia.container.flex"
      },
      {
        "children": [
          {
            "meta": {
              "name": "Checkbox"
            },
            "position": {
              "basis": "56px",
              "grow": 1
            },
            "propConfig": {
              "custom.Value": {
                "binding": {
                  "config": {
                    "path": "view.params.Batch"
                  },
                  "transforms": [
                    {
                      "code": "\treturn value[self.parent.custom.index]",
                      "type": "script"
                    }
                  ],
                  "type": "property"
                }
              },
              "props.selected": {
                "onChange": {
                  "enabled": null,
                  "script": "\tA\u003dself.view.params.S_Batch\t\n\tB\u003dself.view.params.S_Qty\n\tI\u003dint(self.parent.custom.index)\n\tQTY\u003dself.view.params.Qty\n\tif currentValue.value\u003d\u003dTrue:\n\t\tA.append(self.custom.Value)\n\t\tB.append(QTY[I])\n\t\tself.view.params.S_Batch\u003dA\n\t\tself.view.params.S_Qty\u003dB\n\telif currentValue.value\u003d\u003dFalse:\n\t\tA.remove(self.custom.Value)\n\t\tB.remove(QTY[I])\n\t\tself.view.params.S_Batch\u003dA\t\n\t\tself.view.params.S_Qty\u003dB"
                },
                "persistent": false
              },
              "props.text": {
                "binding": {
                  "config": {
                    "path": "view.params.Batch"
                  },
                  "overlayOptOut": true,
                  "transforms": [
                    {
                      "code": "\tBatch\u003dself.view.params.Batch\n\tQTY\u003dself.view.params.Qty\n\tI\u003dself.parent.custom.index\n\treturn str(Batch[I])+\u0027-\u0027+str(QTY[I])+\u0027KG\u0027",
                      "type": "script"
                    }
                  ],
                  "type": "property"
                }
              }
            },
            "props": {
              "style": {
                "fontFamily": "Roboto",
                "fontSize": 14
              },
              "textPosition": "left"
            },
            "type": "ia.input.checkbox"
          }
        ],
        "custom": {
          "index": 4
        },
        "meta": {
          "name": "B5"
        },
        "position": {
          "basis": "30px",
          "shrink": 0
        },
        "propConfig": {
          "position.display": {
            "binding": {
              "config": {
                "path": "view.custom.COUNT"
              },
              "overlayOptOut": true,
              "transforms": [
                {
                  "code": "\t\n\tif value\u003e\u003d(self.custom.index+1):\n\t\treturn True\n\telse:\n\t\treturn False\t",
                  "type": "script"
                }
              ],
              "type": "property"
            },
            "persistent": true
          }
        },
        "props": {
          "style": {
            "overflow": "hidden"
          }
        },
        "type": "ia.container.flex"
      },
      {
        "children": [
          {
            "meta": {
              "name": "Checkbox"
            },
            "position": {
              "basis": "56px",
              "grow": 1
            },
            "propConfig": {
              "custom.Value": {
                "binding": {
                  "config": {
                    "path": "view.params.Batch"
                  },
                  "transforms": [
                    {
                      "code": "\treturn value[self.parent.custom.index]",
                      "type": "script"
                    }
                  ],
                  "type": "property"
                }
              },
              "props.selected": {
                "onChange": {
                  "enabled": null,
                  "script": "\tA\u003dself.view.params.S_Batch\t\n\tB\u003dself.view.params.S_Qty\n\tI\u003dint(self.parent.custom.index)\n\tQTY\u003dself.view.params.Qty\n\tif currentValue.value\u003d\u003dTrue:\n\t\tA.append(self.custom.Value)\n\t\tB.append(QTY[I])\n\t\tself.view.params.S_Batch\u003dA\n\t\tself.view.params.S_Qty\u003dB\n\telif currentValue.value\u003d\u003dFalse:\n\t\tA.remove(self.custom.Value)\n\t\tB.remove(QTY[I])\n\t\tself.view.params.S_Batch\u003dA\t\n\t\tself.view.params.S_Qty\u003dB"
                },
                "persistent": false
              },
              "props.text": {
                "binding": {
                  "config": {
                    "path": "view.params.Batch"
                  },
                  "overlayOptOut": true,
                  "transforms": [
                    {
                      "code": "\tBatch\u003dself.view.params.Batch\n\tQTY\u003dself.view.params.Qty\n\tI\u003dself.parent.custom.index\n\treturn str(Batch[I])+\u0027-\u0027+str(QTY[I])+\u0027KG\u0027",
                      "type": "script"
                    }
                  ],
                  "type": "property"
                }
              }
            },
            "props": {
              "style": {
                "fontFamily": "Roboto",
                "fontSize": 14
              },
              "textPosition": "left"
            },
            "type": "ia.input.checkbox"
          }
        ],
        "custom": {
          "index": 5
        },
        "meta": {
          "name": "B6"
        },
        "position": {
          "basis": "30px",
          "shrink": 0
        },
        "propConfig": {
          "position.display": {
            "binding": {
              "config": {
                "path": "view.custom.COUNT"
              },
              "overlayOptOut": true,
              "transforms": [
                {
                  "code": "\t\n\tif value\u003e\u003d(self.custom.index+1):\n\t\treturn True\n\telse:\n\t\treturn False\t",
                  "type": "script"
                }
              ],
              "type": "property"
            },
            "persistent": true
          }
        },
        "props": {
          "style": {
            "overflow": "hidden"
          }
        },
        "type": "ia.container.flex"
      },
      {
        "children": [
          {
            "meta": {
              "name": "Checkbox"
            },
            "position": {
              "basis": "56px",
              "grow": 1
            },
            "propConfig": {
              "custom.Value": {
                "binding": {
                  "config": {
                    "path": "view.params.Batch"
                  },
                  "transforms": [
                    {
                      "code": "\treturn value[self.parent.custom.index]",
                      "type": "script"
                    }
                  ],
                  "type": "property"
                }
              },
              "props.selected": {
                "onChange": {
                  "enabled": null,
                  "script": "\tA\u003dself.view.params.S_Batch\t\n\tB\u003dself.view.params.S_Qty\n\tI\u003dint(self.parent.custom.index)\n\tQTY\u003dself.view.params.Qty\n\tif currentValue.value\u003d\u003dTrue:\n\t\tA.append(self.custom.Value)\n\t\tB.append(QTY[I])\n\t\tself.view.params.S_Batch\u003dA\n\t\tself.view.params.S_Qty\u003dB\n\telif currentValue.value\u003d\u003dFalse:\n\t\tA.remove(self.custom.Value)\n\t\tB.remove(QTY[I])\n\t\tself.view.params.S_Batch\u003dA\t\n\t\tself.view.params.S_Qty\u003dB"
                },
                "persistent": false
              },
              "props.text": {
                "binding": {
                  "config": {
                    "path": "view.params.Batch"
                  },
                  "overlayOptOut": true,
                  "transforms": [
                    {
                      "code": "\tBatch\u003dself.view.params.Batch\n\tQTY\u003dself.view.params.Qty\n\tI\u003dself.parent.custom.index\n\treturn str(Batch[I])+\u0027-\u0027+str(QTY[I])+\u0027KG\u0027",
                      "type": "script"
                    }
                  ],
                  "type": "property"
                }
              }
            },
            "props": {
              "style": {
                "fontFamily": "Roboto",
                "fontSize": 14
              },
              "textPosition": "left"
            },
            "type": "ia.input.checkbox"
          }
        ],
        "custom": {
          "index": 6
        },
        "meta": {
          "name": "B7"
        },
        "position": {
          "basis": "30px",
          "display": false,
          "shrink": 0
        },
        "propConfig": {
          "position.display": {
            "binding": {
              "config": {
                "path": "view.custom.COUNT"
              },
              "overlayOptOut": true,
              "transforms": [
                {
                  "code": "\t\n\tif value\u003e\u003d(self.custom.index+1):\n\t\treturn True\n\telse:\n\t\treturn False\t",
                  "type": "script"
                }
              ],
              "type": "property"
            },
            "persistent": true
          }
        },
        "props": {
          "style": {
            "overflow": "hidden"
          }
        },
        "type": "ia.container.flex"
      },
      {
        "children": [
          {
            "meta": {
              "name": "Checkbox"
            },
            "position": {
              "basis": "56px",
              "grow": 1
            },
            "propConfig": {
              "custom.Value": {
                "binding": {
                  "config": {
                    "path": "view.params.Batch"
                  },
                  "transforms": [
                    {
                      "code": "\treturn value[self.parent.custom.index]",
                      "type": "script"
                    }
                  ],
                  "type": "property"
                }
              },
              "props.selected": {
                "onChange": {
                  "enabled": null,
                  "script": "\tA\u003dself.view.params.S_Batch\t\n\tB\u003dself.view.params.S_Qty\n\tI\u003dint(self.parent.custom.index)\n\tQTY\u003dself.view.params.Qty\n\tif currentValue.value\u003d\u003dTrue:\n\t\tA.append(self.custom.Value)\n\t\tB.append(QTY[I])\n\t\tself.view.params.S_Batch\u003dA\n\t\tself.view.params.S_Qty\u003dB\n\telif currentValue.value\u003d\u003dFalse:\n\t\tA.remove(self.custom.Value)\n\t\tB.remove(QTY[I])\n\t\tself.view.params.S_Batch\u003dA\t\n\t\tself.view.params.S_Qty\u003dB"
                },
                "persistent": false
              },
              "props.text": {
                "binding": {
                  "config": {
                    "path": "view.params.Batch"
                  },
                  "overlayOptOut": true,
                  "transforms": [
                    {
                      "code": "\tBatch\u003dself.view.params.Batch\n\tQTY\u003dself.view.params.Qty\n\tI\u003dself.parent.custom.index\n\treturn str(Batch[I])+\u0027-\u0027+str(QTY[I])+\u0027KG\u0027",
                      "type": "script"
                    }
                  ],
                  "type": "property"
                }
              }
            },
            "props": {
              "style": {
                "fontFamily": "Roboto",
                "fontSize": 14
              },
              "textPosition": "left"
            },
            "type": "ia.input.checkbox"
          }
        ],
        "custom": {
          "index": 7
        },
        "meta": {
          "name": "B8"
        },
        "position": {
          "basis": "30px",
          "display": false,
          "shrink": 0
        },
        "propConfig": {
          "position.display": {
            "binding": {
              "config": {
                "path": "view.custom.COUNT"
              },
              "overlayOptOut": true,
              "transforms": [
                {
                  "code": "\t\n\tif value\u003e\u003d(self.custom.index+1):\n\t\treturn True\n\telse:\n\t\treturn False\t",
                  "type": "script"
                }
              ],
              "type": "property"
            },
            "persistent": true
          }
        },
        "props": {
          "style": {
            "overflow": "hidden"
          }
        },
        "type": "ia.container.flex"
      },
      {
        "children": [
          {
            "meta": {
              "name": "Checkbox"
            },
            "position": {
              "basis": "56px",
              "grow": 1
            },
            "propConfig": {
              "custom.Value": {
                "binding": {
                  "config": {
                    "path": "view.params.Batch"
                  },
                  "transforms": [
                    {
                      "code": "\treturn value[self.parent.custom.index]",
                      "type": "script"
                    }
                  ],
                  "type": "property"
                }
              },
              "props.selected": {
                "onChange": {
                  "enabled": null,
                  "script": "\tA\u003dself.view.params.S_Batch\t\n\tB\u003dself.view.params.S_Qty\n\tI\u003dint(self.parent.custom.index)\n\tQTY\u003dself.view.params.Qty\n\tif currentValue.value\u003d\u003dTrue:\n\t\tA.append(self.custom.Value)\n\t\tB.append(QTY[I])\n\t\tself.view.params.S_Batch\u003dA\n\t\tself.view.params.S_Qty\u003dB\n\telif currentValue.value\u003d\u003dFalse:\n\t\tA.remove(self.custom.Value)\n\t\tB.remove(QTY[I])\n\t\tself.view.params.S_Batch\u003dA\t\n\t\tself.view.params.S_Qty\u003dB"
                },
                "persistent": false
              },
              "props.text": {
                "binding": {
                  "config": {
                    "path": "view.params.Batch"
                  },
                  "overlayOptOut": true,
                  "transforms": [
                    {
                      "code": "\tBatch\u003dself.view.params.Batch\n\tQTY\u003dself.view.params.Qty\n\tI\u003dself.parent.custom.index\n\treturn str(Batch[I])+\u0027-\u0027+str(QTY[I])+\u0027KG\u0027",
                      "type": "script"
                    }
                  ],
                  "type": "property"
                }
              }
            },
            "props": {
              "style": {
                "fontFamily": "Roboto",
                "fontSize": 14
              },
              "textPosition": "left"
            },
            "type": "ia.input.checkbox"
          }
        ],
        "custom": {
          "index": 8
        },
        "meta": {
          "name": "B9"
        },
        "position": {
          "basis": "30px",
          "display": false,
          "shrink": 0
        },
        "propConfig": {
          "position.display": {
            "binding": {
              "config": {
                "path": "view.custom.COUNT"
              },
              "overlayOptOut": true,
              "transforms": [
                {
                  "code": "\t\n\tif value\u003e\u003d(self.custom.index+1):\n\t\treturn True\n\telse:\n\t\treturn False\t",
                  "type": "script"
                }
              ],
              "type": "property"
            },
            "persistent": true
          }
        },
        "props": {
          "style": {
            "overflow": "hidden"
          }
        },
        "type": "ia.container.flex"
      },
      {
        "children": [
          {
            "meta": {
              "name": "Checkbox"
            },
            "position": {
              "basis": "56px",
              "grow": 1
            },
            "propConfig": {
              "custom.Value": {
                "binding": {
                  "config": {
                    "path": "view.params.Batch"
                  },
                  "transforms": [
                    {
                      "code": "\treturn value[self.parent.custom.index]",
                      "type": "script"
                    }
                  ],
                  "type": "property"
                }
              },
              "props.selected": {
                "onChange": {
                  "enabled": null,
                  "script": "\tA\u003dself.view.params.S_Batch\t\n\tB\u003dself.view.params.S_Qty\n\tI\u003dint(self.parent.custom.index)\n\tQTY\u003dself.view.params.Qty\n\tif currentValue.value\u003d\u003dTrue:\n\t\tA.append(self.custom.Value)\n\t\tB.append(QTY[I])\n\t\tself.view.params.S_Batch\u003dA\n\t\tself.view.params.S_Qty\u003dB\n\telif currentValue.value\u003d\u003dFalse:\n\t\tA.remove(self.custom.Value)\n\t\tB.remove(QTY[I])\n\t\tself.view.params.S_Batch\u003dA\t\n\t\tself.view.params.S_Qty\u003dB"
                },
                "persistent": false
              },
              "props.text": {
                "binding": {
                  "config": {
                    "path": "view.params.Batch"
                  },
                  "overlayOptOut": true,
                  "transforms": [
                    {
                      "code": "\tBatch\u003dself.view.params.Batch\n\tQTY\u003dself.view.params.Qty\n\tI\u003dself.parent.custom.index\n\treturn str(Batch[I])+\u0027-\u0027+str(QTY[I])+\u0027KG\u0027",
                      "type": "script"
                    }
                  ],
                  "type": "property"
                }
              }
            },
            "props": {
              "style": {
                "fontFamily": "Roboto",
                "fontSize": 14
              },
              "textPosition": "left"
            },
            "type": "ia.input.checkbox"
          }
        ],
        "custom": {
          "index": 9
        },
        "meta": {
          "name": "B10"
        },
        "position": {
          "basis": "30px",
          "display": false,
          "shrink": 0
        },
        "propConfig": {
          "position.display": {
            "binding": {
              "config": {
                "path": "view.custom.COUNT"
              },
              "overlayOptOut": true,
              "transforms": [
                {
                  "code": "\t\n\tif value\u003e\u003d(self.custom.index+1):\n\t\treturn True\n\telse:\n\t\treturn False\t",
                  "type": "script"
                }
              ],
              "type": "property"
            },
            "persistent": true
          }
        },
        "props": {
          "style": {
            "overflow": "hidden"
          }
        },
        "type": "ia.container.flex"
      },
      {
        "children": [
          {
            "meta": {
              "name": "Checkbox"
            },
            "position": {
              "basis": "56px",
              "grow": 1
            },
            "propConfig": {
              "custom.Value": {
                "binding": {
                  "config": {
                    "path": "view.params.Batch"
                  },
                  "transforms": [
                    {
                      "code": "\treturn value[self.parent.custom.index]",
                      "type": "script"
                    }
                  ],
                  "type": "property"
                }
              },
              "props.selected": {
                "onChange": {
                  "enabled": null,
                  "script": "\tA\u003dself.view.params.S_Batch\t\n\tB\u003dself.view.params.S_Qty\n\tI\u003dint(self.parent.custom.index)\n\tQTY\u003dself.view.params.Qty\n\tif currentValue.value\u003d\u003dTrue:\n\t\tA.append(self.custom.Value)\n\t\tB.append(QTY[I])\n\t\tself.view.params.S_Batch\u003dA\n\t\tself.view.params.S_Qty\u003dB\n\telif currentValue.value\u003d\u003dFalse:\n\t\tA.remove(self.custom.Value)\n\t\tB.remove(QTY[I])\n\t\tself.view.params.S_Batch\u003dA\t\n\t\tself.view.params.S_Qty\u003dB"
                },
                "persistent": false
              },
              "props.text": {
                "binding": {
                  "config": {
                    "path": "view.params.Batch"
                  },
                  "overlayOptOut": true,
                  "transforms": [
                    {
                      "code": "\tBatch\u003dself.view.params.Batch\n\tQTY\u003dself.view.params.Qty\n\tI\u003dself.parent.custom.index\n\treturn str(Batch[I])+\u0027-\u0027+str(QTY[I])+\u0027KG\u0027",
                      "type": "script"
                    }
                  ],
                  "type": "property"
                }
              }
            },
            "props": {
              "style": {
                "fontFamily": "Roboto",
                "fontSize": 14
              },
              "textPosition": "left"
            },
            "type": "ia.input.checkbox"
          }
        ],
        "custom": {
          "index": 10
        },
        "meta": {
          "name": "B11"
        },
        "position": {
          "basis": "30px",
          "display": false,
          "shrink": 0
        },
        "propConfig": {
          "position.display": {
            "binding": {
              "config": {
                "path": "view.custom.COUNT"
              },
              "overlayOptOut": true,
              "transforms": [
                {
                  "code": "\t\n\tif value\u003e\u003d(self.custom.index+1):\n\t\treturn True\n\telse:\n\t\treturn False\t",
                  "type": "script"
                }
              ],
              "type": "property"
            },
            "persistent": true
          }
        },
        "props": {
          "style": {
            "overflow": "hidden"
          }
        },
        "type": "ia.container.flex"
      },
      {
        "children": [
          {
            "meta": {
              "name": "Checkbox"
            },
            "position": {
              "basis": "56px",
              "grow": 1
            },
            "propConfig": {
              "custom.Value": {
                "binding": {
                  "config": {
                    "path": "view.params.Batch"
                  },
                  "transforms": [
                    {
                      "code": "\treturn value[self.parent.custom.index]",
                      "type": "script"
                    }
                  ],
                  "type": "property"
                }
              },
              "props.selected": {
                "onChange": {
                  "enabled": null,
                  "script": "\tA\u003dself.view.params.S_Batch\t\n\tB\u003dself.view.params.S_Qty\n\tI\u003dint(self.parent.custom.index)\n\tQTY\u003dself.view.params.Qty\n\tif currentValue.value\u003d\u003dTrue:\n\t\tA.append(self.custom.Value)\n\t\tB.append(QTY[I])\n\t\tself.view.params.S_Batch\u003dA\n\t\tself.view.params.S_Qty\u003dB\n\telif currentValue.value\u003d\u003dFalse:\n\t\tA.remove(self.custom.Value)\n\t\tB.remove(QTY[I])\n\t\tself.view.params.S_Batch\u003dA\t\n\t\tself.view.params.S_Qty\u003dB"
                },
                "persistent": false
              },
              "props.text": {
                "binding": {
                  "config": {
                    "path": "view.params.Batch"
                  },
                  "overlayOptOut": true,
                  "transforms": [
                    {
                      "code": "\tBatch\u003dself.view.params.Batch\n\tQTY\u003dself.view.params.Qty\n\tI\u003dself.parent.custom.index\n\treturn str(Batch[I])+\u0027-\u0027+str(QTY[I])+\u0027KG\u0027",
                      "type": "script"
                    }
                  ],
                  "type": "property"
                }
              }
            },
            "props": {
              "style": {
                "fontFamily": "Roboto",
                "fontSize": 14
              },
              "textPosition": "left"
            },
            "type": "ia.input.checkbox"
          }
        ],
        "custom": {
          "index": 11
        },
        "meta": {
          "name": "B12"
        },
        "position": {
          "basis": "30px",
          "display": false,
          "shrink": 0
        },
        "propConfig": {
          "position.display": {
            "binding": {
              "config": {
                "path": "view.custom.COUNT"
              },
              "overlayOptOut": true,
              "transforms": [
                {
                  "code": "\t\n\tif value\u003e\u003d(self.custom.index+1):\n\t\treturn True\n\telse:\n\t\treturn False\t",
                  "type": "script"
                }
              ],
              "type": "property"
            },
            "persistent": true
          }
        },
        "props": {
          "style": {
            "overflow": "hidden"
          }
        },
        "type": "ia.container.flex"
      },
      {
        "children": [
          {
            "meta": {
              "name": "Checkbox"
            },
            "position": {
              "basis": "56px",
              "grow": 1
            },
            "propConfig": {
              "custom.Value": {
                "binding": {
                  "config": {
                    "path": "view.params.Batch"
                  },
                  "transforms": [
                    {
                      "code": "\treturn value[self.parent.custom.index]",
                      "type": "script"
                    }
                  ],
                  "type": "property"
                }
              },
              "props.selected": {
                "onChange": {
                  "enabled": null,
                  "script": "\tA\u003dself.view.params.S_Batch\t\n\tB\u003dself.view.params.S_Qty\n\tI\u003dint(self.parent.custom.index)\n\tQTY\u003dself.view.params.Qty\n\tif currentValue.value\u003d\u003dTrue:\n\t\tA.append(self.custom.Value)\n\t\tB.append(QTY[I])\n\t\tself.view.params.S_Batch\u003dA\n\t\tself.view.params.S_Qty\u003dB\n\telif currentValue.value\u003d\u003dFalse:\n\t\tA.remove(self.custom.Value)\n\t\tB.remove(QTY[I])\n\t\tself.view.params.S_Batch\u003dA\t\n\t\tself.view.params.S_Qty\u003dB"
                },
                "persistent": false
              },
              "props.text": {
                "binding": {
                  "config": {
                    "path": "view.params.Batch"
                  },
                  "overlayOptOut": true,
                  "transforms": [
                    {
                      "code": "\tBatch\u003dself.view.params.Batch\n\tQTY\u003dself.view.params.Qty\n\tI\u003dself.parent.custom.index\n\treturn str(Batch[I])+\u0027-\u0027+str(QTY[I])+\u0027KG\u0027",
                      "type": "script"
                    }
                  ],
                  "type": "property"
                }
              }
            },
            "props": {
              "style": {
                "fontFamily": "Roboto",
                "fontSize": 14
              },
              "textPosition": "left"
            },
            "type": "ia.input.checkbox"
          }
        ],
        "custom": {
          "index": 12
        },
        "meta": {
          "name": "B13"
        },
        "position": {
          "basis": "30px",
          "display": false,
          "shrink": 0
        },
        "propConfig": {
          "position.display": {
            "binding": {
              "config": {
                "path": "view.custom.COUNT"
              },
              "overlayOptOut": true,
              "transforms": [
                {
                  "code": "\t\n\tif value\u003e\u003d(self.custom.index+1):\n\t\treturn True\n\telse:\n\t\treturn False\t",
                  "type": "script"
                }
              ],
              "type": "property"
            },
            "persistent": true
          }
        },
        "props": {
          "style": {
            "overflow": "hidden"
          }
        },
        "type": "ia.container.flex"
      },
      {
        "children": [
          {
            "meta": {
              "name": "Checkbox"
            },
            "position": {
              "basis": "56px",
              "grow": 1
            },
            "propConfig": {
              "custom.Value": {
                "binding": {
                  "config": {
                    "path": "view.params.Batch"
                  },
                  "transforms": [
                    {
                      "code": "\treturn value[self.parent.custom.index]",
                      "type": "script"
                    }
                  ],
                  "type": "property"
                }
              },
              "props.selected": {
                "onChange": {
                  "enabled": null,
                  "script": "\tA\u003dself.view.params.S_Batch\t\n\tB\u003dself.view.params.S_Qty\n\tI\u003dint(self.parent.custom.index)\n\tQTY\u003dself.view.params.Qty\n\tif currentValue.value\u003d\u003dTrue:\n\t\tA.append(self.custom.Value)\n\t\tB.append(QTY[I])\n\t\tself.view.params.S_Batch\u003dA\n\t\tself.view.params.S_Qty\u003dB\n\telif currentValue.value\u003d\u003dFalse:\n\t\tA.remove(self.custom.Value)\n\t\tB.remove(QTY[I])\n\t\tself.view.params.S_Batch\u003dA\t\n\t\tself.view.params.S_Qty\u003dB"
                },
                "persistent": false
              },
              "props.text": {
                "binding": {
                  "config": {
                    "path": "view.params.Batch"
                  },
                  "overlayOptOut": true,
                  "transforms": [
                    {
                      "code": "\tBatch\u003dself.view.params.Batch\n\tQTY\u003dself.view.params.Qty\n\tI\u003dself.parent.custom.index\n\treturn str(Batch[I])+\u0027-\u0027+str(QTY[I])+\u0027KG\u0027",
                      "type": "script"
                    }
                  ],
                  "type": "property"
                }
              }
            },
            "props": {
              "style": {
                "fontFamily": "Roboto",
                "fontSize": 14
              },
              "textPosition": "left"
            },
            "type": "ia.input.checkbox"
          }
        ],
        "custom": {
          "index": 13
        },
        "meta": {
          "name": "B14"
        },
        "position": {
          "basis": "30px",
          "display": false,
          "shrink": 0
        },
        "propConfig": {
          "position.display": {
            "binding": {
              "config": {
                "path": "view.custom.COUNT"
              },
              "overlayOptOut": true,
              "transforms": [
                {
                  "code": "\t\n\tif value\u003e\u003d(self.custom.index+1):\n\t\treturn True\n\telse:\n\t\treturn False\t",
                  "type": "script"
                }
              ],
              "type": "property"
            },
            "persistent": true
          }
        },
        "props": {
          "style": {
            "overflow": "hidden"
          }
        },
        "type": "ia.container.flex"
      },
      {
        "children": [
          {
            "meta": {
              "name": "Checkbox"
            },
            "position": {
              "basis": "56px",
              "grow": 1
            },
            "propConfig": {
              "custom.Value": {
                "binding": {
                  "config": {
                    "path": "view.params.Batch"
                  },
                  "transforms": [
                    {
                      "code": "\treturn value[self.parent.custom.index]",
                      "type": "script"
                    }
                  ],
                  "type": "property"
                }
              },
              "props.selected": {
                "onChange": {
                  "enabled": null,
                  "script": "\tA\u003dself.view.params.S_Batch\t\n\tB\u003dself.view.params.S_Qty\n\tI\u003dint(self.parent.custom.index)\n\tQTY\u003dself.view.params.Qty\n\tif currentValue.value\u003d\u003dTrue:\n\t\tA.append(self.custom.Value)\n\t\tB.append(QTY[I])\n\t\tself.view.params.S_Batch\u003dA\n\t\tself.view.params.S_Qty\u003dB\n\telif currentValue.value\u003d\u003dFalse:\n\t\tA.remove(self.custom.Value)\n\t\tB.remove(QTY[I])\n\t\tself.view.params.S_Batch\u003dA\t\n\t\tself.view.params.S_Qty\u003dB"
                },
                "persistent": false
              },
              "props.text": {
                "binding": {
                  "config": {
                    "path": "view.params.Batch"
                  },
                  "overlayOptOut": true,
                  "transforms": [
                    {
                      "code": "\tBatch\u003dself.view.params.Batch\n\tQTY\u003dself.view.params.Qty\n\tI\u003dself.parent.custom.index\n\treturn str(Batch[I])+\u0027-\u0027+str(QTY[I])+\u0027KG\u0027",
                      "type": "script"
                    }
                  ],
                  "type": "property"
                }
              }
            },
            "props": {
              "style": {
                "fontFamily": "Roboto",
                "fontSize": 14
              },
              "textPosition": "left"
            },
            "type": "ia.input.checkbox"
          }
        ],
        "custom": {
          "index": 14
        },
        "meta": {
          "name": "B15"
        },
        "position": {
          "basis": "30px",
          "display": false,
          "shrink": 0
        },
        "propConfig": {
          "position.display": {
            "binding": {
              "config": {
                "path": "view.custom.COUNT"
              },
              "overlayOptOut": true,
              "transforms": [
                {
                  "code": "\t\n\tif value\u003e\u003d(self.custom.index+1):\n\t\treturn True\n\telse:\n\t\treturn False\t",
                  "type": "script"
                }
              ],
              "type": "property"
            },
            "persistent": true
          }
        },
        "props": {
          "style": {
            "overflow": "hidden"
          }
        },
        "type": "ia.container.flex"
      },
      {
        "children": [
          {
            "meta": {
              "name": "Checkbox"
            },
            "position": {
              "basis": "56px",
              "grow": 1
            },
            "propConfig": {
              "custom.Value": {
                "binding": {
                  "config": {
                    "path": "view.params.Batch"
                  },
                  "transforms": [
                    {
                      "code": "\treturn value[self.parent.custom.index]",
                      "type": "script"
                    }
                  ],
                  "type": "property"
                }
              },
              "props.selected": {
                "onChange": {
                  "enabled": null,
                  "script": "\tA\u003dself.view.params.S_Batch\t\n\tB\u003dself.view.params.S_Qty\n\tI\u003dint(self.parent.custom.index)\n\tQTY\u003dself.view.params.Qty\n\tif currentValue.value\u003d\u003dTrue:\n\t\tA.append(self.custom.Value)\n\t\tB.append(QTY[I])\n\t\tself.view.params.S_Batch\u003dA\n\t\tself.view.params.S_Qty\u003dB\n\telif currentValue.value\u003d\u003dFalse:\n\t\tA.remove(self.custom.Value)\n\t\tB.remove(QTY[I])\n\t\tself.view.params.S_Batch\u003dA\t\n\t\tself.view.params.S_Qty\u003dB"
                },
                "persistent": false
              },
              "props.text": {
                "binding": {
                  "config": {
                    "path": "view.params.Batch"
                  },
                  "overlayOptOut": true,
                  "transforms": [
                    {
                      "code": "\tBatch\u003dself.view.params.Batch\n\tQTY\u003dself.view.params.Qty\n\tI\u003dself.parent.custom.index\n\treturn str(Batch[I])+\u0027-\u0027+str(QTY[I])+\u0027KG\u0027",
                      "type": "script"
                    }
                  ],
                  "type": "property"
                }
              }
            },
            "props": {
              "style": {
                "fontFamily": "Roboto",
                "fontSize": 14
              },
              "textPosition": "left"
            },
            "type": "ia.input.checkbox"
          }
        ],
        "custom": {
          "index": 15
        },
        "meta": {
          "name": "B16"
        },
        "position": {
          "basis": "30px",
          "display": false,
          "shrink": 0
        },
        "propConfig": {
          "position.display": {
            "binding": {
              "config": {
                "path": "view.custom.COUNT"
              },
              "overlayOptOut": true,
              "transforms": [
                {
                  "code": "\t\n\tif value\u003e\u003d(self.custom.index+1):\n\t\treturn True\n\telse:\n\t\treturn False\t",
                  "type": "script"
                }
              ],
              "type": "property"
            },
            "persistent": true
          }
        },
        "props": {
          "style": {
            "overflow": "hidden"
          }
        },
        "type": "ia.container.flex"
      },
      {
        "children": [
          {
            "meta": {
              "name": "Checkbox"
            },
            "position": {
              "basis": "56px",
              "grow": 1
            },
            "propConfig": {
              "custom.Value": {
                "binding": {
                  "config": {
                    "path": "view.params.Batch"
                  },
                  "transforms": [
                    {
                      "code": "\treturn value[self.parent.custom.index]",
                      "type": "script"
                    }
                  ],
                  "type": "property"
                }
              },
              "props.selected": {
                "onChange": {
                  "enabled": null,
                  "script": "\tA\u003dself.view.params.S_Batch\t\n\tB\u003dself.view.params.S_Qty\n\tI\u003dint(self.parent.custom.index)\n\tQTY\u003dself.view.params.Qty\n\tif currentValue.value\u003d\u003dTrue:\n\t\tA.append(self.custom.Value)\n\t\tB.append(QTY[I])\n\t\tself.view.params.S_Batch\u003dA\n\t\tself.view.params.S_Qty\u003dB\n\telif currentValue.value\u003d\u003dFalse:\n\t\tA.remove(self.custom.Value)\n\t\tB.remove(QTY[I])\n\t\tself.view.params.S_Batch\u003dA\t\n\t\tself.view.params.S_Qty\u003dB"
                },
                "persistent": false
              },
              "props.text": {
                "binding": {
                  "config": {
                    "path": "view.params.Batch"
                  },
                  "overlayOptOut": true,
                  "transforms": [
                    {
                      "code": "\tBatch\u003dself.view.params.Batch\n\tQTY\u003dself.view.params.Qty\n\tI\u003dself.parent.custom.index\n\treturn str(Batch[I])+\u0027-\u0027+str(QTY[I])+\u0027KG\u0027",
                      "type": "script"
                    }
                  ],
                  "type": "property"
                }
              }
            },
            "props": {
              "style": {
                "fontFamily": "Roboto",
                "fontSize": 14
              },
              "textPosition": "left"
            },
            "type": "ia.input.checkbox"
          }
        ],
        "custom": {
          "index": 16
        },
        "meta": {
          "name": "B17"
        },
        "position": {
          "basis": "30px",
          "display": false,
          "shrink": 0
        },
        "propConfig": {
          "position.display": {
            "binding": {
              "config": {
                "path": "view.custom.COUNT"
              },
              "overlayOptOut": true,
              "transforms": [
                {
                  "code": "\t\n\tif value\u003e\u003d(self.custom.index+1):\n\t\treturn True\n\telse:\n\t\treturn False\t",
                  "type": "script"
                }
              ],
              "type": "property"
            },
            "persistent": true
          }
        },
        "props": {
          "style": {
            "overflow": "hidden"
          }
        },
        "type": "ia.container.flex"
      },
      {
        "children": [
          {
            "meta": {
              "name": "Checkbox"
            },
            "position": {
              "basis": "56px",
              "grow": 1
            },
            "propConfig": {
              "custom.Value": {
                "binding": {
                  "config": {
                    "path": "view.params.Batch"
                  },
                  "transforms": [
                    {
                      "code": "\treturn value[self.parent.custom.index]",
                      "type": "script"
                    }
                  ],
                  "type": "property"
                }
              },
              "props.selected": {
                "onChange": {
                  "enabled": null,
                  "script": "\tA\u003dself.view.params.S_Batch\t\n\tB\u003dself.view.params.S_Qty\n\tI\u003dint(self.parent.custom.index)\n\tQTY\u003dself.view.params.Qty\n\tif currentValue.value\u003d\u003dTrue:\n\t\tA.append(self.custom.Value)\n\t\tB.append(QTY[I])\n\t\tself.view.params.S_Batch\u003dA\n\t\tself.view.params.S_Qty\u003dB\n\telif currentValue.value\u003d\u003dFalse:\n\t\tA.remove(self.custom.Value)\n\t\tB.remove(QTY[I])\n\t\tself.view.params.S_Batch\u003dA\t\n\t\tself.view.params.S_Qty\u003dB"
                },
                "persistent": false
              },
              "props.text": {
                "binding": {
                  "config": {
                    "path": "view.params.Batch"
                  },
                  "overlayOptOut": true,
                  "transforms": [
                    {
                      "code": "\tBatch\u003dself.view.params.Batch\n\tQTY\u003dself.view.params.Qty\n\tI\u003dself.parent.custom.index\n\treturn str(Batch[I])+\u0027-\u0027+str(QTY[I])+\u0027KG\u0027",
                      "type": "script"
                    }
                  ],
                  "type": "property"
                }
              }
            },
            "props": {
              "style": {
                "fontFamily": "Roboto",
                "fontSize": 14
              },
              "textPosition": "left"
            },
            "type": "ia.input.checkbox"
          }
        ],
        "custom": {
          "index": 17
        },
        "meta": {
          "name": "B18"
        },
        "position": {
          "basis": "30px",
          "display": false,
          "shrink": 0
        },
        "propConfig": {
          "position.display": {
            "binding": {
              "config": {
                "path": "view.custom.COUNT"
              },
              "overlayOptOut": true,
              "transforms": [
                {
                  "code": "\t\n\tif value\u003e\u003d(self.custom.index+1):\n\t\treturn True\n\telse:\n\t\treturn False\t",
                  "type": "script"
                }
              ],
              "type": "property"
            },
            "persistent": true
          }
        },
        "props": {
          "style": {
            "overflow": "hidden"
          }
        },
        "type": "ia.container.flex"
      },
      {
        "children": [
          {
            "meta": {
              "name": "Checkbox"
            },
            "position": {
              "basis": "56px",
              "grow": 1
            },
            "propConfig": {
              "custom.Value": {
                "binding": {
                  "config": {
                    "path": "view.params.Batch"
                  },
                  "transforms": [
                    {
                      "code": "\treturn value[self.parent.custom.index]",
                      "type": "script"
                    }
                  ],
                  "type": "property"
                }
              },
              "props.selected": {
                "onChange": {
                  "enabled": null,
                  "script": "\tA\u003dself.view.params.S_Batch\t\n\tB\u003dself.view.params.S_Qty\n\tI\u003dint(self.parent.custom.index)\n\tQTY\u003dself.view.params.Qty\n\tif currentValue.value\u003d\u003dTrue:\n\t\tA.append(self.custom.Value)\n\t\tB.append(QTY[I])\n\t\tself.view.params.S_Batch\u003dA\n\t\tself.view.params.S_Qty\u003dB\n\telif currentValue.value\u003d\u003dFalse:\n\t\tA.remove(self.custom.Value)\n\t\tB.remove(QTY[I])\n\t\tself.view.params.S_Batch\u003dA\t\n\t\tself.view.params.S_Qty\u003dB"
                },
                "persistent": false
              },
              "props.text": {
                "binding": {
                  "config": {
                    "path": "view.params.Batch"
                  },
                  "overlayOptOut": true,
                  "transforms": [
                    {
                      "code": "\tBatch\u003dself.view.params.Batch\n\tQTY\u003dself.view.params.Qty\n\tI\u003dself.parent.custom.index\n\treturn str(Batch[I])+\u0027-\u0027+str(QTY[I])+\u0027KG\u0027",
                      "type": "script"
                    }
                  ],
                  "type": "property"
                }
              }
            },
            "props": {
              "style": {
                "fontFamily": "Roboto",
                "fontSize": 14
              },
              "textPosition": "left"
            },
            "type": "ia.input.checkbox"
          }
        ],
        "custom": {
          "index": 18
        },
        "meta": {
          "name": "B19"
        },
        "position": {
          "basis": "30px",
          "display": false,
          "shrink": 0
        },
        "propConfig": {
          "position.display": {
            "binding": {
              "config": {
                "path": "view.custom.COUNT"
              },
              "overlayOptOut": true,
              "transforms": [
                {
                  "code": "\t\n\tif value\u003e\u003d(self.custom.index+1):\n\t\treturn True\n\telse:\n\t\treturn False\t",
                  "type": "script"
                }
              ],
              "type": "property"
            },
            "persistent": true
          }
        },
        "props": {
          "style": {
            "overflow": "hidden"
          }
        },
        "type": "ia.container.flex"
      },
      {
        "children": [
          {
            "meta": {
              "name": "Checkbox"
            },
            "position": {
              "basis": "56px",
              "grow": 1
            },
            "propConfig": {
              "custom.Value": {
                "binding": {
                  "config": {
                    "path": "view.params.Batch"
                  },
                  "transforms": [
                    {
                      "code": "\treturn value[self.parent.custom.index]",
                      "type": "script"
                    }
                  ],
                  "type": "property"
                }
              },
              "props.selected": {
                "onChange": {
                  "enabled": null,
                  "script": "\tA\u003dself.view.params.S_Batch\t\n\tB\u003dself.view.params.S_Qty\n\tI\u003dint(self.parent.custom.index)\n\tQTY\u003dself.view.params.Qty\n\tif currentValue.value\u003d\u003dTrue:\n\t\tA.append(self.custom.Value)\n\t\tB.append(QTY[I])\n\t\tself.view.params.S_Batch\u003dA\n\t\tself.view.params.S_Qty\u003dB\n\telif currentValue.value\u003d\u003dFalse:\n\t\tA.remove(self.custom.Value)\n\t\tB.remove(QTY[I])\n\t\tself.view.params.S_Batch\u003dA\t\n\t\tself.view.params.S_Qty\u003dB"
                },
                "persistent": false
              },
              "props.text": {
                "binding": {
                  "config": {
                    "path": "view.params.Batch"
                  },
                  "overlayOptOut": true,
                  "transforms": [
                    {
                      "code": "\tBatch\u003dself.view.params.Batch\n\tQTY\u003dself.view.params.Qty\n\tI\u003dself.parent.custom.index\n\treturn str(Batch[I])+\u0027-\u0027+str(QTY[I])+\u0027KG\u0027",
                      "type": "script"
                    }
                  ],
                  "type": "property"
                }
              }
            },
            "props": {
              "style": {
                "fontFamily": "Roboto",
                "fontSize": 14
              },
              "textPosition": "left"
            },
            "type": "ia.input.checkbox"
          }
        ],
        "custom": {
          "index": 19
        },
        "meta": {
          "name": "B20"
        },
        "position": {
          "basis": "30px",
          "display": false,
          "shrink": 0
        },
        "propConfig": {
          "position.display": {
            "binding": {
              "config": {
                "path": "view.custom.COUNT"
              },
              "overlayOptOut": true,
              "transforms": [
                {
                  "code": "\t\n\tif value\u003e\u003d(self.custom.index+1):\n\t\treturn True\n\telse:\n\t\treturn False\t",
                  "type": "script"
                }
              ],
              "type": "property"
            },
            "persistent": true
          }
        },
        "props": {
          "style": {
            "overflow": "hidden"
          }
        },
        "type": "ia.container.flex"
      },
      {
        "children": [
          {
            "meta": {
              "name": "Checkbox"
            },
            "position": {
              "basis": "56px",
              "grow": 1
            },
            "propConfig": {
              "custom.Value": {
                "binding": {
                  "config": {
                    "path": "view.params.Batch"
                  },
                  "transforms": [
                    {
                      "code": "\treturn value[self.parent.custom.index]",
                      "type": "script"
                    }
                  ],
                  "type": "property"
                }
              },
              "props.selected": {
                "onChange": {
                  "enabled": null,
                  "script": "\tA\u003dself.view.params.S_Batch\t\n\tB\u003dself.view.params.S_Qty\n\tI\u003dint(self.parent.custom.index)\n\tQTY\u003dself.view.params.Qty\n\tif currentValue.value\u003d\u003dTrue:\n\t\tA.append(self.custom.Value)\n\t\tB.append(QTY[I])\n\t\tself.view.params.S_Batch\u003dA\n\t\tself.view.params.S_Qty\u003dB\n\telif currentValue.value\u003d\u003dFalse:\n\t\tA.remove(self.custom.Value)\n\t\tB.remove(QTY[I])\n\t\tself.view.params.S_Batch\u003dA\t\n\t\tself.view.params.S_Qty\u003dB"
                },
                "persistent": false
              },
              "props.text": {
                "binding": {
                  "config": {
                    "path": "view.params.Batch"
                  },
                  "overlayOptOut": true,
                  "transforms": [
                    {
                      "code": "\tBatch\u003dself.view.params.Batch\n\tQTY\u003dself.view.params.Qty\n\tI\u003dself.parent.custom.index\n\treturn str(Batch[I])+\u0027-\u0027+str(QTY[I])+\u0027KG\u0027",
                      "type": "script"
                    }
                  ],
                  "type": "property"
                }
              }
            },
            "props": {
              "style": {
                "fontFamily": "Roboto",
                "fontSize": 14
              },
              "textPosition": "left"
            },
            "type": "ia.input.checkbox"
          }
        ],
        "custom": {
          "index": 20
        },
        "meta": {
          "name": "B21"
        },
        "position": {
          "basis": "30px",
          "display": false,
          "shrink": 0
        },
        "propConfig": {
          "position.display": {
            "binding": {
              "config": {
                "path": "view.custom.COUNT"
              },
              "overlayOptOut": true,
              "transforms": [
                {
                  "code": "\t\n\tif value\u003e\u003d(self.custom.index+1):\n\t\treturn True\n\telse:\n\t\treturn False\t",
                  "type": "script"
                }
              ],
              "type": "property"
            },
            "persistent": true
          }
        },
        "props": {
          "style": {
            "overflow": "hidden"
          }
        },
        "type": "ia.container.flex"
      },
      {
        "children": [
          {
            "meta": {
              "name": "Checkbox"
            },
            "position": {
              "basis": "56px",
              "grow": 1
            },
            "propConfig": {
              "custom.Value": {
                "binding": {
                  "config": {
                    "path": "view.params.Batch"
                  },
                  "transforms": [
                    {
                      "code": "\treturn value[self.parent.custom.index]",
                      "type": "script"
                    }
                  ],
                  "type": "property"
                }
              },
              "props.selected": {
                "onChange": {
                  "enabled": null,
                  "script": "\tA\u003dself.view.params.S_Batch\t\n\tB\u003dself.view.params.S_Qty\n\tI\u003dint(self.parent.custom.index)\n\tQTY\u003dself.view.params.Qty\n\tif currentValue.value\u003d\u003dTrue:\n\t\tA.append(self.custom.Value)\n\t\tB.append(QTY[I])\n\t\tself.view.params.S_Batch\u003dA\n\t\tself.view.params.S_Qty\u003dB\n\telif currentValue.value\u003d\u003dFalse:\n\t\tA.remove(self.custom.Value)\n\t\tB.remove(QTY[I])\n\t\tself.view.params.S_Batch\u003dA\t\n\t\tself.view.params.S_Qty\u003dB"
                },
                "persistent": false
              },
              "props.text": {
                "binding": {
                  "config": {
                    "path": "view.params.Batch"
                  },
                  "overlayOptOut": true,
                  "transforms": [
                    {
                      "code": "\tBatch\u003dself.view.params.Batch\n\tQTY\u003dself.view.params.Qty\n\tI\u003dself.parent.custom.index\n\treturn str(Batch[I])+\u0027-\u0027+str(QTY[I])+\u0027KG\u0027",
                      "type": "script"
                    }
                  ],
                  "type": "property"
                }
              }
            },
            "props": {
              "style": {
                "fontFamily": "Roboto",
                "fontSize": 14
              },
              "textPosition": "left"
            },
            "type": "ia.input.checkbox"
          }
        ],
        "custom": {
          "index": 21
        },
        "meta": {
          "name": "B22"
        },
        "position": {
          "basis": "30px",
          "display": false,
          "shrink": 0
        },
        "propConfig": {
          "position.display": {
            "binding": {
              "config": {
                "path": "view.custom.COUNT"
              },
              "overlayOptOut": true,
              "transforms": [
                {
                  "code": "\t\n\tif value\u003e\u003d(self.custom.index+1):\n\t\treturn True\n\telse:\n\t\treturn False\t",
                  "type": "script"
                }
              ],
              "type": "property"
            },
            "persistent": true
          }
        },
        "props": {
          "style": {
            "overflow": "hidden"
          }
        },
        "type": "ia.container.flex"
      },
      {
        "children": [
          {
            "meta": {
              "name": "Checkbox"
            },
            "position": {
              "basis": "56px",
              "grow": 1
            },
            "propConfig": {
              "custom.Value": {
                "binding": {
                  "config": {
                    "path": "view.params.Batch"
                  },
                  "transforms": [
                    {
                      "code": "\treturn value[self.parent.custom.index]",
                      "type": "script"
                    }
                  ],
                  "type": "property"
                }
              },
              "props.selected": {
                "onChange": {
                  "enabled": null,
                  "script": "\tA\u003dself.view.params.S_Batch\t\n\tB\u003dself.view.params.S_Qty\n\tI\u003dint(self.parent.custom.index)\n\tQTY\u003dself.view.params.Qty\n\tif currentValue.value\u003d\u003dTrue:\n\t\tA.append(self.custom.Value)\n\t\tB.append(QTY[I])\n\t\tself.view.params.S_Batch\u003dA\n\t\tself.view.params.S_Qty\u003dB\n\telif currentValue.value\u003d\u003dFalse:\n\t\tA.remove(self.custom.Value)\n\t\tB.remove(QTY[I])\n\t\tself.view.params.S_Batch\u003dA\t\n\t\tself.view.params.S_Qty\u003dB"
                },
                "persistent": false
              },
              "props.text": {
                "binding": {
                  "config": {
                    "path": "view.params.Batch"
                  },
                  "overlayOptOut": true,
                  "transforms": [
                    {
                      "code": "\tBatch\u003dself.view.params.Batch\n\tQTY\u003dself.view.params.Qty\n\tI\u003dself.parent.custom.index\n\treturn str(Batch[I])+\u0027-\u0027+str(QTY[I])+\u0027KG\u0027",
                      "type": "script"
                    }
                  ],
                  "type": "property"
                }
              }
            },
            "props": {
              "style": {
                "fontFamily": "Roboto",
                "fontSize": 14
              },
              "textPosition": "left"
            },
            "type": "ia.input.checkbox"
          }
        ],
        "custom": {
          "index": 22
        },
        "meta": {
          "name": "B23"
        },
        "position": {
          "basis": "30px",
          "display": false,
          "shrink": 0
        },
        "propConfig": {
          "position.display": {
            "binding": {
              "config": {
                "path": "view.custom.COUNT"
              },
              "overlayOptOut": true,
              "transforms": [
                {
                  "code": "\t\n\tif value\u003e\u003d(self.custom.index+1):\n\t\treturn True\n\telse:\n\t\treturn False\t",
                  "type": "script"
                }
              ],
              "type": "property"
            },
            "persistent": true
          }
        },
        "props": {
          "style": {
            "overflow": "hidden"
          }
        },
        "type": "ia.container.flex"
      },
      {
        "children": [
          {
            "meta": {
              "name": "Checkbox"
            },
            "position": {
              "basis": "56px",
              "grow": 1
            },
            "propConfig": {
              "custom.Value": {
                "binding": {
                  "config": {
                    "path": "view.params.Batch"
                  },
                  "transforms": [
                    {
                      "code": "\treturn value[self.parent.custom.index]",
                      "type": "script"
                    }
                  ],
                  "type": "property"
                }
              },
              "props.selected": {
                "onChange": {
                  "enabled": null,
                  "script": "\tA\u003dself.view.params.S_Batch\t\n\tB\u003dself.view.params.S_Qty\n\tI\u003dint(self.parent.custom.index)\n\tQTY\u003dself.view.params.Qty\n\tif currentValue.value\u003d\u003dTrue:\n\t\tA.append(self.custom.Value)\n\t\tB.append(QTY[I])\n\t\tself.view.params.S_Batch\u003dA\n\t\tself.view.params.S_Qty\u003dB\n\telif currentValue.value\u003d\u003dFalse:\n\t\tA.remove(self.custom.Value)\n\t\tB.remove(QTY[I])\n\t\tself.view.params.S_Batch\u003dA\t\n\t\tself.view.params.S_Qty\u003dB"
                },
                "persistent": false
              },
              "props.text": {
                "binding": {
                  "config": {
                    "path": "view.params.Batch"
                  },
                  "overlayOptOut": true,
                  "transforms": [
                    {
                      "code": "\tBatch\u003dself.view.params.Batch\n\tQTY\u003dself.view.params.Qty\n\tI\u003dself.parent.custom.index\n\treturn str(Batch[I])+\u0027-\u0027+str(QTY[I])+\u0027KG\u0027",
                      "type": "script"
                    }
                  ],
                  "type": "property"
                }
              }
            },
            "props": {
              "style": {
                "fontFamily": "Roboto",
                "fontSize": 14
              },
              "textPosition": "left"
            },
            "type": "ia.input.checkbox"
          }
        ],
        "custom": {
          "index": 23
        },
        "meta": {
          "name": "B24"
        },
        "position": {
          "basis": "30px",
          "display": false,
          "shrink": 0
        },
        "propConfig": {
          "position.display": {
            "binding": {
              "config": {
                "path": "view.custom.COUNT"
              },
              "overlayOptOut": true,
              "transforms": [
                {
                  "code": "\t\n\tif value\u003e\u003d(self.custom.index+1):\n\t\treturn True\n\telse:\n\t\treturn False\t",
                  "type": "script"
                }
              ],
              "type": "property"
            },
            "persistent": true
          }
        },
        "props": {
          "style": {
            "overflow": "hidden"
          }
        },
        "type": "ia.container.flex"
      },
      {
        "children": [
          {
            "meta": {
              "name": "Checkbox"
            },
            "position": {
              "basis": "56px",
              "grow": 1
            },
            "propConfig": {
              "custom.Value": {
                "binding": {
                  "config": {
                    "path": "view.params.Batch"
                  },
                  "transforms": [
                    {
                      "code": "\treturn value[self.parent.custom.index]",
                      "type": "script"
                    }
                  ],
                  "type": "property"
                }
              },
              "props.selected": {
                "onChange": {
                  "enabled": null,
                  "script": "\tA\u003dself.view.params.S_Batch\t\n\tB\u003dself.view.params.S_Qty\n\tI\u003dint(self.parent.custom.index)\n\tQTY\u003dself.view.params.Qty\n\tif currentValue.value\u003d\u003dTrue:\n\t\tA.append(self.custom.Value)\n\t\tB.append(QTY[I])\n\t\tself.view.params.S_Batch\u003dA\n\t\tself.view.params.S_Qty\u003dB\n\telif currentValue.value\u003d\u003dFalse:\n\t\tA.remove(self.custom.Value)\n\t\tB.remove(QTY[I])\n\t\tself.view.params.S_Batch\u003dA\t\n\t\tself.view.params.S_Qty\u003dB"
                },
                "persistent": false
              },
              "props.text": {
                "binding": {
                  "config": {
                    "path": "view.params.Batch"
                  },
                  "overlayOptOut": true,
                  "transforms": [
                    {
                      "code": "\tBatch\u003dself.view.params.Batch\n\tQTY\u003dself.view.params.Qty\n\tI\u003dself.parent.custom.index\n\treturn str(Batch[I])+\u0027-\u0027+str(QTY[I])+\u0027KG\u0027",
                      "type": "script"
                    }
                  ],
                  "type": "property"
                }
              }
            },
            "props": {
              "style": {
                "fontFamily": "Roboto",
                "fontSize": 14
              },
              "textPosition": "left"
            },
            "type": "ia.input.checkbox"
          }
        ],
        "custom": {
          "index": 24
        },
        "meta": {
          "name": "B25"
        },
        "position": {
          "basis": "30px",
          "display": false,
          "shrink": 0
        },
        "propConfig": {
          "position.display": {
            "binding": {
              "config": {
                "path": "view.custom.COUNT"
              },
              "overlayOptOut": true,
              "transforms": [
                {
                  "code": "\t\n\tif value\u003e\u003d(self.custom.index+1):\n\t\treturn True\n\telse:\n\t\treturn False\t",
                  "type": "script"
                }
              ],
              "type": "property"
            },
            "persistent": true
          }
        },
        "props": {
          "style": {
            "overflow": "hidden"
          }
        },
        "type": "ia.container.flex"
      }
    ],
    "meta": {
      "name": "root"
    },
    "props": {
      "direction": "column",
      "style": {
        "overflow": "hidden"
      }
    },
    "type": "ia.container.flex"
  }
}