{
  "custom": {
    "FromDate": "2024-1-1 00:00:01",
    "No_Of_PreviousDate": 200,
    "ToDate": "2024-1-4 23:59:59"
  },
  "params": {
    "FromDate": "2024-1-1 00:00:01",
    "ToDate": "2024-1-4 23:59:59",
    "downloadData": {
      "$": [
        "ds",
        192,
        1709289215277
      ],
      "$columns": [
        {
          "data": [],
          "name": "HM_NO",
          "type": "String"
        },
        {
          "data": [],
          "name": "Press",
          "type": "String"
        },
        {
          "data": [],
          "name": "logID",
          "type": "String"
        },
        {
          "data": [],
          "name": "SAP_ID",
          "type": "String"
        },
        {
          "data": [],
          "name": "S_Alloy",
          "type": "String"
        },
        {
          "data": [],
          "name": "I_Alloy",
          "type": "String"
        },
        {
          "data": [],
          "name": "H_StartDT",
          "type": "Date"
        },
        {
          "data": [],
          "name": "H_EndDT",
          "type": "Date"
        },
        {
          "data": [],
          "name": "C_Time",
          "type": "String"
        }
      ]
    }
  },
  "propConfig": {
    "custom.FromDate": {
      "binding": {
        "config": {
          "expression": "{view.params.FromDate}"
        },
        "overlayOptOut": true,
        "type": "expr"
      },
      "persistent": true
    },
    "custom.No_Of_PreviousDate": {
      "persistent": true
    },
    "custom.ToDate": {
      "binding": {
        "config": {
          "expression": "{view.params.ToDate}"
        },
        "overlayOptOut": true,
        "type": "expr"
      },
      "persistent": true
    },
    "params.FromDate": {
      "onChange": {
        "enabled": null,
        "script": "#\tif previousValue.value!\u003dcurrentValue.value:\n\tself.getChild(\"root\").getChild(\"Table1\").refreshBinding(\u0027props.data\u0027)\n"
      },
      "paramDirection": "input",
      "persistent": true
    },
    "params.ToDate": {
      "onChange": {
        "enabled": null,
        "script": "#\tif previousValue.value!\u003dcurrentValue.value:\n\tself.getChild(\"root\").getChild(\"Table1\").refreshBinding(\u0027props.data\u0027)"
      },
      "paramDirection": "input",
      "persistent": true
    },
    "params.downloadData": {
      "binding": {
        "config": {
          "path": "/root/Table_0.props.data"
        },
        "overlayOptOut": true,
        "transforms": [
          {
            "code": "\ttry:\n\t\tdataSet \u003d value\n\t\torgColumns \u003d system.dataset.getColumnHeaders(dataSet)\n\t\tdisplayColumns \u003d self.getChild(\"root\").getChild(\"Table_0\").props.columns\n\t\theaders \u003d []\n\t\tnewData \u003d []\n\t\tshowColumns \u003d []\n\t\tfinalDataset \u003d []\n\t\t\t\n\t\tfor oIdx in range(dataSet.getColumnCount()):\n\t\t\n\t\t\t# we want to know if orgColumns[oIdx] is found in displayColumns\n\t\t\tmatch \u003d False; # we haven\u0027t found it yet\n\t\t\tz \u003d 2\n\t\t\tfor sIdx in range(len(displayColumns)):\n\t\t\t\t\n\t\t\t\tif(orgColumns[oIdx] \u003d\u003d displayColumns[sIdx].field):\n\t\t\t\t\t# we have found orgColumns[oIdx] in displayColumns, so we can stop searching\n\t\t\t\t\tmatch \u003d True;\n\t\t\t\t\tbreak;\n\t\t\t\t# if we never find orgColumns[oIdx] in displayColumns, the for loop will simply end,\n\t\t\t\t# and match will remain false\n\t\t\t# add orgColumns[oIdx] to showColumns only if we find a match.\n\t\t\tif (match):\n\t\t\t\n\t\t\t\tshowColumns.append(orgColumns[oIdx]);\n\t\t\t\theaders.append(displayColumns[oIdx].header.title)\n\t\t\t\t\n\t\tfilterDataset \u003d system.dataset.filterColumns(dataSet, showColumns)\n\t\t\n\t\tfor rowIndex in range(filterDataset.getRowCount()):\n\t\t\trow \u003d [filterDataset.getValueAt(rowIndex,col) for col in range(filterDataset.getColumnCount())]\n\t\t\tnewData.append(row)\n\t\t\t\n\t\tfilterDataset \u003d system.dataset.toDataSet(headers, newData)\n\t\tfinalDataset \u003d system.dataset.toPyDataSet(filterDataset)\n\t\treturn finalDataset\n\texcept:\n\t\treturn []\t\n\t",
            "type": "script"
          }
        ],
        "type": "property"
      },
      "paramDirection": "output",
      "persistent": true
    }
  },
  "props": {
    "defaultSize": {
      "width": 1233
    }
  },
  "root": {
    "children": [
      {
        "meta": {
          "name": "Table1"
        },
        "position": {
          "basis": "400px",
          "grow": 1
        },
        "propConfig": {
          "props.data": {
            "binding": {
              "config": {
                "path": "view.custom.FromDate"
              },
              "overlayOptOut": true,
              "transforms": [
                {
                  "code": "\tFROM\u003dself.view.custom.FromDate\n\tTO\u003dself.view.custom.ToDate\n\tdt\u003dsystem.date.now()\n\tFrom\u003dsystem.date.addHours(dt, -48)\n\t\n\tquery\u003d\u0027\u0027\u0027SELECT \n\t--  trim(E.[prod_order]) as PONO,\n\t  trim(E.[homogenization_machine]) as HM_NO,\n\t  trim(m.[Press]) as Press,\n\t  trim(E.[log_batch_no]) as logID,\n\t  trim(E.[sap_batch_no]) as SAP_ID,\n\t  TRIM(o.standard_alloy) AS S_Alloy,\n\t  TRIM(o.internal_alloy) AS I_Alloy,\n\t  CONVERT(DATETIME, E.[homogenization_start_execution_date]) + CONVERT(DATETIME, E.[homogenization_start_execution_time]) AS H_StartDT,\n\t  CONVERT(DATETIME, E.[homogenization_end_execution_date]) + CONVERT(DATETIME, E.[homogenization_end_execution_time]) AS H_EndDT,\n\t   \n\t  CONVERT(VARCHAR, DATEADD(MINUTE, DATEDIFF(MINUTE, CONVERT(DATETIME, E.[homogenization_start_execution_date]) + CONVERT(DATETIME, E.[homogenization_start_execution_time]), CONVERT(DATETIME, E.[homogenization_end_execution_date]) + CONVERT(DATETIME, E.[homogenization_end_execution_time])), 0), 108) AS \u0027C_Time\u0027\n\tFROM \n\t  [CIMS].[dbo].[mes_endcut_homogenize_dispatch] E\n\t JOIN   [CIMS].[dbo].[mes_orders] o ON E.[prod_order] \u003d o.[production_order]\n\t JOIN [CIMS].[dbo].[mes_main] m ON E.[prod_order] \u003d m.[PO]\n\tWHERE \n\t  E.[homogenization_start_execution_date] \u003e\u003d ? AND E.[homogenization_start_execution_date] \u003c\u003d ?\u0027\u0027\u0027\n\targs\u003d[FROM,TO]\n#\targs\u003d[FROM,dt]\n\tdataset\u003dsystem.db.runPrepQuery(query, args, \u0027CIMS2\u0027)\n\tself.view.params.downloadData\u003ddataset\n\treturn dataset\n\t",
                  "type": "script"
                }
              ],
              "type": "property"
            }
          }
        },
        "props": {
          "cells": {
            "allowEditOn": "single-click",
            "style": {
              "classes": "Table/Table_Cell",
              "fontFamily": "Arial",
              "fontSize": 12,
              "textAlign": "left"
            }
          },
          "columns": [
            {
              "align": "center",
              "boolean": "checkbox",
              "dateFormat": "MM/DD/YYYY",
              "editable": false,
              "field": "HM_NO",
              "filter": {
                "boolean": {
                  "condition": ""
                },
                "date": {
                  "condition": "",
                  "value": ""
                },
                "enabled": true,
                "number": {
                  "condition": "",
                  "value": ""
                },
                "string": {
                  "condition": "",
                  "value": ""
                },
                "visible": "on-hover"
              },
              "footer": {
                "align": "center",
                "justify": "left",
                "style": {
                  "classes": ""
                },
                "title": ""
              },
              "header": {
                "align": "center",
                "justify": "center",
                "style": {
                  "classes": ""
                },
                "title": "Homogenization"
              },
              "justify": "center",
              "number": "value",
              "numberFormat": "0,0.##",
              "progressBar": {
                "bar": {
                  "color": "",
                  "style": {
                    "classes": ""
                  }
                },
                "max": 100,
                "min": 0,
                "track": {
                  "color": "",
                  "style": {
                    "classes": ""
                  }
                },
                "value": {
                  "enabled": true,
                  "format": "0,0.##",
                  "justify": "center",
                  "style": {
                    "classes": ""
                  }
                }
              },
              "render": "string",
              "resizable": false,
              "sort": "none",
              "sortable": false,
              "strictWidth": false,
              "style": {
                "classes": "test1"
              },
              "toggleSwitch": {
                "color": {
                  "selected": "",
                  "unselected": ""
                }
              },
              "viewParams": {
                "In_Out": "Out",
                "rowData": {}
              },
              "viewPath": "LogTrackTemplates/LogStandLogIdView",
              "visible": true,
              "width": ""
            },
            {
              "align": "center",
              "boolean": "checkbox",
              "dateFormat": "MM/DD/YYYY",
              "editable": false,
              "field": "Press",
              "filter": {
                "boolean": {
                  "condition": ""
                },
                "date": {
                  "condition": "",
                  "value": ""
                },
                "enabled": true,
                "number": {
                  "condition": "",
                  "value": ""
                },
                "string": {
                  "condition": "",
                  "value": ""
                },
                "visible": "on-hover"
              },
              "footer": {
                "align": "center",
                "justify": "left",
                "style": {
                  "classes": ""
                },
                "title": ""
              },
              "header": {
                "align": "center",
                "justify": "center",
                "style": {
                  "classes": ""
                },
                "title": "Press"
              },
              "justify": "center",
              "number": "value",
              "numberFormat": "0,0.##",
              "progressBar": {
                "bar": {
                  "color": "",
                  "style": {
                    "classes": ""
                  }
                },
                "max": 100,
                "min": 0,
                "track": {
                  "color": "",
                  "style": {
                    "classes": ""
                  }
                },
                "value": {
                  "enabled": true,
                  "format": "0,0.##",
                  "justify": "center",
                  "style": {
                    "classes": ""
                  }
                }
              },
              "render": "auto",
              "resizable": true,
              "sort": "none",
              "sortable": false,
              "strictWidth": false,
              "style": {
                "classes": "test1"
              },
              "toggleSwitch": {
                "color": {
                  "selected": "",
                  "unselected": ""
                }
              },
              "viewParams": {},
              "viewPath": "",
              "visible": true,
              "width": ""
            },
            {
              "align": "center",
              "boolean": "checkbox",
              "dateFormat": "MM/DD/YYYY",
              "editable": false,
              "field": "logID",
              "filter": {
                "boolean": {
                  "condition": ""
                },
                "date": {
                  "condition": "",
                  "value": ""
                },
                "enabled": true,
                "number": {
                  "condition": "",
                  "value": ""
                },
                "string": {
                  "condition": "",
                  "value": ""
                },
                "visible": "on-hover"
              },
              "footer": {
                "align": "center",
                "justify": "left",
                "style": {
                  "classes": ""
                },
                "title": ""
              },
              "header": {
                "align": "center",
                "justify": "center",
                "style": {
                  "classes": ""
                },
                "title": "Log ID"
              },
              "justify": "center",
              "number": "value",
              "numberFormat": "0,0.##",
              "progressBar": {
                "bar": {
                  "color": "",
                  "style": {
                    "classes": ""
                  }
                },
                "max": 100,
                "min": 0,
                "track": {
                  "color": "",
                  "style": {
                    "classes": ""
                  }
                },
                "value": {
                  "enabled": true,
                  "format": "0,0.##",
                  "justify": "center",
                  "style": {
                    "classes": ""
                  }
                }
              },
              "render": "auto",
              "resizable": true,
              "sort": "none",
              "sortable": false,
              "strictWidth": false,
              "style": {
                "classes": "test1"
              },
              "toggleSwitch": {
                "color": {
                  "selected": "",
                  "unselected": ""
                }
              },
              "viewParams": {},
              "viewPath": "",
              "visible": true,
              "width": ""
            },
            {
              "align": "center",
              "boolean": "checkbox",
              "dateFormat": "MM/DD/YYYY",
              "editable": false,
              "field": "SAP_ID",
              "filter": {
                "boolean": {
                  "condition": ""
                },
                "date": {
                  "condition": "",
                  "value": ""
                },
                "enabled": false,
                "number": {
                  "condition": "",
                  "value": ""
                },
                "string": {
                  "condition": "",
                  "value": ""
                },
                "visible": "on-hover"
              },
              "footer": {
                "align": "center",
                "justify": "left",
                "style": {
                  "classes": ""
                },
                "title": ""
              },
              "header": {
                "align": "center",
                "justify": "center",
                "style": {
                  "classes": ""
                },
                "title": "SAP ID"
              },
              "justify": "center",
              "number": "value",
              "numberFormat": "0,0.##",
              "progressBar": {
                "bar": {
                  "color": "",
                  "style": {
                    "classes": ""
                  }
                },
                "max": 100,
                "min": 0,
                "track": {
                  "color": "",
                  "style": {
                    "classes": ""
                  }
                },
                "value": {
                  "enabled": true,
                  "format": "0,0.##",
                  "justify": "center",
                  "style": {
                    "classes": ""
                  }
                }
              },
              "render": "auto",
              "resizable": true,
              "sort": "none",
              "sortable": false,
              "strictWidth": true,
              "style": {
                "classes": ""
              },
              "toggleSwitch": {
                "color": {
                  "selected": "",
                  "unselected": ""
                }
              },
              "viewParams": {},
              "viewPath": "",
              "visible": true,
              "width": 50
            },
            {
              "align": "center",
              "boolean": "checkbox",
              "dateFormat": "DD/MM/YYYY HH:mm:ss",
              "editable": false,
              "field": "S_Alloy",
              "filter": {
                "boolean": {
                  "condition": ""
                },
                "date": {
                  "condition": "",
                  "value": ""
                },
                "enabled": false,
                "number": {
                  "condition": "",
                  "value": ""
                },
                "string": {
                  "condition": "",
                  "value": ""
                },
                "visible": "on-hover"
              },
              "footer": {
                "align": "center",
                "justify": "left",
                "style": {
                  "classes": ""
                },
                "title": ""
              },
              "header": {
                "align": "center",
                "justify": "center",
                "style": {
                  "classes": ""
                },
                "title": "Standard Alloy"
              },
              "justify": "center",
              "number": "value",
              "numberFormat": "0,0.##",
              "progressBar": {
                "bar": {
                  "color": "",
                  "style": {
                    "classes": ""
                  }
                },
                "max": 100,
                "min": 0,
                "track": {
                  "color": "",
                  "style": {
                    "classes": ""
                  }
                },
                "value": {
                  "enabled": true,
                  "format": "0,0.##",
                  "justify": "center",
                  "style": {
                    "classes": ""
                  }
                }
              },
              "render": "string",
              "resizable": true,
              "sort": "none",
              "sortable": false,
              "strictWidth": false,
              "style": {
                "classes": ""
              },
              "toggleSwitch": {
                "color": {
                  "selected": "",
                  "unselected": ""
                }
              },
              "viewParams": {},
              "viewPath": "",
              "visible": true,
              "width": ""
            },
            {
              "align": "center",
              "boolean": "checkbox",
              "dateFormat": "DD/MM/YYYY HH:mm",
              "editable": false,
              "field": "I_Alloy",
              "filter": {
                "boolean": {
                  "condition": ""
                },
                "date": {
                  "condition": "",
                  "value": ""
                },
                "enabled": false,
                "number": {
                  "condition": "",
                  "value": ""
                },
                "string": {
                  "condition": "",
                  "value": ""
                },
                "visible": "on-hover"
              },
              "footer": {
                "align": "center",
                "justify": "left",
                "style": {
                  "classes": ""
                },
                "title": ""
              },
              "header": {
                "align": "center",
                "justify": "center",
                "style": {
                  "classes": ""
                },
                "title": "Internal Alloy"
              },
              "justify": "center",
              "number": "value",
              "numberFormat": "0,0.##",
              "progressBar": {
                "bar": {
                  "color": "",
                  "style": {
                    "classes": ""
                  }
                },
                "max": 100,
                "min": 0,
                "track": {
                  "color": "",
                  "style": {
                    "classes": ""
                  }
                },
                "value": {
                  "enabled": true,
                  "format": "0,0.##",
                  "justify": "center",
                  "style": {
                    "classes": ""
                  }
                }
              },
              "render": "string",
              "resizable": true,
              "sort": "none",
              "sortable": false,
              "strictWidth": false,
              "style": {
                "classes": ""
              },
              "toggleSwitch": {
                "color": {
                  "selected": "",
                  "unselected": ""
                }
              },
              "viewParams": {},
              "viewPath": "",
              "visible": true,
              "width": ""
            },
            {
              "align": "center",
              "boolean": "checkbox",
              "dateFormat": "DD/MM/YYYY HH:mm",
              "editable": false,
              "field": "H_StartDT",
              "filter": {
                "boolean": {
                  "condition": ""
                },
                "date": {
                  "condition": "",
                  "value": ""
                },
                "enabled": false,
                "number": {
                  "condition": "",
                  "value": ""
                },
                "string": {
                  "condition": "",
                  "value": ""
                },
                "visible": "on-hover"
              },
              "footer": {
                "align": "center",
                "justify": "left",
                "style": {
                  "classes": ""
                },
                "title": ""
              },
              "header": {
                "align": "center",
                "justify": "center",
                "style": {
                  "classes": ""
                },
                "title": "Weight Before EC (kg)"
              },
              "justify": "center",
              "number": "value",
              "numberFormat": "0,0.##",
              "progressBar": {
                "bar": {
                  "color": "",
                  "style": {
                    "classes": ""
                  }
                },
                "max": 100,
                "min": 0,
                "track": {
                  "color": "",
                  "style": {
                    "classes": ""
                  }
                },
                "value": {
                  "enabled": true,
                  "format": "0,0.##",
                  "justify": "center",
                  "style": {
                    "classes": ""
                  }
                }
              },
              "render": "date",
              "resizable": true,
              "sort": "none",
              "sortable": false,
              "strictWidth": false,
              "style": {
                "classes": ""
              },
              "toggleSwitch": {
                "color": {
                  "selected": "",
                  "unselected": ""
                }
              },
              "viewParams": {},
              "viewPath": "",
              "visible": true,
              "width": ""
            },
            {
              "align": "center",
              "boolean": "checkbox",
              "dateFormat": "DD/MM/YYYY HH:mm",
              "editable": false,
              "field": "H_EndDT",
              "filter": {
                "boolean": {
                  "condition": ""
                },
                "date": {
                  "condition": "",
                  "value": ""
                },
                "enabled": true,
                "number": {
                  "condition": "",
                  "value": ""
                },
                "string": {
                  "condition": "",
                  "value": ""
                },
                "visible": "on-hover"
              },
              "footer": {
                "align": "center",
                "justify": "left",
                "style": {
                  "classes": ""
                },
                "title": ""
              },
              "header": {
                "align": "center",
                "justify": "center",
                "style": {
                  "classes": ""
                },
                "title": "Length After EC (mm)"
              },
              "justify": "center",
              "number": "value",
              "numberFormat": "0,0.##",
              "progressBar": {
                "bar": {
                  "color": "",
                  "style": {
                    "classes": ""
                  }
                },
                "max": 100,
                "min": 0,
                "track": {
                  "color": "",
                  "style": {
                    "classes": ""
                  }
                },
                "value": {
                  "enabled": true,
                  "format": "0,0.##",
                  "justify": "center",
                  "style": {
                    "classes": ""
                  }
                }
              },
              "render": "date",
              "resizable": false,
              "sort": "none",
              "sortable": false,
              "strictWidth": false,
              "style": {
                "classes": "test1"
              },
              "toggleSwitch": {
                "color": {
                  "selected": "",
                  "unselected": ""
                }
              },
              "viewParams": {},
              "viewPath": "",
              "visible": true,
              "width": ""
            },
            {
              "align": "center",
              "boolean": "checkbox",
              "dateFormat": "DD/MM/YYYY HH:mm",
              "editable": false,
              "field": "C_Time",
              "filter": {
                "boolean": {
                  "condition": ""
                },
                "date": {
                  "condition": "",
                  "value": ""
                },
                "enabled": true,
                "number": {
                  "condition": "",
                  "value": ""
                },
                "string": {
                  "condition": "",
                  "value": ""
                },
                "visible": "on-hover"
              },
              "footer": {
                "align": "center",
                "justify": "left",
                "style": {
                  "classes": ""
                },
                "title": ""
              },
              "header": {
                "align": "center",
                "justify": "center",
                "style": {
                  "classes": ""
                },
                "title": "Cycle Time (hh:mm:ss)"
              },
              "justify": "center",
              "number": "value",
              "numberFormat": "0,0.##",
              "progressBar": {
                "bar": {
                  "color": "",
                  "style": {
                    "classes": ""
                  }
                },
                "max": 100,
                "min": 0,
                "track": {
                  "color": "",
                  "style": {
                    "classes": ""
                  }
                },
                "value": {
                  "enabled": true,
                  "format": "0,0.##",
                  "justify": "center",
                  "style": {
                    "classes": ""
                  }
                }
              },
              "render": "string",
              "resizable": false,
              "sort": "none",
              "sortable": false,
              "strictWidth": false,
              "style": {
                "classes": "test1"
              },
              "toggleSwitch": {
                "color": {
                  "selected": "",
                  "unselected": ""
                }
              },
              "viewParams": {},
              "viewPath": "",
              "visible": true,
              "width": ""
            }
          ],
          "dragOrderable": false,
          "headerStyle": {
            "classes": "Table/Table_Header"
          },
          "rows": {
            "height": 33,
            "style": {
              "classes": "Table/Table_Row"
            }
          },
          "style": {
            "marginLeft": 2,
            "marginRight": 2,
            "marginTop": 4
          }
        },
        "type": "ia.display.table"
      }
    ],
    "meta": {
      "name": "root"
    },
    "props": {
      "direction": "column"
    },
    "type": "ia.container.flex"
  }
}