{
  "custom": {},
  "params": {},
  "props": {},
  "root": {
    "children": [
      {
        "meta": {
          "name": "ReportViewer"
        },
        "position": {
          "basis": "700px"
        },
        "props": {
          "page": 1,
          "pageCount": 1,
          "params": {
            "EndDate": "3-Mar-2024",
            "StartDate": "3-Mar-2023"
          },
          "source": "DPR_Repor"
        },
        "type": "ia.reporting.report-viewer"
      },
      {
        "meta": {
          "name": "Button"
        },
        "position": {
          "basis": "34px"
        },
        "type": "ia.input.button"
      }
    ],
    "meta": {
      "name": "root"
    },
    "props": {
      "direction": "column"
    },
    "type": "ia.container.flex"
  }
}