{
  "custom": {
    "Dia": 228.6,
    "Max_Length": 6067,
    "totalLength": 0
  },
  "params": {
    "PO": "003000009702                            "
  },
  "propConfig": {
    "custom.Dia": {
      "persistent": true
    },
    "custom.Max_Length": {
      "persistent": true
    },
    "custom.totalLength": {
      "persistent": true
    },
    "params.PO": {
      "paramDirection": "input",
      "persistent": true
    }
  },
  "props": {},
  "root": {
    "children": [
      {
        "meta": {
          "name": "FlexContainer1"
        },
        "position": {
          "basis": "1px"
        },
        "type": "ia.container.flex"
      },
      {
        "children": [
          {
            "children": [
              {
                "events": {
                  "dom": {
                    "onClick": {
                      "config": {
                        "script": "\timport math\n\timport copy\t\n\trawJSON \u003d {\n\t\t\"Select\":\"\",\n\t\t\"LogID\":\"\",\n\t\t\"PO\":\"\",\n\t\t\"ALLOY\":\"\",\n\t\t\"Actual_weight\":\"\",\n\t\t\"Actual_length\":\"\",\n\t\t\"Actual_dia\":\"\",\n\t\t\"Print\":\"\"\n\t}\t\n\treturnJSON\u003d[]\n\t\n\tpo \u003d self.view.params.PO\n\tinDS \u003d self.parent.parent.parent.getChild(\"FlexContainer3\").getChild(\"Table\").props.data\n\n#\tgetQuery \u003d \u0027\u0027\u0027SELECT \n#\t\t\t0 as [Select]\n#\t\t\t,[LogID]\n#\t\t\t,[PO]\n#\t\t\t,[ALLOY]\n#\t\t\t,[Actual_weight]\n#\t\t\t,[Actual_length]\n#\t\t\t,[Actual_dia]\n#\t\t\t,1 as [Print]\n#\t\t  FROM [CIMS].[dbo].[mes_Intermediate_logTable]\n#\t\t  WHERE [PO] \u003d ?\u0027\u0027\u0027\n#\tdataSet \u003d system.db.runPrepQuery(getQuery, [po], \u0027CIMS2\u0027)\n#\tself.parent.parent.parent.getChild(\"FlexContainer3\").getChild(\"Table\").props.data \u003d dataSet\n\t\n\tdataSet \u003d self.parent.parent.parent.getChild(\"FlexContainer3\").getChild(\"Table\").props.data\n\tif(self.props.selected \u003d\u003d True):\t\t\n\t\tfor i in range(dataSet.getRowCount()):\t\t\n\t\t\tentry\u003dcopy.deepcopy(rawJSON)\n\t\t\tentry[\"Select\"] \u003d True\n\t\t\tentry[\"LogID\"] \u003d dataSet[i][\u0027LogID\u0027]\n\t\t\tentry[\"PO\"] \u003d dataSet[i][\u0027PO\u0027]\n\t\t\tentry[\"ALLOY\"] \u003d dataSet[i][\u0027ALLOY\u0027]\n\t\t\tentry[\"Actual_weight\"] \u003d dataSet[i][\u0027Actual_weight\u0027]\n\t\t\tentry[\"Actual_length\"] \u003d dataSet[i][\u0027Actual_length\u0027]\n\t\t\tentry[\"Actual_dia\"] \u003d dataSet[i][\u0027Actual_dia\u0027]\n\t\t\tentry[\"Print\"] \u003d dataSet[i][\u0027Print\u0027]\n\t\t\treturnJSON.append(entry)\n\t\tself.parent.parent.parent.getChild(\"FlexContainer3\").getChild(\"Table\").props.data \u003d returnJSON\n\telif(self.props.selected \u003d\u003d False):\n\t\tfor i in range(inDS.getRowCount()):\t\t\n\t\t\tentry\u003dcopy.deepcopy(rawJSON)\n\t\t\tentry[\"Select\"] \u003d False\n\t\t\tentry[\"LogID\"] \u003d dataSet[i][\u0027LogID\u0027]\n\t\t\tentry[\"PO\"] \u003d dataSet[i][\u0027PO\u0027]\n\t\t\tentry[\"ALLOY\"] \u003d dataSet[i][\u0027ALLOY\u0027]\n\t\t\tentry[\"Actual_weight\"] \u003d dataSet[i][\u0027Actual_weight\u0027]\n\t\t\tentry[\"Actual_length\"] \u003d dataSet[i][\u0027Actual_length\u0027]\n\t\t\tentry[\"Actual_dia\"] \u003d dataSet[i][\u0027Actual_dia\u0027]\n\t\t\tentry[\"Print\"] \u003d dataSet[i][\u0027Print\u0027]\n\t\t\treturnJSON.append(entry)\n\t\tself.parent.parent.parent.getChild(\"FlexContainer3\").getChild(\"Table\").props.data \u003d returnJSON\n\n\n\t"
                      },
                      "enabled": false,
                      "scope": "G",
                      "type": "script"
                    },
                    "onSelect": {
                      "config": {
                        "script": "\timport math\n\timport copy\t\n\trawJSON \u003d {\n\t\t\"Select\":\"\",\n\t\t\"LogID\":\"\",\n\t\t\"PO\":\"\",\n\t\t\"ALLOY\":\"\",\n\t\t\"Actual_weight\":\"\",\n\t\t\"Actual_length\":\"\",\n\t\t\"Actual_dia\":\"\",\n\t\t\"Print\":\"\"\n\t}\t\n\treturnJSON\u003d[]\n\t\n\tpo \u003d self.view.params.PO\n\tinDS \u003d self.parent.parent.parent.getChild(\"FlexContainer3\").getChild(\"Table\").props.data\n\n#\tgetQuery \u003d \u0027\u0027\u0027SELECT \n#\t\t\t0 as [Select]\n#\t\t\t,[LogID]\n#\t\t\t,[PO]\n#\t\t\t,[ALLOY]\n#\t\t\t,[Actual_weight]\n#\t\t\t,[Actual_length]\n#\t\t\t,[Actual_dia]\n#\t\t\t,1 as [Print]\n#\t\t  FROM [CIMS].[dbo].[mes_Intermediate_logTable]\n#\t\t  WHERE [PO] \u003d ?\u0027\u0027\u0027\n#\tdataSet \u003d system.db.runPrepQuery(getQuery, [po], \u0027CIMS2\u0027)\n#\tself.parent.parent.parent.getChild(\"FlexContainer3\").getChild(\"Table\").props.data \u003d dataSet\n\t\n\tdataSet \u003d self.parent.parent.parent.getChild(\"FlexContainer3\").getChild(\"Table\").props.data\n\tif(self.props.selected \u003d\u003d True):\t\t\n\t\tfor i in range(dataSet.getRowCount()):\t\t\n\t\t\tentry\u003dcopy.deepcopy(rawJSON)\n\t\t\tentry[\"Select\"] \u003d True\n\t\t\tentry[\"LogID\"] \u003d dataSet[i][\u0027LogID\u0027]\n\t\t\tentry[\"PO\"] \u003d dataSet[i][\u0027PO\u0027]\n\t\t\tentry[\"ALLOY\"] \u003d dataSet[i][\u0027ALLOY\u0027]\n\t\t\tentry[\"Actual_weight\"] \u003d dataSet[i][\u0027Actual_weight\u0027]\n\t\t\tentry[\"Actual_length\"] \u003d dataSet[i][\u0027Actual_length\u0027]\n\t\t\tentry[\"Actual_dia\"] \u003d dataSet[i][\u0027Actual_dia\u0027]\n\t\t\tentry[\"Print\"] \u003d dataSet[i][\u0027Print\u0027]\n\t\t\treturnJSON.append(entry)\n\t\tself.parent.parent.parent.getChild(\"FlexContainer3\").getChild(\"Table\").props.data \u003d returnJSON\n\telif(self.props.selected \u003d\u003d False):\n\t\tfor i in range(inDS.getRowCount()):\t\t\n\t\t\tentry\u003dcopy.deepcopy(rawJSON)\n\t\t\tentry[\"Select\"] \u003d False\n\t\t\tentry[\"LogID\"] \u003d dataSet[i][\u0027LogID\u0027]\n\t\t\tentry[\"PO\"] \u003d dataSet[i][\u0027PO\u0027]\n\t\t\tentry[\"ALLOY\"] \u003d dataSet[i][\u0027ALLOY\u0027]\n\t\t\tentry[\"Actual_weight\"] \u003d dataSet[i][\u0027Actual_weight\u0027]\n\t\t\tentry[\"Actual_length\"] \u003d dataSet[i][\u0027Actual_length\u0027]\n\t\t\tentry[\"Actual_dia\"] \u003d dataSet[i][\u0027Actual_dia\u0027]\n\t\t\tentry[\"Print\"] \u003d dataSet[i][\u0027Print\u0027]\n\t\t\treturnJSON.append(entry)\n\t\tself.parent.parent.parent.getChild(\"FlexContainer3\").getChild(\"Table\").props.data \u003d returnJSON"
                      },
                      "enabled": false,
                      "scope": "G",
                      "type": "script"
                    }
                  },
                  "system": {
                    "onStartup": {
                      "config": {
                        "script": "\tself.props.selected \u003d False\n\tself.props.selected \u003d True\n#\timport math\n#\tpo \u003d self.view.params.PO\n#\tA\u003dFalse\n#\tself.props.selected \u003d A\n#\tif self.props.selected\u003d\u003dFalse:\n#\t\tgetQuery \u003d \u0027\u0027\u0027SELECT \n#\t\t\t\t0 as [Select]\n#\t\t\t\t,[mes_Intermediate_logTable].[LogID]\n#\t\t\t\t,[mes_Intermediate_logTable].[PO]\n#\t\t\t\t,[mes_Intermediate_logTable].[ALLOY]\n#\t\t\t\t,[mes_Intermediate_logTable].[Actual_weight]\n#\t\t\t\t,[mes_Intermediate_logTable].[Actual_length]\n#\t\t\t\t,[mes_Intermediate_logTable].[Actual_dia]\n#\t\t\t\t,1 as [Print]\n#\t\t\t\t,[mes_casting].End_Date\n#\t\t\t\t,[mes_casting].End_time\n#\t\t\t  FROM [CIMS].[dbo].[mes_Intermediate_logTable],[CIMS].[dbo].[mes_casting]\n#\t\t\t  WHERE [mes_Intermediate_logTable].[PO] \u003d ? and [mes_Intermediate_logTable].[PO]\u003d[CIMS].[dbo].[mes_casting].PO\n#\t\t\t  \u0027\u0027\u0027\n#\telif self.props.selected\u003d\u003dTrue:\n#\t\tgetQuery\u003d\u0027\u0027\u0027  SELECT \n#\t\t\t\t1 as [Select]\n#\t\t\t\t,[mes_Intermediate_logTable].[LogID]\n#\t\t\t\t,[mes_Intermediate_logTable].[PO]\n#\t\t\t\t,[mes_Intermediate_logTable].[ALLOY]\n#\t\t\t\t,[mes_Intermediate_logTable].[Actual_weight]\n#\t\t\t\t,[mes_Intermediate_logTable].[Actual_length]\n#\t\t\t\t,[mes_Intermediate_logTable].[Actual_dia]\n#\t\t\t\t,1 as [Print]\n#\t\t\t\t,[mes_casting].End_Date\n#\t\t\t\t,[mes_casting].End_time\n#\t\t\t  FROM [CIMS].[dbo].[mes_Intermediate_logTable],[CIMS].[dbo].[mes_casting]\n#\t\t\t  WHERE [mes_Intermediate_logTable].[PO] \u003d ? and [mes_Intermediate_logTable].[PO]\u003d[CIMS].[dbo].[mes_casting].PO\n#\t\t\t\u0027\u0027\u0027\t\n#\tdataSet \u003d system.db.runPrepQuery(getQuery, [po], \u0027CIMS2\u0027)\n#\treturn dataSet\n"
                      },
                      "scope": "G",
                      "type": "script"
                    }
                  }
                },
                "meta": {
                  "name": "Checkbox"
                },
                "position": {
                  "basis": "56px",
                  "grow": 1
                },
                "propConfig": {
                  "props.selected": {
                    "onChange": {
                      "enabled": null,
                      "script": "\timport time\n\tself.parent.parent.parent.getChild(\"FlexContainer3\").getChild(\"Table\").refreshBinding(\u0027props.data\u0027)\n\t\n\t\n\t#\ttOGGLE Virtualized\n\tself.parent.parent.parent.getChild(\"FlexContainer3\").getChild(\"Table\").props.virtualized\u003dFalse\n\ttime.sleep(0.1)\n\tself.parent.parent.parent.getChild(\"FlexContainer3\").getChild(\"Table\").props.virtualized\u003dTrue\n\t\t\n\t"
                    }
                  }
                },
                "props": {
                  "selected": true,
                  "style": {
                    "fontFamily": "Roboto",
                    "fontSize": 14
                  },
                  "text": "Select All"
                },
                "type": "ia.input.checkbox"
              }
            ],
            "meta": {
              "name": "FlexContainer21"
            },
            "position": {
              "basis": "100px"
            },
            "props": {
              "style": {
                "marginLeft": 20
              }
            },
            "type": "ia.container.flex"
          },
          {
            "children": [
              {
                "meta": {
                  "name": "Label"
                },
                "position": {
                  "basis": "50px",
                  "grow": 1
                },
                "props": {
                  "text": "Log ID List",
                  "textStyle": {
                    "textAlign": "center"
                  }
                },
                "type": "ia.display.label"
              }
            ],
            "meta": {
              "name": "FlexContainer22"
            },
            "position": {
              "basis": "200px",
              "grow": 1
            },
            "type": "ia.container.flex"
          },
          {
            "children": [
              {
                "events": {
                  "dom": {
                    "onClick": {
                      "config": {
                        "script": "\tfrom datetime import datetime\n\t\t\n\t#Set the filename with current timestamp\n\tcurrentDateTime \u003d datetime.now()\n\t\n\tfileName \u003d \"LogIDs_\" + str(currentDateTime.strftime(\"%Y%m%d%H%M%S\")) + \".xlsx\"\n\t\n\tdataSet \u003d self.parent.parent.parent.getChild(\"FlexContainer3\").getChild(\"Table\").props.data\n\torgColumns \u003d system.dataset.getColumnHeaders(dataSet)\n\tdisplayColumns \u003d self.parent.parent.parent.getChild(\"FlexContainer3\").getChild(\"Table\").props.columns\n\t\n\theaders \u003d []\n\tnewData \u003d []\n\tshowColumns \u003d []\n\tfinalDataset \u003d []\n\t\n\tfor oIdx in range(dataSet.getColumnCount()):\n\t\tmatch \u003d False;\n\t\tfor sIdx in range(len(displayColumns)):\n\t\t\tif(orgColumns[oIdx] \u003d\u003d displayColumns[sIdx].field and displayColumns[sIdx].visible \u003d\u003d True):\n\t\t\t\tmatch \u003d True;\n\t\t\t\tbreak;\n\t\tif (match):\t\t\t\t\t\t\n\t\t\tshowColumns.append(orgColumns[oIdx]);\n\t\t\theaders.append(displayColumns[oIdx].header.title)\n\t\t\t\n\tfilterDataset \u003d system.dataset.filterColumns(dataSet, showColumns)\n\t\n\tfor rowIndex in range(filterDataset.rowCount):\n\t\trow \u003d [filterDataset.getValueAt(rowIndex,col) for col in range(filterDataset.columnCount)]\n\t\tnewData.append(row)\n\t\t\n\tfinalDataset \u003d system.dataset.toDataSet(headers,newData)\n\tXLSFormat \u003d system.dataset.toExcel(True,[finalDataset])\n\tsystem.perspective.download(fileName, XLSFormat)\n\t"
                      },
                      "scope": "G",
                      "type": "script"
                    }
                  }
                },
                "meta": {
                  "name": "Icon"
                },
                "position": {
                  "basis": "30px"
                },
                "props": {
                  "color": "#3F5462",
                  "path": "material/arrow_circle_down",
                  "style": {
                    "marginBottom": 4,
                    "marginRight": 10,
                    "marginTop": 4
                  }
                },
                "type": "ia.display.icon"
              }
            ],
            "meta": {
              "name": "FlexContainer23"
            },
            "position": {
              "basis": "100px"
            },
            "props": {
              "justify": "flex-end"
            },
            "type": "ia.container.flex"
          }
        ],
        "meta": {
          "name": "FlexContainer2"
        },
        "position": {
          "basis": "40px"
        },
        "type": "ia.container.flex"
      },
      {
        "children": [
          {
            "custom": {
              "rowCount": 0
            },
            "events": {
              "component": {
                "onEditCellCommit": {
                  "config": {
                    "script": "\timport sys\n\tpo \u003d self.view.params.PO\n\trole\u003dself.session.props.auth.user.roles\n\tif(self.props.selection.selectedColumn \u003d\u003d \u0027Select\u0027):\n\t\ta \u003d event.value\n\t\tvalueToSet \u003d a\n\t\tself.props.data \u003d system.dataset.setValue(self.props.data, event.row, event.column, valueToSet)\n\telif(self.props.selection.selectedColumn \u003d\u003d \u0027Actual_length\u0027):\n\t\t# Disable SAVE button\n\t\t#self.parent.parent.getChild(\"FlexContainer4\").getChild(\"SaveButton\").props.enabled \u003d False\n#\t\tCondition to see only \u0027Administrator\u0027 and \u0027HOD\u0027 to allow edit at length parameter\n\t\tif \u0027HOD\u0027 in role or \u0027Administrator\u0027 in role:\n\t\t\tMAX_Length\u003dself.view.custom.Max_Length\n\t\t\tvalueToSet \u003d event.value\n\t\t\tMLENGTH\u003devent.value\n\t\t\t\n\t\t\t#Condition to check the exceeding max length\n\t\t\tif float(MLENGTH)\u003c\u003dfloat(MAX_Length):\n\t\t\t\tself.props.data \u003d system.dataset.setValue(self.props.data, event.row, event.column, valueToSet)\n\t\t\t\t\n\t\t\t\t#Calculated new weight\n\t\t\t\t#dia in mm\n\t\t\t\td\u003dself.view.custom.Dia\n\t\t\t\t#len in mm\n\t\t\t\tl\u003dMLENGTH\n\t\t\t\t#final calculation in Kg/mm3\n\t\t\t\tFCaluculation\u003d((float(3.14)*float(d)*float(d))/float(4))*(float(l))*(0.0000027)\n\t\t\t\t#update the new weight in table component\n\t\t\t\tself.props.data \u003d system.dataset.setValue(self.props.data, event.row, \u0027Actual_weight\u0027, FCaluculation)\t\t\t\n\t\t\t\t\t\t\t\t\n\t\t\t\tlogID \u003d self.props.selection.data[0].LogID\n\t\t\t\t\n\t\t\t\t#update in Log ID intermidiate table\n\t\t\t\tupdateQuery \u003d \u0027\u0027\u0027UPDATE [CIMS].[dbo].[mes_Intermediate_logTable]\n\t\t\t\t\t\t\t\t\t\t     \tSET [Actual_length] \u003d ?, [Actual_weight]\u003d?\n\t\t\t\t\t\t\t\t\t\t  \t\tWHERE [LOGID] \u003d ? AND [PO] \u003d ?\u0027\u0027\u0027\n\t\t\t\tsystem.db.runPrepUpdate(updateQuery, [MLENGTH,FCaluculation,logID,po], \u0027CIMS2\u0027)\n\t\t\t\t\n\t\t\t\t#Update derived weight in casting table\n\t\t\t\tgetWquery\u003d\u0027\u0027\u0027\n\t\t\t\t\t\t SELECT sum([Actual_weight])\n\t\t\t\t\t\t\t FROM [CIMS].[dbo].[mes_Intermediate_logTable]\n\t\t\t\t\t\t\t WHERE [PO] \u003d ?\n\t\t\t\t\t\t\u0027\u0027\u0027\t\n\t\t\t\tData1\u003dsystem.db.runPrepQuery(getWquery, [po], \u0027CIMS2\u0027)\t\t\n\t\t\t\tNWeight\u003dfloat(Data1[0][0])\n\t\t\t\tCastQuery\u003d\u0027\u0027\u0027\n\t\t\t\t\tUPDATE [dbo].[mes_casting]\n\t\t\t\t\t\tSET [Derived_weight] \u003d?\n\t\t\t\t\t\tWHERE PO\u003d?\n\t\t\t\t\t\u0027\u0027\u0027\t\n\t\t\t\tsystem.db.runPrepUpdate(CastQuery, [NWeight,po], \u0027CIMS2\u0027)\t\n\t\t\t\t\t\t\t\t\t\n\t\t\t\t#Refresh table data binding\n\t\t\t\tself.refreshBinding(\"props.data\")\n\t\t\t\t#send message to refresh the casting table\n\t\t\t\tPayload\u003d{\u0027CastingUpdate\u0027: 1}\n\t\t\t\tsystem.perspective.sendMessage(\u0027CastingU\u0027, payload\u003dPayload, scope\u003d\u0027session\u0027)\t\n\t\t\t\tPayload\u003d{\u0027CastingUpdate\u0027: 0}\t\t\n\t\t\t\tsystem.perspective.sendMessage(\u0027CastingU\u0027, payload\u003dPayload, scope\u003d\u0027session\u0027)\t\n\t\t\t\tPayload\u003d{\"EDIT\":1}\n\t\t\t\tsystem.perspective.sendMessage(\u0027UpdateMaterial\u0027, payload\u003dPayload,scope\u003d\u0027session\u0027)\n\t\t\t\tPayload\u003d{\"EDIT\":0}\n\t\t\t\tsystem.perspective.sendMessage(\u0027UpdateMaterial\u0027, payload\u003dPayload,scope\u003d\u0027session\u0027)\n\t\t\t\t\n\t\t\telse:\t\n\t\t\t\tself.refreshBinding(\"props.data\")\n\t\t\t\tsystem.perspective.openPopup(\u0027Error\u0027,\u0027Template/Popup_1\u0027,params\u003d{\u0027Code\u0027:1,\u0027Message\u0027:\u0027Error: Length entered exceeds the original length value\u0027},showCloseIcon \u003d True,modal\u003dTrue,draggable\u003dFalse,position \u003d {\u0027top\u0027:100})\t\n\t\telse:\n\t\t\tsystem.exit()"
                  },
                  "permissions": {
                    "securityLevels": [
                      {
                        "children": [],
                        "name": "Authenticated"
                      }
                    ],
                    "type": "AnyOf"
                  },
                  "scope": "G",
                  "type": "script"
                }
              }
            },
            "meta": {
              "name": "Table"
            },
            "position": {
              "basis": "400px",
              "grow": 1
            },
            "propConfig": {
              "props.columns[7].viewParams.printer": {
                "binding": {
                  "config": {
                    "path": ".../FlexContainer4/FlexContainer_0/Dropdown.props.value"
                  },
                  "overlayOptOut": true,
                  "type": "property"
                }
              },
              "props.data": {
                "binding": {
                  "config": {
                    "expression": "{view.params.PO}"
                  },
                  "transforms": [
                    {
                      "code": "\timport math\n\tpo \u003d self.view.params.PO\n\tA\u003dself.parent.parent.getChild(\"FlexContainer2\").getChild(\"FlexContainer21\").getChild(\"Checkbox\").props.selected\n\tif A\u003d\u003dFalse:\n\t\tgetQuery \u003d \u0027\u0027\u0027SELECT \n\t\t\t\t0 as [Select]\n\t\t\t\t,[mes_Intermediate_logTable].[LogID]\n\t\t\t\t,[mes_Intermediate_logTable].[PO]\n\t\t\t\t,[mes_Intermediate_logTable].[ALLOY]\n\t\t\t\t,[mes_Intermediate_logTable].[Actual_weight]\n\t\t\t\t,[mes_Intermediate_logTable].[Actual_length]\n\t\t\t\t,[mes_Intermediate_logTable].[Actual_dia]\n\t\t\t\t,1 as [Print]\n\t\t\t\t,[mes_casting].End_Date\n\t\t\t\t,[mes_casting].End_time\n\t\t\t  FROM [CIMS].[dbo].[mes_Intermediate_logTable],[CIMS].[dbo].[mes_casting]\n\t\t\t  WHERE [mes_Intermediate_logTable].[PO] \u003d ? and [mes_Intermediate_logTable].[PO]\u003d[CIMS].[dbo].[mes_casting].PO\n\t\t\t  \u0027\u0027\u0027\n\telif A\u003d\u003dTrue:\n#\t\tgetQuery \u003d \u0027\u0027\u0027SELECT \n#\t\t\t\t1 as [Select]\n#\t\t\t\t,[LogID]\n#\t\t\t\t,[PO]\n#\t\t\t\t,[ALLOY]\n#\t\t\t\t,[Actual_weight]\n#\t\t\t\t,[Actual_length]\n#\t\t\t\t,[Actual_dia]\n#\t\t\t\t,1 as [Print]\n#\t\t\t  FROM [CIMS].[dbo].[mes_Intermediate_logTable]\n#\t\t\t  WHERE [PO] \u003d ?\u0027\u0027\u0027\n\t\tgetQuery\u003d\u0027\u0027\u0027  SELECT \n\t\t\t\t\t\t\t\t\t1 as [Select]\n\t\t\t\t\t\t\t\t\t,[mes_Intermediate_logTable].[LogID]\n\t\t\t\t\t\t\t\t\t,[mes_Intermediate_logTable].[PO]\n\t\t\t\t\t\t\t\t\t,[mes_Intermediate_logTable].[ALLOY]\n\t\t\t\t\t\t\t\t\t,[mes_Intermediate_logTable].[Actual_weight]\n\t\t\t\t\t\t\t\t\t,[mes_Intermediate_logTable].[Actual_length]\n\t\t\t\t\t\t\t\t\t,[mes_Intermediate_logTable].[Actual_dia]\n\t\t\t\t\t\t\t\t\t,1 as [Print]\n\t\t\t\t\t\t\t\t\t,[mes_casting].End_Date\n\t\t\t\t\t\t\t\t\t,[mes_casting].End_time\n\t\t\t\t\t\t\t\t  FROM [CIMS].[dbo].[mes_Intermediate_logTable],[CIMS].[dbo].[mes_casting]\n\t\t\t\t\t\t\t\t  WHERE [mes_Intermediate_logTable].[PO] \u003d ? and [mes_Intermediate_logTable].[PO]\u003d[CIMS].[dbo].[mes_casting].PO\n\t\t\t\t\t\u0027\u0027\u0027\t\n\tdataSet \u003d system.db.runPrepQuery(getQuery, [po], \u0027CIMS2\u0027)\n\treturn dataSet\n",
                      "type": "script"
                    }
                  ],
                  "type": "expr"
                }
              }
            },
            "props": {
              "bodyStyle": {
                "backgroundColor": "#E3E3E3",
                "margin": ""
              },
              "cells": {
                "allowEditOn": "single-click",
                "style": {
                  "classes": "Table/Table_Cell",
                  "fontFamily": "Arial",
                  "fontSize": 12,
                  "textAlign": "left"
                }
              },
              "columns": [
                {
                  "align": "center",
                  "boolean": "checkbox",
                  "dateFormat": "MM/DD/YYYY",
                  "editable": true,
                  "field": "Select",
                  "filter": {
                    "boolean": {
                      "condition": ""
                    },
                    "date": {
                      "condition": "",
                      "value": ""
                    },
                    "enabled": false,
                    "number": {
                      "condition": "",
                      "value": ""
                    },
                    "string": {
                      "condition": "",
                      "value": ""
                    },
                    "visible": "on-hover"
                  },
                  "footer": {
                    "align": "center",
                    "justify": "left",
                    "style": {
                      "classes": ""
                    },
                    "title": ""
                  },
                  "header": {
                    "align": "center",
                    "justify": "center",
                    "style": {
                      "classes": ""
                    },
                    "title": "Select"
                  },
                  "justify": "center",
                  "number": "value",
                  "numberFormat": "0,0.##",
                  "progressBar": {
                    "bar": {
                      "color": "",
                      "style": {
                        "classes": ""
                      }
                    },
                    "max": 100,
                    "min": 0,
                    "track": {
                      "color": "",
                      "style": {
                        "classes": ""
                      }
                    },
                    "value": {
                      "enabled": true,
                      "format": "0,0.##",
                      "justify": "center",
                      "style": {
                        "classes": ""
                      }
                    }
                  },
                  "render": "boolean",
                  "resizable": true,
                  "sort": "none",
                  "sortable": false,
                  "strictWidth": false,
                  "style": {
                    "classes": ""
                  },
                  "toggleSwitch": {
                    "color": {
                      "selected": "",
                      "unselected": ""
                    }
                  },
                  "viewParams": {},
                  "viewPath": "",
                  "visible": true,
                  "width": 50
                },
                {
                  "align": "center",
                  "boolean": "checkbox",
                  "dateFormat": "MM/DD/YYYY",
                  "editable": false,
                  "field": "LogID",
                  "filter": {
                    "boolean": {
                      "condition": ""
                    },
                    "date": {
                      "condition": "",
                      "value": ""
                    },
                    "enabled": true,
                    "number": {
                      "condition": "",
                      "value": ""
                    },
                    "string": {
                      "condition": "",
                      "value": ""
                    },
                    "visible": "always"
                  },
                  "footer": {
                    "align": "center",
                    "justify": "left",
                    "style": {
                      "classes": ""
                    },
                    "title": ""
                  },
                  "header": {
                    "align": "center",
                    "justify": "center",
                    "style": {
                      "classes": ""
                    },
                    "title": "Log ID"
                  },
                  "justify": "center",
                  "number": "value",
                  "numberFormat": "0,0.##",
                  "progressBar": {
                    "bar": {
                      "color": "",
                      "style": {
                        "classes": ""
                      }
                    },
                    "max": 100,
                    "min": 0,
                    "track": {
                      "color": "",
                      "style": {
                        "classes": ""
                      }
                    },
                    "value": {
                      "enabled": true,
                      "format": "0,0.##",
                      "justify": "center",
                      "style": {
                        "classes": ""
                      }
                    }
                  },
                  "render": "auto",
                  "resizable": true,
                  "sort": "none",
                  "sortable": false,
                  "strictWidth": false,
                  "style": {
                    "classes": "test1"
                  },
                  "toggleSwitch": {
                    "color": {
                      "selected": "",
                      "unselected": ""
                    }
                  },
                  "viewParams": {},
                  "viewPath": "",
                  "visible": true,
                  "width": ""
                },
                {
                  "align": "center",
                  "boolean": "checkbox",
                  "dateFormat": "MM/DD/YYYY",
                  "editable": false,
                  "field": "PO",
                  "filter": {
                    "boolean": {
                      "condition": ""
                    },
                    "date": {
                      "condition": "",
                      "value": ""
                    },
                    "enabled": false,
                    "number": {
                      "condition": "",
                      "value": ""
                    },
                    "string": {
                      "condition": "",
                      "value": ""
                    },
                    "visible": "on-hover"
                  },
                  "footer": {
                    "align": "center",
                    "justify": "left",
                    "style": {
                      "classes": ""
                    },
                    "title": ""
                  },
                  "header": {
                    "align": "center",
                    "justify": "center",
                    "style": {
                      "classes": ""
                    },
                    "title": "Production Order"
                  },
                  "justify": "center",
                  "number": "value",
                  "numberFormat": "0,0.##",
                  "progressBar": {
                    "bar": {
                      "color": "",
                      "style": {
                        "classes": ""
                      }
                    },
                    "max": 100,
                    "min": 0,
                    "track": {
                      "color": "",
                      "style": {
                        "classes": ""
                      }
                    },
                    "value": {
                      "enabled": true,
                      "format": "0,0.##",
                      "justify": "center",
                      "style": {
                        "classes": ""
                      }
                    }
                  },
                  "render": "auto",
                  "resizable": true,
                  "sort": "none",
                  "sortable": false,
                  "strictWidth": false,
                  "style": {
                    "classes": ""
                  },
                  "toggleSwitch": {
                    "color": {
                      "selected": "",
                      "unselected": ""
                    }
                  },
                  "viewParams": {},
                  "viewPath": "",
                  "visible": true,
                  "width": ""
                },
                {
                  "align": "center",
                  "boolean": "checkbox",
                  "dateFormat": "MM/DD/YYYY",
                  "editable": false,
                  "field": "ALLOY",
                  "filter": {
                    "boolean": {
                      "condition": ""
                    },
                    "date": {
                      "condition": "",
                      "value": ""
                    },
                    "enabled": false,
                    "number": {
                      "condition": "",
                      "value": ""
                    },
                    "string": {
                      "condition": "",
                      "value": ""
                    },
                    "visible": "on-hover"
                  },
                  "footer": {
                    "align": "center",
                    "justify": "left",
                    "style": {
                      "classes": ""
                    },
                    "title": ""
                  },
                  "header": {
                    "align": "center",
                    "justify": "center",
                    "style": {
                      "classes": ""
                    },
                    "title": "Alloy"
                  },
                  "justify": "center",
                  "number": "value",
                  "numberFormat": "0,0.##",
                  "progressBar": {
                    "bar": {
                      "color": "",
                      "style": {
                        "classes": ""
                      }
                    },
                    "max": 100,
                    "min": 0,
                    "track": {
                      "color": "",
                      "style": {
                        "classes": ""
                      }
                    },
                    "value": {
                      "enabled": true,
                      "format": "0,0.##",
                      "justify": "center",
                      "style": {
                        "classes": ""
                      }
                    }
                  },
                  "render": "auto",
                  "resizable": true,
                  "sort": "none",
                  "sortable": false,
                  "strictWidth": false,
                  "style": {
                    "classes": ""
                  },
                  "toggleSwitch": {
                    "color": {
                      "selected": "",
                      "unselected": ""
                    }
                  },
                  "viewParams": {},
                  "viewPath": "",
                  "visible": true,
                  "width": ""
                },
                {
                  "align": "center",
                  "boolean": "checkbox",
                  "dateFormat": "MM/DD/YYYY",
                  "editable": false,
                  "field": "Actual_weight",
                  "filter": {
                    "boolean": {
                      "condition": ""
                    },
                    "date": {
                      "condition": "",
                      "value": ""
                    },
                    "enabled": false,
                    "number": {
                      "condition": "",
                      "value": ""
                    },
                    "string": {
                      "condition": "",
                      "value": ""
                    },
                    "visible": "on-hover"
                  },
                  "footer": {
                    "align": "center",
                    "justify": "left",
                    "style": {
                      "classes": ""
                    },
                    "title": ""
                  },
                  "header": {
                    "align": "center",
                    "justify": "center",
                    "style": {
                      "classes": ""
                    },
                    "title": "Actual Weight      ( kg )"
                  },
                  "justify": "center",
                  "number": "value",
                  "numberFormat": "0,0.##",
                  "progressBar": {
                    "bar": {
                      "color": "",
                      "style": {
                        "classes": ""
                      }
                    },
                    "max": 100,
                    "min": 0,
                    "track": {
                      "color": "",
                      "style": {
                        "classes": ""
                      }
                    },
                    "value": {
                      "enabled": true,
                      "format": "0,0.##",
                      "justify": "center",
                      "style": {
                        "classes": ""
                      }
                    }
                  },
                  "render": "auto",
                  "resizable": true,
                  "sort": "none",
                  "sortable": false,
                  "strictWidth": false,
                  "style": {
                    "classes": ""
                  },
                  "toggleSwitch": {
                    "color": {
                      "selected": "",
                      "unselected": ""
                    }
                  },
                  "viewParams": {},
                  "viewPath": "",
                  "visible": true,
                  "width": 80
                },
                {
                  "align": "center",
                  "boolean": "checkbox",
                  "dateFormat": "MM/DD/YYYY",
                  "editable": true,
                  "field": "Actual_length",
                  "filter": {
                    "boolean": {
                      "condition": ""
                    },
                    "date": {
                      "condition": "",
                      "value": ""
                    },
                    "enabled": false,
                    "number": {
                      "condition": "",
                      "value": ""
                    },
                    "string": {
                      "condition": "",
                      "value": ""
                    },
                    "visible": "on-hover"
                  },
                  "footer": {
                    "align": "center",
                    "justify": "left",
                    "style": {
                      "classes": ""
                    },
                    "title": ""
                  },
                  "header": {
                    "align": "center",
                    "justify": "center",
                    "style": {
                      "classes": ""
                    },
                    "title": "Actual Length (mm)"
                  },
                  "justify": "center",
                  "number": "value",
                  "numberFormat": "0,0.##",
                  "progressBar": {
                    "bar": {
                      "color": "",
                      "style": {
                        "classes": ""
                      }
                    },
                    "max": 100,
                    "min": 0,
                    "track": {
                      "color": "",
                      "style": {
                        "classes": ""
                      }
                    },
                    "value": {
                      "enabled": true,
                      "format": "0,0.##",
                      "justify": "center",
                      "style": {
                        "classes": ""
                      }
                    }
                  },
                  "render": "number",
                  "resizable": true,
                  "sort": "none",
                  "sortable": false,
                  "strictWidth": false,
                  "style": {
                    "classes": ""
                  },
                  "toggleSwitch": {
                    "color": {
                      "selected": "",
                      "unselected": ""
                    }
                  },
                  "viewParams": {},
                  "viewPath": "",
                  "visible": true,
                  "width": ""
                },
                {
                  "align": "center",
                  "boolean": "checkbox",
                  "dateFormat": "MM/DD/YYYY",
                  "editable": false,
                  "field": "Actual_dia",
                  "filter": {
                    "boolean": {
                      "condition": ""
                    },
                    "date": {
                      "condition": "",
                      "value": ""
                    },
                    "enabled": false,
                    "number": {
                      "condition": "",
                      "value": ""
                    },
                    "string": {
                      "condition": "",
                      "value": ""
                    },
                    "visible": "on-hover"
                  },
                  "footer": {
                    "align": "center",
                    "justify": "left",
                    "style": {
                      "classes": ""
                    },
                    "title": ""
                  },
                  "header": {
                    "align": "center",
                    "justify": "center",
                    "style": {
                      "classes": ""
                    },
                    "title": "Actual Dia (mm)"
                  },
                  "justify": "center",
                  "number": "value",
                  "numberFormat": "0,0.##",
                  "progressBar": {
                    "bar": {
                      "color": "",
                      "style": {
                        "classes": ""
                      }
                    },
                    "max": 100,
                    "min": 0,
                    "track": {
                      "color": "",
                      "style": {
                        "classes": ""
                      }
                    },
                    "value": {
                      "enabled": true,
                      "format": "0,0.##",
                      "justify": "center",
                      "style": {
                        "classes": ""
                      }
                    }
                  },
                  "render": "auto",
                  "resizable": true,
                  "sort": "none",
                  "sortable": false,
                  "strictWidth": false,
                  "style": {
                    "classes": ""
                  },
                  "toggleSwitch": {
                    "color": {
                      "selected": "",
                      "unselected": ""
                    }
                  },
                  "viewParams": {},
                  "viewPath": "",
                  "visible": true,
                  "width": ""
                },
                {
                  "align": "center",
                  "boolean": "checkbox",
                  "dateFormat": "MM/DD/YYYY",
                  "editable": false,
                  "field": "Print",
                  "filter": {
                    "boolean": {
                      "condition": ""
                    },
                    "date": {
                      "condition": "",
                      "value": ""
                    },
                    "enabled": false,
                    "number": {
                      "condition": "",
                      "value": ""
                    },
                    "string": {
                      "condition": "",
                      "value": ""
                    },
                    "visible": "on-hover"
                  },
                  "footer": {
                    "align": "center",
                    "justify": "left",
                    "style": {
                      "classes": ""
                    },
                    "title": ""
                  },
                  "header": {
                    "align": "center",
                    "justify": "center",
                    "style": {
                      "classes": ""
                    },
                    "title": ""
                  },
                  "justify": "center",
                  "number": "value",
                  "numberFormat": "0,0.##",
                  "progressBar": {
                    "bar": {
                      "color": "",
                      "style": {
                        "classes": ""
                      }
                    },
                    "max": 100,
                    "min": 0,
                    "track": {
                      "color": "",
                      "style": {
                        "classes": ""
                      }
                    },
                    "value": {
                      "enabled": true,
                      "format": "0,0.##",
                      "justify": "center",
                      "style": {
                        "classes": ""
                      }
                    }
                  },
                  "render": "view",
                  "resizable": true,
                  "sort": "none",
                  "sortable": false,
                  "strictWidth": false,
                  "style": {
                    "classes": ""
                  },
                  "toggleSwitch": {
                    "color": {
                      "selected": "",
                      "unselected": ""
                    }
                  },
                  "viewParams": {
                    "rowData": {}
                  },
                  "viewPath": "CastingPageTemplates/PrintLogIDButton",
                  "visible": true,
                  "width": ""
                },
                {
                  "align": "center",
                  "boolean": "checkbox",
                  "dateFormat": "MM/DD/YYYY",
                  "editable": false,
                  "field": "End_Date",
                  "filter": {
                    "boolean": {
                      "condition": ""
                    },
                    "date": {
                      "condition": "",
                      "value": ""
                    },
                    "enabled": false,
                    "number": {
                      "condition": "",
                      "value": ""
                    },
                    "string": {
                      "condition": "",
                      "value": ""
                    },
                    "visible": "on-hover"
                  },
                  "footer": {
                    "align": "center",
                    "justify": "left",
                    "style": {
                      "classes": ""
                    },
                    "title": ""
                  },
                  "header": {
                    "align": "center",
                    "justify": "left",
                    "style": {
                      "classes": ""
                    },
                    "title": ""
                  },
                  "justify": "auto",
                  "number": "value",
                  "numberFormat": "0,0.##",
                  "progressBar": {
                    "bar": {
                      "color": "",
                      "style": {
                        "classes": ""
                      }
                    },
                    "max": 100,
                    "min": 0,
                    "track": {
                      "color": "",
                      "style": {
                        "classes": ""
                      }
                    },
                    "value": {
                      "enabled": true,
                      "format": "0,0.##",
                      "justify": "center",
                      "style": {
                        "classes": ""
                      }
                    }
                  },
                  "render": "date",
                  "resizable": true,
                  "sort": "none",
                  "sortable": true,
                  "strictWidth": false,
                  "style": {
                    "classes": ""
                  },
                  "toggleSwitch": {
                    "color": {
                      "selected": "",
                      "unselected": ""
                    }
                  },
                  "viewParams": {},
                  "viewPath": "",
                  "visible": false,
                  "width": ""
                },
                {
                  "align": "center",
                  "boolean": "checkbox",
                  "dateFormat": "MM/DD/YYYY",
                  "editable": false,
                  "field": "End_time",
                  "filter": {
                    "boolean": {
                      "condition": ""
                    },
                    "date": {
                      "condition": "",
                      "value": ""
                    },
                    "enabled": false,
                    "number": {
                      "condition": "",
                      "value": ""
                    },
                    "string": {
                      "condition": "",
                      "value": ""
                    },
                    "visible": "on-hover"
                  },
                  "footer": {
                    "align": "center",
                    "justify": "left",
                    "style": {
                      "classes": ""
                    },
                    "title": ""
                  },
                  "header": {
                    "align": "center",
                    "justify": "left",
                    "style": {
                      "classes": ""
                    },
                    "title": ""
                  },
                  "justify": "auto",
                  "number": "value",
                  "numberFormat": "0,0.##",
                  "progressBar": {
                    "bar": {
                      "color": "",
                      "style": {
                        "classes": ""
                      }
                    },
                    "max": 100,
                    "min": 0,
                    "track": {
                      "color": "",
                      "style": {
                        "classes": ""
                      }
                    },
                    "value": {
                      "enabled": true,
                      "format": "0,0.##",
                      "justify": "center",
                      "style": {
                        "classes": ""
                      }
                    }
                  },
                  "render": "auto",
                  "resizable": true,
                  "sort": "none",
                  "sortable": true,
                  "strictWidth": false,
                  "style": {
                    "classes": ""
                  },
                  "toggleSwitch": {
                    "color": {
                      "selected": "",
                      "unselected": ""
                    }
                  },
                  "viewParams": {},
                  "viewPath": "",
                  "visible": false,
                  "width": ""
                }
              ],
              "emptyMessage": {
                "style": {
                  "backgroundColor": "#E3E3E3",
                  "borderStyle": "none"
                }
              },
              "headerStyle": {
                "classes": "Table/Table_Header"
              },
              "pager": {
                "initialOption": 50
              },
              "resizeMode": "fixed",
              "rows": {
                "height": 20,
                "highlight": {
                  "color": "#FDF1D3",
                  "enabled": false
                },
                "striped": {
                  "color": {
                    "even": "#FFFFFF",
                    "odd": "#FFFFFF"
                  },
                  "style": {
                    "marginTop": 5
                  }
                },
                "style": {
                  "classes": "Table/Table_Row"
                }
              },
              "style": {
                "classes": "Table/Table_style"
              }
            },
            "type": "ia.display.table"
          }
        ],
        "meta": {
          "name": "FlexContainer3"
        },
        "position": {
          "basis": "200px",
          "grow": 1
        },
        "type": "ia.container.flex"
      },
      {
        "children": [
          {
            "meta": {
              "name": "FlexContainer"
            },
            "position": {
              "basis": "1px"
            },
            "type": "ia.container.flex"
          },
          {
            "children": [
              {
                "meta": {
                  "name": "Label2"
                },
                "position": {
                  "basis": "50px"
                },
                "type": "ia.display.label"
              },
              {
                "meta": {
                  "name": "Dropdown"
                },
                "position": {
                  "basis": "97px"
                },
                "props": {
                  "options": [
                    {
                      "label": "CAST-1",
                      "value": "ZDesigner ZT230-300dpi ZPL"
                    },
                    {
                      "label": "CAST-2",
                      "value": "ZDesigner ZT230-300dpi ZPL-CAST2"
                    }
                  ],
                  "search": {
                    "enabled": false
                  },
                  "style": {
                    "marginBottom": 6,
                    "marginTop": 6
                  },
                  "value": "ZDesigner ZT230-300dpi ZPL"
                },
                "type": "ia.input.dropdown"
              }
            ],
            "meta": {
              "name": "FlexContainer_0"
            },
            "position": {
              "basis": "200px",
              "grow": 1
            },
            "props": {
              "justify": "flex-end"
            },
            "type": "ia.container.flex"
          },
          {
            "events": {
              "dom": {
                "onClick": {
                  "config": {
                    "script": "\tsystem.perspective.closePopup(\u0027LogID Edit View\u0027)"
                  },
                  "scope": "G",
                  "type": "script"
                }
              }
            },
            "meta": {
              "name": "SaveButton"
            },
            "position": {
              "basis": "80px"
            },
            "props": {
              "style": {
                "marginBottom": 5,
                "marginLeft": 5,
                "marginRight": 5,
                "marginTop": 5
              },
              "text": "CLOSE",
              "textStyle": {
                "fontSize": 10
              }
            },
            "type": "ia.input.button"
          },
          {
            "events": {
              "dom": {
                "onClick": {
                  "config": {
                    "script": "\timport time\n\tPONO\u003dself.view.params.PO\n#\tprinter\u003dsystem.tag.read(\u0027[B_IMS]Printer\u0027).value\n\tprinter\u003dself.parent.getChild(\"FlexContainer_0\").getChild(\"Dropdown\").props.value\n\t# params\u003d{\u0027PoNo\u0027:str(PONO)}\n\t# setting\u003d{\u0027primaryPrinterName\u0027:\u0027HPEA0A56 (HP Smart Tank 790 series) (redirected 1)\u0027,\u0027backupPrinterName\u0027:\u0027None\u0027}\n\t# system.report.executeAndDistribute(path\u003d\u0027test\u0027, project\u003d\u0027Jindal_IMS\u0027, parameters\u003dparams, action\u003d\u0027print\u0027, actionSettings\u003dsetting)\n\tData\u003dself.parent.parent.getChild(\"FlexContainer3\").getChild(\"Table\").props.data\n#\tGet number of 1 presence in pydata\n\tpyData1 \u003d system.dataset.toPyDataSet(Data)\n\tpyData1C1 \u003d map(lambda row: (row[0]), pyData1)\n\tSelec_Logs\u003dpyData1C1.count(1)\n\t\n#\tself.parent.getChild(\"FlexContainer_0\").getChild(\"Label1\").props.text\u003dlen(Data)\n\trowCt \u003d self.parent.parent.getChild(\"FlexContainer3\").getChild(\"Table\").custom.rowCount\n#\tself.parent.getChild(\"FlexContainer_0\").getChild(\"Label1\").props.text\u003dData.getValueAt(0,\u0027End_Date\u0027)\n#\tReset Bulk data before loads\n\tPayload\u003d{\"Maximum\": 0,\n\t\t\t\"Current\": 0,\n\t\t\t\"LOGId\": \u0027\u0027}\n#\tsystem.perspective.sendMessage(\u0027BulkPrint\u0027, payload\u003dPayload,scope\u003d\u0027page\u0027)\n\n#\tOpen Bulk print pop-up\n\tsystem.perspective.openPopup(\u0027Print_Bulk\u0027,\u0027CastingPageTemplates/Bulk_Print\u0027,showCloseIcon\u003dFalse,modal\u003dTrue,draggable\u003dFalse)\n\tCount\u003d1\t\n\tfor i in range(rowCt):\n\t\tif(Data.getValueAt(i,\u0027Select\u0027) \u003d\u003d 1):\n\t\t\tLOGID\u003dData.getValueAt(i,\u0027LogID\u0027)\n\t\t\tALLOY\u003dData.getValueAt(i,\u0027ALLOY\u0027)\n\t\t\tWEIGHT\u003dfloat(Data.getValueAt(i,\u0027Actual_weight\u0027))\n\t\t\t\n\t\t\tDIA\u003dData.getValueAt(i,\u0027Actual_dia\u0027)\n\t\t\tDate\u003dData.getValueAt(i,\u0027End_Date\u0027)\n\t\t\tTime\u003dData.getValueAt(i,\u0027End_time\u0027)\n\t\t\tMDate\u003dsystem.date.setTime(Date, system.date.getHour24(Time), system.date.getMinute(Time), 0)\n\t\t\tDATE\u003dsystem.date.format(MDate,\u0027dd-MM-YYYY hh:mm\u0027)\n#\t\t\tDATE\u003dsystem.date.format(system.date.now(),\u0027dd-MM-YYYY hh:mm\u0027)\n\t\t\t\n\t\t\tparams\u003d{\u0027LogID\u0027:LOGID,\u0027Alloy\u0027:ALLOY,\u0027Weight\u0027:WEIGHT,\u0027Diameter\u0027:DIA,\u0027PO no\u0027:str(PONO),\u0027Cast_Date\u0027:DATE}\n#\t\t\tparams\u003d{\u0027LogID\u0027:LOGID,\u0027Alloy\u0027:ALLOY,\u0027Weight\u0027:WEIGHT}\n\t\t\tsetting\u003d{\u0027primaryPrinterName\u0027:str(printer),\u0027backupPrinterName\u0027:str(printer)}\n\n#\t\t\tSend message to Bulk-popup modal\n\t\t\tL\u003dLOGID.replace(\u0027 \u0027,\u0027\u0027)\n\t\t\tPayload\u003d{\"Maximum\": int(Selec_Logs),\n\t\t\t\t\t\"Current\": int(Count),\n\t\t\t\t\t\"LOGId\": str(L)}\n\t\t\tsystem.perspective.sendMessage(\u0027BulkPrint\u0027, payload\u003dPayload,scope\u003d\u0027page\u0027)\n\t\t\t\n\t\t\tsystem.report.executeAndDistribute(path\u003d\u0027Barcode_Template_1\u0027, project\u003d\u0027Jindal_IMS\u0027, parameters\u003dparams, action\u003d\u0027print\u0027, actionSettings\u003dsetting)\n\t\t\tCount\u003dCount+1\n\t\t\ttime.sleep(0.5)\n\n\t#Close Bulk print pop-up\n\tsystem.perspective.closePopup(\u0027Print_Bulk\u0027)\n\t\n\t# Close the popup\n\tsystem.perspective.closePopup(\u0027LogID Edit View\u0027)"
                  },
                  "scope": "G",
                  "type": "script"
                }
              }
            },
            "meta": {
              "name": "PrintButton"
            },
            "position": {
              "basis": "100px"
            },
            "props": {
              "style": {
                "marginBottom": 5,
                "marginLeft": 5,
                "marginRight": 5,
                "marginTop": 5
              },
              "text": "PRINT SELECTED",
              "textStyle": {
                "fontSize": 10
              }
            },
            "type": "ia.input.button"
          },
          {
            "meta": {
              "name": "FlexContainer_1"
            },
            "position": {
              "basis": "1px"
            },
            "type": "ia.container.flex"
          }
        ],
        "meta": {
          "name": "FlexContainer4"
        },
        "position": {
          "basis": "40px"
        },
        "type": "ia.container.flex"
      },
      {
        "meta": {
          "name": "FlexContainer5"
        },
        "position": {
          "basis": "1px"
        },
        "type": "ia.container.flex"
      }
    ],
    "events": {
      "system": {
        "onStartup": {
          "config": {
            "script": "\tpo \u003d str(self.view.params.PO)\n\tgetQuery \u003d \u0027\u0027\u0027SELECT\n\t\t\t1 as [Select] \n\t\t\t,[LogID]\n\t\t\t,[PO]\n\t\t\t,[ALLOY]\n\t\t\t,[Actual_weight]\n\t\t\t,[Actual_length]\n\t\t\t,[Actual_dia]\n\t\t\t,1 as [Print]\n\t\t  FROM [CIMS].[dbo].[mes_Intermediate_logTable]\n\t\t  WHERE [PO] \u003d ?\u0027\u0027\u0027\n\tdataSet \u003d system.db.runPrepQuery(getQuery, [po], \u0027CIMS2\u0027)\n\tself.getChild(\"FlexContainer3\").getChild(\"Table\").props.data \u003d dataSet\n\t\n\tself.getChild(\"FlexContainer3\").getChild(\"Table\").custom.rowCount \u003d dataSet.getRowCount()\n\tself.view.custom.totalLength \u003d 0\n\tpyData1 \u003d system.dataset.toPyDataSet(dataSet)\n\tlen_list \u003d map(lambda row: (row[\u0027Actual_length\u0027]), pyData1)\n\tlen_Dia\u003dmap(lambda row: (row[\u0027Actual_dia\u0027]), pyData1)\n\tself.view.custom.Max_Length\u003dfloat(max(len_list))\n\tself.view.custom.Dia\u003dfloat(max(len_Dia))\n\tlen \u003d 0\n\tfor i in range(dataSet.getRowCount()):\n\t\tlen \u003d len + dataSet[i][\u0027Actual_length\u0027]\t\n\tself.view.custom.totalLength \u003d len\n\t"
          },
          "scope": "G",
          "type": "script"
        }
      }
    },
    "meta": {
      "name": "root"
    },
    "props": {
      "direction": "column"
    },
    "type": "ia.container.flex"
  }
}