{
  "custom": {},
  "params": {},
  "props": {
    "defaultSize": {
      "height": 1263,
      "width": 1650
    }
  },
  "root": {
    "children": [
      {
        "children": [
          {
            "children": [
              {
                "children": [
                  {
                    "meta": {
                      "name": "Label"
                    },
                    "position": {
                      "basis": "140px"
                    },
                    "props": {
                      "style": {
                        "classes": "PPC/entry_label"
                      },
                      "text": "Quantity tolerance%*"
                    },
                    "type": "ia.display.label"
                  },
                  {
                    "meta": {
                      "name": "TextField"
                    },
                    "position": {
                      "basis": "300px"
                    },
                    "props": {
                      "style": {
                        "classes": "PPC/entry_field"
                      }
                    },
                    "type": "ia.input.text-field"
                  },
                  {
                    "meta": {
                      "name": "Label_0"
                    },
                    "position": {
                      "basis": "140px"
                    },
                    "props": {
                      "style": {
                        "classes": "PPC/entry_label"
                      },
                      "text": "Plant selected"
                    },
                    "type": "ia.display.label"
                  },
                  {
                    "meta": {
                      "name": "TextField_0"
                    },
                    "position": {
                      "basis": "300px"
                    },
                    "props": {
                      "style": {
                        "classes": "PPC/entry_field"
                      }
                    },
                    "type": "ia.input.text-field"
                  },
                  {
                    "meta": {
                      "name": "Label_1"
                    },
                    "position": {
                      "basis": "140px"
                    },
                    "props": {
                      "style": {
                        "classes": "PPC/entry_label"
                      },
                      "text": "Press No"
                    },
                    "type": "ia.display.label"
                  },
                  {
                    "meta": {
                      "name": "TextField_1"
                    },
                    "position": {
                      "basis": "300px"
                    },
                    "props": {
                      "style": {
                        "classes": "PPC/entry_field"
                      }
                    },
                    "type": "ia.input.text-field"
                  },
                  {
                    "meta": {
                      "name": "Label_2"
                    },
                    "position": {
                      "basis": "140px"
                    },
                    "props": {
                      "style": {
                        "classes": "PPC/entry_label"
                      },
                      "text": "Planned Qty(kgs)"
                    },
                    "type": "ia.display.label"
                  },
                  {
                    "meta": {
                      "name": "TextField_2"
                    },
                    "position": {
                      "basis": "300px"
                    },
                    "props": {
                      "style": {
                        "classes": "PPC/entry_field"
                      }
                    },
                    "type": "ia.input.text-field"
                  },
                  {
                    "meta": {
                      "name": "FlexContainer"
                    },
                    "position": {
                      "basis": "12.7px"
                    },
                    "type": "ia.container.flex"
                  }
                ],
                "meta": {
                  "name": "first_1"
                },
                "position": {
                  "basis": "50px"
                },
                "props": {
                  "justify": "space-around",
                  "style": {
                    "overflow": "hidden",
                    "paddingRight": 50
                  }
                },
                "type": "ia.container.flex"
              },
              {
                "children": [
                  {
                    "meta": {
                      "name": "Label"
                    },
                    "position": {
                      "basis": "140px"
                    },
                    "props": {
                      "style": {
                        "classes": "PPC/entry_label"
                      },
                      "text": "Internal Alloy"
                    },
                    "type": "ia.display.label"
                  },
                  {
                    "meta": {
                      "name": "TextField"
                    },
                    "position": {
                      "basis": "300px"
                    },
                    "props": {
                      "style": {
                        "classes": "PPC/entry_field"
                      }
                    },
                    "type": "ia.input.text-field"
                  },
                  {
                    "meta": {
                      "name": "Label_0"
                    },
                    "position": {
                      "basis": "140px"
                    },
                    "props": {
                      "style": {
                        "classes": "PPC/entry_label"
                      },
                      "text": "Quenching*"
                    },
                    "type": "ia.display.label"
                  },
                  {
                    "meta": {
                      "name": "TextField_0"
                    },
                    "position": {
                      "basis": "300px"
                    },
                    "props": {
                      "style": {
                        "classes": "PPC/entry_field"
                      }
                    },
                    "type": "ia.input.text-field"
                  },
                  {
                    "meta": {
                      "name": "Label_1"
                    },
                    "position": {
                      "basis": "140px"
                    },
                    "props": {
                      "style": {
                        "classes": "PPC/entry_label"
                      },
                      "text": "Extrusion ratio"
                    },
                    "type": "ia.display.label"
                  },
                  {
                    "meta": {
                      "name": "TextField_1"
                    },
                    "position": {
                      "basis": "300px"
                    },
                    "props": {
                      "style": {
                        "classes": "PPC/entry_field"
                      }
                    },
                    "type": "ia.input.text-field"
                  },
                  {
                    "meta": {
                      "name": "Label_2"
                    },
                    "position": {
                      "basis": "140px"
                    },
                    "props": {
                      "style": {
                        "classes": "PPC/entry_label"
                      },
                      "text": "Profile unit weight(kg/m)"
                    },
                    "type": "ia.display.label"
                  },
                  {
                    "meta": {
                      "name": "TextField_2"
                    },
                    "position": {
                      "basis": "300px"
                    },
                    "props": {
                      "style": {
                        "classes": "PPC/entry_field"
                      }
                    },
                    "type": "ia.input.text-field"
                  },
                  {
                    "meta": {
                      "name": "FlexContainer"
                    },
                    "position": {
                      "basis": "12.7px"
                    },
                    "type": "ia.container.flex"
                  }
                ],
                "meta": {
                  "name": "first_2"
                },
                "position": {
                  "basis": "50px"
                },
                "props": {
                  "justify": "space-evenly",
                  "style": {
                    "overflow": "hidden",
                    "paddingRight": 50
                  }
                },
                "type": "ia.container.flex"
              },
              {
                "children": [
                  {
                    "meta": {
                      "name": "Label"
                    },
                    "position": {
                      "basis": "145px"
                    },
                    "props": {
                      "style": {
                        "classes": "PPC/entry_label"
                      },
                      "text": "Billet unit weight(kg/inch)"
                    },
                    "type": "ia.display.label"
                  },
                  {
                    "meta": {
                      "name": "TextField"
                    },
                    "position": {
                      "basis": "300px"
                    },
                    "props": {
                      "style": {
                        "classes": "PPC/entry_field"
                      }
                    },
                    "type": "ia.input.text-field"
                  },
                  {
                    "meta": {
                      "name": "Label_0"
                    },
                    "position": {
                      "basis": "140px"
                    },
                    "props": {
                      "style": {
                        "classes": "PPC/entry_label"
                      },
                      "text": "Trial*"
                    },
                    "type": "ia.display.label"
                  },
                  {
                    "meta": {
                      "name": "RadioGroup"
                    },
                    "position": {
                      "basis": "155px"
                    },
                    "props": {
                      "radios": [
                        {
                          "selected": true,
                          "text": "Yes\n",
                          "value": "Radio button"
                        }
                      ]
                    },
                    "type": "ia.input.radio-group"
                  },
                  {
                    "meta": {
                      "name": "RadioGroup_0"
                    },
                    "position": {
                      "basis": "155px"
                    },
                    "props": {
                      "radios": [
                        {
                          "selected": true,
                          "text": "No",
                          "value": "Radio button"
                        }
                      ]
                    },
                    "type": "ia.input.radio-group"
                  },
                  {
                    "meta": {
                      "name": "Label_1"
                    },
                    "position": {
                      "basis": "134px"
                    },
                    "props": {
                      "style": {
                        "classes": "PPC/entry_label"
                      },
                      "text": "Priority*"
                    },
                    "type": "ia.display.label"
                  },
                  {
                    "meta": {
                      "name": "Dropdown"
                    },
                    "position": {
                      "basis": "300px"
                    },
                    "type": "ia.input.dropdown"
                  },
                  {
                    "meta": {
                      "name": "Label_2"
                    },
                    "position": {
                      "basis": "140px"
                    },
                    "props": {
                      "style": {
                        "classes": "PPC/entry_label"
                      },
                      "text": "Production rate(kg/hr)"
                    },
                    "type": "ia.display.label"
                  },
                  {
                    "meta": {
                      "name": "TextField_2"
                    },
                    "position": {
                      "basis": "300px"
                    },
                    "props": {
                      "style": {
                        "classes": "PPC/entry_field"
                      }
                    },
                    "type": "ia.input.text-field"
                  },
                  {
                    "meta": {
                      "name": "FlexContainer"
                    },
                    "position": {
                      "basis": "12.7px"
                    },
                    "type": "ia.container.flex"
                  }
                ],
                "meta": {
                  "name": "first_3"
                },
                "position": {
                  "basis": "50px"
                },
                "props": {
                  "justify": "space-evenly",
                  "style": {
                    "overflow": "hidden",
                    "paddingRight": 50
                  }
                },
                "type": "ia.container.flex"
              },
              {
                "children": [
                  {
                    "meta": {
                      "name": "Label"
                    },
                    "position": {
                      "basis": "140px"
                    },
                    "props": {
                      "style": {
                        "classes": "PPC/entry_label"
                      },
                      "text": "Die"
                    },
                    "type": "ia.display.label"
                  },
                  {
                    "meta": {
                      "name": "Dropdown"
                    },
                    "position": {
                      "basis": "300px"
                    },
                    "type": "ia.input.dropdown"
                  },
                  {
                    "meta": {
                      "name": "Label_0"
                    },
                    "position": {
                      "basis": "140px"
                    },
                    "props": {
                      "style": {
                        "classes": "PPC/entry_label"
                      },
                      "text": "No of cavities"
                    },
                    "type": "ia.display.label"
                  },
                  {
                    "meta": {
                      "name": "TextField_0"
                    },
                    "position": {
                      "basis": "300px"
                    },
                    "props": {
                      "style": {
                        "classes": "PPC/entry_field"
                      }
                    },
                    "type": "ia.input.text-field"
                  },
                  {
                    "meta": {
                      "name": "Label_1"
                    },
                    "position": {
                      "basis": "140px"
                    },
                    "props": {
                      "style": {
                        "classes": "PPC/entry_label"
                      },
                      "text": "Ext length*(Ft)"
                    },
                    "type": "ia.display.label"
                  },
                  {
                    "meta": {
                      "name": "TextField_1"
                    },
                    "position": {
                      "basis": "300px"
                    },
                    "props": {
                      "style": {
                        "classes": "PPC/entry_field"
                      }
                    },
                    "type": "ia.input.text-field"
                  },
                  {
                    "meta": {
                      "name": "Label_2"
                    },
                    "position": {
                      "basis": "140px"
                    },
                    "props": {
                      "style": {
                        "classes": "PPC/entry_label"
                      },
                      "text": "Length Planned*"
                    },
                    "type": "ia.display.label"
                  },
                  {
                    "meta": {
                      "name": "TextField_2"
                    },
                    "position": {
                      "basis": "300px"
                    },
                    "props": {
                      "style": {
                        "classes": "PPC/entry_field"
                      }
                    },
                    "type": "ia.input.text-field"
                  },
                  {
                    "meta": {
                      "name": "FlexContainer"
                    },
                    "position": {
                      "basis": "12.7px"
                    },
                    "type": "ia.container.flex"
                  }
                ],
                "meta": {
                  "name": "first_4"
                },
                "position": {
                  "basis": "50px"
                },
                "props": {
                  "justify": "space-evenly",
                  "style": {
                    "overflow": "hidden",
                    "paddingRight": 50
                  }
                },
                "type": "ia.container.flex"
              },
              {
                "children": [
                  {
                    "meta": {
                      "name": "Label"
                    },
                    "position": {
                      "basis": "140px"
                    },
                    "props": {
                      "style": {
                        "classes": "PPC/entry_label"
                      },
                      "text": "Finish"
                    },
                    "type": "ia.display.label"
                  },
                  {
                    "meta": {
                      "name": "TextField"
                    },
                    "position": {
                      "basis": "300px"
                    },
                    "props": {
                      "style": {
                        "classes": "PPC/entry_field"
                      }
                    },
                    "type": "ia.input.text-field"
                  },
                  {
                    "meta": {
                      "name": "Label_0"
                    },
                    "position": {
                      "basis": "140px"
                    },
                    "props": {
                      "style": {
                        "classes": "PPC/entry_label"
                      },
                      "text": "Approx Rec"
                    },
                    "type": "ia.display.label"
                  },
                  {
                    "meta": {
                      "name": "TextField_0"
                    },
                    "position": {
                      "basis": "300px"
                    },
                    "props": {
                      "style": {
                        "classes": "PPC/entry_field"
                      }
                    },
                    "type": "ia.input.text-field"
                  },
                  {
                    "meta": {
                      "name": "Label_1"
                    },
                    "position": {
                      "basis": "140px"
                    },
                    "props": {
                      "style": {
                        "classes": "PPC/entry_label"
                      },
                      "text": "Customer segment"
                    },
                    "type": "ia.display.label"
                  },
                  {
                    "meta": {
                      "name": "TextField_1"
                    },
                    "position": {
                      "basis": "300px"
                    },
                    "props": {
                      "style": {
                        "classes": "PPC/entry_field"
                      }
                    },
                    "type": "ia.input.text-field"
                  },
                  {
                    "meta": {
                      "name": "Label_2"
                    },
                    "position": {
                      "basis": "140px"
                    },
                    "props": {
                      "style": {
                        "classes": "PPC/entry_label"
                      },
                      "text": "Bulk calculate"
                    },
                    "type": "ia.display.label"
                  },
                  {
                    "meta": {
                      "name": "RadioGroup"
                    },
                    "position": {
                      "basis": "155px"
                    },
                    "props": {
                      "radios": [
                        {
                          "selected": true,
                          "text": "Yes\n",
                          "value": "Radio button"
                        }
                      ]
                    },
                    "type": "ia.input.radio-group"
                  },
                  {
                    "meta": {
                      "name": "RadioGroup_0"
                    },
                    "position": {
                      "basis": "155px"
                    },
                    "props": {
                      "radios": [
                        {
                          "selected": true,
                          "text": "No",
                          "value": "Radio button"
                        }
                      ]
                    },
                    "type": "ia.input.radio-group"
                  },
                  {
                    "meta": {
                      "name": "FlexContainer"
                    },
                    "position": {
                      "basis": "12.7px"
                    },
                    "type": "ia.container.flex"
                  }
                ],
                "meta": {
                  "name": "first_5"
                },
                "position": {
                  "basis": "50px"
                },
                "props": {
                  "justify": "space-evenly",
                  "style": {
                    "overflow": "hidden",
                    "paddingRight": 50
                  }
                },
                "type": "ia.container.flex"
              }
            ],
            "meta": {
              "name": "ppc_first_part"
            },
            "position": {
              "basis": "303px"
            },
            "props": {
              "direction": "column",
              "justify": "space-evenly"
            },
            "type": "ia.container.flex"
          }
        ],
        "meta": {
          "name": "ppc_firstpart"
        },
        "position": {
          "basis": "344px",
          "shrink": 0
        },
        "props": {
          "direction": "column"
        },
        "type": "ia.container.flex"
      },
      {
        "children": [
          {
            "children": [
              {
                "meta": {
                  "name": "Label"
                },
                "position": {
                  "basis": "304px"
                },
                "props": {
                  "style": {
                    "classes": "Operator/header"
                  },
                  "text": "Billet Information"
                },
                "type": "ia.display.label"
              },
              {
                "events": {
                  "dom": {
                    "onClick": {
                      "config": {
                        "draggable": false,
                        "id": "abcd5678",
                        "modal": true,
                        "overlayDismiss": true,
                        "position": {
                          "height": 300,
                          "width": 400
                        },
                        "positionType": "exact",
                        "resizable": false,
                        "showCloseIcon": true,
                        "type": "open",
                        "viewPath": "PPC/progress/Billet Information_popup",
                        "viewportBound": false
                      },
                      "scope": "C",
                      "type": "popup"
                    }
                  }
                },
                "meta": {
                  "name": "Icon_0"
                },
                "position": {
                  "basis": "30px"
                },
                "props": {
                  "path": "material/add_circle",
                  "style": {
                    "classes": "Operator/icon"
                  }
                },
                "type": "ia.display.icon"
              }
            ],
            "meta": {
              "name": "Header"
            },
            "position": {
              "basis": "30px"
            },
            "props": {
              "justify": "space-between",
              "style": {
                "overflow": "hidden"
              }
            },
            "type": "ia.container.flex"
          },
          {
            "meta": {
              "name": "FlexRepeater"
            },
            "position": {
              "basis": "100px",
              "shrink": 0
            },
            "props": {
              "instances": [
                {
                  "instancePosition": {},
                  "instanceStyle": {
                    "classes": ""
                  }
                }
              ],
              "path": "PPC/progress/b_i",
              "style": {
                "overflow": "hidden"
              },
              "useDefaultViewWidth": false
            },
            "type": "ia.display.flex-repeater"
          }
        ],
        "meta": {
          "name": "Billet Information"
        },
        "position": {
          "basis": "150px",
          "shrink": 0
        },
        "props": {
          "direction": "column",
          "justify": "space-between"
        },
        "type": "ia.container.flex"
      },
      {
        "children": [
          {
            "children": [
              {
                "children": [
                  {
                    "children": [
                      {
                        "children": [
                          {
                            "meta": {
                              "name": "Label"
                            },
                            "position": {
                              "basis": "140px"
                            },
                            "props": {
                              "style": {
                                "classes": "PPC/entry_label"
                              },
                              "text": "Extra pcs plan\n"
                            },
                            "type": "ia.display.label"
                          },
                          {
                            "meta": {
                              "name": "TextField"
                            },
                            "position": {
                              "basis": "300px"
                            },
                            "props": {
                              "style": {
                                "classes": "PPC/entry_field"
                              }
                            },
                            "type": "ia.input.text-field"
                          },
                          {
                            "meta": {
                              "name": "Label_0"
                            },
                            "position": {
                              "basis": "140px"
                            },
                            "props": {
                              "style": {
                                "classes": "PPC/entry_label"
                              },
                              "text": "No PCS required"
                            },
                            "type": "ia.display.label"
                          },
                          {
                            "meta": {
                              "name": "TextField_0"
                            },
                            "position": {
                              "basis": "300px"
                            },
                            "props": {
                              "style": {
                                "classes": "PPC/entry_field"
                              }
                            },
                            "type": "ia.input.text-field"
                          },
                          {
                            "meta": {
                              "name": "Label_1"
                            },
                            "position": {
                              "basis": "140px"
                            },
                            "props": {
                              "style": {
                                "classes": "PPC/entry_label"
                              },
                              "text": "Total push"
                            },
                            "type": "ia.display.label"
                          },
                          {
                            "meta": {
                              "name": "TextField_1"
                            },
                            "position": {
                              "basis": "300px"
                            },
                            "props": {
                              "style": {
                                "classes": "PPC/entry_field"
                              }
                            },
                            "type": "ia.input.text-field"
                          },
                          {
                            "meta": {
                              "name": "Label_2"
                            },
                            "position": {
                              "basis": "140px"
                            },
                            "props": {
                              "style": {
                                "classes": "PPC/entry_label"
                              },
                              "text": "Total pcs"
                            },
                            "type": "ia.display.label"
                          },
                          {
                            "meta": {
                              "name": "TextField_2"
                            },
                            "position": {
                              "basis": "300px"
                            },
                            "props": {
                              "style": {
                                "classes": "PPC/entry_field"
                              }
                            },
                            "type": "ia.input.text-field"
                          },
                          {
                            "meta": {
                              "name": "FlexContainer"
                            },
                            "position": {
                              "basis": "12.7px"
                            },
                            "type": "ia.container.flex"
                          }
                        ],
                        "meta": {
                          "name": "FlexContainer"
                        },
                        "position": {
                          "basis": "50px"
                        },
                        "props": {
                          "justify": "space-evenly",
                          "style": {
                            "overflow": "hidden"
                          }
                        },
                        "type": "ia.container.flex"
                      },
                      {
                        "children": [
                          {
                            "meta": {
                              "name": "Label"
                            },
                            "position": {
                              "basis": "120px"
                            },
                            "props": {
                              "style": {
                                "classes": "PPC/entry_label"
                              },
                              "text": "% of extra pcs"
                            },
                            "type": "ia.display.label"
                          },
                          {
                            "meta": {
                              "name": "TextField"
                            },
                            "position": {
                              "basis": "278px"
                            },
                            "props": {
                              "style": {
                                "classes": "PPC/entry_field"
                              }
                            },
                            "type": "ia.input.text-field"
                          },
                          {
                            "meta": {
                              "name": "Label_0"
                            },
                            "position": {
                              "basis": "126px"
                            },
                            "props": {
                              "style": {
                                "classes": "PPC/entry_label"
                              },
                              "text": "Approx rec%"
                            },
                            "type": "ia.display.label"
                          },
                          {
                            "meta": {
                              "name": "TextField_0"
                            },
                            "position": {
                              "basis": "282px"
                            },
                            "props": {
                              "style": {
                                "classes": "PPC/entry_field"
                              }
                            },
                            "type": "ia.input.text-field"
                          },
                          {
                            "meta": {
                              "name": "FlexContainer"
                            },
                            "position": {
                              "basis": "813.5px"
                            },
                            "props": {
                              "justify": "space-evenly"
                            },
                            "type": "ia.container.flex"
                          }
                        ],
                        "meta": {
                          "name": "FlexContainer_0"
                        },
                        "position": {
                          "basis": "50px"
                        },
                        "props": {
                          "justify": "space-evenly"
                        },
                        "type": "ia.container.flex"
                      }
                    ],
                    "meta": {
                      "name": "FlexContainer_0"
                    },
                    "position": {
                      "basis": "200px"
                    },
                    "props": {
                      "direction": "column",
                      "justify": "space-between"
                    },
                    "type": "ia.container.flex"
                  }
                ],
                "meta": {
                  "name": "FlexContainer"
                },
                "position": {
                  "basis": "137px"
                },
                "props": {
                  "direction": "column",
                  "justify": "space-around",
                  "style": {
                    "borderBottomColor": "#E9E9E9",
                    "borderBottomLeftRadius": 1,
                    "borderBottomRightRadius": 1,
                    "borderBottomStyle": "solid",
                    "borderBottomWidth": 1,
                    "borderLeftColor": "#E9E9E9",
                    "borderLeftStyle": "none",
                    "borderLeftWidth": 1,
                    "borderRightColor": "#E9E9E9",
                    "borderRightStyle": "none",
                    "borderRightWidth": 1,
                    "borderTopColor": "#E9E9E9",
                    "borderTopStyle": "none",
                    "borderTopWidth": 1,
                    "paddingRight": 50
                  }
                },
                "type": "ia.container.flex"
              }
            ],
            "meta": {
              "name": "billet1"
            },
            "position": {
              "basis": "170px"
            },
            "props": {
              "direction": "column",
              "justify": "space-around"
            },
            "type": "ia.container.flex"
          },
          {
            "children": [
              {
                "children": [
                  {
                    "children": [
                      {
                        "children": [
                          {
                            "meta": {
                              "name": "Label"
                            },
                            "position": {
                              "basis": "140px"
                            },
                            "props": {
                              "style": {
                                "classes": "PPC/entry_label"
                              },
                              "text": "Total no Billet\n"
                            },
                            "type": "ia.display.label"
                          },
                          {
                            "meta": {
                              "name": "TextField"
                            },
                            "position": {
                              "basis": "300px"
                            },
                            "props": {
                              "style": {
                                "classes": "PPC/entry_field"
                              }
                            },
                            "type": "ia.input.text-field"
                          },
                          {
                            "meta": {
                              "name": "Label_0"
                            },
                            "position": {
                              "basis": "140px"
                            },
                            "props": {
                              "style": {
                                "classes": "PPC/entry_label"
                              },
                              "text": "piping(y/n)*"
                            },
                            "type": "ia.display.label"
                          },
                          {
                            "meta": {
                              "name": "RadioGroup"
                            },
                            "position": {
                              "basis": "155px"
                            },
                            "props": {
                              "radios": [
                                {
                                  "selected": true,
                                  "text": "Yes",
                                  "value": "Radio button"
                                }
                              ]
                            },
                            "type": "ia.input.radio-group"
                          },
                          {
                            "meta": {
                              "name": "RadioGroup_0"
                            },
                            "position": {
                              "basis": "155px"
                            },
                            "props": {
                              "radios": [
                                {
                                  "selected": true,
                                  "text": "No",
                                  "value": "Radio button"
                                }
                              ]
                            },
                            "type": "ia.input.radio-group"
                          },
                          {
                            "meta": {
                              "name": "Label_1"
                            },
                            "position": {
                              "basis": "140px"
                            },
                            "props": {
                              "style": {
                                "classes": "PPC/entry_label"
                              },
                              "text": "Backend*"
                            },
                            "type": "ia.display.label"
                          },
                          {
                            "meta": {
                              "name": "TextField_1"
                            },
                            "position": {
                              "basis": "300px"
                            },
                            "props": {
                              "style": {
                                "classes": "PPC/entry_field"
                              }
                            },
                            "type": "ia.input.text-field"
                          },
                          {
                            "meta": {
                              "name": "Label_3"
                            },
                            "position": {
                              "basis": "140px"
                            },
                            "props": {
                              "style": {
                                "classes": "PPC/entry_label"
                              },
                              "text": "Frontend*"
                            },
                            "type": "ia.display.label"
                          },
                          {
                            "meta": {
                              "name": "TextField_2"
                            },
                            "position": {
                              "basis": "300px"
                            },
                            "props": {
                              "style": {
                                "classes": "PPC/entry_field"
                              }
                            },
                            "type": "ia.input.text-field"
                          },
                          {
                            "meta": {
                              "name": "FlexContainer"
                            },
                            "position": {
                              "basis": "12.7px"
                            },
                            "type": "ia.container.flex"
                          }
                        ],
                        "meta": {
                          "name": "FlexContainer"
                        },
                        "position": {
                          "basis": "50px"
                        },
                        "props": {
                          "justify": "space-evenly",
                          "style": {
                            "overflow": "hidden"
                          }
                        },
                        "type": "ia.container.flex"
                      },
                      {
                        "children": [
                          {
                            "meta": {
                              "name": "Label"
                            },
                            "position": {
                              "basis": "112px"
                            },
                            "props": {
                              "style": {
                                "classes": "PPC/entry_label"
                              },
                              "text": "PPC remark*"
                            },
                            "type": "ia.display.label"
                          },
                          {
                            "meta": {
                              "name": "TextField"
                            },
                            "position": {
                              "basis": "253px"
                            },
                            "props": {
                              "style": {
                                "classes": "PPC/entry_field"
                              }
                            },
                            "type": "ia.input.text-field"
                          },
                          {
                            "meta": {
                              "name": "Label_1"
                            },
                            "position": {
                              "basis": "140px"
                            },
                            "props": {
                              "style": {
                                "classes": "PPC/entry_label"
                              },
                              "text": "Release blank"
                            },
                            "type": "ia.display.label"
                          },
                          {
                            "meta": {
                              "name": "Checkbox"
                            },
                            "position": {
                              "basis": "272px"
                            },
                            "props": {
                              "selected": true,
                              "text": ""
                            },
                            "type": "ia.input.checkbox"
                          },
                          {
                            "meta": {
                              "name": "Label_2"
                            },
                            "position": {
                              "basis": "168px"
                            },
                            "props": {
                              "style": {
                                "classes": "PPC/entry_label"
                              },
                              "text": "Logo printing"
                            },
                            "type": "ia.display.label"
                          },
                          {
                            "meta": {
                              "name": "RadioGroup"
                            },
                            "position": {
                              "basis": "106px"
                            },
                            "props": {
                              "radios": [
                                {
                                  "selected": true,
                                  "text": "Yes",
                                  "value": "Radio button"
                                }
                              ]
                            },
                            "type": "ia.input.radio-group"
                          },
                          {
                            "meta": {
                              "name": "RadioGroup_0"
                            },
                            "position": {
                              "basis": "88px"
                            },
                            "props": {
                              "radios": [
                                {
                                  "selected": true,
                                  "text": "No",
                                  "value": "Radio button"
                                }
                              ]
                            },
                            "type": "ia.input.radio-group"
                          },
                          {
                            "meta": {
                              "name": "FlexContainer"
                            },
                            "position": {
                              "basis": "326.1px"
                            },
                            "props": {
                              "justify": "space-evenly"
                            },
                            "type": "ia.container.flex"
                          }
                        ],
                        "meta": {
                          "name": "FlexContainer_0"
                        },
                        "position": {
                          "basis": "50px"
                        },
                        "props": {
                          "justify": "space-evenly"
                        },
                        "type": "ia.container.flex"
                      }
                    ],
                    "meta": {
                      "name": "FlexContainer_0"
                    },
                    "position": {
                      "basis": "200px"
                    },
                    "props": {
                      "direction": "column",
                      "justify": "space-between"
                    },
                    "type": "ia.container.flex"
                  }
                ],
                "meta": {
                  "name": "FlexContainer"
                },
                "position": {
                  "basis": "118px"
                },
                "props": {
                  "direction": "column",
                  "justify": "space-around"
                },
                "type": "ia.container.flex"
              }
            ],
            "meta": {
              "name": "billet2"
            },
            "position": {
              "basis": "160px"
            },
            "props": {
              "direction": "column",
              "justify": "space-around",
              "style": {
                "paddingRight": 50
              }
            },
            "type": "ia.container.flex"
          },
          {
            "children": [
              {
                "meta": {
                  "name": "Button"
                },
                "position": {
                  "basis": "80px"
                },
                "props": {
                  "style": {
                    "classes": "PPC/button"
                  },
                  "text": "Hold"
                },
                "type": "ia.input.button"
              },
              {
                "meta": {
                  "name": "Button_0"
                },
                "position": {
                  "basis": "80px"
                },
                "props": {
                  "style": {
                    "classes": "PPC/button"
                  },
                  "text": "Complete"
                },
                "type": "ia.input.button"
              },
              {
                "meta": {
                  "name": "Button_1"
                },
                "position": {
                  "basis": "80px"
                },
                "props": {
                  "style": {
                    "classes": "PPC/button"
                  },
                  "text": "Reassign"
                },
                "type": "ia.input.button"
              },
              {
                "meta": {
                  "name": "Button_2"
                },
                "position": {
                  "basis": "80px"
                },
                "props": {
                  "style": {
                    "classes": "PPC/button"
                  },
                  "text": "Clear"
                },
                "type": "ia.input.button"
              },
              {
                "meta": {
                  "name": "Button_3"
                },
                "position": {
                  "basis": "80px"
                },
                "props": {
                  "style": {
                    "classes": "PPC/button"
                  },
                  "text": "Update"
                },
                "type": "ia.input.button"
              }
            ],
            "meta": {
              "name": "Button_ppc"
            },
            "position": {
              "basis": "46px"
            },
            "props": {
              "justify": "center",
              "style": {
                "overflow": "hidden"
              }
            },
            "type": "ia.container.flex"
          }
        ],
        "meta": {
          "name": "Billet_info_part2"
        },
        "position": {
          "basis": "396px",
          "shrink": 0
        },
        "props": {
          "direction": "column",
          "justify": "space-between"
        },
        "type": "ia.container.flex"
      },
      {
        "children": [
          {
            "meta": {
              "name": "Table"
            },
            "position": {
              "basis": "208px"
            },
            "props": {
              "columns": [
                {
                  "align": "center",
                  "boolean": "checkbox",
                  "dateFormat": "MM/DD/YYYY",
                  "editable": true,
                  "field": "Customer_names",
                  "filter": {
                    "boolean": {
                      "condition": ""
                    },
                    "date": {
                      "condition": "",
                      "value": ""
                    },
                    "enabled": false,
                    "number": {
                      "condition": "",
                      "value": ""
                    },
                    "string": {
                      "condition": "",
                      "value": ""
                    },
                    "visible": "on-hover"
                  },
                  "footer": {
                    "align": "center",
                    "justify": "left",
                    "style": {
                      "classes": ""
                    },
                    "title": ""
                  },
                  "header": {
                    "align": "center",
                    "justify": "left",
                    "style": {
                      "classes": ""
                    },
                    "title": ""
                  },
                  "justify": "auto",
                  "nullFormat": {
                    "includeNullStrings": false,
                    "nullFormatValue": "",
                    "strict": false
                  },
                  "number": "value",
                  "numberFormat": "0,0.##",
                  "progressBar": {
                    "bar": {
                      "color": "",
                      "style": {
                        "classes": ""
                      }
                    },
                    "max": 100,
                    "min": 0,
                    "track": {
                      "color": "",
                      "style": {
                        "classes": ""
                      }
                    },
                    "value": {
                      "enabled": true,
                      "format": "0,0.##",
                      "justify": "center",
                      "style": {
                        "classes": ""
                      }
                    }
                  },
                  "render": "auto",
                  "resizable": true,
                  "sort": "none",
                  "sortable": true,
                  "strictWidth": false,
                  "style": {
                    "classes": ""
                  },
                  "toggleSwitch": {
                    "color": {
                      "selected": "",
                      "unselected": ""
                    }
                  },
                  "viewParams": {},
                  "viewPath": "",
                  "visible": true,
                  "width": ""
                },
                {
                  "align": "center",
                  "boolean": "checkbox",
                  "dateFormat": "MM/DD/YYYY",
                  "editable": true,
                  "field": "Remarks",
                  "filter": {
                    "boolean": {
                      "condition": ""
                    },
                    "date": {
                      "condition": "",
                      "value": ""
                    },
                    "enabled": false,
                    "number": {
                      "condition": "",
                      "value": ""
                    },
                    "string": {
                      "condition": "",
                      "value": ""
                    },
                    "visible": "on-hover"
                  },
                  "footer": {
                    "align": "center",
                    "justify": "left",
                    "style": {
                      "classes": ""
                    },
                    "title": ""
                  },
                  "header": {
                    "align": "center",
                    "justify": "left",
                    "style": {
                      "classes": ""
                    },
                    "title": ""
                  },
                  "justify": "auto",
                  "nullFormat": {
                    "includeNullStrings": false,
                    "nullFormatValue": "",
                    "strict": false
                  },
                  "number": "value",
                  "numberFormat": "0,0.##",
                  "progressBar": {
                    "bar": {
                      "color": "",
                      "style": {
                        "classes": ""
                      }
                    },
                    "max": 100,
                    "min": 0,
                    "track": {
                      "color": "",
                      "style": {
                        "classes": ""
                      }
                    },
                    "value": {
                      "enabled": true,
                      "format": "0,0.##",
                      "justify": "center",
                      "style": {
                        "classes": ""
                      }
                    }
                  },
                  "render": "auto",
                  "resizable": true,
                  "sort": "none",
                  "sortable": true,
                  "strictWidth": false,
                  "style": {
                    "classes": ""
                  },
                  "toggleSwitch": {
                    "color": {
                      "selected": "",
                      "unselected": ""
                    }
                  },
                  "viewParams": {},
                  "viewPath": "",
                  "visible": true,
                  "width": ""
                },
                {
                  "align": "center",
                  "boolean": "checkbox",
                  "dateFormat": "MM/DD/YYYY",
                  "editable": false,
                  "field": "",
                  "filter": {
                    "boolean": {
                      "condition": ""
                    },
                    "date": {
                      "condition": "",
                      "value": ""
                    },
                    "enabled": false,
                    "number": {
                      "condition": "",
                      "value": ""
                    },
                    "string": {
                      "condition": "",
                      "value": ""
                    },
                    "visible": "on-hover"
                  },
                  "footer": {
                    "align": "center",
                    "justify": "left",
                    "style": {
                      "classes": ""
                    },
                    "title": ""
                  },
                  "header": {
                    "align": "center",
                    "justify": "left",
                    "style": {
                      "classes": ""
                    },
                    "title": ""
                  },
                  "justify": "auto",
                  "nullFormat": {
                    "includeNullStrings": false,
                    "nullFormatValue": "",
                    "strict": false
                  },
                  "number": "value",
                  "numberFormat": "0,0.##",
                  "progressBar": {
                    "bar": {
                      "color": "",
                      "style": {
                        "classes": ""
                      }
                    },
                    "max": 100,
                    "min": 0,
                    "track": {
                      "color": "",
                      "style": {
                        "classes": ""
                      }
                    },
                    "value": {
                      "enabled": true,
                      "format": "0,0.##",
                      "justify": "center",
                      "style": {
                        "classes": ""
                      }
                    }
                  },
                  "render": "auto",
                  "resizable": true,
                  "sort": "none",
                  "sortable": true,
                  "strictWidth": false,
                  "style": {
                    "classes": ""
                  },
                  "toggleSwitch": {
                    "color": {
                      "selected": "",
                      "unselected": ""
                    }
                  },
                  "viewParams": {},
                  "viewPath": "",
                  "visible": true,
                  "width": ""
                },
                {
                  "align": "center",
                  "boolean": "checkbox",
                  "dateFormat": "MM/DD/YYYY",
                  "editable": false,
                  "field": "",
                  "filter": {
                    "boolean": {
                      "condition": ""
                    },
                    "date": {
                      "condition": "",
                      "value": ""
                    },
                    "enabled": false,
                    "number": {
                      "condition": "",
                      "value": ""
                    },
                    "string": {
                      "condition": "",
                      "value": ""
                    },
                    "visible": "on-hover"
                  },
                  "footer": {
                    "align": "center",
                    "justify": "left",
                    "style": {
                      "classes": ""
                    },
                    "title": ""
                  },
                  "header": {
                    "align": "center",
                    "justify": "left",
                    "style": {
                      "classes": ""
                    },
                    "title": ""
                  },
                  "justify": "auto",
                  "nullFormat": {
                    "includeNullStrings": false,
                    "nullFormatValue": "",
                    "strict": false
                  },
                  "number": "value",
                  "numberFormat": "0,0.##",
                  "progressBar": {
                    "bar": {
                      "color": "",
                      "style": {
                        "classes": ""
                      }
                    },
                    "max": 100,
                    "min": 0,
                    "track": {
                      "color": "",
                      "style": {
                        "classes": ""
                      }
                    },
                    "value": {
                      "enabled": true,
                      "format": "0,0.##",
                      "justify": "center",
                      "style": {
                        "classes": ""
                      }
                    }
                  },
                  "render": "auto",
                  "resizable": true,
                  "sort": "none",
                  "sortable": true,
                  "strictWidth": false,
                  "style": {
                    "classes": ""
                  },
                  "toggleSwitch": {
                    "color": {
                      "selected": "",
                      "unselected": ""
                    }
                  },
                  "viewParams": {},
                  "viewPath": "",
                  "visible": true,
                  "width": ""
                },
                {
                  "align": "center",
                  "boolean": "checkbox",
                  "dateFormat": "MM/DD/YYYY",
                  "editable": false,
                  "field": "",
                  "filter": {
                    "boolean": {
                      "condition": ""
                    },
                    "date": {
                      "condition": "",
                      "value": ""
                    },
                    "enabled": false,
                    "number": {
                      "condition": "",
                      "value": ""
                    },
                    "string": {
                      "condition": "",
                      "value": ""
                    },
                    "visible": "on-hover"
                  },
                  "footer": {
                    "align": "center",
                    "justify": "left",
                    "style": {
                      "classes": ""
                    },
                    "title": ""
                  },
                  "header": {
                    "align": "center",
                    "justify": "left",
                    "style": {
                      "classes": ""
                    },
                    "title": ""
                  },
                  "justify": "auto",
                  "nullFormat": {
                    "includeNullStrings": false,
                    "nullFormatValue": "",
                    "strict": false
                  },
                  "number": "value",
                  "numberFormat": "0,0.##",
                  "progressBar": {
                    "bar": {
                      "color": "",
                      "style": {
                        "classes": ""
                      }
                    },
                    "max": 100,
                    "min": 0,
                    "track": {
                      "color": "",
                      "style": {
                        "classes": ""
                      }
                    },
                    "value": {
                      "enabled": true,
                      "format": "0,0.##",
                      "justify": "center",
                      "style": {
                        "classes": ""
                      }
                    }
                  },
                  "render": "auto",
                  "resizable": true,
                  "sort": "none",
                  "sortable": true,
                  "strictWidth": false,
                  "style": {
                    "classes": ""
                  },
                  "toggleSwitch": {
                    "color": {
                      "selected": "",
                      "unselected": ""
                    }
                  },
                  "viewParams": {},
                  "viewPath": "",
                  "visible": true,
                  "width": ""
                },
                {
                  "align": "center",
                  "boolean": "checkbox",
                  "dateFormat": "MM/DD/YYYY",
                  "editable": false,
                  "field": "",
                  "filter": {
                    "boolean": {
                      "condition": ""
                    },
                    "date": {
                      "condition": "",
                      "value": ""
                    },
                    "enabled": false,
                    "number": {
                      "condition": "",
                      "value": ""
                    },
                    "string": {
                      "condition": "",
                      "value": ""
                    },
                    "visible": "on-hover"
                  },
                  "footer": {
                    "align": "center",
                    "justify": "left",
                    "style": {
                      "classes": ""
                    },
                    "title": ""
                  },
                  "header": {
                    "align": "center",
                    "justify": "left",
                    "style": {
                      "classes": ""
                    },
                    "title": ""
                  },
                  "justify": "auto",
                  "nullFormat": {
                    "includeNullStrings": false,
                    "nullFormatValue": "",
                    "strict": false
                  },
                  "number": "value",
                  "numberFormat": "0,0.##",
                  "progressBar": {
                    "bar": {
                      "color": "",
                      "style": {
                        "classes": ""
                      }
                    },
                    "max": 100,
                    "min": 0,
                    "track": {
                      "color": "",
                      "style": {
                        "classes": ""
                      }
                    },
                    "value": {
                      "enabled": true,
                      "format": "0,0.##",
                      "justify": "center",
                      "style": {
                        "classes": ""
                      }
                    }
                  },
                  "render": "auto",
                  "resizable": true,
                  "sort": "none",
                  "sortable": true,
                  "strictWidth": false,
                  "style": {
                    "classes": ""
                  },
                  "toggleSwitch": {
                    "color": {
                      "selected": "",
                      "unselected": ""
                    }
                  },
                  "viewParams": {},
                  "viewPath": "",
                  "visible": true,
                  "width": ""
                },
                {
                  "align": "center",
                  "boolean": "checkbox",
                  "dateFormat": "MM/DD/YYYY",
                  "editable": false,
                  "field": "",
                  "filter": {
                    "boolean": {
                      "condition": ""
                    },
                    "date": {
                      "condition": "",
                      "value": ""
                    },
                    "enabled": false,
                    "number": {
                      "condition": "",
                      "value": ""
                    },
                    "string": {
                      "condition": "",
                      "value": ""
                    },
                    "visible": "on-hover"
                  },
                  "footer": {
                    "align": "center",
                    "justify": "left",
                    "style": {
                      "classes": ""
                    },
                    "title": ""
                  },
                  "header": {
                    "align": "center",
                    "justify": "left",
                    "style": {
                      "classes": ""
                    },
                    "title": ""
                  },
                  "justify": "auto",
                  "nullFormat": {
                    "includeNullStrings": false,
                    "nullFormatValue": "",
                    "strict": false
                  },
                  "number": "value",
                  "numberFormat": "0,0.##",
                  "progressBar": {
                    "bar": {
                      "color": "",
                      "style": {
                        "classes": ""
                      }
                    },
                    "max": 100,
                    "min": 0,
                    "track": {
                      "color": "",
                      "style": {
                        "classes": ""
                      }
                    },
                    "value": {
                      "enabled": true,
                      "format": "0,0.##",
                      "justify": "center",
                      "style": {
                        "classes": ""
                      }
                    }
                  },
                  "render": "auto",
                  "resizable": true,
                  "sort": "none",
                  "sortable": true,
                  "strictWidth": false,
                  "style": {
                    "classes": ""
                  },
                  "toggleSwitch": {
                    "color": {
                      "selected": "",
                      "unselected": ""
                    }
                  },
                  "viewParams": {},
                  "viewPath": "",
                  "visible": true,
                  "width": ""
                },
                {
                  "align": "center",
                  "boolean": "checkbox",
                  "dateFormat": "MM/DD/YYYY",
                  "editable": false,
                  "field": "",
                  "filter": {
                    "boolean": {
                      "condition": ""
                    },
                    "date": {
                      "condition": "",
                      "value": ""
                    },
                    "enabled": false,
                    "number": {
                      "condition": "",
                      "value": ""
                    },
                    "string": {
                      "condition": "",
                      "value": ""
                    },
                    "visible": "on-hover"
                  },
                  "footer": {
                    "align": "center",
                    "justify": "left",
                    "style": {
                      "classes": ""
                    },
                    "title": ""
                  },
                  "header": {
                    "align": "center",
                    "justify": "left",
                    "style": {
                      "classes": ""
                    },
                    "title": ""
                  },
                  "justify": "auto",
                  "nullFormat": {
                    "includeNullStrings": false,
                    "nullFormatValue": "",
                    "strict": false
                  },
                  "number": "value",
                  "numberFormat": "0,0.##",
                  "progressBar": {
                    "bar": {
                      "color": "",
                      "style": {
                        "classes": ""
                      }
                    },
                    "max": 100,
                    "min": 0,
                    "track": {
                      "color": "",
                      "style": {
                        "classes": ""
                      }
                    },
                    "value": {
                      "enabled": true,
                      "format": "0,0.##",
                      "justify": "center",
                      "style": {
                        "classes": ""
                      }
                    }
                  },
                  "render": "auto",
                  "resizable": true,
                  "sort": "none",
                  "sortable": true,
                  "strictWidth": false,
                  "style": {
                    "classes": ""
                  },
                  "toggleSwitch": {
                    "color": {
                      "selected": "",
                      "unselected": ""
                    }
                  },
                  "viewParams": {},
                  "viewPath": "",
                  "visible": true,
                  "width": ""
                },
                {
                  "align": "center",
                  "boolean": "checkbox",
                  "dateFormat": "MM/DD/YYYY",
                  "editable": false,
                  "field": "",
                  "filter": {
                    "boolean": {
                      "condition": ""
                    },
                    "date": {
                      "condition": "",
                      "value": ""
                    },
                    "enabled": false,
                    "number": {
                      "condition": "",
                      "value": ""
                    },
                    "string": {
                      "condition": "",
                      "value": ""
                    },
                    "visible": "on-hover"
                  },
                  "footer": {
                    "align": "center",
                    "justify": "left",
                    "style": {
                      "classes": ""
                    },
                    "title": ""
                  },
                  "header": {
                    "align": "center",
                    "justify": "left",
                    "style": {
                      "classes": ""
                    },
                    "title": ""
                  },
                  "justify": "auto",
                  "nullFormat": {
                    "includeNullStrings": false,
                    "nullFormatValue": "",
                    "strict": false
                  },
                  "number": "value",
                  "numberFormat": "0,0.##",
                  "progressBar": {
                    "bar": {
                      "color": "",
                      "style": {
                        "classes": ""
                      }
                    },
                    "max": 100,
                    "min": 0,
                    "track": {
                      "color": "",
                      "style": {
                        "classes": ""
                      }
                    },
                    "value": {
                      "enabled": true,
                      "format": "0,0.##",
                      "justify": "center",
                      "style": {
                        "classes": ""
                      }
                    }
                  },
                  "render": "auto",
                  "resizable": true,
                  "sort": "none",
                  "sortable": true,
                  "strictWidth": false,
                  "style": {
                    "classes": ""
                  },
                  "toggleSwitch": {
                    "color": {
                      "selected": "",
                      "unselected": ""
                    }
                  },
                  "viewParams": {},
                  "viewPath": "",
                  "visible": true,
                  "width": ""
                },
                {
                  "align": "center",
                  "boolean": "checkbox",
                  "dateFormat": "MM/DD/YYYY",
                  "editable": false,
                  "field": "",
                  "filter": {
                    "boolean": {
                      "condition": ""
                    },
                    "date": {
                      "condition": "",
                      "value": ""
                    },
                    "enabled": false,
                    "number": {
                      "condition": "",
                      "value": ""
                    },
                    "string": {
                      "condition": "",
                      "value": ""
                    },
                    "visible": "on-hover"
                  },
                  "footer": {
                    "align": "center",
                    "justify": "left",
                    "style": {
                      "classes": ""
                    },
                    "title": ""
                  },
                  "header": {
                    "align": "center",
                    "justify": "left",
                    "style": {
                      "classes": ""
                    },
                    "title": ""
                  },
                  "justify": "auto",
                  "nullFormat": {
                    "includeNullStrings": false,
                    "nullFormatValue": "",
                    "strict": false
                  },
                  "number": "value",
                  "numberFormat": "0,0.##",
                  "progressBar": {
                    "bar": {
                      "color": "",
                      "style": {
                        "classes": ""
                      }
                    },
                    "max": 100,
                    "min": 0,
                    "track": {
                      "color": "",
                      "style": {
                        "classes": ""
                      }
                    },
                    "value": {
                      "enabled": true,
                      "format": "0,0.##",
                      "justify": "center",
                      "style": {
                        "classes": ""
                      }
                    }
                  },
                  "render": "auto",
                  "resizable": true,
                  "sort": "none",
                  "sortable": true,
                  "strictWidth": false,
                  "style": {
                    "classes": ""
                  },
                  "toggleSwitch": {
                    "color": {
                      "selected": "",
                      "unselected": ""
                    }
                  },
                  "viewParams": {},
                  "viewPath": "",
                  "visible": true,
                  "width": ""
                },
                {
                  "align": "center",
                  "boolean": "checkbox",
                  "dateFormat": "MM/DD/YYYY",
                  "editable": false,
                  "field": "",
                  "filter": {
                    "boolean": {
                      "condition": ""
                    },
                    "date": {
                      "condition": "",
                      "value": ""
                    },
                    "enabled": false,
                    "number": {
                      "condition": "",
                      "value": ""
                    },
                    "string": {
                      "condition": "",
                      "value": ""
                    },
                    "visible": "on-hover"
                  },
                  "footer": {
                    "align": "center",
                    "justify": "left",
                    "style": {
                      "classes": ""
                    },
                    "title": ""
                  },
                  "header": {
                    "align": "center",
                    "justify": "left",
                    "style": {
                      "classes": ""
                    },
                    "title": ""
                  },
                  "justify": "auto",
                  "nullFormat": {
                    "includeNullStrings": false,
                    "nullFormatValue": "",
                    "strict": false
                  },
                  "number": "value",
                  "numberFormat": "0,0.##",
                  "progressBar": {
                    "bar": {
                      "color": "",
                      "style": {
                        "classes": ""
                      }
                    },
                    "max": 100,
                    "min": 0,
                    "track": {
                      "color": "",
                      "style": {
                        "classes": ""
                      }
                    },
                    "value": {
                      "enabled": true,
                      "format": "0,0.##",
                      "justify": "center",
                      "style": {
                        "classes": ""
                      }
                    }
                  },
                  "render": "auto",
                  "resizable": true,
                  "sort": "none",
                  "sortable": true,
                  "strictWidth": false,
                  "style": {
                    "classes": ""
                  },
                  "toggleSwitch": {
                    "color": {
                      "selected": "",
                      "unselected": ""
                    }
                  },
                  "viewParams": {},
                  "viewPath": "",
                  "visible": true,
                  "width": ""
                },
                {
                  "align": "center",
                  "boolean": "checkbox",
                  "dateFormat": "MM/DD/YYYY",
                  "editable": false,
                  "field": "",
                  "filter": {
                    "boolean": {
                      "condition": ""
                    },
                    "date": {
                      "condition": "",
                      "value": ""
                    },
                    "enabled": false,
                    "number": {
                      "condition": "",
                      "value": ""
                    },
                    "string": {
                      "condition": "",
                      "value": ""
                    },
                    "visible": "on-hover"
                  },
                  "footer": {
                    "align": "center",
                    "justify": "left",
                    "style": {
                      "classes": ""
                    },
                    "title": ""
                  },
                  "header": {
                    "align": "center",
                    "justify": "left",
                    "style": {
                      "classes": ""
                    },
                    "title": ""
                  },
                  "justify": "auto",
                  "nullFormat": {
                    "includeNullStrings": false,
                    "nullFormatValue": "",
                    "strict": false
                  },
                  "number": "value",
                  "numberFormat": "0,0.##",
                  "progressBar": {
                    "bar": {
                      "color": "",
                      "style": {
                        "classes": ""
                      }
                    },
                    "max": 100,
                    "min": 0,
                    "track": {
                      "color": "",
                      "style": {
                        "classes": ""
                      }
                    },
                    "value": {
                      "enabled": true,
                      "format": "0,0.##",
                      "justify": "center",
                      "style": {
                        "classes": ""
                      }
                    }
                  },
                  "render": "auto",
                  "resizable": true,
                  "sort": "none",
                  "sortable": true,
                  "strictWidth": false,
                  "style": {
                    "classes": ""
                  },
                  "toggleSwitch": {
                    "color": {
                      "selected": "",
                      "unselected": ""
                    }
                  },
                  "viewParams": {},
                  "viewPath": "",
                  "visible": true,
                  "width": ""
                }
              ],
              "data": [
                {
                  "city": "Madrid",
                  "country": "Spain",
                  "key": "value",
                  "key_1": "value",
                  "key_10": "value",
                  "key_2": "value",
                  "key_3": "value",
                  "key_4": "value",
                  "key_5": "value",
                  "key_6": "value",
                  "key_7": "value",
                  "key_8": "value"
                },
                {
                  "city": "Madrid",
                  "country": "Spain",
                  "key": "value",
                  "key_1": "value",
                  "key_10": "value",
                  "key_2": "value",
                  "key_3": "value",
                  "key_4": "value",
                  "key_5": "value",
                  "key_6": "value",
                  "key_7": "value",
                  "key_8": "value"
                },
                {
                  "city": "Madrid",
                  "country": "Spain",
                  "key": "value",
                  "key_1": "value",
                  "key_10": "value",
                  "key_2": "value",
                  "key_3": "value",
                  "key_4": "value",
                  "key_5": "value",
                  "key_6": "value",
                  "key_7": "value",
                  "key_8": "value"
                },
                {
                  "city": "Madrid",
                  "country": "Spain",
                  "key": "value",
                  "key_1": "value",
                  "key_10": "value",
                  "key_2": "value",
                  "key_3": "value",
                  "key_4": "value",
                  "key_5": "value",
                  "key_6": "value",
                  "key_7": "value",
                  "key_8": "value"
                },
                {
                  "city": "Madrid",
                  "country": "Spain",
                  "key": "value",
                  "key_1": "value",
                  "key_10": "value",
                  "key_2": "value",
                  "key_3": "value",
                  "key_4": "value",
                  "key_5": "value",
                  "key_6": "value",
                  "key_7": "value",
                  "key_8": "value"
                }
              ],
              "headerStyle": {
                "backgroundColor": "#3F5462",
                "classes": "PPC/table_head",
                "color": "#FFFFFF"
              },
              "pager": {
                "bottom": false,
                "style": {
                  "classes": "PPC/entry_label"
                }
              },
              "style": {
                "paddingLeft": 12.7,
                "paddingRight": 12.7
              }
            },
            "type": "ia.display.table"
          }
        ],
        "meta": {
          "name": "Table_ppc"
        },
        "position": {
          "basis": "252px",
          "shrink": 0
        },
        "props": {
          "direction": "column",
          "style": {
            "overflow": "hidden"
          }
        },
        "type": "ia.container.flex"
      }
    ],
    "meta": {
      "name": "root"
    },
    "props": {
      "direction": "column"
    },
    "type": "ia.container.flex"
  }
}