{
  "custom": {},
  "params": {
    "rowData": {},
    "value": 0
  },
  "propConfig": {
    "params.rowData": {
      "paramDirection": "input",
      "persistent": true
    },
    "params.value": {
      "paramDirection": "input",
      "persistent": true
    }
  },
  "props": {
    "defaultSize": {
      "height": 55,
      "width": 104
    }
  },
  "root": {
    "children": [
      {
        "events": {
          "dom": {
            "onClick": {
              "config": {
                "script": "\t\n\tprogress\u003d\u0027Inprogress\u0027\n\tentryid\u003dself.parent.custom.Entry_ID\n\tStage\u003dself.parent.custom.Stage\n\tstatus\u003dstr(Stage)+\u0027 \u0027+progress\t\n\tquery\u003d\u0027\u0027\u0027UPDATE [dbo].[Order_table]\n\t\t\t\tSET [progress]\u003d?,[status]\u003d?\n\t\t\t\tWHERE [entry_id]\u003d?\n\t\t\t\t\u0027\u0027\u0027\n\tsystem.db.runPrepUpdate(query, [progress,status,entryid], \u0027ORDER_Manage\u0027)\t\t\t\n\t\t\t\t"
              },
              "scope": "G",
              "type": "script"
            }
          }
        },
        "meta": {
          "name": "Button"
        },
        "position": {
          "basis": "34px",
          "grow": 1
        },
        "propConfig": {
          "props.text": {
            "binding": {
              "config": {
                "path": "view.params.value"
              },
              "transforms": [
                {
                  "fallback": "",
                  "inputType": "scalar",
                  "mappings": [
                    {
                      "input": 0,
                      "output": "PICK"
                    }
                  ],
                  "outputType": "scalar",
                  "type": "map"
                }
              ],
              "type": "property"
            }
          }
        },
        "props": {
          "style": {
            "fontFamily": "Roboto",
            "fontSize": 18,
            "margin": 2
          }
        },
        "type": "ia.input.button"
      },
      {
        "custom": {
          "ENTRY_ID": "value"
        },
        "meta": {
          "name": "Label"
        },
        "position": {
          "basis": "32px",
          "display": false
        },
        "propConfig": {
          "props.text": {
            "binding": {
              "config": {
                "path": "parent.custom.Entry_ID"
              },
              "type": "property"
            }
          }
        },
        "type": "ia.display.label"
      }
    ],
    "meta": {
      "name": "root"
    },
    "propConfig": {
      "custom.Entry_ID": {
        "binding": {
          "config": {
            "path": "view.params.rowData"
          },
          "transforms": [
            {
              "code": "\treturn value[\u0027entry_id\u0027]",
              "type": "script"
            }
          ],
          "type": "property"
        }
      },
      "custom.Stage": {
        "binding": {
          "config": {
            "path": "view.params.rowData"
          },
          "overlayOptOut": true,
          "transforms": [
            {
              "code": "\tA\u003dvalue[\u0027stage\u0027]\n\tif A\u003d\u003d1:\n\t\treturn \u0027PPC\u0027\n\telif A\u003d\u003d2:\n\t\treturn \u0027Tool Shop\u0027\n\telif A\u003d\u003d3:\n\t\treturn \u0027QA\u0027\t\t\t\n\telif A\u003d\u003d4:\n\t\treturn \u0027Operation\u0027\n\telif A\u003d\u003d5:\n\t\treturn \u0027Bundling\u0027\n\telse:\n\t\treturn \u0027Empty\u0027\t\t\n\t\t\t",
              "type": "script"
            }
          ],
          "type": "property"
        }
      }
    },
    "props": {
      "direction": "column",
      "style": {
        "padding": 2
      }
    },
    "type": "ia.container.flex"
  }
}