{
  "custom": {},
  "params": {
    "In_Out": "",
    "rowData": {}
  },
  "propConfig": {
    "params.In_Out": {
      "paramDirection": "input",
      "persistent": true
    },
    "params.rowData": {
      "paramDirection": "input",
      "persistent": true
    }
  },
  "props": {},
  "root": {
    "children": [
      {
        "meta": {
          "name": "FlexContainer1"
        },
        "position": {
          "basis": "20px"
        },
        "type": "ia.container.flex"
      },
      {
        "children": [
          {
            "meta": {
              "name": "Table1"
            },
            "position": {
              "basis": "400px",
              "grow": 1
            },
            "propConfig": {
              "props.columns[7].header.title": {
                "binding": {
                  "config": {
                    "path": "view.params.In_Out"
                  },
                  "transforms": [
                    {
                      "code": "\tif(value \u003d\u003d \"In\"):\n\t\trValue \u003d \"Log Inward Date\"\n\telif(value \u003d\u003d \"Out\"):\n\t\trValue \u003d \"Log Outward Date\"\n\telse:\n\t\trValue \u003d \"Log In Out Date\"\n\treturn rValue\n\t",
                      "type": "script"
                    }
                  ],
                  "type": "property"
                }
              },
              "props.data": {
                "binding": {
                  "config": {
                    "path": "view.params.rowData"
                  },
                  "transforms": [
                    {
                      "code": "\tdata_dict \u003d value\n\t\n\t# Convert the dictionary into a dataset with rows and headers\n\theaders \u003d data_dict.keys()\n\trows \u003d [list(data_dict.values())]\n\t\n\tdataset \u003d system.dataset.toDataSet(headers, rows)\n\treturn dataset\n\t",
                      "type": "script"
                    }
                  ],
                  "type": "property"
                }
              }
            },
            "props": {
              "cells": {
                "allowEditOn": "single-click",
                "style": {
                  "classes": "Table/Table_Cell",
                  "fontFamily": "Arial",
                  "fontSize": 12,
                  "textAlign": "left"
                }
              },
              "columns": [
                {
                  "align": "center",
                  "boolean": "checkbox",
                  "dateFormat": "MM/DD/YYYY",
                  "editable": false,
                  "field": "log_id",
                  "filter": {
                    "boolean": {
                      "condition": ""
                    },
                    "date": {
                      "condition": "",
                      "value": ""
                    },
                    "enabled": false,
                    "number": {
                      "condition": "",
                      "value": ""
                    },
                    "string": {
                      "condition": "",
                      "value": ""
                    },
                    "visible": "on-hover"
                  },
                  "footer": {
                    "align": "center",
                    "justify": "left",
                    "style": {
                      "classes": ""
                    },
                    "title": ""
                  },
                  "header": {
                    "align": "center",
                    "justify": "center",
                    "style": {
                      "classes": ""
                    },
                    "title": "Log ID"
                  },
                  "justify": "center",
                  "number": "value",
                  "numberFormat": "0,0.##",
                  "progressBar": {
                    "bar": {
                      "color": "",
                      "style": {
                        "classes": ""
                      }
                    },
                    "max": 100,
                    "min": 0,
                    "track": {
                      "color": "",
                      "style": {
                        "classes": ""
                      }
                    },
                    "value": {
                      "enabled": true,
                      "format": "0,0.##",
                      "justify": "center",
                      "style": {
                        "classes": ""
                      }
                    }
                  },
                  "render": "auto",
                  "resizable": true,
                  "sort": "none",
                  "sortable": false,
                  "strictWidth": false,
                  "style": {
                    "classes": ""
                  },
                  "toggleSwitch": {
                    "color": {
                      "selected": "",
                      "unselected": ""
                    }
                  },
                  "viewParams": {},
                  "viewPath": "",
                  "visible": true,
                  "width": ""
                },
                {
                  "align": "center",
                  "boolean": "checkbox",
                  "dateFormat": "MM/DD/YYYY",
                  "editable": false,
                  "field": "po",
                  "filter": {
                    "boolean": {
                      "condition": ""
                    },
                    "date": {
                      "condition": "",
                      "value": ""
                    },
                    "enabled": false,
                    "number": {
                      "condition": "",
                      "value": ""
                    },
                    "string": {
                      "condition": "",
                      "value": ""
                    },
                    "visible": "on-hover"
                  },
                  "footer": {
                    "align": "center",
                    "justify": "left",
                    "style": {
                      "classes": ""
                    },
                    "title": ""
                  },
                  "header": {
                    "align": "center",
                    "justify": "center",
                    "style": {
                      "classes": ""
                    },
                    "title": "PO"
                  },
                  "justify": "center",
                  "number": "value",
                  "numberFormat": "0,0.##",
                  "progressBar": {
                    "bar": {
                      "color": "",
                      "style": {
                        "classes": ""
                      }
                    },
                    "max": 100,
                    "min": 0,
                    "track": {
                      "color": "",
                      "style": {
                        "classes": ""
                      }
                    },
                    "value": {
                      "enabled": true,
                      "format": "0,0.##",
                      "justify": "center",
                      "style": {
                        "classes": ""
                      }
                    }
                  },
                  "render": "auto",
                  "resizable": true,
                  "sort": "none",
                  "sortable": false,
                  "strictWidth": false,
                  "style": {
                    "classes": ""
                  },
                  "toggleSwitch": {
                    "color": {
                      "selected": "",
                      "unselected": ""
                    }
                  },
                  "viewParams": {},
                  "viewPath": "",
                  "visible": true,
                  "width": ""
                },
                {
                  "align": "center",
                  "boolean": "checkbox",
                  "dateFormat": "MM/DD/YYYY",
                  "editable": false,
                  "field": "alloy",
                  "filter": {
                    "boolean": {
                      "condition": ""
                    },
                    "date": {
                      "condition": "",
                      "value": ""
                    },
                    "enabled": false,
                    "number": {
                      "condition": "",
                      "value": ""
                    },
                    "string": {
                      "condition": "",
                      "value": ""
                    },
                    "visible": "on-hover"
                  },
                  "footer": {
                    "align": "center",
                    "justify": "left",
                    "style": {
                      "classes": ""
                    },
                    "title": ""
                  },
                  "header": {
                    "align": "center",
                    "justify": "center",
                    "style": {
                      "classes": ""
                    },
                    "title": "Alloy"
                  },
                  "justify": "center",
                  "number": "value",
                  "numberFormat": "0,0.##",
                  "progressBar": {
                    "bar": {
                      "color": "",
                      "style": {
                        "classes": ""
                      }
                    },
                    "max": 100,
                    "min": 0,
                    "track": {
                      "color": "",
                      "style": {
                        "classes": ""
                      }
                    },
                    "value": {
                      "enabled": true,
                      "format": "0,0.##",
                      "justify": "center",
                      "style": {
                        "classes": ""
                      }
                    }
                  },
                  "render": "auto",
                  "resizable": true,
                  "sort": "none",
                  "sortable": false,
                  "strictWidth": false,
                  "style": {
                    "classes": ""
                  },
                  "toggleSwitch": {
                    "color": {
                      "selected": "",
                      "unselected": ""
                    }
                  },
                  "viewParams": {},
                  "viewPath": "",
                  "visible": true,
                  "width": ""
                },
                {
                  "align": "center",
                  "boolean": "checkbox",
                  "dateFormat": "MM/DD/YYYY",
                  "editable": false,
                  "field": "log_dia",
                  "filter": {
                    "boolean": {
                      "condition": ""
                    },
                    "date": {
                      "condition": "",
                      "value": ""
                    },
                    "enabled": false,
                    "number": {
                      "condition": "",
                      "value": ""
                    },
                    "string": {
                      "condition": "",
                      "value": ""
                    },
                    "visible": "on-hover"
                  },
                  "footer": {
                    "align": "center",
                    "justify": "left",
                    "style": {
                      "classes": ""
                    },
                    "title": ""
                  },
                  "header": {
                    "align": "center",
                    "justify": "center",
                    "style": {
                      "classes": ""
                    },
                    "title": "Log Dia"
                  },
                  "justify": "center",
                  "number": "value",
                  "numberFormat": "0,0.##",
                  "progressBar": {
                    "bar": {
                      "color": "",
                      "style": {
                        "classes": ""
                      }
                    },
                    "max": 100,
                    "min": 0,
                    "track": {
                      "color": "",
                      "style": {
                        "classes": ""
                      }
                    },
                    "value": {
                      "enabled": true,
                      "format": "0,0.##",
                      "justify": "center",
                      "style": {
                        "classes": ""
                      }
                    }
                  },
                  "render": "auto",
                  "resizable": true,
                  "sort": "none",
                  "sortable": false,
                  "strictWidth": false,
                  "style": {
                    "classes": ""
                  },
                  "toggleSwitch": {
                    "color": {
                      "selected": "",
                      "unselected": ""
                    }
                  },
                  "viewParams": {},
                  "viewPath": "",
                  "visible": true,
                  "width": ""
                },
                {
                  "align": "center",
                  "boolean": "checkbox",
                  "dateFormat": "MM/DD/YYYY",
                  "editable": false,
                  "field": "log_length",
                  "filter": {
                    "boolean": {
                      "condition": ""
                    },
                    "date": {
                      "condition": "",
                      "value": ""
                    },
                    "enabled": false,
                    "number": {
                      "condition": "",
                      "value": ""
                    },
                    "string": {
                      "condition": "",
                      "value": ""
                    },
                    "visible": "on-hover"
                  },
                  "footer": {
                    "align": "center",
                    "justify": "left",
                    "style": {
                      "classes": ""
                    },
                    "title": ""
                  },
                  "header": {
                    "align": "center",
                    "justify": "center",
                    "style": {
                      "classes": ""
                    },
                    "title": "Log Length"
                  },
                  "justify": "center",
                  "number": "value",
                  "numberFormat": "0,0.##",
                  "progressBar": {
                    "bar": {
                      "color": "",
                      "style": {
                        "classes": ""
                      }
                    },
                    "max": 100,
                    "min": 0,
                    "track": {
                      "color": "",
                      "style": {
                        "classes": ""
                      }
                    },
                    "value": {
                      "enabled": true,
                      "format": "0,0.##",
                      "justify": "center",
                      "style": {
                        "classes": ""
                      }
                    }
                  },
                  "render": "auto",
                  "resizable": true,
                  "sort": "none",
                  "sortable": false,
                  "strictWidth": false,
                  "style": {
                    "classes": ""
                  },
                  "toggleSwitch": {
                    "color": {
                      "selected": "",
                      "unselected": ""
                    }
                  },
                  "viewParams": {},
                  "viewPath": "",
                  "visible": true,
                  "width": ""
                },
                {
                  "align": "center",
                  "boolean": "checkbox",
                  "dateFormat": "MM/DD/YYYY",
                  "editable": false,
                  "field": "log_casting_date",
                  "filter": {
                    "boolean": {
                      "condition": ""
                    },
                    "date": {
                      "condition": "",
                      "value": ""
                    },
                    "enabled": false,
                    "number": {
                      "condition": "",
                      "value": ""
                    },
                    "string": {
                      "condition": "",
                      "value": ""
                    },
                    "visible": "on-hover"
                  },
                  "footer": {
                    "align": "center",
                    "justify": "left",
                    "style": {
                      "classes": ""
                    },
                    "title": ""
                  },
                  "header": {
                    "align": "center",
                    "justify": "center",
                    "style": {
                      "classes": ""
                    },
                    "title": "Log Casting Date"
                  },
                  "justify": "center",
                  "number": "value",
                  "numberFormat": "0,0.##",
                  "progressBar": {
                    "bar": {
                      "color": "",
                      "style": {
                        "classes": ""
                      }
                    },
                    "max": 100,
                    "min": 0,
                    "track": {
                      "color": "",
                      "style": {
                        "classes": ""
                      }
                    },
                    "value": {
                      "enabled": true,
                      "format": "0,0.##",
                      "justify": "center",
                      "style": {
                        "classes": ""
                      }
                    }
                  },
                  "render": "date",
                  "resizable": true,
                  "sort": "none",
                  "sortable": false,
                  "strictWidth": false,
                  "style": {
                    "classes": ""
                  },
                  "toggleSwitch": {
                    "color": {
                      "selected": "",
                      "unselected": ""
                    }
                  },
                  "viewParams": {},
                  "viewPath": "",
                  "visible": true,
                  "width": ""
                },
                {
                  "align": "center",
                  "boolean": "checkbox",
                  "dateFormat": "MM/DD/YYYY",
                  "editable": false,
                  "field": "log_weight",
                  "filter": {
                    "boolean": {
                      "condition": ""
                    },
                    "date": {
                      "condition": "",
                      "value": ""
                    },
                    "enabled": false,
                    "number": {
                      "condition": "",
                      "value": ""
                    },
                    "string": {
                      "condition": "",
                      "value": ""
                    },
                    "visible": "on-hover"
                  },
                  "footer": {
                    "align": "center",
                    "justify": "left",
                    "style": {
                      "classes": ""
                    },
                    "title": ""
                  },
                  "header": {
                    "align": "center",
                    "justify": "center",
                    "style": {
                      "classes": ""
                    },
                    "title": "Log Weight"
                  },
                  "justify": "center",
                  "number": "value",
                  "numberFormat": "0,0.##",
                  "progressBar": {
                    "bar": {
                      "color": "",
                      "style": {
                        "classes": ""
                      }
                    },
                    "max": 100,
                    "min": 0,
                    "track": {
                      "color": "",
                      "style": {
                        "classes": ""
                      }
                    },
                    "value": {
                      "enabled": true,
                      "format": "0,0.##",
                      "justify": "center",
                      "style": {
                        "classes": ""
                      }
                    }
                  },
                  "render": "auto",
                  "resizable": true,
                  "sort": "none",
                  "sortable": false,
                  "strictWidth": false,
                  "style": {
                    "classes": ""
                  },
                  "toggleSwitch": {
                    "color": {
                      "selected": "",
                      "unselected": ""
                    }
                  },
                  "viewParams": {},
                  "viewPath": "",
                  "visible": true,
                  "width": ""
                },
                {
                  "align": "center",
                  "boolean": "checkbox",
                  "dateFormat": "MM/DD/YYYY",
                  "editable": false,
                  "field": "log_in_out_date",
                  "filter": {
                    "boolean": {
                      "condition": ""
                    },
                    "date": {
                      "condition": "",
                      "value": ""
                    },
                    "enabled": false,
                    "number": {
                      "condition": "",
                      "value": ""
                    },
                    "string": {
                      "condition": "",
                      "value": ""
                    },
                    "visible": "on-hover"
                  },
                  "footer": {
                    "align": "center",
                    "justify": "left",
                    "style": {
                      "classes": ""
                    },
                    "title": ""
                  },
                  "header": {
                    "align": "center",
                    "justify": "center",
                    "style": {
                      "classes": ""
                    }
                  },
                  "justify": "center",
                  "number": "value",
                  "numberFormat": "0,0.##",
                  "progressBar": {
                    "bar": {
                      "color": "",
                      "style": {
                        "classes": ""
                      }
                    },
                    "max": 100,
                    "min": 0,
                    "track": {
                      "color": "",
                      "style": {
                        "classes": ""
                      }
                    },
                    "value": {
                      "enabled": true,
                      "format": "0,0.##",
                      "justify": "center",
                      "style": {
                        "classes": ""
                      }
                    }
                  },
                  "render": "date",
                  "resizable": true,
                  "sort": "none",
                  "sortable": false,
                  "strictWidth": false,
                  "style": {
                    "classes": ""
                  },
                  "toggleSwitch": {
                    "color": {
                      "selected": "",
                      "unselected": ""
                    }
                  },
                  "viewParams": {},
                  "viewPath": "",
                  "visible": true,
                  "width": ""
                }
              ],
              "headerStyle": {
                "classes": "Table/Table_Header"
              },
              "pager": {
                "bottom": false
              },
              "rows": {
                "height": 44,
                "style": {
                  "classes": "Table/Table_Row"
                }
              },
              "style": {
                "marginLeft": 2,
                "marginRight": 2
              }
            },
            "type": "ia.display.table"
          }
        ],
        "meta": {
          "name": "FlexContainer2"
        },
        "position": {
          "basis": "200px",
          "grow": 1
        },
        "type": "ia.container.flex"
      }
    ],
    "meta": {
      "name": "root"
    },
    "props": {
      "direction": "column"
    },
    "type": "ia.container.flex"
  }
}