{
  "custom": {},
  "params": {},
  "props": {
    "defaultSize": {
      "height": 60,
      "width": 1530
    }
  },
  "root": {
    "children": [
      {
        "children": [
          {
            "children": [
              {
                "meta": {
                  "name": "Label"
                },
                "position": {
                  "basis": "140px"
                },
                "props": {
                  "style": {
                    "classes": "PPC/entry_label"
                  },
                  "text": "Billet length(inch)"
                },
                "type": "ia.display.label"
              },
              {
                "meta": {
                  "name": "TextField"
                },
                "position": {
                  "basis": "300px"
                },
                "props": {
                  "style": {
                    "classes": "PPC/entry_field"
                  }
                },
                "type": "ia.input.text-field"
              }
            ],
            "meta": {
              "name": "FlexContainer"
            },
            "position": {
              "basis": "500px"
            },
            "props": {
              "style": {
                "overflow": "hidden"
              }
            },
            "type": "ia.container.flex"
          },
          {
            "children": [
              {
                "meta": {
                  "name": "Label"
                },
                "position": {
                  "basis": "140px"
                },
                "props": {
                  "style": {
                    "classes": "PPC/entry_label"
                  },
                  "text": "No of Billet*"
                },
                "type": "ia.display.label"
              },
              {
                "meta": {
                  "name": "TextField"
                },
                "position": {
                  "basis": "300px"
                },
                "props": {
                  "style": {
                    "classes": "PPC/entry_field"
                  }
                },
                "type": "ia.input.text-field"
              }
            ],
            "meta": {
              "name": "FlexContainer_1"
            },
            "position": {
              "basis": "500px"
            },
            "props": {
              "style": {
                "overflow": "hidden"
              }
            },
            "type": "ia.container.flex"
          },
          {
            "children": [
              {
                "meta": {
                  "name": "Label"
                },
                "position": {
                  "basis": "140px"
                },
                "props": {
                  "style": {
                    "classes": "PPC/entry_label"
                  },
                  "text": "Ext length"
                },
                "type": "ia.display.label"
              },
              {
                "meta": {
                  "name": "TextField"
                },
                "position": {
                  "basis": "300px"
                },
                "props": {
                  "style": {
                    "classes": "PPC/entry_field"
                  }
                },
                "type": "ia.input.text-field"
              }
            ],
            "meta": {
              "name": "FlexContainer_2"
            },
            "position": {
              "basis": "500px"
            },
            "type": "ia.container.flex"
          },
          {
            "children": [
              {
                "meta": {
                  "name": "Label"
                },
                "position": {
                  "basis": "140px"
                },
                "props": {
                  "style": {
                    "classes": "PPC/entry_label"
                  },
                  "text": "Push(kg)"
                },
                "type": "ia.display.label"
              },
              {
                "meta": {
                  "name": "TextField"
                },
                "position": {
                  "basis": "300px"
                },
                "props": {
                  "style": {
                    "classes": "PPC/entry_field"
                  }
                },
                "type": "ia.input.text-field"
              }
            ],
            "meta": {
              "name": "FlexContainer_0"
            },
            "position": {
              "basis": "500px"
            },
            "type": "ia.container.flex"
          },
          {
            "children": [
              {
                "meta": {
                  "name": "Label"
                },
                "position": {
                  "basis": "140px"
                },
                "props": {
                  "style": {
                    "classes": "PPC/entry_label"
                  },
                  "text": "No of pcs plan"
                },
                "type": "ia.display.label"
              },
              {
                "meta": {
                  "name": "TextField"
                },
                "position": {
                  "basis": "300px"
                },
                "props": {
                  "style": {
                    "classes": "PPC/entry_field"
                  }
                },
                "type": "ia.input.text-field"
              }
            ],
            "meta": {
              "name": "FlexContainer_3"
            },
            "position": {
              "basis": "500px"
            },
            "props": {
              "style": {
                "overflow": "hidden"
              }
            },
            "type": "ia.container.flex"
          },
          {
            "events": {
              "dom": {
                "onClick": {
                  "config": {
                    "draggable": false,
                    "id": "abcd5678",
                    "modal": true,
                    "overlayDismiss": true,
                    "position": {
                      "height": 300,
                      "width": 400
                    },
                    "positionType": "exact",
                    "resizable": false,
                    "showCloseIcon": true,
                    "type": "open",
                    "viewPath": "PPC/progress/Billet Information_popup",
                    "viewportBound": false
                  },
                  "scope": "C",
                  "type": "popup"
                }
              }
            },
            "meta": {
              "name": "Icon_0"
            },
            "position": {
              "basis": "53px"
            },
            "props": {
              "path": "material/cancel",
              "style": {
                "classes": "Operator/icon"
              }
            },
            "type": "ia.display.icon"
          }
        ],
        "meta": {
          "name": "FlexContainer_0"
        },
        "position": {
          "basis": "50px",
          "display": false,
          "shrink": 0
        },
        "props": {
          "justify": "space-between",
          "style": {
            "overflow": "hidden",
            "paddingRight": 80
          }
        },
        "type": "ia.container.flex"
      },
      {
        "children": [
          {
            "children": [
              {
                "meta": {
                  "name": "Label"
                },
                "position": {
                  "basis": "30px"
                },
                "props": {
                  "style": {
                    "classes": "PPC/entry_label"
                  },
                  "text": "Billet Lenght (inch)",
                  "textStyle": {
                    "textAlign": "center"
                  }
                },
                "type": "ia.display.label"
              }
            ],
            "meta": {
              "name": "one"
            },
            "position": {
              "basis": "200px",
              "shrink": 0
            },
            "props": {
              "alignItems": "center",
              "direction": "column",
              "justify": "space-around",
              "style": {
                "paddingLeft": 50
              }
            },
            "type": "ia.container.flex"
          },
          {
            "children": [
              {
                "custom": {
                  "po_no": "value"
                },
                "meta": {
                  "name": "TextField"
                },
                "position": {
                  "basis": "32px"
                },
                "type": "ia.input.text-field"
              }
            ],
            "meta": {
              "name": "two"
            },
            "position": {
              "basis": "250px"
            },
            "props": {
              "direction": "column",
              "justify": "space-around",
              "style": {
                "paddingLeft": 30
              }
            },
            "type": "ia.container.flex"
          },
          {
            "children": [
              {
                "meta": {
                  "name": "Label"
                },
                "position": {
                  "basis": "30px"
                },
                "props": {
                  "style": {
                    "classes": "PPC/entry_label"
                  },
                  "text": "No of Billet*",
                  "textStyle": {
                    "textAlign": "center"
                  }
                },
                "type": "ia.display.label"
              }
            ],
            "meta": {
              "name": "three"
            },
            "position": {
              "basis": "200px"
            },
            "props": {
              "alignItems": "center",
              "direction": "column",
              "justify": "space-around",
              "style": {
                "paddingLeft": 30
              }
            },
            "type": "ia.container.flex"
          },
          {
            "children": [
              {
                "meta": {
                  "name": "TextField"
                },
                "position": {
                  "basis": "32px"
                },
                "propConfig": {
                  "props.text": {
                    "binding": {
                      "config": {
                        "path": "view.custom.po_no"
                      },
                      "enabled": false,
                      "transforms": [
                        {
                          "code": "\tq \u003d \u0027\u0027\u0027Select \n\t\t[plant_selc],\n\t\t[no_of_cavities]\n\tFROM [JALOMS].[ppc].[ppc_main]\n\tWHERE PO_No \u003d ?\u0027\u0027\u0027\n\t\n\targs \u003d [value]  \n\t\n\t# Execute the query\n\tdata \u003d system.db.runPrepQuery(q, args, \u0027OMS\u0027)\n\t\n\t#no.of cavity\n\tself.getSibling(\"TextField_0\").props.text \u003d data[0][\u0027no_of_cavities\u0027]\n\treturn data[0][\u0027plant_selc\u0027]\n#\treturn value",
                          "type": "script"
                        }
                      ],
                      "type": "property"
                    }
                  }
                },
                "props": {
                  "enabled": false,
                  "text": "BF"
                },
                "type": "ia.input.text-field"
              }
            ],
            "meta": {
              "name": "four"
            },
            "position": {
              "basis": "250px"
            },
            "props": {
              "direction": "column",
              "justify": "space-around",
              "style": {
                "paddingLeft": 30
              }
            },
            "type": "ia.container.flex"
          },
          {
            "children": [
              {
                "meta": {
                  "name": "Label"
                },
                "position": {
                  "basis": "30px"
                },
                "props": {
                  "style": {
                    "classes": "PPC/entry_label"
                  },
                  "text": "Ext lenght",
                  "textStyle": {
                    "textAlign": "center"
                  }
                },
                "type": "ia.display.label"
              }
            ],
            "meta": {
              "name": "five"
            },
            "position": {
              "basis": "200px"
            },
            "props": {
              "alignItems": "center",
              "direction": "column",
              "justify": "space-around",
              "style": {
                "paddingLeft": 30
              }
            },
            "type": "ia.container.flex"
          },
          {
            "children": [
              {
                "meta": {
                  "name": "TextField"
                },
                "position": {
                  "basis": "32px"
                },
                "props": {
                  "enabled": false,
                  "text": "P1"
                },
                "type": "ia.input.text-field"
              }
            ],
            "meta": {
              "name": "six"
            },
            "position": {
              "basis": "250px"
            },
            "props": {
              "direction": "column",
              "justify": "space-around",
              "style": {
                "paddingLeft": 30
              }
            },
            "type": "ia.container.flex"
          },
          {
            "children": [
              {
                "meta": {
                  "name": "Label"
                },
                "position": {
                  "basis": "30px"
                },
                "props": {
                  "style": {
                    "classes": "PPC/entry_label"
                  },
                  "text": "Push (kgs)",
                  "textStyle": {
                    "textAlign": "center"
                  }
                },
                "type": "ia.display.label"
              }
            ],
            "meta": {
              "name": "seven"
            },
            "position": {
              "basis": "200px"
            },
            "props": {
              "alignItems": "center",
              "direction": "column",
              "justify": "space-around",
              "style": {
                "paddingLeft": 30
              }
            },
            "type": "ia.container.flex"
          },
          {
            "children": [
              {
                "meta": {
                  "name": "TextField"
                },
                "position": {
                  "basis": "32px"
                },
                "props": {
                  "enabled": false,
                  "text": 120
                },
                "type": "ia.input.text-field"
              }
            ],
            "meta": {
              "name": "eight"
            },
            "position": {
              "basis": "250px"
            },
            "props": {
              "direction": "column",
              "justify": "space-around",
              "style": {
                "marginRight": 30,
                "paddingLeft": 30
              }
            },
            "type": "ia.container.flex"
          },
          {
            "children": [
              {
                "meta": {
                  "name": "Label"
                },
                "position": {
                  "basis": "30px"
                },
                "props": {
                  "style": {
                    "classes": "PPC/entry_label"
                  },
                  "text": "No of Pcs plan",
                  "textStyle": {
                    "textAlign": "center"
                  }
                },
                "type": "ia.display.label"
              }
            ],
            "meta": {
              "name": "nine"
            },
            "position": {
              "basis": "200px"
            },
            "props": {
              "alignItems": "center",
              "direction": "column",
              "justify": "space-around",
              "style": {
                "paddingLeft": 30
              }
            },
            "type": "ia.container.flex"
          },
          {
            "children": [
              {
                "meta": {
                  "name": "TextField"
                },
                "position": {
                  "basis": "32px"
                },
                "props": {
                  "enabled": false,
                  "text": 120
                },
                "type": "ia.input.text-field"
              }
            ],
            "meta": {
              "name": "ten"
            },
            "position": {
              "basis": "250px"
            },
            "props": {
              "direction": "column",
              "justify": "space-around",
              "style": {
                "marginRight": 30,
                "paddingLeft": 30
              }
            },
            "type": "ia.container.flex"
          },
          {
            "events": {
              "dom": {
                "onClick": {
                  "config": {
                    "draggable": false,
                    "id": "abcd5678",
                    "modal": true,
                    "overlayDismiss": true,
                    "position": {
                      "height": 300,
                      "width": 400
                    },
                    "positionType": "exact",
                    "resizable": false,
                    "showCloseIcon": true,
                    "type": "open",
                    "viewPath": "PPC/PPC_screens/b_i",
                    "viewportBound": false
                  },
                  "scope": "C",
                  "type": "popup"
                }
              }
            },
            "meta": {
              "name": "Icon_0"
            },
            "position": {
              "basis": "53px"
            },
            "props": {
              "path": "material/cancel",
              "style": {
                "classes": "Operator/icon"
              }
            },
            "type": "ia.display.icon"
          }
        ],
        "meta": {
          "name": "ppc_first_part"
        },
        "position": {
          "grow": 1,
          "shrink": 0
        },
        "type": "ia.container.flex"
      }
    ],
    "meta": {
      "name": "root"
    },
    "props": {
      "direction": "column",
      "justify": "space-evenly",
      "style": {
        "classes": "Operator/flex_rep"
      }
    },
    "type": "ia.container.flex"
  }
}