{
  "custom": {
    "COUNT": 7
  },
  "params": {
    "Batch": [
      "42101B",
      "42102B",
      "42103B",
      "42104B",
      "42105B",
      "42106B",
      "42107B"
    ],
    "EDIT": true,
    "Height": 210,
    "Qty": [
      100,
      20,
      100,
      100,
      100,
      100,
      100
    ],
    "S_Batch": [],
    "S_Qty": [],
    "Storage_Location": [],
    "TYPE": "IN",
    "valuation_type": []
  },
  "propConfig": {
    "custom.COUNT": {
      "binding": {
        "config": {
          "path": "view.params.Batch"
        },
        "transforms": [
          {
            "code": "\t\n\t\t\n\t\n\treturn len(value)",
            "type": "script"
          }
        ],
        "type": "property"
      },
      "persistent": true
    },
    "params.Batch": {
      "paramDirection": "input",
      "persistent": true
    },
    "params.EDIT": {
      "onChange": {
        "enabled": false,
        "script": "\timport time\n\tBatch\u003dlen(self.params.Batch)\n\ttime.sleep(1)\n\tif currentValue.value\u003d\u003dFalse:\n#\t\tself.params.S_Batch\u003d[]\n#\t\tself.params.S_Qty\u003d[]\n\t\tfor i in range(Batch):\n\t\t\tCount\u003dstr(i+1)\n\t\t\ttime.sleep(0.01)\n\t\t\tself.getChild(\"root\").getChild(\u0027B\u0027+Count).getChild(\"Checkbox\").props.selected\u003dTrue\n\t\t\tself.getChild(\"root\").getChild(\u0027B\u0027+Count).getChild(\"Checkbox\").props.enabled\u003dFalse\n\telse:\n#\t\tself.params.S_Batch\u003d[]\n#\t\tself.params.S_Qty\u003d[]\n\t\tfor i in range(Batch):\n\t\t\ttime.sleep(0.01)\n\t\t\tCount\u003dstr(i+1)\n\t\t\tself.getChild(\"root\").getChild(\u0027B\u0027+Count).getChild(\"Checkbox\").props.selected\u003dFalse\n\t\t\tself.getChild(\"root\").getChild(\u0027B\u0027+Count).getChild(\"Checkbox\").props.enabled\u003dTrue\t\t\n\t\t"
      },
      "paramDirection": "input",
      "persistent": true
    },
    "params.Height": {
      "binding": {
        "config": {
          "expression": "{view.props.defaultSize.height}+{view.params.TYPE}"
        },
        "transforms": [
          {
            "code": "\tif \u0027OUT\u0027 in str(self.params.TYPE):\n\t\treturn 30\n\telse:\n\t\treturn int(self.props.defaultSize.height)\t",
            "type": "script"
          }
        ],
        "type": "expr"
      },
      "paramDirection": "output",
      "persistent": true
    },
    "params.Qty": {
      "paramDirection": "input",
      "persistent": true
    },
    "params.S_Batch": {
      "binding": {
        "config": {
          "expression": "now(100)"
        },
        "transforms": [
          {
            "code": "\tA\u003dlen(self.getChild(\"root\").getChild(\"FlexRepeater\").props.instances)\n\tSBatch\u003d[]\n\tfor i in range(A):\n\t\tDATA\u003dself.getChild(\"root\").getChild(\"FlexRepeater\").props.instances[i].S_Batch\n\t\tif(len(str(DATA))\u003e\u003d1):\n\t\t\tSBatch.append(DATA)\n\t\telse:\n\t\t\tpass\t\n\t\n\treturn SBatch",
            "type": "script"
          }
        ],
        "type": "expr"
      },
      "paramDirection": "output",
      "persistent": true
    },
    "params.S_Qty": {
      "binding": {
        "config": {
          "expression": "now(100)"
        },
        "transforms": [
          {
            "code": "\tA\u003dlen(self.getChild(\"root\").getChild(\"FlexRepeater\").props.instances)\n\tSQty\u003d[]\n\tfor i in range(A):\n\t\tDATA\u003dself.getChild(\"root\").getChild(\"FlexRepeater\").props.instances[i].S_Qty\n\t\tif(len(str(DATA))\u003e\u003d1):\n\t\t\tSQty.append(DATA)\n\t\telse:\n\t\t\tpass\t\n\t\n\treturn SQty",
            "type": "script"
          }
        ],
        "type": "expr"
      },
      "paramDirection": "output",
      "persistent": true
    },
    "params.Storage_Location": {
      "paramDirection": "input",
      "persistent": true
    },
    "params.TYPE": {
      "paramDirection": "input",
      "persistent": true
    },
    "params.valuation_type": {
      "paramDirection": "input",
      "persistent": true
    },
    "props.defaultSize.height": {
      "binding": {
        "config": {
          "path": "/root/FlexRepeater.props.instances"
        },
        "transforms": [
          {
            "code": "\tif \u0027OUT\u0027 in str(self.params.TYPE):\n\t\treturn int(30)\n\telse:\t\n\t\treturn int(len(value)*30)",
            "type": "script"
          }
        ],
        "type": "property"
      }
    }
  },
  "props": {
    "defaultSize": {
      "width": 160
    }
  },
  "root": {
    "children": [
      {
        "events": {
          "system": {
            "onStartup": {
              "config": {
                "script": "\tEDIT\u003dself.view.params.EDIT\n\tBatch\u003dself.view.params.Batch\n\tQTY\u003dself.view.params.Qty\n\tFData\u003d[]\n\tType\u003dstr(self.view.params.TYPE)\n\tif EDIT\u003d\u003dTrue:\n\t\tfor i in range(len(self.view.params.Batch)):\n\t\t\tD\u003d{\n\t\t\t  \"instanceStyle\": {\n\t\t\t    \"classes\": \"\"\n\t\t\t  },\n\t\t\t  \"instancePosition\": {},\n\t\t\t  \"Batch\": str(Batch[i]),\n\t\t\t  \"EDIT\": bool(1),\n\t\t\t  \"Qty\": int(QTY[i]),\n\t\t\t  \"S_Batch\": \u0027\u0027,\n\t\t\t  \"S_Qty\": \u0027\u0027,\n\t\t\t  \"TYPE\": Type\n\t\t\t}\n\t\t\tFData.append(D)\n\telse:\n\t\tfor i in range(len(self.view.params.Batch)):\n\t\t\tD\u003d{\n\t\t\t\t  \"instanceStyle\": {\n\t\t\t\t    \"classes\": \"\"\n\t\t\t\t  },\n\t\t\t\t  \"instancePosition\": {},\n\t\t\t\t  \"Batch\": str(Batch[i]),\n\t\t\t\t  \"EDIT\": bool(0),\n\t\t\t\t  \"Qty\": int(QTY[i]),\n\t\t\t\t  \"S_Batch\": str(Batch[i]),\n\t\t\t\t  \"S_Qty\": int(QTY[i]),\n\t\t\t\t  \"TYPE\": Type\n\t\t\t\t}\n\t\t\tFData.append(D)\t\n\tself.props.instances\u003dFData\t\t\t"
              },
              "scope": "G",
              "type": "script"
            }
          }
        },
        "meta": {
          "name": "FlexRepeater"
        },
        "position": {
          "basis": "30px",
          "grow": 1
        },
        "propConfig": {
          "position.display": {
            "binding": {
              "config": {
                "path": "view.params.TYPE"
              },
              "transforms": [
                {
                  "fallback": true,
                  "inputType": "scalar",
                  "mappings": [
                    {
                      "input": "OUT",
                      "output": false
                    }
                  ],
                  "outputType": "scalar",
                  "type": "map"
                }
              ],
              "type": "property"
            }
          },
          "props.instances": {
            "binding": {
              "config": {
                "path": "view.params.EDIT"
              },
              "overlayOptOut": true,
              "transforms": [
                {
                  "code": "\tEDIT\u003dself.view.params.EDIT\n\tBatch\u003dself.view.params.Batch\n\tQTY\u003dself.view.params.Qty\n\tTYPE\u003dself.view.params.TYPE\n\tFData\u003d[]\n\tif EDIT\u003d\u003dTrue:\n\t\tfor i in range(len(self.view.params.Batch)):\n\t\t\tD\u003d{\n\t\t\t  \"instanceStyle\": {\n\t\t\t    \"classes\": \"\"\n\t\t\t  },\n\t\t\t  \"instancePosition\": {},\n\t\t\t  \"Batch\": str(Batch[i]),\n\t\t\t  \"EDIT\": bool(1),\n\t\t\t  \"Qty\": (QTY[i]),\n\t\t\t  \"S_Batch\": \"\",\n\t\t\t  \"S_Qty\": \u0027\u0027,\n\t\t\t  \"TYPE\":TYPE\n\t\t\t}\n\t\t\tFData.append(D)\n\telse:\n\t\tfor i in range(len(Batch)):\n\t\t\tD\u003d{\n\t\t\t\t  \"instanceStyle\": {\n\t\t\t\t    \"classes\": \"\"\n\t\t\t\t  },\n\t\t\t\t  \"instancePosition\": {},\n\t\t\t\t  \"Batch\": str(Batch[i]),\n\t\t\t\t  \"EDIT\": bool(0),\n\t\t\t\t  \"Qty\": (QTY[i]),\n\t\t\t\t  \"S_Batch\": str(Batch[i]),\n\t\t\t\t  \"S_Qty\": (QTY[i]),\n\t\t\t\t  \"TYPE\":TYPE\n\t\t\t\t}\n\t\t\tFData.append(D)\t\n\treturn FData\t\n\t",
                  "type": "script"
                }
              ],
              "type": "property"
            },
            "persistent": true
          }
        },
        "props": {
          "direction": "column",
          "instances": [
            {
              "Batch": "42101B",
              "EDIT": true,
              "Qty": 100,
              "S_Batch": "",
              "S_Qty": "",
              "TYPE": "IN",
              "instancePosition": {},
              "instanceStyle": {
                "classes": ""
              }
            },
            {
              "Batch": "42102B",
              "EDIT": true,
              "Qty": 20,
              "S_Batch": "",
              "S_Qty": "",
              "TYPE": "IN",
              "instancePosition": {},
              "instanceStyle": {
                "classes": ""
              }
            },
            {
              "Batch": "42103B",
              "EDIT": true,
              "Qty": 100,
              "S_Batch": "",
              "S_Qty": "",
              "TYPE": "IN",
              "instancePosition": {},
              "instanceStyle": {
                "classes": ""
              }
            },
            {
              "Batch": "42104B",
              "EDIT": true,
              "Qty": 100,
              "S_Batch": "",
              "S_Qty": "",
              "TYPE": "IN",
              "instancePosition": {},
              "instanceStyle": {
                "classes": ""
              }
            },
            {
              "Batch": "42105B",
              "EDIT": true,
              "Qty": 100,
              "S_Batch": "",
              "S_Qty": "",
              "TYPE": "IN",
              "instancePosition": {},
              "instanceStyle": {
                "classes": ""
              }
            },
            {
              "Batch": "42106B",
              "EDIT": true,
              "Qty": 100,
              "S_Batch": "",
              "S_Qty": "",
              "TYPE": "IN",
              "instancePosition": {},
              "instanceStyle": {
                "classes": ""
              }
            },
            {
              "Batch": "42107B",
              "EDIT": true,
              "Qty": 100,
              "S_Batch": "",
              "S_Qty": "",
              "TYPE": "IN",
              "instancePosition": {},
              "instanceStyle": {
                "classes": ""
              }
            }
          ],
          "loading": {
            "order": "with-parent"
          },
          "path": "Template/Batches_1"
        },
        "type": "ia.display.flex-repeater"
      }
    ],
    "custom": {
      "Timer": "value"
    },
    "meta": {
      "name": "root"
    },
    "props": {
      "alignItems": "flex-start",
      "direction": "column",
      "style": {
        "overflow": "hidden"
      }
    },
    "type": "ia.container.flex"
  }
}