{
  "custom": {
    "Tab": 1,
    "screen": "Dross Report"
  },
  "params": {},
  "propConfig": {
    "custom.screen": {
      "binding": {
        "config": {
          "path": "view.custom.Tab"
        },
        "transforms": [
          {
            "code": "\ttab\u003dvalue\t\n\tif tab\u003d\u003d1:\n\t\tscreen \u003d\"Dross Report\"\n\telif tab\u003d\u003d2:\n\t\tscreen \u003d\"Log Stand\"\n\telif tab\u003d\u003d3:\n\t\tscreen \u003d\"Melting\"\n\telif tab\u003d\u003d4:\n\t\tscreen \u003d\"Holding\"\n\telif tab\u003d\u003d5:\n\t\tscreen \u003d\"Casting\"\t\n\telif tab\u003d\u003d6:\n\t\tscreen \u003d\"End-cutt\"\n\telif tab\u003d\u003d7:\n\t\tscreen \u003d \"Homogenizing\"\n\telif tab\u003d\u003d8:\n\t\tscreen \u003d \"Log Cast\"\n\telif tab\u003d\u003d9:\n\t\tscreen \u003d \"Raw Material\"\n\telif tab\u003d\u003d10:\n\t\tscreen \u003d \"LS\"\n\t\t\n\treturn screen\t",
            "type": "script"
          }
        ],
        "type": "property"
      },
      "persistent": true
    }
  },
  "props": {
    "defaultSize": {
      "width": 2407
    }
  },
  "root": {
    "children": [
      {
        "meta": {
          "name": "Label"
        },
        "position": {
          "basis": "20px",
          "display": false
        },
        "props": {
          "style": {
            "marginLeft": 12,
            "marginTop": 5
          },
          "text": "Reports",
          "textStyle": {
            "color": "#5B5B5B",
            "fontFamily": "Roboto",
            "fontSize": "18px",
            "fontWeight": 600,
            "textAlign": "left"
          }
        },
        "type": "ia.display.label"
      },
      {
        "children": [
          {
            "meta": {
              "name": "FlexContainer"
            },
            "position": {
              "basis": "10px",
              "shrink": 0
            },
            "props": {
              "style": {
                "overflow": "hidden"
              }
            },
            "type": "ia.container.flex"
          },
          {
            "children": [
              {
                "meta": {
                  "name": "FlexContainer_0"
                },
                "position": {
                  "basis": "20px",
                  "shrink": 0
                },
                "type": "ia.container.flex"
              },
              {
                "meta": {
                  "name": "Label"
                },
                "position": {
                  "basis": "50px",
                  "grow": 1
                },
                "propConfig": {
                  "props.textStyle.color": {
                    "binding": {
                      "config": {
                        "path": "view.custom.Tab"
                      },
                      "transforms": [
                        {
                          "code": "\tif value\u003d\u003d1:\n\t\treturn \u0027#257A8C\u0027\n\telse:\n\t\treturn \u0027#595959\u0027\t\n\t\t",
                          "type": "script"
                        }
                      ],
                      "type": "property"
                    }
                  }
                },
                "props": {
                  "text": "Dross Report",
                  "textStyle": {
                    "fontFamily": "Roboto",
                    "fontSize": 14,
                    "fontWeight": 500,
                    "textAlign": "center"
                  }
                },
                "type": "ia.display.label"
              },
              {
                "meta": {
                  "name": "FlexContainer"
                },
                "position": {
                  "basis": "5px",
                  "shrink": 0
                },
                "propConfig": {
                  "props.style.backgroundColor": {
                    "binding": {
                      "config": {
                        "path": "view.custom.Tab"
                      },
                      "transforms": [
                        {
                          "code": "\tif value\u003d\u003d1:\n\t\treturn \u0027#257A8C\u0027\n\telse:\n\t\treturn \u0027#FFFFFF\u0027\t",
                          "type": "script"
                        }
                      ],
                      "type": "property"
                    }
                  }
                },
                "props": {
                  "style": {
                    "borderBottomLeftRadius": 4,
                    "borderBottomRightRadius": 4,
                    "borderTopLeftRadius": 4,
                    "borderTopRightRadius": 4,
                    "margin": 15
                  }
                },
                "type": "ia.container.flex"
              }
            ],
            "events": {
              "dom": {
                "onClick": {
                  "config": {
                    "script": "\tself.view.custom.Tab\u003d1\n#\tChange view path and params in Embeded view\n\tself.parent.parent.getChild(\"EmbeddedView\").props.path\u003d\u0027Reports/DrossReport\u0027"
                  },
                  "scope": "G",
                  "type": "script"
                }
              }
            },
            "meta": {
              "name": "Tab1"
            },
            "position": {
              "basis": "100px",
              "shrink": 0
            },
            "props": {
              "direction": "column",
              "style": {
                "fontSize": 14,
                "overflow": "hidden"
              }
            },
            "type": "ia.container.flex"
          },
          {
            "children": [
              {
                "meta": {
                  "name": "FlexContainer_0"
                },
                "position": {
                  "basis": "20px",
                  "shrink": 0
                },
                "type": "ia.container.flex"
              },
              {
                "meta": {
                  "name": "Label"
                },
                "position": {
                  "basis": "50px",
                  "grow": 1
                },
                "propConfig": {
                  "props.textStyle.color": {
                    "binding": {
                      "config": {
                        "path": "view.custom.Tab"
                      },
                      "transforms": [
                        {
                          "code": "\tif value\u003d\u003d2:\n\t\treturn \u0027#257A8C\u0027\n\telse:\n\t\treturn \u0027#595959\u0027\t\n\t\t",
                          "type": "script"
                        }
                      ],
                      "type": "property"
                    }
                  }
                },
                "props": {
                  "text": "Log Stand",
                  "textStyle": {
                    "fontFamily": "Roboto",
                    "fontSize": 14,
                    "fontWeight": 500,
                    "textAlign": "center"
                  }
                },
                "type": "ia.display.label"
              },
              {
                "meta": {
                  "name": "FlexContainer"
                },
                "position": {
                  "basis": "5px",
                  "shrink": 0
                },
                "propConfig": {
                  "props.style.backgroundColor": {
                    "binding": {
                      "config": {
                        "path": "view.custom.Tab"
                      },
                      "transforms": [
                        {
                          "code": "\tif value\u003d\u003d2:\n\t\treturn \u0027#257A8C\u0027\n\telse:\n\t\treturn \u0027#FFFFFF\u0027\t",
                          "type": "script"
                        }
                      ],
                      "type": "property"
                    }
                  }
                },
                "props": {
                  "style": {
                    "borderBottomLeftRadius": 4,
                    "borderBottomRightRadius": 4,
                    "borderTopLeftRadius": 4,
                    "borderTopRightRadius": 4,
                    "margin": 15
                  }
                },
                "type": "ia.container.flex"
              }
            ],
            "events": {
              "dom": {
                "onClick": {
                  "config": {
                    "script": "\tself.view.custom.Tab\u003d2\n\t\n\t#\tChange view path and params in Embeded view\n\tself.parent.parent.getChild(\"EmbeddedView\").props.path\u003d\u0027Reports/Log_Stand\u0027"
                  },
                  "scope": "G",
                  "type": "script"
                }
              }
            },
            "meta": {
              "name": "Tab2"
            },
            "position": {
              "basis": "100px",
              "shrink": 0
            },
            "props": {
              "direction": "column",
              "style": {
                "fontSize": 14,
                "overflow": "hidden"
              }
            },
            "type": "ia.container.flex"
          },
          {
            "children": [
              {
                "meta": {
                  "name": "FlexContainer_0"
                },
                "position": {
                  "basis": "20px",
                  "shrink": 0
                },
                "type": "ia.container.flex"
              },
              {
                "meta": {
                  "name": "Label"
                },
                "position": {
                  "basis": "50px",
                  "grow": 1
                },
                "propConfig": {
                  "props.textStyle.color": {
                    "binding": {
                      "config": {
                        "path": "view.custom.Tab"
                      },
                      "transforms": [
                        {
                          "code": "\tif value\u003d\u003d3:\n\t\treturn \u0027#257A8C\u0027\n\telse:\n\t\treturn \u0027#595959\u0027\t\n\t\t",
                          "type": "script"
                        }
                      ],
                      "type": "property"
                    }
                  }
                },
                "props": {
                  "text": "Melting",
                  "textStyle": {
                    "fontFamily": "Roboto",
                    "fontSize": 14,
                    "fontWeight": 500,
                    "textAlign": "center"
                  }
                },
                "type": "ia.display.label"
              },
              {
                "meta": {
                  "name": "FlexContainer"
                },
                "position": {
                  "basis": "5px",
                  "shrink": 0
                },
                "propConfig": {
                  "props.style.backgroundColor": {
                    "binding": {
                      "config": {
                        "path": "view.custom.Tab"
                      },
                      "overlayOptOut": true,
                      "transforms": [
                        {
                          "code": "\tif value\u003d\u003d3:\n\t\treturn \u0027#257A8C\u0027\n\telse:\n\t\treturn \u0027#FFFFFF\u0027\t",
                          "type": "script"
                        }
                      ],
                      "type": "property"
                    }
                  }
                },
                "props": {
                  "style": {
                    "borderBottomLeftRadius": 4,
                    "borderBottomRightRadius": 4,
                    "borderTopLeftRadius": 4,
                    "borderTopRightRadius": 4,
                    "margin": 15
                  }
                },
                "type": "ia.container.flex"
              }
            ],
            "events": {
              "dom": {
                "onClick": {
                  "config": {
                    "script": "\tself.view.custom.Tab\u003d3\n\t\n\t#\tChange view path and params in Embeded view\n\tself.parent.parent.getChild(\"EmbeddedView\").props.path\u003d\u0027Reports/Melting\u0027"
                  },
                  "scope": "G",
                  "type": "script"
                }
              }
            },
            "meta": {
              "name": "Tab3"
            },
            "position": {
              "basis": "100px",
              "shrink": 0
            },
            "props": {
              "direction": "column",
              "style": {
                "fontSize": 14,
                "overflow": "hidden"
              }
            },
            "type": "ia.container.flex"
          },
          {
            "children": [
              {
                "meta": {
                  "name": "FlexContainer_0"
                },
                "position": {
                  "basis": "20px",
                  "shrink": 0
                },
                "type": "ia.container.flex"
              },
              {
                "meta": {
                  "name": "Label"
                },
                "position": {
                  "basis": "50px",
                  "grow": 1
                },
                "propConfig": {
                  "props.textStyle.color": {
                    "binding": {
                      "config": {
                        "path": "view.custom.Tab"
                      },
                      "overlayOptOut": true,
                      "transforms": [
                        {
                          "code": "\tif value\u003d\u003d4:\n\t\treturn \u0027#257A8C\u0027\n\telse:\n\t\treturn \u0027#595959\u0027\t\n\t\t",
                          "type": "script"
                        }
                      ],
                      "type": "property"
                    }
                  }
                },
                "props": {
                  "text": "Holding",
                  "textStyle": {
                    "fontFamily": "Roboto",
                    "fontSize": 14,
                    "fontWeight": 500,
                    "textAlign": "center"
                  }
                },
                "type": "ia.display.label"
              },
              {
                "meta": {
                  "name": "FlexContainer"
                },
                "position": {
                  "basis": "5px",
                  "shrink": 0
                },
                "propConfig": {
                  "props.style.backgroundColor": {
                    "binding": {
                      "config": {
                        "path": "view.custom.Tab"
                      },
                      "overlayOptOut": true,
                      "transforms": [
                        {
                          "code": "\tif value\u003d\u003d4:\n\t\treturn \u0027#257A8C\u0027\n\telse:\n\t\treturn \u0027#FFFFFF\u0027\t",
                          "type": "script"
                        }
                      ],
                      "type": "property"
                    }
                  }
                },
                "props": {
                  "style": {
                    "borderBottomLeftRadius": 4,
                    "borderBottomRightRadius": 4,
                    "borderTopLeftRadius": 4,
                    "borderTopRightRadius": 4,
                    "margin": 15
                  }
                },
                "type": "ia.container.flex"
              }
            ],
            "events": {
              "dom": {
                "onClick": {
                  "config": {
                    "script": "\tself.view.custom.Tab\u003d4\n\t\n\t#\tChange view path and params in Embeded view\n\tself.parent.parent.getChild(\"EmbeddedView\").props.path\u003d\u0027Reports/Holding\u0027"
                  },
                  "scope": "G",
                  "type": "script"
                }
              }
            },
            "meta": {
              "name": "Tab4"
            },
            "position": {
              "basis": "100px",
              "shrink": 0
            },
            "props": {
              "direction": "column",
              "style": {
                "fontSize": 14,
                "overflow": "hidden"
              }
            },
            "type": "ia.container.flex"
          },
          {
            "children": [
              {
                "meta": {
                  "name": "FlexContainer_0"
                },
                "position": {
                  "basis": "20px",
                  "shrink": 0
                },
                "type": "ia.container.flex"
              },
              {
                "meta": {
                  "name": "Label"
                },
                "position": {
                  "basis": "50px",
                  "grow": 1
                },
                "propConfig": {
                  "props.textStyle.color": {
                    "binding": {
                      "config": {
                        "path": "view.custom.Tab"
                      },
                      "overlayOptOut": true,
                      "transforms": [
                        {
                          "code": "\tif value\u003d\u003d5:\n\t\treturn \u0027#257A8C\u0027\n\telse:\n\t\treturn \u0027#595959\u0027\t\n\t\t",
                          "type": "script"
                        }
                      ],
                      "type": "property"
                    }
                  }
                },
                "props": {
                  "text": "Casting",
                  "textStyle": {
                    "fontFamily": "Roboto",
                    "fontSize": 14,
                    "fontWeight": 500,
                    "textAlign": "center"
                  }
                },
                "type": "ia.display.label"
              },
              {
                "meta": {
                  "name": "FlexContainer"
                },
                "position": {
                  "basis": "5px",
                  "shrink": 0
                },
                "propConfig": {
                  "props.style.backgroundColor": {
                    "binding": {
                      "config": {
                        "path": "view.custom.Tab"
                      },
                      "overlayOptOut": true,
                      "transforms": [
                        {
                          "code": "\tif value\u003d\u003d5:\n\t\treturn \u0027#257A8C\u0027\n\telse:\n\t\treturn \u0027#FFFFFF\u0027\t",
                          "type": "script"
                        }
                      ],
                      "type": "property"
                    }
                  }
                },
                "props": {
                  "style": {
                    "borderBottomLeftRadius": 4,
                    "borderBottomRightRadius": 4,
                    "borderTopLeftRadius": 4,
                    "borderTopRightRadius": 4,
                    "margin": 15
                  }
                },
                "type": "ia.container.flex"
              }
            ],
            "events": {
              "dom": {
                "onClick": {
                  "config": {
                    "script": "\tself.view.custom.Tab\u003d5\n\t\n\t#\tChange view path and params in Embeded view\n\tself.parent.parent.getChild(\"EmbeddedView\").props.path\u003d\u0027Reports/Casting\u0027"
                  },
                  "scope": "G",
                  "type": "script"
                }
              }
            },
            "meta": {
              "name": "Tab5"
            },
            "position": {
              "basis": "100px",
              "shrink": 0
            },
            "props": {
              "direction": "column",
              "style": {
                "fontSize": 14,
                "overflow": "hidden"
              }
            },
            "type": "ia.container.flex"
          },
          {
            "children": [
              {
                "meta": {
                  "name": "FlexContainer_0"
                },
                "position": {
                  "basis": "20px",
                  "shrink": 0
                },
                "type": "ia.container.flex"
              },
              {
                "meta": {
                  "name": "Label"
                },
                "position": {
                  "basis": "50px",
                  "grow": 1
                },
                "propConfig": {
                  "props.textStyle.color": {
                    "binding": {
                      "config": {
                        "path": "view.custom.Tab"
                      },
                      "overlayOptOut": true,
                      "transforms": [
                        {
                          "code": "\tif value\u003d\u003d6:\n\t\treturn \u0027#257A8C\u0027\n\telse:\n\t\treturn \u0027#595959\u0027\t\n\t\t",
                          "type": "script"
                        }
                      ],
                      "type": "property"
                    }
                  }
                },
                "props": {
                  "text": "End Cutt",
                  "textStyle": {
                    "fontFamily": "Roboto",
                    "fontSize": 14,
                    "fontWeight": 500,
                    "textAlign": "center"
                  }
                },
                "type": "ia.display.label"
              },
              {
                "meta": {
                  "name": "FlexContainer"
                },
                "position": {
                  "basis": "5px",
                  "shrink": 0
                },
                "propConfig": {
                  "props.style.backgroundColor": {
                    "binding": {
                      "config": {
                        "path": "view.custom.Tab"
                      },
                      "overlayOptOut": true,
                      "transforms": [
                        {
                          "code": "\tif value\u003d\u003d6:\n\t\treturn \u0027#257A8C\u0027\n\telse:\n\t\treturn \u0027#FFFFFF\u0027\t",
                          "type": "script"
                        }
                      ],
                      "type": "property"
                    }
                  }
                },
                "props": {
                  "style": {
                    "borderBottomLeftRadius": 4,
                    "borderBottomRightRadius": 4,
                    "borderTopLeftRadius": 4,
                    "borderTopRightRadius": 4,
                    "margin": 15
                  }
                },
                "type": "ia.container.flex"
              }
            ],
            "events": {
              "dom": {
                "onClick": {
                  "config": {
                    "script": "\tself.view.custom.Tab\u003d6\n\t\n\t#\tChange view path and params in Embeded view\n\tself.parent.parent.getChild(\"EmbeddedView\").props.path\u003d\u0027Reports/EndCutt\u0027"
                  },
                  "scope": "G",
                  "type": "script"
                }
              }
            },
            "meta": {
              "name": "Tab6"
            },
            "position": {
              "basis": "100px",
              "shrink": 0
            },
            "props": {
              "direction": "column",
              "style": {
                "fontSize": 14,
                "overflow": "hidden"
              }
            },
            "type": "ia.container.flex"
          },
          {
            "children": [
              {
                "meta": {
                  "name": "FlexContainer_0"
                },
                "position": {
                  "basis": "20px",
                  "shrink": 0
                },
                "type": "ia.container.flex"
              },
              {
                "meta": {
                  "name": "Label"
                },
                "position": {
                  "basis": "50px",
                  "grow": 1
                },
                "propConfig": {
                  "props.textStyle.color": {
                    "binding": {
                      "config": {
                        "path": "view.custom.Tab"
                      },
                      "overlayOptOut": true,
                      "transforms": [
                        {
                          "code": "\tif value\u003d\u003d7:\n\t\treturn \u0027#257A8C\u0027\n\telse:\n\t\treturn \u0027#595959\u0027\t\n\t\t",
                          "type": "script"
                        }
                      ],
                      "type": "property"
                    }
                  }
                },
                "props": {
                  "text": "Homogenizing",
                  "textStyle": {
                    "fontFamily": "Roboto",
                    "fontSize": 14,
                    "fontWeight": 500,
                    "textAlign": "center"
                  }
                },
                "type": "ia.display.label"
              },
              {
                "meta": {
                  "name": "FlexContainer"
                },
                "position": {
                  "basis": "5px",
                  "shrink": 0
                },
                "propConfig": {
                  "props.style.backgroundColor": {
                    "binding": {
                      "config": {
                        "path": "view.custom.Tab"
                      },
                      "overlayOptOut": true,
                      "transforms": [
                        {
                          "code": "\tif value\u003d\u003d7:\n\t\treturn \u0027#257A8C\u0027\n\telse:\n\t\treturn \u0027#FFFFFF\u0027\t",
                          "type": "script"
                        }
                      ],
                      "type": "property"
                    }
                  }
                },
                "props": {
                  "style": {
                    "borderBottomLeftRadius": 4,
                    "borderBottomRightRadius": 4,
                    "borderTopLeftRadius": 4,
                    "borderTopRightRadius": 4,
                    "margin": 15
                  }
                },
                "type": "ia.container.flex"
              }
            ],
            "events": {
              "dom": {
                "onClick": {
                  "config": {
                    "script": "\tself.view.custom.Tab\u003d7\n\t\n\t#\tChange view path and params in Embeded view\n\tself.parent.parent.getChild(\"EmbeddedView\").props.path\u003d\u0027Reports/Homog\u0027"
                  },
                  "scope": "G",
                  "type": "script"
                }
              }
            },
            "meta": {
              "name": "Tab7"
            },
            "position": {
              "basis": "100px",
              "shrink": 0
            },
            "props": {
              "direction": "column",
              "style": {
                "fontSize": 14,
                "overflow": "hidden"
              }
            },
            "type": "ia.container.flex"
          },
          {
            "children": [
              {
                "meta": {
                  "name": "FlexContainer_0"
                },
                "position": {
                  "basis": "20px",
                  "shrink": 0
                },
                "type": "ia.container.flex"
              },
              {
                "meta": {
                  "name": "Label"
                },
                "position": {
                  "basis": "50px",
                  "grow": 1
                },
                "propConfig": {
                  "props.textStyle.color": {
                    "binding": {
                      "config": {
                        "path": "view.custom.Tab"
                      },
                      "overlayOptOut": true,
                      "transforms": [
                        {
                          "code": "\tif value\u003d\u003d8:\n\t\treturn \u0027#257A8C\u0027\n\telse:\n\t\treturn \u0027#595959\u0027\t\n\t\t",
                          "type": "script"
                        }
                      ],
                      "type": "property"
                    }
                  }
                },
                "props": {
                  "text": "Log Cast",
                  "textStyle": {
                    "fontFamily": "Roboto",
                    "fontSize": 14,
                    "fontWeight": 500,
                    "textAlign": "center"
                  }
                },
                "type": "ia.display.label"
              },
              {
                "meta": {
                  "name": "FlexContainer"
                },
                "position": {
                  "basis": "5px",
                  "shrink": 0
                },
                "propConfig": {
                  "props.style.backgroundColor": {
                    "binding": {
                      "config": {
                        "path": "view.custom.Tab"
                      },
                      "overlayOptOut": true,
                      "transforms": [
                        {
                          "code": "\tif value\u003d\u003d8:\n\t\treturn \u0027#257A8C\u0027\n\telse:\n\t\treturn \u0027#FFFFFF\u0027\t",
                          "type": "script"
                        }
                      ],
                      "type": "property"
                    }
                  }
                },
                "props": {
                  "style": {
                    "borderBottomLeftRadius": 4,
                    "borderBottomRightRadius": 4,
                    "borderTopLeftRadius": 4,
                    "borderTopRightRadius": 4,
                    "margin": 15
                  }
                },
                "type": "ia.container.flex"
              }
            ],
            "events": {
              "dom": {
                "onClick": {
                  "config": {
                    "script": "\tself.view.custom.Tab\u003d8\n\t\n\t#\tChange view path and params in Embeded view\n\tself.parent.parent.getChild(\"EmbeddedView\").props.path\u003d\u0027Reports/Logcast\u0027"
                  },
                  "scope": "G",
                  "type": "script"
                }
              }
            },
            "meta": {
              "name": "Tab8"
            },
            "position": {
              "basis": "100px",
              "shrink": 0
            },
            "props": {
              "direction": "column",
              "style": {
                "fontSize": 14,
                "overflow": "hidden"
              }
            },
            "type": "ia.container.flex"
          },
          {
            "children": [
              {
                "meta": {
                  "name": "FlexContainer_0"
                },
                "position": {
                  "basis": "20px",
                  "shrink": 0
                },
                "type": "ia.container.flex"
              },
              {
                "meta": {
                  "name": "Label"
                },
                "position": {
                  "basis": "50px",
                  "grow": 1
                },
                "propConfig": {
                  "props.textStyle.color": {
                    "binding": {
                      "config": {
                        "path": "view.custom.Tab"
                      },
                      "overlayOptOut": true,
                      "transforms": [
                        {
                          "code": "\tif value\u003d\u003d9:\n\t\treturn \u0027#257A8C\u0027\n\telse:\n\t\treturn \u0027#595959\u0027\t\n\t\t",
                          "type": "script"
                        }
                      ],
                      "type": "property"
                    }
                  }
                },
                "props": {
                  "text": "Raw Material",
                  "textStyle": {
                    "fontFamily": "Roboto",
                    "fontSize": 14,
                    "fontWeight": 500,
                    "textAlign": "center"
                  }
                },
                "type": "ia.display.label"
              },
              {
                "meta": {
                  "name": "FlexContainer"
                },
                "position": {
                  "basis": "5px",
                  "shrink": 0
                },
                "propConfig": {
                  "props.style.backgroundColor": {
                    "binding": {
                      "config": {
                        "path": "view.custom.Tab"
                      },
                      "overlayOptOut": true,
                      "transforms": [
                        {
                          "code": "\tif value\u003d\u003d9:\n\t\treturn \u0027#257A8C\u0027\n\telse:\n\t\treturn \u0027#FFFFFF\u0027\t",
                          "type": "script"
                        }
                      ],
                      "type": "property"
                    }
                  }
                },
                "props": {
                  "style": {
                    "borderBottomLeftRadius": 4,
                    "borderBottomRightRadius": 4,
                    "borderTopLeftRadius": 4,
                    "borderTopRightRadius": 4,
                    "margin": 15
                  }
                },
                "type": "ia.container.flex"
              }
            ],
            "events": {
              "dom": {
                "onClick": {
                  "config": {
                    "script": "\tself.view.custom.Tab\u003d9\n\t\n\t#\tChange view path and params in Embeded view\n\tself.parent.parent.getChild(\"EmbeddedView\").props.path\u003d\u0027Reports/RM\u0027"
                  },
                  "scope": "G",
                  "type": "script"
                }
              }
            },
            "meta": {
              "name": "Tab9"
            },
            "position": {
              "basis": "100px",
              "shrink": 0
            },
            "props": {
              "direction": "column",
              "style": {
                "fontSize": 14,
                "overflow": "hidden"
              }
            },
            "type": "ia.container.flex"
          },
          {
            "children": [
              {
                "meta": {
                  "name": "FlexContainer_0"
                },
                "position": {
                  "basis": "20px",
                  "shrink": 0
                },
                "type": "ia.container.flex"
              },
              {
                "meta": {
                  "name": "Label"
                },
                "position": {
                  "basis": "50px",
                  "grow": 1
                },
                "propConfig": {
                  "props.textStyle.color": {
                    "binding": {
                      "config": {
                        "path": "view.custom.Tab"
                      },
                      "overlayOptOut": true,
                      "transforms": [
                        {
                          "code": "\tif value\u003d\u003d10:\n\t\treturn \u0027#257A8C\u0027\n\telse:\n\t\treturn \u0027#595959\u0027\t\n\t\t",
                          "type": "script"
                        }
                      ],
                      "type": "property"
                    }
                  }
                },
                "props": {
                  "text": "LS",
                  "textStyle": {
                    "fontFamily": "Roboto",
                    "fontSize": 14,
                    "fontWeight": 500,
                    "textAlign": "center"
                  }
                },
                "type": "ia.display.label"
              },
              {
                "meta": {
                  "name": "FlexContainer"
                },
                "position": {
                  "basis": "5px",
                  "shrink": 0
                },
                "propConfig": {
                  "props.style.backgroundColor": {
                    "binding": {
                      "config": {
                        "path": "view.custom.Tab"
                      },
                      "overlayOptOut": true,
                      "transforms": [
                        {
                          "code": "\tif value\u003d\u003d10:\n\t\treturn \u0027#257A8C\u0027\n\telse:\n\t\treturn \u0027#FFFFFF\u0027\t",
                          "type": "script"
                        }
                      ],
                      "type": "property"
                    }
                  }
                },
                "props": {
                  "style": {
                    "borderBottomLeftRadius": 4,
                    "borderBottomRightRadius": 4,
                    "borderTopLeftRadius": 4,
                    "borderTopRightRadius": 4,
                    "margin": 15
                  }
                },
                "type": "ia.container.flex"
              }
            ],
            "events": {
              "dom": {
                "onClick": {
                  "config": {
                    "script": "\tself.view.custom.Tab\u003d10\n\t\n\t#\tChange view path and params in Embeded view\n\tself.parent.parent.getChild(\"EmbeddedView\").props.path\u003d\u0027Reports/LS\u0027"
                  },
                  "scope": "G",
                  "type": "script"
                }
              }
            },
            "meta": {
              "name": "Tab10"
            },
            "position": {
              "basis": "100px",
              "shrink": 0
            },
            "props": {
              "direction": "column",
              "style": {
                "fontSize": 14,
                "overflow": "hidden"
              }
            },
            "type": "ia.container.flex"
          },
          {
            "children": [
              {
                "events": {
                  "dom": {
                    "onClick": {
                      "config": {
                        "script": "\tfrom datetime import datetime\n\t\t\n\t#Set the filename with current timestamp\n\tcurrentDateTime \u003d datetime.now()\n\t\n\ttabNo \u003d self.view.custom.Tab\n\tfileName \u003d \"data_\" + str(currentDateTime.strftime(\"%Y%m%d%H%M%S\")) + \".xlsx\"\n\treportCols \u003d []\n\tif tabNo \u003d\u003d 1:\n\t\tfileName \u003d \"DrossReport_\" + str(currentDateTime.strftime(\"%Y%m%d%H%M%S\")) + \".xlsx\"\n\t\treportCols \u003d [\"Prod Order\", \"Operation\", \"DateTime\", \"MaterialCode\", \"MaterialDescription\", \"MaterialSelection\", \"Batch\", \"Quantity\", \"Quantity Uom\", \"Total\"]\n\telif tabNo \u003d\u003d 2:\n\t\tfileName \u003d \"MyData\" + str(currentDateTime.strftime(\"%Y%m%d%H%M%S\")) + \".xlsx\"\n\t\treportCols \u003d [\"ColName1\", \"ColName2\"]\n\telse:\n\t\tfileName \u003d \"data_\" + str(currentDateTime.strftime(\"%Y%m%d%H%M%S\")) + \".xlsx\"\n\t\treportCols \u003d []\n\t\t\n\t# From PyDataSet\n\tdata \u003d self.parent.parent.parent.getChild(\"EmbeddedView\").props.params.downloadData\n\theaders \u003d system.dataset.getColumnHeaders(data)\n\n\tnewData\u003d[]\n\tfor rowIndex in range(data.rowCount):\n\t\trow \u003d [data.getValueAt(rowIndex,col) for col in range(data.columnCount)]\n\t\tnewData.append(row)\n\t\n\tXLSFormat \u003d system.dataset.toExcel(True,[data])\n\tsystem.perspective.download(fileName, XLSFormat)\n\t"
                      },
                      "scope": "G",
                      "type": "script"
                    }
                  }
                },
                "meta": {
                  "name": "Icon"
                },
                "position": {
                  "basis": "30px"
                },
                "propConfig": {
                  "position.display": {
                    "binding": {
                      "config": {
                        "path": "view.custom.Tab"
                      },
                      "transforms": [
                        {
                          "code": "\tif value in(1,2,3,4,5,6,7,8,9,10):\n\t\treturn True\n\telse:\n\t\treturn False\n\t",
                          "type": "script"
                        }
                      ],
                      "type": "property"
                    }
                  }
                },
                "props": {
                  "color": "#3F5462",
                  "path": "material/arrow_circle_down"
                },
                "type": "ia.display.icon"
              },
              {
                "events": {
                  "dom": {
                    "onClick": [
                      {
                        "config": {
                          "script": "\tstartDate \u003d self.getSibling(\"DateTimeInput\").props.formattedValue\n\tsystem.perspective.print(startDate)\n\tendDate \u003d self.getSibling(\"DateTimeInput_0\").props.formattedValue\n\tsystem.perspective.print(endDate)\n\ttab \u003d self.view.custom.Tab\n\toverrides \u003d {\"StartDate\":startDate, \"EndDate\":endDate}\n\tif tab\u003d\u003d1:\n\t\tdata \u003d system.report.executeReport(path\u003d\"Dross\",parameters\u003doverrides)\n\t\tsystem.perspective.download(\u0027Dro.pdf\u0027, data)\n\telif tab\u003d\u003d3:\n\t\tdata \u003d system.report.executeReport(path\u003d\"Melting\",parameters\u003doverrides)\n\t\tsystem.perspective.download(\u0027Melt.pdf\u0027, data)\n\telse:\n\t\tprint \u0027Not possible\u0027\t"
                        },
                        "enabled": false,
                        "scope": "G",
                        "type": "script"
                      },
                      {
                        "config": {
                          "script": "\tsystem.perspective.print(\u0027PDF clicked\u0027)\n"
                        },
                        "enabled": false,
                        "scope": "G",
                        "type": "script"
                      },
                      {
                        "config": {
                          "draggable": true,
                          "id": "b_Grn99k",
                          "modal": false,
                          "overlayDismiss": false,
                          "position": {
                            "bottom": 50,
                            "left": 50,
                            "right": 50,
                            "top": 50
                          },
                          "positionType": "exact",
                          "resizable": true,
                          "showCloseIcon": true,
                          "type": "open",
                          "viewParams": {
                            "from": "{/root/Tab/FlexContainer_1/DateTimeInput.props.value}",
                            "screen": "{view.custom.screen}",
                            "to": "{/root/Tab/FlexContainer_1/DateTimeInput_0.props.value}"
                          },
                          "viewPath": "Reports/ReportPopup",
                          "viewportBound": false
                        },
                        "scope": "C",
                        "type": "popup"
                      },
                      {
                        "config": {
                          "script": "\ttab \u003d self.view.custom.Tab\n\tif tab \u003d\u003d 2:\n\t\tself.meta.visible \u003d false"
                        },
                        "enabled": false,
                        "scope": "G",
                        "type": "script"
                      }
                    ]
                  }
                },
                "meta": {
                  "name": "Icon_0"
                },
                "position": {
                  "basis": "30px"
                },
                "propConfig": {
                  "meta.visible": {
                    "binding": {
                      "config": {
                        "path": "view.custom.screen"
                      },
                      "transforms": [
                        {
                          "code": "\tif value\u003d\u003d\u0027Log Stand\u0027:\n\t\treturn False\n\telse:\n\t\treturn True",
                          "type": "script"
                        }
                      ],
                      "type": "property"
                    }
                  }
                },
                "props": {
                  "path": "material/picture_as_pdf"
                },
                "type": "ia.display.icon"
              },
              {
                "meta": {
                  "name": "Label"
                },
                "position": {
                  "basis": "50px",
                  "shrink": 0
                },
                "propConfig": {
                  "props.textStyle.color": {
                    "binding": {
                      "config": {
                        "path": "view.custom.Tab"
                      },
                      "transforms": [
                        {
                          "code": "\tif value\u003d\u003d2:\n\t\treturn \u0027#257A8C\u0027\n\telse:\n\t\treturn \u0027#595959\u0027\t\n\t\t",
                          "type": "script"
                        }
                      ],
                      "type": "property"
                    }
                  }
                },
                "props": {
                  "text": "From - ",
                  "textStyle": {
                    "fontFamily": "Roboto",
                    "fontSize": 14,
                    "fontWeight": 500,
                    "textAlign": "left"
                  }
                },
                "type": "ia.display.label"
              },
              {
                "events": {
                  "system": {
                    "onStartup": {
                      "config": {
                        "script": "\tTo\u003dsystem.date.now()\n\tdays\u003dself.getSibling(\"Button_0\").custom.No_of_Months\n\tD\u003dself.getSibling(\"Button_0\").custom.No_of_Days\n#\tMdate\u003dsystem.date.addMonths(To, -days)\n\tMdate\u003dsystem.date.addDays(To, -D)\n\tself.props.value\u003dMdate"
                      },
                      "scope": "G",
                      "type": "script"
                    }
                  }
                },
                "meta": {
                  "name": "DateTimeInput"
                },
                "position": {
                  "basis": "100px",
                  "shrink": 0
                },
                "props": {
                  "format": "DD-MM-YYYY",
                  "formattedValue": "26-02-2024",
                  "pickerType": "date",
                  "style": {
                    "marginBottom": 5,
                    "marginRight": 15,
                    "marginTop": 8
                  },
                  "value": {
                    "$": [
                      "ts",
                      192,
                      1709551827756
                    ],
                    "$ts": 1708947027754
                  }
                },
                "type": "ia.input.date-time-input"
              },
              {
                "meta": {
                  "name": "Label_0"
                },
                "position": {
                  "basis": "30px",
                  "shrink": 0
                },
                "propConfig": {
                  "props.textStyle.color": {
                    "binding": {
                      "config": {
                        "path": "view.custom.Tab"
                      },
                      "transforms": [
                        {
                          "code": "\tif value\u003d\u003d2:\n\t\treturn \u0027#257A8C\u0027\n\telse:\n\t\treturn \u0027#595959\u0027\t\n\t\t",
                          "type": "script"
                        }
                      ],
                      "type": "property"
                    }
                  }
                },
                "props": {
                  "text": "To - ",
                  "textStyle": {
                    "fontFamily": "Roboto",
                    "fontSize": 14,
                    "fontWeight": 500,
                    "textAlign": "left"
                  }
                },
                "type": "ia.display.label"
              },
              {
                "events": {
                  "system": {
                    "onStartup": {
                      "config": {
                        "script": "\tself.props.value\u003dsystem.date.now()"
                      },
                      "scope": "G",
                      "type": "script"
                    }
                  }
                },
                "meta": {
                  "name": "DateTimeInput_0"
                },
                "position": {
                  "basis": "100px",
                  "shrink": 0
                },
                "props": {
                  "format": "DD-MM-YYYY",
                  "formattedValue": "04-03-2024",
                  "pickerType": "date",
                  "style": {
                    "marginBottom": 5,
                    "marginRight": 15,
                    "marginTop": 8
                  },
                  "value": {
                    "$": [
                      "ts",
                      192,
                      1709551827754
                    ],
                    "$ts": 1709551827754
                  }
                },
                "type": "ia.input.date-time-input"
              },
              {
                "events": {
                  "dom": {
                    "onClick": {
                      "config": {
                        "script": "#\tFrom \n\t#Collect the datetime from from component to Variable A1\n\tA1\u003dself.getSibling(\"DateTimeInput\").props.value\n\tB1\u003dsystem.date.setTime(A1,0,0,0)\n\tSFDay\u003dsystem.date.getDayOfYear(A1)\n\tself.parent.parent.parent.getChild(\"EmbeddedView\").props.params.FromDate\u003dB1\n\t\n#\tTO\n\t# Collect datetime from To component to Variable A\n\tA\u003dself.getSibling(\"DateTimeInput_0\").props.value\n\tSTDay\u003dsystem.date.getDayOfYear(A)\n\t# Modify the time as 23:59:59\n\tif SFDay\u003d\u003dSTDay:\n\t\tB\u003dsystem.date.addDays(A1, 1)\n\telse:\t\n\t\tB\u003dsystem.date.setTime(A,23, 59, 59)\n\t# Pass to the Embed view\n\tself.parent.parent.parent.getChild(\"EmbeddedView\").props.params.ToDate\u003dB"
                      },
                      "scope": "G",
                      "type": "script"
                    }
                  }
                },
                "meta": {
                  "name": "Button"
                },
                "position": {
                  "basis": "64px"
                },
                "propConfig": {
                  "props.style.fontSize": {
                    "binding": {
                      "config": {
                        "path": "page.props.dimensions.primaryView.width"
                      },
                      "overlayOptOut": true,
                      "transforms": [
                        {
                          "code": "\tif value\u003c\u003d1120:\n\t\tself.props.style.marginRight\u003d2\n\t\treturn 10\n\telse:\t\n\t\tself.props.style.marginRight\u003d18\n\t\treturn 14",
                          "type": "script"
                        }
                      ],
                      "type": "property"
                    }
                  }
                },
                "props": {
                  "style": {
                    "fontFamily": "Roboto",
                    "marginBottom": 5,
                    "marginRight": 2,
                    "marginTop": 8,
                    "textAlign": "center"
                  },
                  "text": "Apply"
                },
                "type": "ia.input.button"
              },
              {
                "custom": {
                  "No_of_Days": 7,
                  "No_of_Months": 12
                },
                "events": {
                  "dom": {
                    "onClick": {
                      "config": {
                        "script": "\tTo\u003dsystem.date.now()\n\tmonth\u003dself.custom.No_of_Months\n\tDays\u003dself.custom.No_of_Days\n#\tMdate\u003dsystem.date.addMonths(To, -month)\n\tMdate\u003dsystem.date.addDays(To, -Days)\n\tself.props.value\u003dMdate\n\t\n#\tPass to To Date Component\n\tself.getSibling(\"DateTimeInput_0\").props.value\u003dTo\n\t\n#\tPass value to From Date Component\n\tself.getSibling(\"DateTimeInput\").props.value\u003dMdate\t\n\t\n#\tFrom \n\tself.parent.parent.parent.getChild(\"EmbeddedView\").props.params.FromDate\u003dMdate\n#\tTo\n\tself.parent.parent.parent.getChild(\"EmbeddedView\").props.params.ToDate\u003dTo\t"
                      },
                      "scope": "G",
                      "type": "script"
                    }
                  }
                },
                "meta": {
                  "name": "Button_0"
                },
                "position": {
                  "basis": "64px"
                },
                "propConfig": {
                  "props.style.fontSize": {
                    "binding": {
                      "config": {
                        "path": "page.props.dimensions.primaryView.width"
                      },
                      "overlayOptOut": true,
                      "transforms": [
                        {
                          "code": "\tif value\u003c\u003d1120:\n\t\tself.props.style.marginRight\u003d2\n\t\treturn 10\n\telse:\t\n\t\tself.props.style.marginRight\u003d18\n\t\treturn 14",
                          "type": "script"
                        }
                      ],
                      "type": "property"
                    }
                  }
                },
                "props": {
                  "style": {
                    "fontFamily": "Roboto",
                    "marginBottom": 5,
                    "marginRight": 2,
                    "marginTop": 8,
                    "textAlign": "center"
                  },
                  "text": "Reset",
                  "value": {
                    "$": [
                      "ts",
                      192,
                      1704890870393
                    ],
                    "$ts": 1704286070393
                  }
                },
                "type": "ia.input.button"
              }
            ],
            "meta": {
              "name": "FlexContainer_1"
            },
            "position": {
              "basis": "200px",
              "grow": 1
            },
            "props": {
              "justify": "flex-end",
              "style": {
                "paddingBottom": 8
              }
            },
            "type": "ia.container.flex"
          }
        ],
        "meta": {
          "name": "Tab"
        },
        "position": {
          "basis": "50px"
        },
        "props": {
          "justify": "flex-end",
          "style": {
            "marginTop": 5
          }
        },
        "type": "ia.container.flex"
      },
      {
        "meta": {
          "name": "FlexContainer"
        },
        "position": {
          "basis": "2px",
          "shrink": 0
        },
        "props": {
          "style": {
            "backgroundColor": "#714A4ABD",
            "borderBottomLeftRadius": 4,
            "borderBottomRightRadius": 4,
            "borderTopLeftRadius": 4,
            "borderTopRightRadius": 4,
            "marginLeft": 8,
            "marginRight": 8
          }
        },
        "type": "ia.container.flex"
      },
      {
        "events": {
          "system": {
            "onStartup": {
              "config": {
                "script": "\tself.props.params.FromDate\u003dself.parent.getChild(\"Tab\").getChild(\"FlexContainer_1\").getChild(\"DateTimeInput\").props.value\n\tself.props.params.ToDate\u003dself.parent.getChild(\"Tab\").getChild(\"FlexContainer_1\").getChild(\"DateTimeInput_0\").props.value"
              },
              "scope": "G",
              "type": "script"
            }
          }
        },
        "meta": {
          "name": "EmbeddedView"
        },
        "position": {
          "basis": "320px",
          "grow": 1
        },
        "propConfig": {
          "props.path": {
            "onChange": {
              "enabled": null,
              "script": "\tif previousValue.value!\u003dcurrentValue.value:\n\t\tself.props.params.FromDate\u003dself.parent.getChild(\"Tab\").getChild(\"FlexContainer_1\").getChild(\"DateTimeInput\").props.value\n\t\tself.props.params.ToDate\u003dself.parent.getChild(\"Tab\").getChild(\"FlexContainer_1\").getChild(\"DateTimeInput_0\").props.value\n\telse:\n\t\tself.props.params.FromDate\u003dself.parent.getChild(\"Tab\").getChild(\"FlexContainer_1\").getChild(\"DateTimeInput\").props.value\n\t\tself.props.params.ToDate\u003dself.parent.getChild(\"Tab\").getChild(\"FlexContainer_1\").getChild(\"DateTimeInput_0\").props.value\t"
            }
          }
        },
        "props": {
          "params": {
            "FromDate": {
              "$": [
                "ts",
                192,
                1709551827755
              ],
              "$ts": 1708938921566
            },
            "ToDate": {
              "$": [
                "ts",
                192,
                1709551827756
              ],
              "$ts": 1709551827754
            },
            "downloadData": {
              "$": [
                "ds",
                192,
                1709543292218
              ],
              "$columns": [
                {
                  "data": [],
                  "name": "press",
                  "type": "String"
                },
                {
                  "data": [],
                  "name": "log_id",
                  "type": "String"
                },
                {
                  "data": [],
                  "name": "sap_id",
                  "type": "String"
                },
                {
                  "data": [],
                  "name": "po",
                  "type": "String"
                },
                {
                  "data": [],
                  "name": "alloy",
                  "type": "String"
                },
                {
                  "data": [],
                  "name": "log_dia",
                  "type": "Double"
                },
                {
                  "data": [],
                  "name": "log_length",
                  "type": "Double"
                },
                {
                  "data": [],
                  "name": "log_weight",
                  "type": "Double"
                },
                {
                  "data": [],
                  "name": "log_casting_date",
                  "type": "Date"
                },
                {
                  "data": [],
                  "name": "log_inward_date",
                  "type": "Date"
                },
                {
                  "data": [],
                  "name": "log_outward_date",
                  "type": "Date"
                }
              ]
            }
          },
          "path": "Reports/Log_Stand",
          "style": {
            "marginBottom": 5,
            "marginLeft": 10,
            "marginRight": 10,
            "marginTop": 10
          }
        },
        "type": "ia.display.view"
      }
    ],
    "events": {
      "system": {
        "onStartup": {
          "config": {
            "script": "\tself.view.custom.Tab\u003d1"
          },
          "scope": "G",
          "type": "script"
        }
      }
    },
    "meta": {
      "name": "root"
    },
    "props": {
      "direction": "column",
      "style": {
        "boxShadow": ""
      }
    },
    "type": "ia.container.flex"
  }
}