{
  "custom": {},
  "params": {},
  "props": {
    "defaultSize": {
      "height": 657,
      "width": 971
    }
  },
  "root": {
    "children": [
      {
        "children": [
          {
            "meta": {
              "name": "Label"
            },
            "position": {
              "height": 108,
              "width": 199,
              "x": -0.5,
              "y": 26
            },
            "propConfig": {
              "props.text": {
                "binding": {
                  "config": {
                    "fallbackDelay": 2.5,
                    "mode": "direct",
                    "tagPath": "[B_IMS]End_Cutting/Line1/Line-1 End Cutting-2 Scanner-1/Barcode Data"
                  },
                  "type": "tag"
                }
              }
            },
            "props": {
              "textStyle": {
                "fontSize": 12
              }
            },
            "type": "ia.display.label"
          },
          {
            "meta": {
              "name": "Label_0"
            },
            "position": {
              "height": 32,
              "width": 50,
              "x": 199.6,
              "y": 26
            },
            "propConfig": {
              "props.text": {
                "binding": {
                  "config": {
                    "fallbackDelay": 2.5,
                    "mode": "direct",
                    "publishInitial": false,
                    "tagPath": "[B_IMS]End_Cutting/Line1/Line-1 End Cut Measurement-1/Log length"
                  },
                  "type": "tag"
                }
              }
            },
            "props": {
              "textStyle": {
                "fontSize": 12
              }
            },
            "type": "ia.display.label"
          },
          {
            "meta": {
              "name": "Label_1"
            },
            "position": {
              "height": 94,
              "width": 246,
              "x": 331.0453518676758,
              "y": 39.98176574707031
            },
            "propConfig": {
              "props.text": {
                "binding": {
                  "config": {
                    "fallbackDelay": 2.5,
                    "mode": "direct",
                    "publishInitial": false,
                    "tagPath": "[B_IMS]End_Cutting/Line1/Line-1 End Cutting-2 Scanner-1/Engraved Data"
                  },
                  "type": "tag"
                }
              }
            },
            "props": {
              "textStyle": {
                "fontSize": 12
              }
            },
            "type": "ia.display.label"
          },
          {
            "meta": {
              "name": "Label_2"
            },
            "position": {
              "height": 91,
              "width": 158,
              "x": 8.491073608398438,
              "y": 135.0637921142578
            },
            "propConfig": {
              "props.text": {
                "binding": {
                  "config": {
                    "fallbackDelay": 2.5,
                    "mode": "direct",
                    "publishInitial": false,
                    "tagPath": "[B_IMS]End_Cutting/Line2/Line-2 End Cutting-4 Scanner-2/Barcode Data"
                  },
                  "type": "tag"
                }
              }
            },
            "props": {
              "textStyle": {
                "fontSize": 12
              }
            },
            "type": "ia.display.label"
          },
          {
            "meta": {
              "name": "Label_3"
            },
            "position": {
              "height": 32,
              "width": 67.09000000000003,
              "x": 199.6,
              "y": 164.7
            },
            "propConfig": {
              "props.text": {
                "binding": {
                  "config": {
                    "fallbackDelay": 2.5,
                    "mode": "direct",
                    "publishInitial": false,
                    "tagPath": "[B_IMS]End_Cutting/Line2/Line-2 End Cutting-3 and Measurement-2/Log length"
                  },
                  "type": "tag"
                }
              }
            },
            "props": {
              "textStyle": {
                "fontSize": 12
              }
            },
            "type": "ia.display.label"
          },
          {
            "meta": {
              "name": "Label_4"
            },
            "position": {
              "height": 32,
              "width": 243,
              "x": 343,
              "y": 164.393
            },
            "propConfig": {
              "props.text": {
                "binding": {
                  "config": {
                    "fallbackDelay": 2.5,
                    "mode": "direct",
                    "publishInitial": false,
                    "tagPath": "[B_IMS]End_Cutting/Line2/Line-2 Engraving Scanner-2/Engraved Data"
                  },
                  "type": "tag"
                }
              }
            },
            "props": {
              "textStyle": {
                "fontSize": 12
              }
            },
            "type": "ia.display.label"
          },
          {
            "meta": {
              "name": "Label_5"
            },
            "position": {
              "height": 32,
              "width": 191,
              "x": 7.999994277954102,
              "y": 291.3822814941406
            },
            "propConfig": {
              "props.text": {
                "binding": {
                  "config": {
                    "fallbackDelay": 2.5,
                    "mode": "direct",
                    "publishInitial": false,
                    "tagPath": "[B_IMS]End_Cutting/Line3/Line-3 End Cutting-5 and Measurement-3 Scanner-3/Barcode Data"
                  },
                  "type": "tag"
                }
              }
            },
            "props": {
              "textStyle": {
                "fontSize": 12
              }
            },
            "type": "ia.display.label"
          },
          {
            "meta": {
              "name": "Label_6"
            },
            "position": {
              "height": 32,
              "width": 50,
              "x": 199.6,
              "y": 291.7
            },
            "propConfig": {
              "props.text": {
                "binding": {
                  "config": {
                    "fallbackDelay": 2.5,
                    "mode": "direct",
                    "publishInitial": false,
                    "tagPath": "[B_IMS]End_Cutting/Line3/Line-3 End Cutting-5 and Measurement-3 Scanner-3/Log length"
                  },
                  "type": "tag"
                }
              }
            },
            "props": {
              "textStyle": {
                "fontSize": 12
              }
            },
            "type": "ia.display.label"
          },
          {
            "meta": {
              "name": "Label_7"
            },
            "position": {
              "height": 32,
              "width": 233.00000000000006,
              "x": 349.08,
              "y": 292.39
            },
            "propConfig": {
              "props.text": {
                "binding": {
                  "config": {
                    "fallbackDelay": 2.5,
                    "mode": "direct",
                    "publishInitial": false,
                    "tagPath": "[B_IMS]End_Cutting/Line3/Line-3 End Cutting-5 and Measurement-3 Scanner-3/Engraved Data"
                  },
                  "type": "tag"
                }
              }
            },
            "props": {
              "textStyle": {
                "fontSize": 12
              }
            },
            "type": "ia.display.label"
          },
          {
            "meta": {
              "name": "ToggleSwitch"
            },
            "position": {
              "height": 36,
              "width": 96,
              "x": 646.672,
              "y": 22.3281
            },
            "propConfig": {
              "props.selected": {
                "binding": {
                  "config": {
                    "bidirectional": true,
                    "fallbackDelay": 2.5,
                    "mode": "direct",
                    "publishInitial": false,
                    "tagPath": "[B_IMS]End_Cutting/Line1/End Cut Blade Forward Coil1"
                  },
                  "type": "tag"
                }
              }
            },
            "type": "ia.input.toggle-switch"
          },
          {
            "meta": {
              "name": "ToggleSwitch_0"
            },
            "position": {
              "height": 36,
              "width": 96,
              "x": 685.323375,
              "y": 21.656275
            },
            "propConfig": {
              "props.selected": {
                "binding": {
                  "config": {
                    "bidirectional": true,
                    "fallbackDelay": 2.5,
                    "mode": "direct",
                    "publishInitial": false,
                    "tagPath": "[B_IMS]End_Cutting/Line1/End Cut Blade Reverse Coil"
                  },
                  "type": "tag"
                }
              }
            },
            "type": "ia.input.toggle-switch"
          },
          {
            "meta": {
              "name": "ToggleSwitch_1"
            },
            "position": {
              "height": 36,
              "width": 96,
              "x": 770.688,
              "y": 21.671875
            },
            "propConfig": {
              "props.selected": {
                "binding": {
                  "config": {
                    "bidirectional": true,
                    "fallbackDelay": 2.5,
                    "mode": "direct",
                    "publishInitial": false,
                    "tagPath": "[B_IMS]End_Cutting/Line1/Stopper Arm Up AfterLength Measurement"
                  },
                  "type": "tag"
                }
              }
            },
            "type": "ia.input.toggle-switch"
          },
          {
            "meta": {
              "name": "ToggleSwitch_2"
            },
            "position": {
              "height": 36,
              "width": 96,
              "x": 854.688,
              "y": 22.656775
            },
            "propConfig": {
              "props.selected": {
                "binding": {
                  "config": {
                    "bidirectional": true,
                    "fallbackDelay": 2.5,
                    "mode": "direct",
                    "publishInitial": false,
                    "tagPath": "[B_IMS]End_Cutting/Line1/Stopper Arm Up AfterLength Measurement"
                  },
                  "type": "tag"
                }
              }
            },
            "type": "ia.input.toggle-switch"
          },
          {
            "meta": {
              "name": "ToggleSwitch_3"
            },
            "position": {
              "height": 36,
              "width": 96,
              "x": 770.36,
              "y": 164.7
            },
            "propConfig": {
              "props.selected": {
                "binding": {
                  "config": {
                    "bidirectional": true,
                    "fallbackDelay": 2.5,
                    "mode": "direct",
                    "publishInitial": false,
                    "tagPath": "[B_IMS]End_Cutting/Line2/Flag Length Measurement Start"
                  },
                  "type": "tag"
                }
              }
            },
            "type": "ia.input.toggle-switch"
          },
          {
            "meta": {
              "name": "ToggleSwitch_4"
            },
            "position": {
              "height": 36,
              "width": 96,
              "x": 854.36,
              "y": 164.7
            },
            "propConfig": {
              "props.selected": {
                "binding": {
                  "config": {
                    "bidirectional": true,
                    "fallbackDelay": 2.5,
                    "mode": "direct",
                    "publishInitial": false,
                    "tagPath": "[B_IMS]End_Cutting/Line2/Stopper Arm Up AfterLength Measurement"
                  },
                  "type": "tag"
                }
              }
            },
            "type": "ia.input.toggle-switch"
          },
          {
            "meta": {
              "name": "ToggleSwitch_5"
            },
            "position": {
              "height": 36,
              "width": 96,
              "x": 770.36,
              "y": 291.7
            },
            "propConfig": {
              "props.selected": {
                "binding": {
                  "config": {
                    "bidirectional": true,
                    "fallbackDelay": 2.5,
                    "mode": "direct",
                    "tagPath": "[B_IMS]End_Cutting/Line3/Flag Length Measurement Start"
                  },
                  "type": "tag"
                }
              }
            },
            "type": "ia.input.toggle-switch"
          },
          {
            "meta": {
              "name": "ToggleSwitch_6"
            },
            "position": {
              "height": 36,
              "width": 96,
              "x": 854.36,
              "y": 291.7
            },
            "propConfig": {
              "props.selected": {
                "binding": {
                  "config": {
                    "bidirectional": true,
                    "fallbackDelay": 2.5,
                    "mode": "direct",
                    "publishInitial": false,
                    "tagPath": "[B_IMS]End_Cutting/Line3/Stopper Arm Up AfterLength Measurement"
                  },
                  "type": "tag"
                }
              }
            },
            "type": "ia.input.toggle-switch"
          },
          {
            "meta": {
              "name": "Label_8"
            },
            "position": {
              "height": 32,
              "width": 839,
              "x": 35.18,
              "y": 471.24
            },
            "propConfig": {
              "props.text": {
                "binding": {
                  "config": {
                    "fallbackDelay": 2.5,
                    "mode": "direct",
                    "publishInitial": false,
                    "tagPath": "[B_IMS]End_Cutting/Line1/Ref/DATA2"
                  },
                  "type": "tag"
                }
              }
            },
            "type": "ia.display.label"
          },
          {
            "meta": {
              "name": "Label_9"
            },
            "position": {
              "height": 32,
              "width": 839,
              "x": 34.3379,
              "y": 521.24
            },
            "propConfig": {
              "props.text": {
                "binding": {
                  "config": {
                    "fallbackDelay": 2.5,
                    "mode": "direct",
                    "publishInitial": false,
                    "tagPath": "[B_IMS]End_Cutting/Line2/Ref/DATA2"
                  },
                  "type": "tag"
                }
              }
            },
            "type": "ia.display.label"
          },
          {
            "meta": {
              "name": "Label_10"
            },
            "position": {
              "height": 32,
              "width": 839,
              "x": 34.3379,
              "y": 578.24
            },
            "propConfig": {
              "props.text": {
                "binding": {
                  "config": {
                    "fallbackDelay": 2.5,
                    "mode": "direct",
                    "tagPath": "[B_IMS]End_Cutting/Line3/Ref/DATA2"
                  },
                  "type": "tag"
                }
              }
            },
            "type": "ia.display.label"
          }
        ],
        "meta": {
          "name": "CoordinateContainer"
        },
        "position": {
          "basis": "200px",
          "grow": 1
        },
        "type": "ia.container.coord"
      }
    ],
    "meta": {
      "name": "root"
    },
    "props": {
      "direction": "column"
    },
    "type": "ia.container.flex"
  }
}