{
  "custom": {},
  "params": {},
  "props": {
    "defaultSize": {
      "height": 309,
      "width": 1353
    }
  },
  "root": {
    "children": [
      {
        "children": [
          {
            "children": [
              {
                "children": [
                  {
                    "meta": {
                      "name": "Label"
                    },
                    "position": {
                      "basis": "100px"
                    },
                    "props": {
                      "style": {
                        "classes": "PPC/entry_label"
                      },
                      "text": "Quantity tolerance %*"
                    },
                    "type": "ia.display.label"
                  },
                  {
                    "meta": {
                      "name": "TextField"
                    },
                    "position": {
                      "basis": "200px"
                    },
                    "props": {
                      "style": {
                        "classes": "PPC/entry_field"
                      }
                    },
                    "type": "ia.input.text-field"
                  }
                ],
                "meta": {
                  "name": "FlexContainer"
                },
                "position": {
                  "basis": "38px"
                },
                "props": {
                  "style": {
                    "overflow": "hidden"
                  }
                },
                "type": "ia.container.flex"
              },
              {
                "children": [
                  {
                    "meta": {
                      "name": "Label"
                    },
                    "position": {
                      "basis": "100px"
                    },
                    "props": {
                      "style": {
                        "classes": "PPC/entry_label"
                      },
                      "text": "Internal Alloy"
                    },
                    "type": "ia.display.label"
                  },
                  {
                    "meta": {
                      "name": "TextField"
                    },
                    "position": {
                      "basis": "200px"
                    },
                    "props": {
                      "style": {
                        "classes": "PPC/entry_field"
                      }
                    },
                    "type": "ia.input.text-field"
                  }
                ],
                "meta": {
                  "name": "FlexContainer_0"
                },
                "position": {
                  "basis": "38px"
                },
                "type": "ia.container.flex"
              },
              {
                "children": [
                  {
                    "meta": {
                      "name": "Label"
                    },
                    "position": {
                      "basis": "100px"
                    },
                    "props": {
                      "style": {
                        "classes": "PPC/entry_label"
                      },
                      "text": "Billet unit weight(kg/inch)"
                    },
                    "type": "ia.display.label"
                  },
                  {
                    "meta": {
                      "name": "TextField"
                    },
                    "position": {
                      "basis": "200px"
                    },
                    "props": {
                      "style": {
                        "classes": "PPC/entry_field"
                      }
                    },
                    "type": "ia.input.text-field"
                  }
                ],
                "meta": {
                  "name": "FlexContainer_1"
                },
                "position": {
                  "basis": "38px"
                },
                "type": "ia.container.flex"
              },
              {
                "children": [
                  {
                    "meta": {
                      "name": "Label"
                    },
                    "position": {
                      "basis": "100px"
                    },
                    "props": {
                      "style": {
                        "classes": "PPC/entry_label"
                      },
                      "text": "Die"
                    },
                    "type": "ia.display.label"
                  },
                  {
                    "meta": {
                      "name": "Dropdown"
                    },
                    "position": {
                      "basis": "200px"
                    },
                    "props": {
                      "multiSelect": true,
                      "style": {
                        "classes": "PPC/entry_field"
                      }
                    },
                    "type": "ia.input.dropdown"
                  }
                ],
                "meta": {
                  "name": "FlexContainer_2"
                },
                "position": {
                  "basis": "38px"
                },
                "type": "ia.container.flex"
              },
              {
                "children": [
                  {
                    "meta": {
                      "name": "Label"
                    },
                    "position": {
                      "basis": "100px"
                    },
                    "props": {
                      "style": {
                        "classes": "PPC/entry_label"
                      },
                      "text": "Finish"
                    },
                    "type": "ia.display.label"
                  },
                  {
                    "meta": {
                      "name": "TextField"
                    },
                    "position": {
                      "basis": "200px"
                    },
                    "props": {
                      "style": {
                        "classes": "PPC/entry_field"
                      }
                    },
                    "type": "ia.input.text-field"
                  }
                ],
                "meta": {
                  "name": "FlexContainer_3"
                },
                "position": {
                  "basis": "38px"
                },
                "type": "ia.container.flex"
              }
            ],
            "meta": {
              "name": "FlexContainer"
            },
            "position": {
              "basis": "280px"
            },
            "props": {
              "direction": "column",
              "justify": "space-between"
            },
            "type": "ia.container.flex"
          },
          {
            "children": [
              {
                "children": [
                  {
                    "meta": {
                      "name": "Label"
                    },
                    "position": {
                      "basis": "100px"
                    },
                    "props": {
                      "style": {
                        "classes": "PPC/entry_label"
                      },
                      "text": "Plant selected"
                    },
                    "type": "ia.display.label"
                  },
                  {
                    "meta": {
                      "name": "TextField"
                    },
                    "position": {
                      "basis": "200px"
                    },
                    "props": {
                      "style": {
                        "classes": "PPC/entry_field"
                      }
                    },
                    "type": "ia.input.text-field"
                  }
                ],
                "meta": {
                  "name": "FlexContainer"
                },
                "position": {
                  "basis": "38px"
                },
                "type": "ia.container.flex"
              },
              {
                "children": [
                  {
                    "meta": {
                      "name": "Label"
                    },
                    "position": {
                      "basis": "100px"
                    },
                    "props": {
                      "style": {
                        "classes": "PPC/entry_label"
                      },
                      "text": "Quenching*"
                    },
                    "type": "ia.display.label"
                  },
                  {
                    "meta": {
                      "name": "TextField"
                    },
                    "position": {
                      "basis": "200px"
                    },
                    "props": {
                      "style": {
                        "classes": "PPC/entry_field"
                      }
                    },
                    "type": "ia.input.text-field"
                  }
                ],
                "meta": {
                  "name": "FlexContainer_0"
                },
                "position": {
                  "basis": "38px"
                },
                "type": "ia.container.flex"
              },
              {
                "children": [
                  {
                    "meta": {
                      "name": "Label"
                    },
                    "position": {
                      "basis": "100px"
                    },
                    "props": {
                      "style": {
                        "classes": "PPC/entry_label"
                      },
                      "text": "Trial*"
                    },
                    "type": "ia.display.label"
                  },
                  {
                    "meta": {
                      "name": "RadioGroup"
                    },
                    "position": {
                      "basis": "155px"
                    },
                    "props": {
                      "radios": [
                        {
                          "selected": true,
                          "text": "Yes",
                          "value": "Radio button"
                        }
                      ]
                    },
                    "type": "ia.input.radio-group"
                  },
                  {
                    "meta": {
                      "name": "RadioGroup_0"
                    },
                    "position": {
                      "basis": "155px"
                    },
                    "props": {
                      "radios": [
                        {
                          "selected": true,
                          "text": "No",
                          "value": "Radio button"
                        }
                      ]
                    },
                    "type": "ia.input.radio-group"
                  }
                ],
                "meta": {
                  "name": "FlexContainer_1"
                },
                "position": {
                  "basis": "38px"
                },
                "type": "ia.container.flex"
              },
              {
                "children": [
                  {
                    "meta": {
                      "name": "Label"
                    },
                    "position": {
                      "basis": "100px"
                    },
                    "props": {
                      "style": {
                        "classes": "PPC/entry_label"
                      },
                      "text": "No of cavities"
                    },
                    "type": "ia.display.label"
                  },
                  {
                    "meta": {
                      "name": "TextField"
                    },
                    "position": {
                      "basis": "200px"
                    },
                    "props": {
                      "style": {
                        "classes": "PPC/entry_field"
                      }
                    },
                    "type": "ia.input.text-field"
                  }
                ],
                "meta": {
                  "name": "FlexContainer_2"
                },
                "position": {
                  "basis": "38px"
                },
                "type": "ia.container.flex"
              },
              {
                "children": [
                  {
                    "meta": {
                      "name": "Label"
                    },
                    "position": {
                      "basis": "100px"
                    },
                    "props": {
                      "style": {
                        "classes": "PPC/entry_label"
                      },
                      "text": "Approx Rec"
                    },
                    "type": "ia.display.label"
                  },
                  {
                    "meta": {
                      "name": "TextField"
                    },
                    "position": {
                      "basis": "200px"
                    },
                    "props": {
                      "style": {
                        "classes": "PPC/entry_field"
                      }
                    },
                    "type": "ia.input.text-field"
                  }
                ],
                "meta": {
                  "name": "FlexContainer_3"
                },
                "position": {
                  "basis": "38px"
                },
                "type": "ia.container.flex"
              }
            ],
            "meta": {
              "name": "FlexContainer_0"
            },
            "position": {
              "basis": "280px"
            },
            "props": {
              "direction": "column",
              "justify": "space-between"
            },
            "type": "ia.container.flex"
          },
          {
            "children": [
              {
                "children": [
                  {
                    "meta": {
                      "name": "Label"
                    },
                    "position": {
                      "basis": "100px"
                    },
                    "props": {
                      "style": {
                        "classes": "PPC/entry_label"
                      },
                      "text": "Press No"
                    },
                    "type": "ia.display.label"
                  },
                  {
                    "meta": {
                      "name": "TextField"
                    },
                    "position": {
                      "basis": "200px"
                    },
                    "props": {
                      "style": {
                        "classes": "PPC/entry_field"
                      }
                    },
                    "type": "ia.input.text-field"
                  }
                ],
                "meta": {
                  "name": "FlexContainer"
                },
                "position": {
                  "basis": "38px"
                },
                "type": "ia.container.flex"
              },
              {
                "children": [
                  {
                    "meta": {
                      "name": "Label"
                    },
                    "position": {
                      "basis": "100px"
                    },
                    "props": {
                      "style": {
                        "classes": "PPC/entry_label"
                      },
                      "text": "Extrusion ratio"
                    },
                    "type": "ia.display.label"
                  },
                  {
                    "meta": {
                      "name": "TextField"
                    },
                    "position": {
                      "basis": "200px"
                    },
                    "props": {
                      "style": {
                        "classes": "PPC/entry_field"
                      }
                    },
                    "type": "ia.input.text-field"
                  }
                ],
                "meta": {
                  "name": "FlexContainer_0"
                },
                "position": {
                  "basis": "38px"
                },
                "type": "ia.container.flex"
              },
              {
                "children": [
                  {
                    "meta": {
                      "name": "Label"
                    },
                    "position": {
                      "basis": "100px"
                    },
                    "props": {
                      "style": {
                        "classes": "PPC/entry_label"
                      },
                      "text": "Priority*"
                    },
                    "type": "ia.display.label"
                  },
                  {
                    "meta": {
                      "name": "Dropdown"
                    },
                    "position": {
                      "basis": "200px"
                    },
                    "props": {
                      "multiSelect": true,
                      "style": {
                        "classes": "PPC/entry_field"
                      }
                    },
                    "type": "ia.input.dropdown"
                  }
                ],
                "meta": {
                  "name": "FlexContainer_1"
                },
                "position": {
                  "basis": "38px"
                },
                "type": "ia.container.flex"
              },
              {
                "children": [
                  {
                    "meta": {
                      "name": "Label"
                    },
                    "position": {
                      "basis": "100px"
                    },
                    "props": {
                      "style": {
                        "classes": "PPC/entry_label"
                      },
                      "text": "Extra Length*(Ft)\n"
                    },
                    "type": "ia.display.label"
                  },
                  {
                    "meta": {
                      "name": "TextField"
                    },
                    "position": {
                      "basis": "200px"
                    },
                    "props": {
                      "style": {
                        "classes": "PPC/entry_field"
                      }
                    },
                    "type": "ia.input.text-field"
                  }
                ],
                "meta": {
                  "name": "FlexContainer_2"
                },
                "position": {
                  "basis": "38px"
                },
                "type": "ia.container.flex"
              },
              {
                "children": [
                  {
                    "meta": {
                      "name": "Label"
                    },
                    "position": {
                      "basis": "100px"
                    },
                    "props": {
                      "style": {
                        "classes": "PPC/entry_label"
                      },
                      "text": "Customer segment"
                    },
                    "type": "ia.display.label"
                  },
                  {
                    "meta": {
                      "name": "TextField"
                    },
                    "position": {
                      "basis": "200px"
                    },
                    "props": {
                      "style": {
                        "classes": "PPC/entry_field"
                      }
                    },
                    "type": "ia.input.text-field"
                  }
                ],
                "meta": {
                  "name": "FlexContainer_3"
                },
                "position": {
                  "basis": "38px"
                },
                "type": "ia.container.flex"
              }
            ],
            "meta": {
              "name": "FlexContainer_1"
            },
            "position": {
              "basis": "280px"
            },
            "props": {
              "direction": "column",
              "justify": "space-between"
            },
            "type": "ia.container.flex"
          },
          {
            "children": [
              {
                "children": [
                  {
                    "meta": {
                      "name": "Label"
                    },
                    "position": {
                      "basis": "100px"
                    },
                    "props": {
                      "style": {
                        "classes": "PPC/entry_label"
                      },
                      "text": "Planned Qty(Kgs)"
                    },
                    "type": "ia.display.label"
                  },
                  {
                    "meta": {
                      "name": "TextField"
                    },
                    "position": {
                      "basis": "200px"
                    },
                    "props": {
                      "style": {
                        "classes": "PPC/entry_field"
                      }
                    },
                    "type": "ia.input.text-field"
                  }
                ],
                "meta": {
                  "name": "FlexContainer"
                },
                "position": {
                  "basis": "38px"
                },
                "type": "ia.container.flex"
              },
              {
                "children": [
                  {
                    "meta": {
                      "name": "Label"
                    },
                    "position": {
                      "basis": "100px"
                    },
                    "props": {
                      "style": {
                        "classes": "PPC/entry_label"
                      },
                      "text": "Profile unit weight(kg/m)"
                    },
                    "type": "ia.display.label"
                  },
                  {
                    "meta": {
                      "name": "TextField"
                    },
                    "position": {
                      "basis": "200px"
                    },
                    "props": {
                      "style": {
                        "classes": "PPC/entry_field"
                      }
                    },
                    "type": "ia.input.text-field"
                  }
                ],
                "meta": {
                  "name": "FlexContainer_0"
                },
                "position": {
                  "basis": "38px"
                },
                "type": "ia.container.flex"
              },
              {
                "children": [
                  {
                    "meta": {
                      "name": "Label"
                    },
                    "position": {
                      "basis": "100px"
                    },
                    "props": {
                      "style": {
                        "classes": "PPC/entry_label"
                      },
                      "text": "Production rate(kg/hr)"
                    },
                    "type": "ia.display.label"
                  },
                  {
                    "meta": {
                      "name": "TextField"
                    },
                    "position": {
                      "basis": "200px"
                    },
                    "props": {
                      "style": {
                        "classes": "PPC/entry_field"
                      }
                    },
                    "type": "ia.input.text-field"
                  }
                ],
                "meta": {
                  "name": "FlexContainer_1"
                },
                "position": {
                  "basis": "38px"
                },
                "type": "ia.container.flex"
              },
              {
                "children": [
                  {
                    "meta": {
                      "name": "Label"
                    },
                    "position": {
                      "basis": "100px"
                    },
                    "props": {
                      "style": {
                        "classes": "PPC/entry_label"
                      },
                      "text": "Length planned*"
                    },
                    "type": "ia.display.label"
                  },
                  {
                    "meta": {
                      "name": "TextField"
                    },
                    "position": {
                      "basis": "200px"
                    },
                    "props": {
                      "style": {
                        "classes": "PPC/entry_field"
                      }
                    },
                    "type": "ia.input.text-field"
                  }
                ],
                "meta": {
                  "name": "FlexContainer_2"
                },
                "position": {
                  "basis": "38px"
                },
                "type": "ia.container.flex"
              },
              {
                "children": [
                  {
                    "meta": {
                      "name": "Label"
                    },
                    "position": {
                      "basis": "100px"
                    },
                    "props": {
                      "style": {
                        "classes": "PPC/entry_label"
                      },
                      "text": "Bulk Calculate"
                    },
                    "type": "ia.display.label"
                  },
                  {
                    "meta": {
                      "name": "RadioGroup"
                    },
                    "position": {
                      "basis": "155px"
                    },
                    "props": {
                      "radios": [
                        {
                          "selected": true,
                          "text": "Yes",
                          "value": "Radio button"
                        }
                      ]
                    },
                    "type": "ia.input.radio-group"
                  },
                  {
                    "meta": {
                      "name": "RadioGroup_0"
                    },
                    "position": {
                      "basis": "155px"
                    },
                    "props": {
                      "radios": [
                        {
                          "selected": true,
                          "text": "No",
                          "value": "Radio button"
                        }
                      ]
                    },
                    "type": "ia.input.radio-group"
                  }
                ],
                "meta": {
                  "name": "FlexContainer_3"
                },
                "position": {
                  "basis": "38px"
                },
                "type": "ia.container.flex"
              }
            ],
            "meta": {
              "name": "FlexContainer_2"
            },
            "position": {
              "basis": "280px"
            },
            "props": {
              "direction": "column",
              "justify": "space-between"
            },
            "type": "ia.container.flex"
          }
        ],
        "meta": {
          "name": "FlexContainer_1"
        },
        "position": {
          "basis": "309px"
        },
        "props": {
          "justify": "space-between",
          "style": {
            "overflow": "hidden"
          }
        },
        "type": "ia.container.flex"
      }
    ],
    "meta": {
      "name": "root"
    },
    "props": {
      "direction": "column",
      "justify": "space-evenly"
    },
    "type": "ia.container.flex"
  }
}