{
  "custom": {},
  "params": {
    "FromDate": "2022-11-6 17:11:50",
    "ToDate": "2023-5-25 17:11:56",
    "downloadData": {
      "$": [
        "ds",
        192,
        1710930112643
      ],
      "$columns": [
        {
          "data": [],
          "name": "Production Order",
          "type": "String"
        },
        {
          "data": [],
          "name": "Machine",
          "type": "String"
        },
        {
          "data": [],
          "name": "SFG Code",
          "type": "String"
        },
        {
          "data": [],
          "name": "Planned Order Qty (kg)",
          "type": "String"
        },
        {
          "data": [],
          "name": "Standard Alloy",
          "type": "String"
        },
        {
          "data": [],
          "name": "Internal Alloy",
          "type": "String"
        },
        {
          "data": [],
          "name": "Log Dia (mm)",
          "type": "String"
        },
        {
          "data": [],
          "name": "Log Length (mm)",
          "type": "String"
        },
        {
          "data": [],
          "name": "Release Date\n(DD/MM/YYYY)",
          "type": "String"
        },
        {
          "data": [],
          "name": "PO Status",
          "type": "String"
        },
        {
          "data": [],
          "name": "Press",
          "type": "String"
        },
        {
          "data": [],
          "name": "Status",
          "type": "String"
        },
        {
          "data": [],
          "name": "Date and Time (Latest Update)",
          "type": "String"
        },
        {
          "data": [],
          "name": "No Of Logs",
          "type": "String"
        },
        {
          "data": [],
          "name": "No Of Logs Engraved",
          "type": "String"
        },
        {
          "data": [],
          "name": "Actual Weight  (kg)",
          "type": "String"
        },
        {
          "data": [],
          "name": "Casting Block",
          "type": "String"
        },
        {
          "data": [],
          "name": "Aluminium Chip Boring (kg)",
          "type": "String"
        },
        {
          "data": [],
          "name": "Log End Cutting Discard (kg)",
          "type": "String"
        },
        {
          "data": [],
          "name": "Dross",
          "type": "String"
        },
        {
          "data": [],
          "name": "% Melting Loss",
          "type": "String"
        },
        {
          "data": [],
          "name": "Yield",
          "type": "String"
        },
        {
          "data": [],
          "name": "Melting Remarks",
          "type": "String"
        },
        {
          "data": [],
          "name": "Holding Remarks",
          "type": "String"
        }
      ]
    }
  },
  "propConfig": {
    "params.FromDate": {
      "onChange": {
        "enabled": null,
        "script": "\tif previousValue.value!\u003dcurrentValue.value:\n\t\tself.getChild(\"root\").getChild(\"Table_1\").custom.Update\u003d1\n\t\tself.getChild(\"root\").getChild(\"Table_1\").custom.Update\u003d0\t\n\telse:\n\t\tpass\t"
      },
      "paramDirection": "input",
      "persistent": true
    },
    "params.ToDate": {
      "onChange": {
        "enabled": null,
        "script": "\tif previousValue.value!\u003dcurrentValue.value:\n\t\tself.getChild(\"root\").getChild(\"Table_1\").custom.Update\u003d1\n\t\tself.getChild(\"root\").getChild(\"Table_1\").custom.Update\u003d0\t\n\telse:\n\t\tpass\t"
      },
      "paramDirection": "input",
      "persistent": true
    },
    "params.downloadData": {
      "binding": {
        "config": {
          "path": "/root/Table_1.props.data"
        },
        "overlayOptOut": true,
        "transforms": [
          {
            "code": "\tdataSet \u003d value\n\torgColumns \u003d system.dataset.getColumnHeaders(dataSet)\n\tdisplayColumns \u003d self.getChild(\"root\").getChild(\"Table_1\").props.columns\n\theaders \u003d []\n\tnewData \u003d []\n\tshowColumns \u003d []\n\tfinalDataset \u003d []\n\t\t\n\tfor oIdx in range(dataSet.getColumnCount()):\n\t# OR for oIdx in range(len(orgColumns)):\n\t\n#\t\trow \u003d [dataSet.getValueAt(oIdx, col) for col in range(dataSet.columnCount)]\n#\t\t#newData.append(row)\n\t\n\t\t# we want to know if orgColumns[oIdx] is found in displayColumns\n\t\tmatch \u003d False; # we haven\u0027t found it yet\n\t\tz \u003d 2\n\t\tfor sIdx in range(len(displayColumns)):\n\t\t\t# displayColumns[1].field  displayColumns[0].keys()  displayColumns[0].values()\n\t\t\t\n\t\t\tif(orgColumns[oIdx] \u003d\u003d displayColumns[sIdx].field):\n\t\t\t\t# we have found orgColumns[oIdx] in displayColumns, so we can stop searching\n\t\t\t\tmatch \u003d True;\n\t\t\t\tbreak;\n\t\t\t# if we never find orgColumns[oIdx] in displayColumns, the for loop will simply end,\n\t\t\t# and match will remain false\n\t\t# add orgColumns[oIdx] to showColumns only if we find a match.\n\t\tif (match):\n\t\t\n\t\t\tshowColumns.append(orgColumns[oIdx]);\n\t\t\theaders.append(displayColumns[oIdx].header.title)\n\t\t\t\n\tfilterDataset \u003d system.dataset.filterColumns(dataSet, showColumns)\n\t\n\tfor rowIndex in range(filterDataset.getRowCount()):\n\t\trow \u003d [filterDataset.getValueAt(rowIndex,col) for col in range(filterDataset.getColumnCount())]\n\t\tnewData.append(row)\n\t\t\n\tfilterDataset \u003d system.dataset.toDataSet(headers, newData)\n\tfinalDataset \u003d system.dataset.toPyDataSet(filterDataset)\n\treturn finalDataset\n\t",
            "type": "script"
          }
        ],
        "type": "property"
      },
      "paramDirection": "output",
      "persistent": true
    }
  },
  "props": {
    "defaultSize": {
      "width": 2411
    }
  },
  "root": {
    "children": [
      {
        "events": {
          "component": {
            "onEditCellStart": {
              "config": {
                "script": "\t\n#\t# Dropdown in embedded view is not passing data to table in main page smoothly\n#\t# Therefore, we are using message handler instead of passing values via parameter  \n#\t\n#\tvalueToSet \u003d event.value\n#\tself.props.data \u003d system.dataset.setValue(self.props.data, event.row, event.column, valueToSet)\n#\tself.getSibling(\"Label\").props.text \u003d self.props.selection.selectedColumn\n#\tself.getSibling(\"Label\").props.text \u003d self.props.selection.data[0].Machine\n#\t\n#\tupdatedColumn \u003d self.props.selection.selectedColumn\n#\tif updatedColumn \u003d\u003d \u0027Machine\u0027:\n#\t\tmachine \u003d valueToSet\n#\t\tpo \u003d self.props.selection.data[0].ProductionOrder\n#\t\tmachineQuery \u003d \"UPDATE [dbo].[mes_main] SET [Machine] \u003d ? WHERE [PO] \u003d ?\"\n#\t\tsystem.db.runPrepUpdate(machineQuery, [machine, po], \u0027CIMS2\u0027)\n#\t\tself.props.columns[1].viewParams.value \u003d valueToSet\n#\t\n#\tself.refreshBinding(\"props.data\")"
              },
              "enabled": false,
              "scope": "G",
              "type": "script"
            }
          }
        },
        "meta": {
          "name": "Table_1"
        },
        "position": {
          "basis": "400px",
          "grow": 1
        },
        "propConfig": {
          "custom.Update": {
            "binding": {
              "config": {
                "expression": "now(60000)"
              },
              "overlayOptOut": true,
              "transforms": [
                {
                  "code": "\tself.refreshBinding(\"props.data\")\t\n\treturn 1",
                  "type": "script"
                }
              ],
              "type": "expr"
            }
          },
          "props.data": {
            "binding": {
              "config": {
                "path": "this.custom.Update"
              },
              "overlayOptOut": true,
              "transforms": [
                {
                  "code": "#\tquery\u003d\u0027\u0027\u0027\n#\t\tSELECT\n#\t\t    DISTINCT o.[production_order] as PO\n#\t\t    ,m.[Machine] as Machine\n#\t\t    ,o.[sfg_code] as SfgCode\n#\t\t    ,o.[planned_order_qty] as PlannedOrderQty\n#\t\t    ,o.[standard_alloy] as StandardAlloy\n#\t\t    ,o.[internal_alloy] as InternalAlloy\n#\t\t    ,o.[log_dia] as LogDia\n#\t\t    ,o.[log_length] as LogLength\n#\t\t    ,o.[release_date] as ReleaseDate\n#\t\t\t,m.[Press] as Press\n#\t\t\t,m.[Status] as Status\n#\t\t\t,m.[Date_and_time] as DateandTime\n#\t\t\t,m.[No_of_logs] as No_of_logs\n#\t\t\t,m.[No_of_logs_engraved] as NoOfLogsEngraved\n#\t\t\t,1 as ActualWeight\n#\t\t\t,m.[Casting_block] as CastingBlock\n#\t\t\t,m.[Aluminum_chip_boring] as AluminiumChipBoring\n#\t\t\t,m.[Log_end_cutting_discard] as LogEndCuttingDiscard\n#\t\t\t,m.[Dross] as Dross\n#\t\t\t,m.[Percentage_melt_loss] as MeltingLossPercent\n#\t\t\t,(ISNULL(melt.[Yield], 0 ) + ISNULL(hold.[Yield], 0 )) as Yield\n#\t\t\t,melt.[Melting_Remark] as MeltingRemarks\n#\t\t\t,hold.[Holding_Remark] as HoldingRemarks\n#\t\t\t,castOpr.[Casting_Remark] as CastingRemarks\n#\t\tFROM [dbo].[mes_orders] o\n#\t\tLEFT JOIN [dbo].[mes_status] s \n#\t\t    ON o.[production_order] \u003d s.[mes_po]\n#\t\t    \n#\t\tLEFT JOIN [dbo].[mes_main] m\n#\t\t    ON o.[production_order] \u003d m.[PO]\n#\t\t    \n#\t\tLEFT JOIN [dbo].[mes_melting] melt\n#\t\t    ON o.[production_order] \u003d melt.[PO]\n#\t\t    \n#\t\tLEFT JOIN [dbo].[mes_holding] hold\n#\t\t    ON o.[production_order] \u003d hold.[PO]\n#\t\t    \n#\t\tLEFT JOIN [dbo].[mes_casting] castOpr\n#\t\t    ON o.[production_order] \u003d castOpr.[PO]\n#\t\t    \n#\t\tWHERE m.[PO] \u003d o.[production_order] AND\n#\t\to.[release_date] \u003e\u003d?  and o.[release_date] \u003c\u003d?\n#\t\t\n#\t\torder by o.[release_date] desc\n#\t\t\u0027\u0027\u0027\n\tquery\u003d\t\u0027\u0027\u0027\n\t\t\tSELECT DISTINCT o.[production_order] as PO,\n\t\t\t    m.[Machine] as Machine,\n\t\t\t    o.[sfg_code] as SfgCode,\n\t\t\t    o.[planned_order_qty] as PlannedOrderQty,\n\t\t\t    o.[standard_alloy] as StandardAlloy,\n\t\t\t    o.[internal_alloy] as InternalAlloy,\n\t\t\t    o.[log_dia] as LogDia,\n\t\t\t    o.[log_length] as LogLength,\n\t\t\t    o.[release_date] as ReleaseDate,\n\t\t\t    m.[Press] as Press,\n\t\t\t    m.[Status] as Status,\n\t\t\t    m.[Date_and_time] as DateandTime,\n\t\t\t    m.[No_of_logs] as No_of_logs,\n\t\t\t    (\n\t\t\t        SELECT COUNT(*) \n\t\t\t        FROM [CIMS].[dbo].[mes_endcut_homogenize_dispatch]\n\t\t\t        WHERE status \u003d\u0027QR Engraved\u0027 AND prod_order \u003d o.[production_order]\n\t\t\t    ) as NoOfLogsEngraved,\n\t\t\t    1 as ActualWeight,\n\t\t\t    m.[Casting_block] as CastingBlock,\n\t\t\t    m.[Aluminum_chip_boring] as AluminiumChipBoring,\n\t\t\t    m.[Log_end_cutting_discard] as LogEndCuttingDiscard,\n\t\t\t    m.[Dross] as Dross,\n\t\t\t    m.[Percentage_melt_loss] as MeltingLossPercent,\n\t\t\t\t((\n\t\t\t    SELECT\n\t\t\t        SUM([qty]) AS qty_in\n\t\t\t    FROM\n\t\t\t        [CIMS].[dbo].[mes_MF\u0026HF_operation]\n\t\t\t    WHERE\n\t\t\t        [prod_order] \u003d o.[production_order]\n\t\t\t        AND [material_selection] \u003d \u0027IN\u0027\n\t\t\t        AND [oprn] IN (10, 20, 30)\n\t\t\t)-(\n\t\t\t    SELECT\n\t\t\t        SUM([qty]) AS qty_out\n\t\t\t    FROM\n\t\t\t        [CIMS].[dbo].[mes_MF\u0026HF_operation]\n\t\t\t    WHERE\n\t\t\t        [prod_order] \u003d o.[production_order]\n\t\t\t        AND [material_selection] \u003d \u0027OUT\u0027\n\t\t\t        AND [oprn] IN (10, 20, 30)\n\t\t\t)) as Yield,\n\t\t\t    --(ISNULL(melt.[Yield], 0) + ISNULL(hold.[Yield], 0)) as Yield,\n\t\t\t    melt.[Melting_Remark] as MeltingRemarks,\n\t\t\t    hold.[Holding_Remark] as HoldingRemarks,\n\t\t\t    castOpr.[Casting_Remark] as CastingRemarks\n\t\t\tFROM [dbo].[mes_orders] o\n\t\t\tLEFT JOIN [dbo].[mes_status] s ON o.[production_order] \u003d s.[mes_po]\n\t\t\tLEFT JOIN [dbo].[mes_main] m ON o.[production_order] \u003d m.[PO]\n\t\t\tLEFT JOIN [dbo].[mes_melting] melt ON o.[production_order] \u003d melt.[PO]\n\t\t\tLEFT JOIN [dbo].[mes_holding] hold ON o.[production_order] \u003d hold.[PO]\n\t\t\tLEFT JOIN [dbo].[mes_casting] castOpr ON o.[production_order] \u003d castOpr.[PO]\n\t\t\tWHERE m.[PO] \u003d o.[production_order] AND\n\t\t\t    o.[release_date] \u003e\u003d ? AND o.[release_date] \u003c\u003d ?\n\t\t\tORDER BY o.[release_date] DESC\n\t\t\t\t\u0027\u0027\u0027\n\tto\u003dsystem.date.now()\n\tFrom\u003dsystem.date.addMonths(to, -12)\n\t\n\targs\u003d[self.view.params.FromDate,self.view.params.ToDate]\t\n#\targs\u003d[From,to]\n\tdata\u003dsystem.db.runPrepQuery(query, args, \u0027CIMS2\u0027)\n\t\t\n\treturn data\t",
                  "type": "script"
                }
              ],
              "type": "property"
            }
          }
        },
        "props": {
          "bodyStyle": {
            "backgroundColor": "#E3E3E3",
            "margin": ""
          },
          "cells": {
            "allowEditOn": "single-click",
            "style": {
              "classes": "Table/Table_Cell",
              "fontFamily": "Arial",
              "fontSize": 12,
              "textAlign": "left"
            }
          },
          "columns": [
            {
              "align": "center",
              "boolean": "checkbox",
              "dateFormat": "MM/DD/YYYY",
              "editable": false,
              "field": "PO",
              "filter": {
                "boolean": {
                  "condition": ""
                },
                "date": {
                  "condition": "",
                  "value": ""
                },
                "enabled": true,
                "number": {
                  "condition": "",
                  "value": ""
                },
                "string": {
                  "condition": "",
                  "value": ""
                },
                "visible": "on-hover"
              },
              "footer": {
                "align": "center",
                "justify": "left",
                "style": {
                  "classes": ""
                },
                "title": ""
              },
              "header": {
                "align": "center",
                "justify": "center",
                "style": {
                  "classes": ""
                },
                "title": "Production Order"
              },
              "justify": "center",
              "number": "value",
              "numberFormat": "0,0.##",
              "progressBar": {
                "bar": {
                  "color": "",
                  "style": {
                    "classes": ""
                  }
                },
                "max": 100,
                "min": 0,
                "track": {
                  "color": "",
                  "style": {
                    "classes": ""
                  }
                },
                "value": {
                  "enabled": true,
                  "format": "0,0.##",
                  "justify": "center",
                  "style": {
                    "classes": ""
                  }
                }
              },
              "render": "auto",
              "resizable": false,
              "sort": "none",
              "sortable": false,
              "strictWidth": false,
              "style": {
                "classes": "test1"
              },
              "toggleSwitch": {
                "color": {
                  "selected": "",
                  "unselected": ""
                }
              },
              "viewParams": {},
              "viewPath": "",
              "visible": true,
              "width": 100
            },
            {
              "align": "center",
              "boolean": "checkbox",
              "dateFormat": "MM/DD/YYYY",
              "editable": false,
              "field": "Machine",
              "filter": {
                "boolean": {
                  "condition": ""
                },
                "date": {
                  "condition": "",
                  "value": ""
                },
                "enabled": false,
                "number": {
                  "condition": "",
                  "value": ""
                },
                "string": {
                  "condition": "",
                  "value": ""
                },
                "visible": "on-hover"
              },
              "footer": {
                "align": "center",
                "justify": "left",
                "style": {
                  "classes": ""
                },
                "title": ""
              },
              "header": {
                "align": "center",
                "justify": "center",
                "style": {
                  "classes": ""
                },
                "title": "Machine"
              },
              "justify": "center",
              "number": "value",
              "numberFormat": "0,0.##",
              "progressBar": {
                "bar": {
                  "color": "",
                  "style": {
                    "classes": ""
                  }
                },
                "max": 100,
                "min": 0,
                "track": {
                  "color": "",
                  "style": {
                    "classes": ""
                  }
                },
                "value": {
                  "enabled": true,
                  "format": "0,0.##",
                  "justify": "center",
                  "style": {
                    "classes": ""
                  }
                }
              },
              "render": "view",
              "resizable": false,
              "sort": "none",
              "sortable": false,
              "strictWidth": false,
              "style": {
                "classes": ""
              },
              "toggleSwitch": {
                "color": {
                  "selected": "",
                  "unselected": ""
                }
              },
              "viewParams": {
                "listOfOptions": [
                  {
                    "label": "MF1+HF1+CS1",
                    "value": "MF1+HF1+CS1"
                  },
                  {
                    "label": "MF2+HF1+CS1",
                    "value": "MF2+HF1+CS1"
                  },
                  {
                    "label": "MF3+HF2+CS2",
                    "value": "MF3+HF2+CS2"
                  },
                  {
                    "label": "MF4+HF2+CS2",
                    "value": "MF4+HF2+CS2"
                  }
                ],
                "rowData": {},
                "value": ""
              },
              "viewPath": "MainPageTemplates/MachineDropdown",
              "visible": true,
              "width": 150
            },
            {
              "align": "center",
              "boolean": "checkbox",
              "dateFormat": "MM/DD/YYYY",
              "editable": false,
              "field": "SfgCode",
              "filter": {
                "boolean": {
                  "condition": ""
                },
                "date": {
                  "condition": "",
                  "value": ""
                },
                "enabled": true,
                "number": {
                  "condition": "",
                  "value": ""
                },
                "string": {
                  "condition": "",
                  "value": ""
                },
                "visible": "on-hover"
              },
              "footer": {
                "align": "center",
                "justify": "left",
                "style": {
                  "classes": ""
                },
                "title": ""
              },
              "header": {
                "align": "center",
                "justify": "center",
                "style": {
                  "classes": ""
                },
                "title": "SFG Code"
              },
              "justify": "center",
              "number": "value",
              "numberFormat": "0,0.##",
              "progressBar": {
                "bar": {
                  "color": "",
                  "style": {
                    "classes": ""
                  }
                },
                "max": 100,
                "min": 0,
                "track": {
                  "color": "",
                  "style": {
                    "classes": ""
                  }
                },
                "value": {
                  "enabled": true,
                  "format": "0,0.##",
                  "justify": "center",
                  "style": {
                    "classes": ""
                  }
                }
              },
              "render": "auto",
              "resizable": false,
              "sort": "none",
              "sortable": false,
              "strictWidth": false,
              "style": {
                "classes": "test1"
              },
              "toggleSwitch": {
                "color": {
                  "selected": "",
                  "unselected": ""
                }
              },
              "viewParams": {},
              "viewPath": "",
              "visible": true,
              "width": 205
            },
            {
              "align": "center",
              "boolean": "checkbox",
              "dateFormat": "MM/DD/YYYY",
              "editable": false,
              "field": "PlannedOrderQty",
              "filter": {
                "boolean": {
                  "condition": ""
                },
                "date": {
                  "condition": "",
                  "value": ""
                },
                "enabled": false,
                "number": {
                  "condition": "",
                  "value": ""
                },
                "string": {
                  "condition": "",
                  "value": ""
                },
                "visible": "on-hover"
              },
              "footer": {
                "align": "center",
                "justify": "left",
                "style": {
                  "classes": ""
                },
                "title": ""
              },
              "header": {
                "align": "center",
                "justify": "center",
                "style": {
                  "classes": ""
                },
                "title": "Planned Order Qty (kg)"
              },
              "justify": "center",
              "number": "value",
              "numberFormat": "0,0.##",
              "progressBar": {
                "bar": {
                  "color": "",
                  "style": {
                    "classes": ""
                  }
                },
                "max": 100,
                "min": 0,
                "track": {
                  "color": "",
                  "style": {
                    "classes": ""
                  }
                },
                "value": {
                  "enabled": true,
                  "format": "0,0.##",
                  "justify": "center",
                  "style": {
                    "classes": ""
                  }
                }
              },
              "render": "auto",
              "resizable": false,
              "sort": "none",
              "sortable": false,
              "strictWidth": false,
              "style": {
                "classes": ""
              },
              "toggleSwitch": {
                "color": {
                  "selected": "",
                  "unselected": ""
                }
              },
              "viewParams": {},
              "viewPath": "",
              "visible": true,
              "width": 100
            },
            {
              "align": "center",
              "boolean": "checkbox",
              "dateFormat": "MM/DD/YYYY",
              "editable": false,
              "field": "StandardAlloy",
              "filter": {
                "boolean": {
                  "condition": ""
                },
                "date": {
                  "condition": "",
                  "value": ""
                },
                "enabled": false,
                "number": {
                  "condition": "",
                  "value": ""
                },
                "string": {
                  "condition": "",
                  "value": ""
                },
                "visible": "on-hover"
              },
              "footer": {
                "align": "center",
                "justify": "left",
                "style": {
                  "classes": ""
                },
                "title": ""
              },
              "header": {
                "align": "center",
                "justify": "center",
                "style": {
                  "classes": ""
                },
                "title": "Standard Alloy"
              },
              "justify": "center",
              "number": "value",
              "numberFormat": "0,0.##",
              "progressBar": {
                "bar": {
                  "color": "",
                  "style": {
                    "classes": ""
                  }
                },
                "max": 100,
                "min": 0,
                "track": {
                  "color": "",
                  "style": {
                    "classes": ""
                  }
                },
                "value": {
                  "enabled": true,
                  "format": "0,0.##",
                  "justify": "center",
                  "style": {
                    "classes": ""
                  }
                }
              },
              "render": "auto",
              "resizable": false,
              "sort": "none",
              "sortable": false,
              "strictWidth": false,
              "style": {
                "classes": ""
              },
              "toggleSwitch": {
                "color": {
                  "selected": "",
                  "unselected": ""
                }
              },
              "viewParams": {},
              "viewPath": "",
              "visible": true,
              "width": 80
            },
            {
              "align": "center",
              "boolean": "checkbox",
              "dateFormat": "MM/DD/YYYY",
              "editable": false,
              "field": "InternalAlloy",
              "filter": {
                "boolean": {
                  "condition": ""
                },
                "date": {
                  "condition": "",
                  "value": ""
                },
                "enabled": false,
                "number": {
                  "condition": "",
                  "value": ""
                },
                "string": {
                  "condition": "",
                  "value": ""
                },
                "visible": "on-hover"
              },
              "footer": {
                "align": "center",
                "justify": "left",
                "style": {
                  "classes": ""
                },
                "title": ""
              },
              "header": {
                "align": "center",
                "justify": "center",
                "style": {
                  "classes": ""
                },
                "title": "Internal Alloy"
              },
              "justify": "center",
              "number": "value",
              "numberFormat": "0,0.##",
              "progressBar": {
                "bar": {
                  "color": "",
                  "style": {
                    "classes": ""
                  }
                },
                "max": 100,
                "min": 0,
                "track": {
                  "color": "",
                  "style": {
                    "classes": ""
                  }
                },
                "value": {
                  "enabled": true,
                  "format": "0,0.##",
                  "justify": "center",
                  "style": {
                    "classes": ""
                  }
                }
              },
              "render": "auto",
              "resizable": false,
              "sort": "none",
              "sortable": false,
              "strictWidth": false,
              "style": {
                "classes": ""
              },
              "toggleSwitch": {
                "color": {
                  "selected": "",
                  "unselected": ""
                }
              },
              "viewParams": {},
              "viewPath": "",
              "visible": true,
              "width": 80
            },
            {
              "align": "center",
              "boolean": "checkbox",
              "dateFormat": "MM/DD/YYYY",
              "editable": false,
              "field": "LogDia",
              "filter": {
                "boolean": {
                  "condition": ""
                },
                "date": {
                  "condition": "",
                  "value": ""
                },
                "enabled": false,
                "number": {
                  "condition": "",
                  "value": ""
                },
                "string": {
                  "condition": "",
                  "value": ""
                },
                "visible": "on-hover"
              },
              "footer": {
                "align": "center",
                "justify": "left",
                "style": {
                  "classes": ""
                },
                "title": ""
              },
              "header": {
                "align": "center",
                "justify": "center",
                "style": {
                  "classes": ""
                },
                "title": "Log Dia (mm)"
              },
              "justify": "center",
              "number": "value",
              "numberFormat": "0,0.##",
              "progressBar": {
                "bar": {
                  "color": "",
                  "style": {
                    "classes": ""
                  }
                },
                "max": 100,
                "min": 0,
                "track": {
                  "color": "",
                  "style": {
                    "classes": ""
                  }
                },
                "value": {
                  "enabled": true,
                  "format": "0,0.##",
                  "justify": "center",
                  "style": {
                    "classes": ""
                  }
                }
              },
              "render": "number",
              "resizable": false,
              "sort": "none",
              "sortable": false,
              "strictWidth": false,
              "style": {
                "classes": ""
              },
              "toggleSwitch": {
                "color": {
                  "selected": "",
                  "unselected": ""
                }
              },
              "viewParams": {},
              "viewPath": "",
              "visible": true,
              "width": 80
            },
            {
              "align": "center",
              "boolean": "checkbox",
              "dateFormat": "MM/DD/YYYY",
              "editable": false,
              "field": "LogLength",
              "filter": {
                "boolean": {
                  "condition": ""
                },
                "date": {
                  "condition": "",
                  "value": ""
                },
                "enabled": false,
                "number": {
                  "condition": "",
                  "value": ""
                },
                "string": {
                  "condition": "",
                  "value": ""
                },
                "visible": "on-hover"
              },
              "footer": {
                "align": "center",
                "justify": "left",
                "style": {
                  "classes": ""
                },
                "title": ""
              },
              "header": {
                "align": "center",
                "justify": "center",
                "style": {
                  "classes": ""
                },
                "title": "Log Length (mm)"
              },
              "justify": "center",
              "number": "value",
              "numberFormat": "0,0.##",
              "progressBar": {
                "bar": {
                  "color": "",
                  "style": {
                    "classes": ""
                  }
                },
                "max": 100,
                "min": 0,
                "track": {
                  "color": "",
                  "style": {
                    "classes": ""
                  }
                },
                "value": {
                  "enabled": true,
                  "format": "0,0.##",
                  "justify": "center",
                  "style": {
                    "classes": ""
                  }
                }
              },
              "render": "number",
              "resizable": false,
              "sort": "none",
              "sortable": false,
              "strictWidth": false,
              "style": {
                "classes": ""
              },
              "toggleSwitch": {
                "color": {
                  "selected": "",
                  "unselected": ""
                }
              },
              "viewParams": {},
              "viewPath": "",
              "visible": true,
              "width": 80
            },
            {
              "align": "center",
              "boolean": "checkbox",
              "dateFormat": "DD/MM/YYYY",
              "editable": false,
              "field": "ReleaseDate",
              "filter": {
                "boolean": {
                  "condition": ""
                },
                "date": {
                  "condition": "",
                  "value": ""
                },
                "enabled": false,
                "number": {
                  "condition": "",
                  "value": ""
                },
                "string": {
                  "condition": "",
                  "value": ""
                },
                "visible": "on-hover"
              },
              "footer": {
                "align": "center",
                "justify": "left",
                "style": {
                  "classes": ""
                },
                "title": ""
              },
              "header": {
                "align": "center",
                "justify": "center",
                "style": {
                  "classes": ""
                },
                "title": "Release Date\n(DD/MM/YYYY)"
              },
              "justify": "center",
              "number": "value",
              "numberFormat": "0,0.##",
              "progressBar": {
                "bar": {
                  "color": "",
                  "style": {
                    "classes": ""
                  }
                },
                "max": 100,
                "min": 0,
                "track": {
                  "color": "",
                  "style": {
                    "classes": ""
                  }
                },
                "value": {
                  "enabled": true,
                  "format": "0,0.##",
                  "justify": "center",
                  "style": {
                    "classes": ""
                  }
                }
              },
              "render": "date",
              "resizable": false,
              "sort": "none",
              "sortable": false,
              "strictWidth": false,
              "style": {
                "classes": ""
              },
              "toggleSwitch": {
                "color": {
                  "selected": "",
                  "unselected": ""
                }
              },
              "viewParams": {},
              "viewPath": "",
              "visible": true,
              "width": ""
            },
            {
              "align": "center",
              "boolean": "checkbox",
              "dateFormat": "MM/DD/YYYY",
              "editable": false,
              "field": "POStatus",
              "filter": {
                "boolean": {
                  "condition": ""
                },
                "date": {
                  "condition": "",
                  "value": ""
                },
                "enabled": false,
                "number": {
                  "condition": "",
                  "value": ""
                },
                "string": {
                  "condition": "",
                  "value": ""
                },
                "visible": "on-hover"
              },
              "footer": {
                "align": "center",
                "justify": "left",
                "style": {
                  "classes": ""
                },
                "title": ""
              },
              "header": {
                "align": "center",
                "justify": "center",
                "style": {
                  "classes": ""
                },
                "title": "PO Status"
              },
              "justify": "center",
              "number": "value",
              "numberFormat": "0,0.##",
              "progressBar": {
                "bar": {
                  "color": "",
                  "style": {
                    "classes": ""
                  }
                },
                "max": 100,
                "min": 0,
                "track": {
                  "color": "",
                  "style": {
                    "classes": ""
                  }
                },
                "value": {
                  "enabled": true,
                  "format": "0,0.##",
                  "justify": "center",
                  "style": {
                    "classes": ""
                  }
                }
              },
              "render": "auto",
              "resizable": true,
              "sort": "none",
              "sortable": false,
              "strictWidth": false,
              "style": {
                "classes": ""
              },
              "toggleSwitch": {
                "color": {
                  "selected": "",
                  "unselected": ""
                }
              },
              "viewParams": {},
              "viewPath": "",
              "visible": false,
              "width": ""
            },
            {
              "align": "center",
              "boolean": "checkbox",
              "dateFormat": "MM/DD/YYYY",
              "editable": false,
              "field": "Press",
              "filter": {
                "boolean": {
                  "condition": ""
                },
                "date": {
                  "condition": "",
                  "value": ""
                },
                "enabled": false,
                "number": {
                  "condition": "",
                  "value": ""
                },
                "string": {
                  "condition": "",
                  "value": ""
                },
                "visible": "on-hover"
              },
              "footer": {
                "align": "center",
                "justify": "left",
                "style": {
                  "classes": ""
                },
                "title": ""
              },
              "header": {
                "align": "center",
                "justify": "center",
                "style": {
                  "classes": ""
                },
                "title": "Press"
              },
              "justify": "center",
              "number": "value",
              "numberFormat": "0,0.##",
              "progressBar": {
                "bar": {
                  "color": "",
                  "style": {
                    "classes": ""
                  }
                },
                "max": 100,
                "min": 0,
                "track": {
                  "color": "",
                  "style": {
                    "classes": ""
                  }
                },
                "value": {
                  "enabled": true,
                  "format": "0,0.##",
                  "justify": "center",
                  "style": {
                    "classes": ""
                  }
                }
              },
              "render": "view",
              "resizable": false,
              "sort": "none",
              "sortable": false,
              "strictWidth": false,
              "style": {
                "classes": ""
              },
              "toggleSwitch": {
                "color": {
                  "selected": "",
                  "unselected": ""
                }
              },
              "viewParams": {
                "listOfOptions": [
                  {
                    "label": "",
                    "value": ""
                  }
                ],
                "rowData": {},
                "value": ""
              },
              "viewPath": "MainPageTemplates/PressDropdown",
              "visible": true,
              "width": 100
            },
            {
              "align": "center",
              "boolean": "checkbox",
              "dateFormat": "MM/DD/YYYY",
              "editable": false,
              "field": "Status",
              "filter": {
                "boolean": {
                  "condition": ""
                },
                "date": {
                  "condition": "",
                  "value": ""
                },
                "enabled": false,
                "number": {
                  "condition": "",
                  "value": ""
                },
                "string": {
                  "condition": "",
                  "value": ""
                },
                "visible": "on-hover"
              },
              "footer": {
                "align": "center",
                "justify": "left",
                "style": {
                  "classes": ""
                },
                "title": ""
              },
              "header": {
                "align": "center",
                "justify": "center",
                "style": {
                  "classes": ""
                },
                "title": "Status"
              },
              "justify": "center",
              "number": "value",
              "numberFormat": "0,0.##",
              "progressBar": {
                "bar": {
                  "color": "",
                  "style": {
                    "classes": ""
                  }
                },
                "max": 100,
                "min": 0,
                "track": {
                  "color": "",
                  "style": {
                    "classes": ""
                  }
                },
                "value": {
                  "enabled": true,
                  "format": "0,0.##",
                  "justify": "center",
                  "style": {
                    "classes": ""
                  }
                }
              },
              "render": "auto",
              "resizable": false,
              "sort": "none",
              "sortable": false,
              "strictWidth": false,
              "style": {
                "classes": ""
              },
              "toggleSwitch": {
                "color": {
                  "selected": "",
                  "unselected": ""
                }
              },
              "viewParams": {},
              "viewPath": "",
              "visible": true,
              "width": 130
            },
            {
              "align": "center",
              "boolean": "checkbox",
              "dateFormat": "DD/MM/YYYY",
              "editable": false,
              "field": "DateandTime",
              "filter": {
                "boolean": {
                  "condition": ""
                },
                "date": {
                  "condition": "",
                  "value": ""
                },
                "enabled": false,
                "number": {
                  "condition": "",
                  "value": ""
                },
                "string": {
                  "condition": "",
                  "value": ""
                },
                "visible": "on-hover"
              },
              "footer": {
                "align": "center",
                "justify": "left",
                "style": {
                  "classes": ""
                },
                "title": ""
              },
              "header": {
                "align": "center",
                "justify": "center",
                "style": {
                  "classes": ""
                },
                "title": "Date and Time (Latest Update)"
              },
              "justify": "center",
              "number": "value",
              "numberFormat": "0,0.##",
              "progressBar": {
                "bar": {
                  "color": "",
                  "style": {
                    "classes": ""
                  }
                },
                "max": 100,
                "min": 0,
                "track": {
                  "color": "",
                  "style": {
                    "classes": ""
                  }
                },
                "value": {
                  "enabled": true,
                  "format": "0,0.##",
                  "justify": "center",
                  "style": {
                    "classes": ""
                  }
                }
              },
              "render": "auto",
              "resizable": false,
              "sort": "none",
              "sortable": false,
              "strictWidth": false,
              "style": {
                "classes": ""
              },
              "toggleSwitch": {
                "color": {
                  "selected": "",
                  "unselected": ""
                }
              },
              "viewParams": {},
              "viewPath": "",
              "visible": true,
              "width": ""
            },
            {
              "align": "center",
              "boolean": "checkbox",
              "dateFormat": "MM/DD/YYYY",
              "editable": false,
              "field": "No_of_logs",
              "filter": {
                "boolean": {
                  "condition": ""
                },
                "date": {
                  "condition": "",
                  "value": ""
                },
                "enabled": false,
                "number": {
                  "condition": "",
                  "value": ""
                },
                "string": {
                  "condition": "",
                  "value": ""
                },
                "visible": "on-hover"
              },
              "footer": {
                "align": "center",
                "justify": "left",
                "style": {
                  "classes": ""
                },
                "title": ""
              },
              "header": {
                "align": "center",
                "justify": "center",
                "style": {
                  "classes": ""
                },
                "title": "No Of Logs"
              },
              "justify": "center",
              "number": "value",
              "numberFormat": "0,0.##",
              "progressBar": {
                "bar": {
                  "color": "",
                  "style": {
                    "classes": ""
                  }
                },
                "max": 100,
                "min": 0,
                "track": {
                  "color": "",
                  "style": {
                    "classes": ""
                  }
                },
                "value": {
                  "enabled": true,
                  "format": "0,0.##",
                  "justify": "center",
                  "style": {
                    "classes": ""
                  }
                }
              },
              "render": "view",
              "resizable": false,
              "sort": "none",
              "sortable": false,
              "strictWidth": false,
              "style": {
                "classes": ""
              },
              "toggleSwitch": {
                "color": {
                  "selected": "",
                  "unselected": ""
                }
              },
              "viewParams": {
                "rowData": {}
              },
              "viewPath": "CastingPageTemplates/NoOfLogsView",
              "visible": true,
              "width": 80
            },
            {
              "align": "center",
              "boolean": "checkbox",
              "dateFormat": "MM/DD/YYYY",
              "editable": false,
              "field": "NoOfLogsEngraved",
              "filter": {
                "boolean": {
                  "condition": ""
                },
                "date": {
                  "condition": "",
                  "value": ""
                },
                "enabled": false,
                "number": {
                  "condition": "",
                  "value": ""
                },
                "string": {
                  "condition": "",
                  "value": ""
                },
                "visible": "on-hover"
              },
              "footer": {
                "align": "center",
                "justify": "left",
                "style": {
                  "classes": ""
                },
                "title": ""
              },
              "header": {
                "align": "center",
                "justify": "center",
                "style": {
                  "classes": ""
                },
                "title": "No Of Logs Engraved"
              },
              "justify": "center",
              "number": "value",
              "numberFormat": "0,0.##",
              "progressBar": {
                "bar": {
                  "color": "",
                  "style": {
                    "classes": ""
                  }
                },
                "max": 100,
                "min": 0,
                "track": {
                  "color": "",
                  "style": {
                    "classes": ""
                  }
                },
                "value": {
                  "enabled": true,
                  "format": "0,0.##",
                  "justify": "center",
                  "style": {
                    "classes": ""
                  }
                }
              },
              "render": "auto",
              "resizable": false,
              "sort": "none",
              "sortable": false,
              "strictWidth": false,
              "style": {
                "classes": ""
              },
              "toggleSwitch": {
                "color": {
                  "selected": "",
                  "unselected": ""
                }
              },
              "viewParams": {},
              "viewPath": "",
              "visible": true,
              "width": ""
            },
            {
              "align": "center",
              "boolean": "checkbox",
              "dateFormat": "MM/DD/YYYY",
              "editable": false,
              "field": "ActualWeight",
              "filter": {
                "boolean": {
                  "condition": ""
                },
                "date": {
                  "condition": "",
                  "value": ""
                },
                "enabled": false,
                "number": {
                  "condition": "",
                  "value": ""
                },
                "string": {
                  "condition": "",
                  "value": ""
                },
                "visible": "on-hover"
              },
              "footer": {
                "align": "center",
                "justify": "left",
                "style": {
                  "classes": ""
                },
                "title": ""
              },
              "header": {
                "align": "center",
                "justify": "center",
                "style": {
                  "classes": ""
                },
                "title": "Actual Weight  (kg)"
              },
              "justify": "center",
              "number": "value",
              "numberFormat": "0,0.##",
              "progressBar": {
                "bar": {
                  "color": "",
                  "style": {
                    "classes": ""
                  }
                },
                "max": 100,
                "min": 0,
                "track": {
                  "color": "",
                  "style": {
                    "classes": ""
                  }
                },
                "value": {
                  "enabled": true,
                  "format": "0,0.##",
                  "justify": "center",
                  "style": {
                    "classes": ""
                  }
                }
              },
              "render": "number",
              "resizable": false,
              "sort": "none",
              "sortable": false,
              "strictWidth": false,
              "style": {
                "classes": ""
              },
              "toggleSwitch": {
                "color": {
                  "selected": "",
                  "unselected": ""
                }
              },
              "viewParams": {},
              "viewPath": "",
              "visible": true,
              "width": 100
            },
            {
              "align": "center",
              "boolean": "checkbox",
              "dateFormat": "MM/DD/YYYY",
              "editable": false,
              "field": "CastingBlock",
              "filter": {
                "boolean": {
                  "condition": ""
                },
                "date": {
                  "condition": "",
                  "value": ""
                },
                "enabled": false,
                "number": {
                  "condition": "",
                  "value": ""
                },
                "string": {
                  "condition": "",
                  "value": ""
                },
                "visible": "on-hover"
              },
              "footer": {
                "align": "center",
                "justify": "left",
                "style": {
                  "classes": ""
                },
                "title": ""
              },
              "header": {
                "align": "center",
                "justify": "center",
                "style": {
                  "classes": ""
                },
                "title": "Casting Block"
              },
              "justify": "center",
              "number": "value",
              "numberFormat": "0,0.##",
              "progressBar": {
                "bar": {
                  "color": "",
                  "style": {
                    "classes": ""
                  }
                },
                "max": 100,
                "min": 0,
                "track": {
                  "color": "",
                  "style": {
                    "classes": ""
                  }
                },
                "value": {
                  "enabled": true,
                  "format": "0,0.##",
                  "justify": "center",
                  "style": {
                    "classes": ""
                  }
                }
              },
              "render": "view",
              "resizable": false,
              "sort": "none",
              "sortable": false,
              "strictWidth": false,
              "style": {
                "classes": ""
              },
              "toggleSwitch": {
                "color": {
                  "selected": "",
                  "unselected": ""
                }
              },
              "viewParams": {
                "rowData": {}
              },
              "viewPath": "MainPageTemplates/CastingBlockNumberEntry",
              "visible": true,
              "width": 100
            },
            {
              "align": "center",
              "boolean": "checkbox",
              "dateFormat": "MM/DD/YYYY",
              "editable": false,
              "field": "AluminiumChipBoring",
              "filter": {
                "boolean": {
                  "condition": ""
                },
                "date": {
                  "condition": "",
                  "value": ""
                },
                "enabled": false,
                "number": {
                  "condition": "",
                  "value": ""
                },
                "string": {
                  "condition": "",
                  "value": ""
                },
                "visible": "on-hover"
              },
              "footer": {
                "align": "center",
                "justify": "left",
                "style": {
                  "classes": ""
                },
                "title": ""
              },
              "header": {
                "align": "center",
                "justify": "center",
                "style": {
                  "classes": ""
                },
                "title": "Aluminium Chip Boring (kg)"
              },
              "justify": "center",
              "number": "value",
              "numberFormat": "0,0.##",
              "progressBar": {
                "bar": {
                  "color": "",
                  "style": {
                    "classes": ""
                  }
                },
                "max": 100,
                "min": 0,
                "track": {
                  "color": "",
                  "style": {
                    "classes": ""
                  }
                },
                "value": {
                  "enabled": true,
                  "format": "0,0.##",
                  "justify": "center",
                  "style": {
                    "classes": ""
                  }
                }
              },
              "render": "auto",
              "resizable": false,
              "sort": "none",
              "sortable": false,
              "strictWidth": false,
              "style": {
                "classes": ""
              },
              "toggleSwitch": {
                "color": {
                  "selected": "",
                  "unselected": ""
                }
              },
              "viewParams": {},
              "viewPath": "",
              "visible": true,
              "width": 120
            },
            {
              "align": "center",
              "boolean": "checkbox",
              "dateFormat": "MM/DD/YYYY",
              "editable": false,
              "field": "LogEndCuttingDiscard",
              "filter": {
                "boolean": {
                  "condition": ""
                },
                "date": {
                  "condition": "",
                  "value": ""
                },
                "enabled": false,
                "number": {
                  "condition": "",
                  "value": ""
                },
                "string": {
                  "condition": "",
                  "value": ""
                },
                "visible": "on-hover"
              },
              "footer": {
                "align": "center",
                "justify": "left",
                "style": {
                  "classes": ""
                },
                "title": ""
              },
              "header": {
                "align": "center",
                "justify": "center",
                "style": {
                  "classes": ""
                },
                "title": "Log End Cutting Discard (kg)"
              },
              "justify": "center",
              "number": "value",
              "numberFormat": "0,0.##",
              "progressBar": {
                "bar": {
                  "color": "",
                  "style": {
                    "classes": ""
                  }
                },
                "max": 100,
                "min": 0,
                "track": {
                  "color": "",
                  "style": {
                    "classes": ""
                  }
                },
                "value": {
                  "enabled": true,
                  "format": "0,0.##",
                  "justify": "center",
                  "style": {
                    "classes": ""
                  }
                }
              },
              "render": "auto",
              "resizable": false,
              "sort": "none",
              "sortable": false,
              "strictWidth": false,
              "style": {
                "classes": ""
              },
              "toggleSwitch": {
                "color": {
                  "selected": "",
                  "unselected": ""
                }
              },
              "viewParams": {},
              "viewPath": "",
              "visible": true,
              "width": 120
            },
            {
              "align": "center",
              "boolean": "checkbox",
              "dateFormat": "MM/DD/YYYY",
              "editable": false,
              "field": "Dross",
              "filter": {
                "boolean": {
                  "condition": ""
                },
                "date": {
                  "condition": "",
                  "value": ""
                },
                "enabled": false,
                "number": {
                  "condition": "",
                  "value": ""
                },
                "string": {
                  "condition": "",
                  "value": ""
                },
                "visible": "on-hover"
              },
              "footer": {
                "align": "center",
                "justify": "left",
                "style": {
                  "classes": ""
                },
                "title": ""
              },
              "header": {
                "align": "center",
                "justify": "center",
                "style": {
                  "classes": ""
                },
                "title": "Dross"
              },
              "justify": "center",
              "number": "value",
              "numberFormat": "0,0.##",
              "progressBar": {
                "bar": {
                  "color": "",
                  "style": {
                    "classes": ""
                  }
                },
                "max": 100,
                "min": 0,
                "track": {
                  "color": "",
                  "style": {
                    "classes": ""
                  }
                },
                "value": {
                  "enabled": true,
                  "format": "0,0.##",
                  "justify": "center",
                  "style": {
                    "classes": ""
                  }
                }
              },
              "render": "auto",
              "resizable": false,
              "sort": "none",
              "sortable": false,
              "strictWidth": false,
              "style": {
                "classes": ""
              },
              "toggleSwitch": {
                "color": {
                  "selected": "",
                  "unselected": ""
                }
              },
              "viewParams": {},
              "viewPath": "",
              "visible": true,
              "width": 80
            },
            {
              "align": "center",
              "boolean": "checkbox",
              "dateFormat": "MM/DD/YYYY",
              "editable": false,
              "field": "MeltingLossPercent",
              "filter": {
                "boolean": {
                  "condition": ""
                },
                "date": {
                  "condition": "",
                  "value": ""
                },
                "enabled": false,
                "number": {
                  "condition": "",
                  "value": ""
                },
                "string": {
                  "condition": "",
                  "value": ""
                },
                "visible": "on-hover"
              },
              "footer": {
                "align": "center",
                "justify": "left",
                "style": {
                  "classes": ""
                },
                "title": ""
              },
              "header": {
                "align": "center",
                "justify": "center",
                "style": {
                  "classes": ""
                },
                "title": "% Melting Loss"
              },
              "justify": "center",
              "number": "value",
              "numberFormat": "0,0.##",
              "progressBar": {
                "bar": {
                  "color": "",
                  "style": {
                    "classes": ""
                  }
                },
                "max": 100,
                "min": 0,
                "track": {
                  "color": "",
                  "style": {
                    "classes": ""
                  }
                },
                "value": {
                  "enabled": true,
                  "format": "0,0.##",
                  "justify": "center",
                  "style": {
                    "classes": ""
                  }
                }
              },
              "render": "auto",
              "resizable": false,
              "sort": "none",
              "sortable": false,
              "strictWidth": false,
              "style": {
                "classes": ""
              },
              "toggleSwitch": {
                "color": {
                  "selected": "",
                  "unselected": ""
                }
              },
              "viewParams": {},
              "viewPath": "",
              "visible": true,
              "width": 80
            },
            {
              "align": "center",
              "boolean": "checkbox",
              "dateFormat": "MM/DD/YYYY",
              "editable": false,
              "field": "Yield",
              "filter": {
                "boolean": {
                  "condition": ""
                },
                "date": {
                  "condition": "",
                  "value": ""
                },
                "enabled": false,
                "number": {
                  "condition": "",
                  "value": ""
                },
                "string": {
                  "condition": "",
                  "value": ""
                },
                "visible": "on-hover"
              },
              "footer": {
                "align": "center",
                "justify": "left",
                "style": {
                  "classes": ""
                },
                "title": ""
              },
              "header": {
                "align": "center",
                "justify": "center",
                "style": {
                  "classes": ""
                },
                "title": "Yield"
              },
              "justify": "center",
              "number": "value",
              "numberFormat": "0,0.##",
              "progressBar": {
                "bar": {
                  "color": "",
                  "style": {
                    "classes": ""
                  }
                },
                "max": 100,
                "min": 0,
                "track": {
                  "color": "",
                  "style": {
                    "classes": ""
                  }
                },
                "value": {
                  "enabled": true,
                  "format": "0,0.##",
                  "justify": "center",
                  "style": {
                    "classes": ""
                  }
                }
              },
              "render": "auto",
              "resizable": false,
              "sort": "none",
              "sortable": false,
              "strictWidth": false,
              "style": {
                "classes": ""
              },
              "toggleSwitch": {
                "color": {
                  "selected": "",
                  "unselected": ""
                }
              },
              "viewParams": {},
              "viewPath": "",
              "visible": true,
              "width": 80
            },
            {
              "align": "center",
              "boolean": "checkbox",
              "dateFormat": "MM/DD/YYYY",
              "editable": false,
              "field": "MeltingRemarks",
              "filter": {
                "boolean": {
                  "condition": ""
                },
                "date": {
                  "condition": "",
                  "value": ""
                },
                "enabled": false,
                "number": {
                  "condition": "",
                  "value": ""
                },
                "string": {
                  "condition": "",
                  "value": ""
                },
                "visible": "on-hover"
              },
              "footer": {
                "align": "center",
                "justify": "left",
                "style": {
                  "classes": ""
                },
                "title": ""
              },
              "header": {
                "align": "center",
                "justify": "center",
                "style": {
                  "classes": ""
                },
                "title": "Melting Remarks"
              },
              "justify": "center",
              "number": "value",
              "numberFormat": "0,0.##",
              "progressBar": {
                "bar": {
                  "color": "",
                  "style": {
                    "classes": ""
                  }
                },
                "max": 100,
                "min": 0,
                "track": {
                  "color": "",
                  "style": {
                    "classes": ""
                  }
                },
                "value": {
                  "enabled": true,
                  "format": "0,0.##",
                  "justify": "center",
                  "style": {
                    "classes": ""
                  }
                }
              },
              "render": "auto",
              "resizable": false,
              "sort": "none",
              "sortable": false,
              "strictWidth": false,
              "style": {
                "classes": ""
              },
              "toggleSwitch": {
                "color": {
                  "selected": "",
                  "unselected": ""
                }
              },
              "viewParams": {},
              "viewPath": "",
              "visible": true,
              "width": 120
            },
            {
              "align": "center",
              "boolean": "checkbox",
              "dateFormat": "MM/DD/YYYY",
              "editable": false,
              "field": "HoldingRemarks",
              "filter": {
                "boolean": {
                  "condition": ""
                },
                "date": {
                  "condition": "",
                  "value": ""
                },
                "enabled": false,
                "number": {
                  "condition": "",
                  "value": ""
                },
                "string": {
                  "condition": "",
                  "value": ""
                },
                "visible": "on-hover"
              },
              "footer": {
                "align": "center",
                "justify": "left",
                "style": {
                  "classes": ""
                },
                "title": ""
              },
              "header": {
                "align": "center",
                "justify": "center",
                "style": {
                  "classes": ""
                },
                "title": "Holding Remarks"
              },
              "justify": "center",
              "number": "value",
              "numberFormat": "0,0.##",
              "progressBar": {
                "bar": {
                  "color": "",
                  "style": {
                    "classes": ""
                  }
                },
                "max": 100,
                "min": 0,
                "track": {
                  "color": "",
                  "style": {
                    "classes": ""
                  }
                },
                "value": {
                  "enabled": true,
                  "format": "0,0.##",
                  "justify": "center",
                  "style": {
                    "classes": ""
                  }
                }
              },
              "render": "auto",
              "resizable": false,
              "sort": "none",
              "sortable": false,
              "strictWidth": false,
              "style": {
                "classes": ""
              },
              "toggleSwitch": {
                "color": {
                  "selected": "",
                  "unselected": ""
                }
              },
              "viewParams": {},
              "viewPath": "",
              "visible": true,
              "width": 120
            },
            {
              "align": "center",
              "boolean": "checkbox",
              "dateFormat": "MM/DD/YYYY",
              "editable": false,
              "field": "CastingRemarks",
              "filter": {
                "boolean": {
                  "condition": ""
                },
                "date": {
                  "condition": "",
                  "value": ""
                },
                "enabled": false,
                "number": {
                  "condition": "",
                  "value": ""
                },
                "string": {
                  "condition": "",
                  "value": ""
                },
                "visible": "on-hover"
              },
              "footer": {
                "align": "center",
                "justify": "left",
                "style": {
                  "classes": ""
                },
                "title": ""
              },
              "header": {
                "align": "center",
                "justify": "center",
                "style": {
                  "classes": ""
                },
                "title": "Casting Remarks"
              },
              "justify": "center",
              "number": "value",
              "numberFormat": "0,0.##",
              "progressBar": {
                "bar": {
                  "color": "",
                  "style": {
                    "classes": ""
                  }
                },
                "max": 100,
                "min": 0,
                "track": {
                  "color": "",
                  "style": {
                    "classes": ""
                  }
                },
                "value": {
                  "enabled": true,
                  "format": "0,0.##",
                  "justify": "center",
                  "style": {
                    "classes": ""
                  }
                }
              },
              "render": "auto",
              "resizable": false,
              "sort": "none",
              "sortable": false,
              "strictWidth": false,
              "style": {
                "classes": ""
              },
              "toggleSwitch": {
                "color": {
                  "selected": "",
                  "unselected": ""
                }
              },
              "viewParams": {},
              "viewPath": "",
              "visible": true,
              "width": 120
            }
          ],
          "dragOrderable": false,
          "emptyMessage": {
            "style": {
              "backgroundColor": "#E3E3E3",
              "borderStyle": "none"
            }
          },
          "headerStyle": {
            "classes": "Table/Table_Header",
            "fontSize": 12
          },
          "pager": {
            "initialOption": 50,
            "options": [
              50,
              100,
              150,
              200,
              250
            ]
          },
          "rows": {
            "highlight": {
              "color": "#FDF1D3"
            },
            "striped": {
              "color": {
                "even": "#FFFFFF",
                "odd": "#FFFFFF"
              },
              "style": {
                "marginTop": 5
              }
            },
            "style": {
              "classes": "Table/Table_Row"
            },
            "subview": {
              "viewParams": {
                "Stage": ""
              },
              "viewPath": "Template/User_Input"
            }
          },
          "style": {
            "classes": "Table/Table_style"
          },
          "virtualized": false
        },
        "scripts": {
          "customMethods": [],
          "extensionFunctions": null,
          "messageHandlers": [
            {
              "messageType": "MachineSelection",
              "pageScope": true,
              "script": "\t# implement your handler here\n\tmachineStr \u003d payload[\u0027selectedMachine\u0027]\n\n\t\n\tmData \u003d machineStr.split(\u0027+\u0027)\n\tmeltingMachine \u003d str(mData[0])\n\t\n\tmachine \u003d meltingMachine\n\tpo \u003d self.props.selection.data[0].PO\n\t\n\tpressQuery\u003d \"SELECT [Press] FROM [dbo].[mes_main] WHERE [PO] \u003d ?\"\n\tpDataset \u003d system.db.runPrepQuery(pressQuery, [po], \u0027CIMS2\u0027)\n#\ttry:\n\tpress \u003d pDataset[0][\u0027Press\u0027]\n#\t\tif(str(press) \u003d\u003d None or press \u003d\u003d \u0027\u0027):\n#\t\t\tpress \u003d \u0027a\u0027#\u0027NULL\u0027\n#\texcept:\n#\t\tpress \u003d \u0027b\u0027#\u0027NULL\u0027\n\t\n\t\t\n\tupdatedColumn \u003d self.props.selection.selectedColumn\n#\tself.getSibling(\"Label\").props.text \u003d str(machine) + \u0027 \u0027 + str(po) + str(updatedColumn) + \u0027 \u0027 + str(press)\n\n\tif updatedColumn \u003d\u003d \u0027Machine\u0027:\n\t\t# Update table component\n\t\tvalueToSet \u003d machine\n\t\tsystem.dataset.setValue(self.props.data, self.props.selection.selectedRow, self.props.selection.selectedColumn, valueToSet)\n\t\t\n\t\tstatus \u003d \u0027Melting Pending\u0027\n\t\tdt \u003d system.date.now()\n\t\t\n\t\trecordExistsQuery \u003d \"SELECT * FROM [dbo].[mes_melting] WHERE [PO] \u003d ?\"\n\t\trExists \u003d system.db.runPrepQuery(recordExistsQuery, [po], \u0027CIMS2\u0027)\n\t\t\n\t\tif(rExists.getRowCount() \u003d\u003d 0):\t\t\n\t\t\tmachineQuery \u003d \"UPDATE [dbo].[mes_main] SET [Machine] \u003d ?, [Status] \u003d ?, [Date_and_time] \u003d ? WHERE [PO] \u003d ?\"\n\t\t\tsystem.db.runPrepUpdate(machineQuery, [machineStr, status, dt, po], \u0027CIMS2\u0027)\n\t\t\t\n\t\t\tstatusQuery \u003d \"UPDATE [dbo].[mes_status] SET [po_status] \u003d ? WHERE [mes_po] \u003d ?\"\n\t\t\tsystem.db.runPrepUpdate(statusQuery, [status, po], \u0027CIMS2\u0027)\n\t\t\t\n\t\t\tmeltingQuery \u003d \u0027INSERT INTO [dbo].[mes_melting] (PO, Machine, Status, Press_derived) VALUES (?, ?, ?, ?)\u0027\n\t\t\tsystem.db.runPrepUpdate(meltingQuery, [po, meltingMachine, status, press], \u0027CIMS2\u0027)\n\t\t\t\n\t\telif(rExists.getRowCount() \u003d\u003d 1):\n\t\t\tmQuery \u003d \"UPDATE [dbo].[mes_main] SET [Machine] \u003d ? WHERE [PO] \u003d ?\"\n\t\t\tsystem.db.runPrepUpdate(mQuery, [machineStr, po], \u0027CIMS2\u0027)\n\t\t\t\n\t\t\tmeltQuery \u003d \"UPDATE [dbo].[mes_melting] SET [Machine] \u003d ?, [Press_derived] \u003d ? WHERE [PO] \u003d ?\"\n\t\t\tsystem.db.runPrepUpdate(meltQuery, [meltingMachine, press, po], \u0027CIMS2\u0027)\n\t\t\n\t\t# Message Handler for Melting Page\n\t\tMessageType \u003d \"MeltingU\"\n\t\tPayload\u003d {\"MeltingUpdate\": 0}\n\t\tsystem.perspective.sendMessage(messageType\u003dMessageType, payload\u003dPayload,scope\u003d\"session\")\n\t\n\tself.refreshBinding(\"props.data\")",
              "sessionScope": true,
              "viewScope": true
            },
            {
              "messageType": "PressSelection",
              "pageScope": true,
              "script": "\t# implement your handler here\n\tpress \u003d payload[\u0027selectedPress\u0027]\t\n\tpo \u003d self.props.selection.data[0].PO\n\tupdatedColumn \u003d self.props.selection.selectedColumn\n\n\tif updatedColumn \u003d\u003d \u0027Press\u0027:\n\t\t# Update table component\n\t\tvalueToSet \u003d press\n\t\tsystem.dataset.setValue(self.props.data, self.props.selection.selectedRow, self.props.selection.selectedColumn, valueToSet)\n\t\t\n\t\tpressQuery \u003d \"UPDATE [dbo].[mes_main] SET [Press] \u003d ? WHERE PO \u003d ?\"\n\t\tsystem.db.runPrepUpdate(pressQuery, [press, po], \u0027CIMS2\u0027)\t\n\t\t\n\t\tpressInStatusQuery \u003d \"UPDATE [dbo].[mes_status] SET [Press] \u003d ? WHERE [mes_po] \u003d ?\"\n\t\tsystem.db.runPrepUpdate(pressInStatusQuery, [press, po], \u0027CIMS2\u0027)\n\t\t\n\t\tmeltingQuery \u003d \"UPDATE [dbo].[mes_melting] SET [Press_derived] \u003d ? WHERE [PO] \u003d ?\"\n\t\tsystem.db.runPrepUpdate(meltingQuery, [press, po], \u0027CIMS2\u0027)\n\t\t\n\t\tholdingQuery \u003d \"UPDATE [dbo].[mes_holding] SET [Press_derived] \u003d ? WHERE [PO] \u003d ?\"\n\t\tsystem.db.runPrepUpdate(holdingQuery, [press, po], \u0027CIMS2\u0027)\n\t\t\n\t\tcastingQuery \u003d \"UPDATE [dbo].[mes_casting] SET [Press_derived] \u003d ? WHERE [PO] \u003d ?\"\n\t\tsystem.db.runPrepUpdate(castingQuery, [press, po], \u0027CIMS2\u0027)\n\t\t\n\t\toprnStatusQuery \u003d \"UPDATE [dbo].[mes_operation_status] SET [press] \u003d ? WHERE [prod_order] \u003d ?\"\n\t\tsystem.db.runPrepUpdate(oprnStatusQuery, [press, po], \u0027CIMS2\u0027)\n\t\n\tself.refreshBinding(\"props.data\")\n",
              "sessionScope": false,
              "viewScope": false
            },
            {
              "messageType": "CastingBlockEntered",
              "pageScope": true,
              "script": "\t# implement your handler here\n\tcastingBlock \u003d payload[\u0027castingBlock\u0027]\n\tpo \u003d self.props.selection.data[0].ProductionOrder\n\tupdatedColumn \u003d self.props.selection.selectedColumn\n#\tself.getSibling(\"Label\").props.text \u003d str(po) + \" \" + str(updatedColumn) + \" \" + str(castingBlock)\n\n\tif updatedColumn \u003d\u003d \u0027CastingBlock\u0027:\n\t\t# Update table component\n\t\tvalueToSet \u003d castingBlock\n\t\tsystem.dataset.setValue(self.props.data, self.props.selection.selectedRow, self.props.selection.selectedColumn, valueToSet)\n\t\n#\t\tself.getSibling(\"Label\").props.text \u003d \u0027Test\u0027 + \" \" + str(system.date.now())\n\t\n\t\tcastingBlockQuery \u003d \"UPDATE [dbo].[mes_main] SET [Casting_block] \u003d ? WHERE [PO] \u003d ?\"\n\t\tsystem.db.runPrepUpdate(castingBlockQuery, [castingBlock, po], \u0027CIMS2\u0027)\n\t\n\tself.refreshBinding(\"props.data\")",
              "sessionScope": false,
              "viewScope": false
            },
            {
              "messageType": "MainU",
              "pageScope": true,
              "script": "\t# implement your handler here\n\tV \u003d payload[\u0027MainUpdate\u0027]\n\tself.custom.Update \u003d V",
              "sessionScope": true,
              "viewScope": false
            }
          ]
        },
        "type": "ia.display.table"
      }
    ],
    "meta": {
      "name": "root"
    },
    "props": {
      "direction": "column"
    },
    "type": "ia.container.flex"
  }
}