{
  "custom": {},
  "params": {
    "EDIT": "Yes",
    "Edit": true,
    "Nospa": 1,
    "STO_PO": "SBB19J0282",
    "Typespa": "A",
    "Weightspa": 10,
    "index": "value"
  },
  "propConfig": {
    "params.EDIT": {
      "paramDirection": "input",
      "persistent": true
    },
    "params.Edit": {
      "paramDirection": "input",
      "persistent": true
    },
    "params.Nospa": {
      "paramDirection": "input",
      "persistent": true
    },
    "params.STO_PO": {
      "paramDirection": "input",
      "persistent": true
    },
    "params.Typespa": {
      "paramDirection": "input",
      "persistent": true
    },
    "params.Weightspa": {
      "paramDirection": "input",
      "persistent": true
    },
    "params.index": {
      "paramDirection": "input",
      "persistent": true
    }
  },
  "props": {
    "defaultSize": {
      "height": 50,
      "width": 1632
    }
  },
  "root": {
    "children": [
      {
        "children": [
          {
            "children": [
              {
                "children": [
                  {
                    "meta": {
                      "name": "Label"
                    },
                    "position": {
                      "basis": "136px"
                    },
                    "props": {
                      "text": "Type of Spacers"
                    },
                    "type": "ia.display.label"
                  }
                ],
                "meta": {
                  "name": "FlexContainer"
                },
                "position": {
                  "basis": "150px",
                  "grow": 1,
                  "shrink": 0
                },
                "props": {
                  "style": {
                    "fontFamily": "Roboto",
                    "fontSize": 16
                  }
                },
                "type": "ia.container.flex"
              },
              {
                "children": [
                  {
                    "meta": {
                      "name": "Dropdown"
                    },
                    "position": {
                      "basis": "150px",
                      "grow": 1,
                      "shrink": 0
                    },
                    "propConfig": {
                      "props.enabled": {
                        "binding": {
                          "config": {
                            "path": "view.params.Edit"
                          },
                          "type": "property"
                        }
                      },
                      "props.value": {
                        "binding": {
                          "config": {
                            "path": "view.params.Edit"
                          },
                          "transforms": [
                            {
                              "code": "#\tvalue\u003dself.props.enabled\n\tif value\u003d\u003dFalse:\n\t\treturn self.view.params.Typespa\n\telse:\n\t\treturn \u0027\u0027\t",
                              "type": "script"
                            }
                          ],
                          "type": "property"
                        }
                      }
                    },
                    "props": {
                      "options": [
                        {
                          "label": "Bottom Spacer",
                          "value": "Bottom Spacer"
                        },
                        {
                          "label": "Support Spacer",
                          "value": "Support Spacer"
                        }
                      ],
                      "style": {
                        "borderBottomLeftRadius": 15,
                        "borderBottomRightRadius": 15,
                        "borderTopLeftRadius": 15,
                        "borderTopRightRadius": 15,
                        "marginRight": 25
                      },
                      "textAlign": "center"
                    },
                    "type": "ia.input.dropdown"
                  }
                ],
                "meta": {
                  "name": "FlexContainer_0"
                },
                "position": {
                  "basis": "298px"
                },
                "propConfig": {
                  "custom.enable": {
                    "binding": {
                      "config": {
                        "expression": "{./Dropdown.props.value}"
                      },
                      "transforms": [
                        {
                          "code": "\tif value\u003d\u003d\"\":\n\t\treturn False\n\telse:\n\t\treturn True",
                          "type": "script"
                        }
                      ],
                      "type": "expr"
                    }
                  }
                },
                "type": "ia.container.flex"
              }
            ],
            "meta": {
              "name": "FlexContainer_0"
            },
            "position": {
              "basis": "250px",
              "grow": 1,
              "shrink": 0
            },
            "type": "ia.container.flex"
          },
          {
            "children": [
              {
                "children": [
                  {
                    "meta": {
                      "name": "Label"
                    },
                    "position": {
                      "basis": "113px"
                    },
                    "props": {
                      "style": {
                        "fontFamily": "Roboto",
                        "fontSize": 16
                      },
                      "text": "No.of Spacers"
                    },
                    "type": "ia.display.label"
                  }
                ],
                "meta": {
                  "name": "FlexContainer"
                },
                "position": {
                  "basis": "132px"
                },
                "type": "ia.container.flex"
              },
              {
                "children": [
                  {
                    "meta": {
                      "name": "NumericEntryField"
                    },
                    "position": {
                      "basis": "150px",
                      "grow": 1,
                      "shrink": 0
                    },
                    "propConfig": {
                      "props.enabled": {
                        "binding": {
                          "config": {
                            "path": "view.params.Edit"
                          },
                          "type": "property"
                        }
                      },
                      "props.value": {
                        "binding": {
                          "config": {
                            "path": "view.params.Edit"
                          },
                          "transforms": [
                            {
                              "code": "\tif value\u003d\u003dFalse:\n\t\treturn self.view.params.Nospa\n\telse:\n\t\treturn \u0027\u0027\t",
                              "type": "script"
                            }
                          ],
                          "type": "property"
                        }
                      }
                    },
                    "props": {
                      "align": "center",
                      "spinner": {
                        "enabled": false
                      }
                    },
                    "type": "ia.input.numeric-entry-field"
                  }
                ],
                "meta": {
                  "name": "FlexContainer_0"
                },
                "position": {
                  "basis": "256.6px"
                },
                "propConfig": {
                  "custom.Enable": {
                    "binding": {
                      "config": {
                        "expression": "{./NumericEntryField.props.value}"
                      },
                      "transforms": [
                        {
                          "code": "\tif value\u003d\u003d\"\" or 0:\n\t\treturn False\n\telse:\n\t\treturn True",
                          "type": "script"
                        }
                      ],
                      "type": "expr"
                    }
                  }
                },
                "props": {
                  "style": {
                    "overflow": "hidden"
                  }
                },
                "type": "ia.container.flex"
              }
            ],
            "meta": {
              "name": "FlexContainer_1"
            },
            "position": {
              "basis": "250px",
              "grow": 1,
              "shrink": 0
            },
            "type": "ia.container.flex"
          },
          {
            "children": [
              {
                "children": [
                  {
                    "meta": {
                      "name": "Label"
                    },
                    "position": {
                      "basis": "135px"
                    },
                    "props": {
                      "style": {
                        "fontFamily": "Roboto",
                        "fontSize": 16
                      },
                      "text": "Total Weight"
                    },
                    "type": "ia.display.label"
                  }
                ],
                "meta": {
                  "name": "FlexContainer"
                },
                "position": {
                  "basis": "150px"
                },
                "type": "ia.container.flex"
              },
              {
                "children": [
                  {
                    "meta": {
                      "name": "NumericEntryField"
                    },
                    "position": {
                      "basis": "150px",
                      "grow": 1,
                      "shrink": 0
                    },
                    "propConfig": {
                      "props.enabled": {
                        "binding": {
                          "config": {
                            "path": "view.params.Edit"
                          },
                          "type": "property"
                        }
                      },
                      "props.value": {
                        "binding": {
                          "config": {
                            "expression": "now()"
                          },
                          "transforms": [
                            {
                              "code": "\tdrop\u003dself.parent.parent.parent.getChild(\"FlexContainer_0\").getChild(\"FlexContainer_0\").getChild(\"Dropdown\").props.value\n\tno\u003dself.parent.parent.parent.getChild(\"FlexContainer_1\").getChild(\"FlexContainer_0\").getChild(\"NumericEntryField\").props.value\n\ttot\u003dself.props.value\n\tif drop \u003d\u003d \u0027Bottom Spacer\u0027:\n\t\ttot \u003d no * 350\n\telif drop \u003d\u003d \u0027Support Spacer\u0027:  \n\t\ttot \u003d no * 70\n\tself.props.value\u003dtot\t\n\treturn tot\t    \n\t",
                              "type": "script"
                            }
                          ],
                          "type": "expr"
                        }
                      }
                    },
                    "props": {
                      "align": "center",
                      "spinner": {
                        "enabled": false
                      }
                    },
                    "type": "ia.input.numeric-entry-field"
                  }
                ],
                "meta": {
                  "name": "FlexContainer_0"
                },
                "position": {
                  "basis": "297px"
                },
                "propConfig": {
                  "custom.Enable": {
                    "binding": {
                      "config": {
                        "expression": "{./NumericEntryField.props.value}"
                      },
                      "transforms": [
                        {
                          "code": "\tif value\u003d\u003d\"\" or 0:\n\t\t\treturn False\n\telse:\n\t\t\treturn True",
                          "type": "script"
                        }
                      ],
                      "type": "expr"
                    }
                  }
                },
                "props": {
                  "style": {
                    "overflow": "hidden"
                  }
                },
                "type": "ia.container.flex"
              }
            ],
            "meta": {
              "name": "FlexContainer_2"
            },
            "position": {
              "basis": "200px",
              "grow": 1,
              "shrink": 0
            },
            "type": "ia.container.flex"
          },
          {
            "children": [
              {
                "events": {
                  "dom": {
                    "onClick": {
                      "config": {
                        "script": "\tSTOPO\u003dself.view.params.STO_PO\n\tType\u003dself.parent.parent.getChild(\"FlexContainer_0\").getChild(\"FlexContainer_0\").getChild(\"Dropdown\").props.value\n\tweight\u003dself.parent.parent.getChild(\"FlexContainer_2\").getChild(\"FlexContainer_0\").getChild(\"NumericEntryField\").props.value\n\tNo\u003dself.parent.parent.getChild(\"FlexContainer_1\").getChild(\"FlexContainer_0\").getChild(\"NumericEntryField\").props.value\n\tq\u003d\u0027\u0027\u0027INSERT INTO [dbo].[STOPO_Spacer]\n\t           ([STO_PO]\n\t           ,[Type]\n\t           ,[Weight]\n\t           ,[No_of_Spacers])\n\t     VALUES\n\t           (?,?,?,?)\u0027\u0027\u0027\n\targs\u003d[STOPO,Type,weight,No]\n\tsystem.db.runPrepUpdate(q, args,\u0027CIMS2\u0027)\n\tsystem.perspective.sendMessage(\u0027refresh_spacer\u0027,payload\u003d{\u0027A\u0027:1},scope\u003d\u0027page\u0027)\n#\tsystem.perspective.sendMessage(\u0027Log_Table_update\u0027, payload\u003d{\u0027A\u0027:1},scope\u003d\u0027page\u0027)\n\tsystem.perspective.closePopup(\u00271Ikkxdry\u0027)\n\t\n\t\n\t\t\t\t#\tAdd a new flex in repeater\n#\tnewValue\u003d[]\n#\t\t\t\n#\tfor i in range(len(data)):\n#\t\tADD\u003d{\n#\t\t\t\t  \"instanceStyle\": {\n#\t\t\t\t    \"classes\": \"\"\n#\t\t\t\t  },\n#\t\t\t\t  \"instancePosition\": {},\n#\t\t\t\t  \"Edit\": False,\n#\t\t\t\t  \"Nospa\": data[i][\u0027No_of_Spacers\u0027],\n#\t\t\t\t  \"Totalwei\": 10,\n#\t\t\t\t  \"Typespa\": data[i][\u0027Type\u0027],\n#\t\t\t\t  \"Weightspa\": data[i][\u0027Weight\u0027]\n#\t\t\t\t}\n#\t\tnewValue.append(ADD)\n#\t\t\t\t\t\n\t"
                      },
                      "scope": "G",
                      "type": "script"
                    }
                  }
                },
                "meta": {
                  "name": "Button"
                },
                "position": {
                  "basis": "104px",
                  "grow": 1
                },
                "propConfig": {
                  "position.display": {
                    "binding": {
                      "config": {
                        "path": "view.params.EDIT"
                      },
                      "transforms": [
                        {
                          "fallback": true,
                          "inputType": "scalar",
                          "mappings": [
                            {
                              "input": "Yes",
                              "output": false
                            },
                            {
                              "input": "No",
                              "output": true
                            }
                          ],
                          "outputType": "scalar",
                          "type": "map"
                        }
                      ],
                      "type": "property"
                    }
                  },
                  "props.enabled": {
                    "binding": {
                      "config": {
                        "expression": "{.../FlexContainer_0/FlexContainer_0.custom.enable}\u0026\u0026{.../FlexContainer_1/FlexContainer_0.custom.Enable}\u0026\u0026{.../FlexContainer_2/FlexContainer_0.custom.Enable}"
                      },
                      "type": "expr"
                    }
                  }
                },
                "props": {
                  "text": "Add"
                },
                "type": "ia.input.button"
              }
            ],
            "meta": {
              "name": "FlexContainer_5"
            },
            "position": {
              "basis": "100px",
              "shrink": 0
            },
            "props": {
              "alignItems": "center",
              "justify": "center",
              "style": {
                "overflow": "hidden"
              }
            },
            "type": "ia.container.flex"
          }
        ],
        "meta": {
          "name": "FlexContainer_3"
        },
        "position": {
          "grow": 1,
          "shrink": 0
        },
        "props": {
          "justify": "center",
          "style": {
            "borderColor": "#E2E2E2",
            "borderStyle": "none",
            "borderWidth": 1,
            "padding": 10
          },
          "wrap": "wrap"
        },
        "type": "ia.container.flex"
      }
    ],
    "meta": {
      "name": "root"
    },
    "props": {
      "direction": "column",
      "justify": "space-evenly",
      "style": {
        "borderStyle": "none",
        "overflow": "hidden"
      }
    },
    "type": "ia.container.flex"
  }
}