{
  "custom": {},
  "events": {
    "system": {
      "onStartup": {
        "config": {
          "script": "\tself.getChild(\"root\").getChild(\"FlexContainer1\").getChild(\"FlexContainer11\").getChild(\"Button_0\").props.text \u003d \"View homogenized logs\"\n\tself.getChild(\"root\").getChild(\"FlexContainer2\").getChild(\"FlexContainer21\").getChild(\"Table2\").position.display \u003d False\n\t"
        },
        "enabled": false,
        "scope": "G",
        "type": "script"
      }
    }
  },
  "params": {},
  "props": {
    "defaultSize": {
      "height": 972,
      "width": 1595
    }
  },
  "root": {
    "children": [
      {
        "children": [
          {
            "children": [
              {
                "events": {
                  "system": {
                    "onStartup": {
                      "config": {
                        "script": "\tself.props.value \u003d \u0027HM1\u0027"
                      },
                      "scope": "G",
                      "type": "script"
                    }
                  }
                },
                "meta": {
                  "name": "Dropdown"
                },
                "position": {
                  "basis": "80px"
                },
                "props": {
                  "options": [
                    {
                      "label": "HM1",
                      "value": "HM1"
                    },
                    {
                      "label": "HM2",
                      "value": "HM2"
                    },
                    {
                      "label": "HM3",
                      "value": "HM3"
                    }
                  ],
                  "search": {
                    "enabled": false
                  },
                  "style": {
                    "marginRight": 5
                  },
                  "value": "HM1"
                },
                "type": "ia.input.dropdown"
              },
              {
                "events": {
                  "dom": {
                    "onClick": [
                      {
                        "config": {
                          "script": "\ttry:\n\t\tselection\u003dself.getSibling(\"Dropdown\").props.value\n\t\track_no\u003dself.parent.parent.parent.getChild(\"TabContainer\").getChild(\"Log_Batch\").getChild(\"FlexRepeater\").custom.Selection\n\t\tquery\u003d\u0027\u0027\u0027 update [CIMS].[dbo].[mes_endcut_homogenize_dispatch]\n\t\t set [homogenization_machine]\u003d?\n\t\t where rack_no \u003d ?\u0027\u0027\u0027\n\t\tfor i in range(len(rack_no)):\n\t\t\targs\u003d[selection,rack_no[i]]\n\t\t\tsystem.db.runPrepUpdate(query, args, \u0027CIMS2\u0027)\n\texcept:\n\t\tpass\t"
                        },
                        "scope": "G",
                        "type": "script"
                      },
                      {
                        "config": {
                          "script": "\timport time\n\ttime.sleep(2)\n\t\n\tself.parent.parent.parent.getChild(\"TabContainer\").getChild(\"Log_Batch\").getChild(\"FlexRepeater\").custom.update\u003dTrue\n\tself.parent.parent.parent.getChild(\"TabContainer\").getChild(\"HF1\").getChild(\"FlexRepeater\").custom.update\u003dTrue\n\ttime.sleep(1)\n\tself.parent.parent.parent.getChild(\"TabContainer\").getChild(\"Log_Batch\").getChild(\"FlexRepeater\").custom.update\u003dFalse\n\tself.parent.parent.parent.getChild(\"TabContainer\").getChild(\"HF1\").getChild(\"FlexRepeater\").custom.update\u003dFalse\n\t\n\tself.parent.parent.parent.getChild(\"TabContainer\").getChild(\"Log_Batch\").getChild(\"FlexRepeater\").refreshBinding(\u0027props.instances\u0027)\n\t\n\tself.parent.parent.parent.getChild(\"TabContainer\").getChild(\"HF1\").getChild(\"FlexRepeater\").refreshBinding(\u0027props.instances\u0027)\n\t\n\tself.parent.parent.parent.getChild(\"TabContainer\").getChild(\"HF2\").getChild(\"FlexRepeater\").refreshBinding(\u0027props.instances\u0027)\n\t\n\tself.parent.parent.parent.getChild(\"TabContainer\").getChild(\"HF3\").getChild(\"FlexRepeater\").refreshBinding(\u0027props.instances\u0027)\n"
                        },
                        "scope": "G",
                        "type": "script"
                      },
                      {
                        "config": {
                          "script": "\timport time\n\tself.parent.parent.parent.getChild(\"TabContainer\").getChild(\"Log_Batch\").getChild(\"FlexRepeater\").refreshBinding(\u0027props.instances\u0027)\n\tself.parent.parent.parent.getChild(\"TabContainer\").getChild(\"Log_Batch\").getChild(\"FlexRepeater\").props.path\u003d\u0027\u0027\n\ttime.sleep(1)\n\tself.parent.parent.parent.getChild(\"TabContainer\").getChild(\"Log_Batch\").getChild(\"FlexRepeater\").props.path\u003d\u0027Template/Homogenization/log_row\u0027\n\tself.parent.parent.parent.getChild(\"TabContainer\").getChild(\"Log_Batch\").getChild(\"FlexRepeater\").refreshBinding(\u0027props.instances\u0027)"
                        },
                        "scope": "G",
                        "type": "script"
                      }
                    ]
                  }
                },
                "meta": {
                  "name": "Button"
                },
                "position": {
                  "basis": "80px"
                },
                "props": {
                  "style": {
                    "marginLeft": 5
                  },
                  "text": "Apply"
                },
                "type": "ia.input.button"
              },
              {
                "events": {
                  "dom": {
                    "onClick": {
                      "config": {
                        "script": "\tfrom datetime import datetime\n\t\t\n\t#Set the filename with current timestamp\n\tcurrentDateTime \u003d datetime.now()\n\t\n\t#fileName \u003d \"Homogenization_\" + str(currentDateTime.strftime(\"%Y%m%d%H%M%S%f\")) + \".xlsx\"\n\tfileName \u003d \"Homogenization_InProgress_\" + str(currentDateTime.strftime(\"%Y%m%d%H%M%S\")) + \".xlsx\"\n\n\t# From PyDataSet\n\tdata \u003d self.parent.parent.parent.getChild(\"FlexContainer2\").getChild(\"FlexContainer21\").getChild(\"Table1\").props.data\n\t\n\theaders \u003d []\n\tnewData \u003d []\n\t#headers \u003d system.dataset.getColumnHeaders(data)\n\tshowColumns \u003d []\n\tfinalDataset \u003d []\n\t\n\torgColumns \u003d system.dataset.getColumnHeaders(data)\n\tdisplayColumns \u003d self.parent.parent.parent.getChild(\"FlexContainer2\").getChild(\"FlexContainer21\").getChild(\"Table1\").props.columns\n\t\n\tfor oIdx in range(data.getColumnCount()):\n\t\tmatch \u003d False;\n\t\tfor sIdx in range(len(displayColumns)):\n\t\t\tif(orgColumns[oIdx] \u003d\u003d displayColumns[sIdx].field):\n\t\t\t\tmatch \u003d True;\n\t\t\t\tbreak;\n\t\tif (match):\t\t\t\t\t\t\n\t\t\tshowColumns.append(orgColumns[oIdx]);\n\t\t\theaders.append(displayColumns[oIdx].header.title)\n\t\n\tfor rowIndex in range(data.rowCount):\n\t\trow \u003d [data.getValueAt(rowIndex,col) for col in range(data.columnCount)]\n\t\tnewData.append(row)\n\t\n\tfinalDataset \u003d system.dataset.toDataSet(headers,newData)\n\tXLSFormat \u003d system.dataset.toExcel(True,[finalDataset])\n\tsystem.perspective.download(fileName, XLSFormat)\n\t\n\t\n\t\n\tfileName2 \u003d \"Homogenization_Completed_\" + str(currentDateTime.strftime(\"%Y%m%d%H%M%S\")) + \".xlsx\"\n\n\tdata2 \u003d self.parent.parent.parent.getChild(\"FlexContainer2\").getChild(\"FlexContainer21\").getChild(\"Table2\").props.data\n\t\n\theaders2 \u003d []\n\tnewData2 \u003d []\n\tshowColumns2 \u003d []\n\tfinalDataset2 \u003d []\n\t\n\torgColumns2 \u003d system.dataset.getColumnHeaders(data2)\n\tdisplayColumns2 \u003d self.parent.parent.parent.getChild(\"FlexContainer2\").getChild(\"FlexContainer21\").getChild(\"Table2\").props.columns\n\t\n\tfor oIdx2 in range(data2.getColumnCount()):\n\t\tmatch2 \u003d False;\n\t\tfor sIdx2 in range(len(displayColumns2)):\n\t\t\tif(orgColumns2[oIdx2] \u003d\u003d displayColumns2[sIdx2].field):\n\t\t\t\tmatch2 \u003d True;\n\t\t\t\tbreak;\n\t\tif (match2):\t\t\t\t\t\t\n\t\t\tshowColumns2.append(orgColumns2[oIdx2]);\n\t\t\theaders2.append(displayColumns2[oIdx2].header.title)\n\t\n\tfor rowIndex2 in range(data2.rowCount):\n\t\trow2 \u003d [data2.getValueAt(rowIndex2,col2) for col2 in range(data2.columnCount)]\n\t\tnewData2.append(row2)\n\t\n\tfinalDataset2 \u003d system.dataset.toDataSet(headers2,newData2)\n\tXLSFormat2 \u003d system.dataset.toExcel(True,[finalDataset2])\n\tsystem.perspective.download(fileName2, XLSFormat2)\n\t\t"
                      },
                      "scope": "G",
                      "type": "script"
                    }
                  }
                },
                "meta": {
                  "name": "Icon",
                  "tooltip": {
                    "enabled": true,
                    "text": "Download"
                  }
                },
                "position": {
                  "basis": "30px"
                },
                "props": {
                  "color": "#3F5462",
                  "path": "material/arrow_circle_down",
                  "style": {
                    "marginLeft": 20
                  }
                },
                "type": "ia.display.icon"
              }
            ],
            "meta": {
              "name": "FlexContainer11"
            },
            "position": {
              "basis": "300px",
              "grow": 1,
              "shrink": 0
            },
            "type": "ia.container.flex"
          }
        ],
        "meta": {
          "name": "FlexContainer1"
        },
        "position": {
          "basis": "30px",
          "shrink": 0
        },
        "props": {
          "justify": "space-evenly"
        },
        "type": "ia.container.flex"
      },
      {
        "children": [
          {
            "children": [
              {
                "custom": {
                  "update": "2024-01-05 16:33:52.284B.NO-LOG ID:BA05J02051 \nLOG DIA:127.00\nLENGTH:5938.00\nALLOY:A2S\nWEIGHT:202.99\nSAP ID:0003337276\nPO_NO:003000010008\r51\r                                "
                },
                "meta": {
                  "name": "FlexRepeater"
                },
                "position": {
                  "basis": "320px",
                  "grow": 1
                },
                "propConfig": {
                  "custom.Selection": {
                    "binding": {
                      "config": {
                        "path": "this.props.instances"
                      },
                      "overlayOptOut": true,
                      "transforms": [
                        {
                          "code": "\tA\u003dvalue\n\tFDATA\u003d[]\n\tfor i in range(len(A)):\n\t\tif A[i][\u0027selected\u0027]\u003d\u003dTrue:\n\t\t\tFDATA.append(A[i][\u0027rack_no\u0027])\n\t\telse:\n\t\t\tpass\t\n\treturn FDATA",
                          "type": "script"
                        }
                      ],
                      "type": "property"
                    }
                  },
                  "custom.update": {
                    "binding": {
                      "config": {
                        "expression": "now(30000)+{[B_IMS]Homogenization/Hom_Batch_Scanner}"
                      },
                      "enabled": false,
                      "overlayOptOut": true,
                      "type": "expr"
                    }
                  },
                  "props.instances": {
                    "binding": {
                      "config": {
                        "path": "this.custom.update"
                      },
                      "overlayOptOut": true,
                      "transforms": [
                        {
                          "code": "\n\ttry:\n\t\tquery\u003d\u0027\u0027\u0027 select distinct rack_no FROM [CIMS].[dbo].[mes_endcut_homogenize_dispatch] \n\t\t  where [homogenization_start_execution_date] is null and [homogenization_end_execution_date] is null and rack_no is not null and [homogenization_machine] is null\u0027\u0027\u0027\n\t\tdata\u003dsystem.db.runPrepQuery(query, [], \u0027CIMS2\u0027)\n\t\tFData\u003d[]\n\t\tfor i in range(len(data)):\n\t\t\tA\u003d\t{\n\t\t\t\t  \"instanceStyle\": {\n\t\t\t\t    \"classes\": \"\"\n\t\t\t\t  },\n\t\t\t\t  \"instancePosition\": {},\n\t\t\t\t  \"rack_no\": data[i][\u0027rack_no\u0027],\n\t\t\t\t  \"selected\": False\n\t\t\t\t}\n\t\t\tFData.append(A)\n\t\treturn FData\n\texcept:\n\t\treturn []\t",
                          "type": "script"
                        }
                      ],
                      "type": "property"
                    }
                  }
                },
                "props": {
                  "direction": "column",
                  "elementStyle": {
                    "marginBottom": 5,
                    "marginLeft": 4,
                    "marginRight": 4,
                    "marginTop": 5
                  },
                  "path": "Template/Homogenization/log_row",
                  "useDefaultViewWidth": false
                },
                "type": "ia.display.flex-repeater"
              }
            ],
            "meta": {
              "name": "Log_Batch"
            },
            "props": {
              "direction": "column",
              "style": {
                "marginTop": 10
              }
            },
            "type": "ia.container.flex"
          },
          {
            "children": [
              {
                "children": [
                  {
                    "meta": {
                      "name": "Start"
                    },
                    "position": {
                      "basis": "361px"
                    },
                    "propConfig": {
                      "props.text": {
                        "binding": {
                          "config": {
                            "fallbackDelay": 2.5,
                            "mode": "direct",
                            "tagPath": "[B_IMS]Homogenization/HM1_Start"
                          },
                          "overlayOptOut": true,
                          "transforms": [
                            {
                              "code": "\tA\u003dsystem.date.format(value,\"hh:mm dd-MM-yyyy\")\n\t\n\tif system.date.getYear(value)\u003d\u003d2012:\n\t\treturn \u0027Start Datetime :\u0027\n\telse:\n\t\treturn \u0027Start Datetime: \u0027+A\t",
                              "type": "script"
                            }
                          ],
                          "type": "tag"
                        }
                      }
                    },
                    "props": {
                      "style": {
                        "fontFamily": "Roboto",
                        "fontSize": 14,
                        "fontWeight": "normal",
                        "marginLeft": 5,
                        "textAlign": "left"
                      }
                    },
                    "type": "ia.display.label"
                  },
                  {
                    "meta": {
                      "name": "Elapsed"
                    },
                    "position": {
                      "basis": "249px"
                    },
                    "propConfig": {
                      "props.text": {
                        "binding": {
                          "config": {
                            "expression": "now(10000)"
                          },
                          "overlayOptOut": true,
                          "transforms": [
                            {
                              "code": "\tA\u003dsystem.tag.read(\u0027[B_IMS]Homogenization/HM1_Start\u0027).value\n\tif system.date.getYear(A)\u003d\u003d2012:\n\t\treturn \u0027\u0027\n\telse:\t\n\t\tSeconds\u003dsystem.date.secondsBetween(A,system.date.now())\n\t\n\t\t# Calculate hours, minutes, and seconds\n\t\thours, remainder \u003d divmod(Seconds, 3600)\n\t\tminutes, seconds \u003d divmod(remainder, 60)\n\t\t\n\t\t# Format the result\n\t\telapsed_time \u003d \"{:02}:{:02}:{:02}\".format(int(hours), int(minutes), int(seconds))\n\t\treturn \"Elapsed Time: \"+ elapsed_time +\" hh:mm:ss\"",
                              "type": "script"
                            }
                          ],
                          "type": "expr"
                        }
                      }
                    },
                    "props": {
                      "style": {
                        "fontFamily": "Roboto",
                        "fontSize": 14,
                        "fontWeight": "normal",
                        "marginRight": 5,
                        "textAlign": "right"
                      }
                    },
                    "type": "ia.display.label"
                  }
                ],
                "meta": {
                  "name": "FlexContainer"
                },
                "position": {
                  "basis": "30px",
                  "shrink": 0
                },
                "props": {
                  "justify": "space-between"
                },
                "type": "ia.container.flex"
              },
              {
                "custom": {
                  "update": false
                },
                "meta": {
                  "name": "FlexRepeater"
                },
                "position": {
                  "basis": "320px",
                  "grow": 1
                },
                "propConfig": {
                  "props.instances": {
                    "binding": {
                      "config": {
                        "path": "this.custom.update"
                      },
                      "overlayOptOut": true,
                      "transforms": [
                        {
                          "code": "\n\tquery\u003d\u0027\u0027\u0027   select distinct rack_no FROM [CIMS].[dbo].[mes_endcut_homogenize_dispatch] \n\t where [homogenization_end_execution_date] is null and [homogenization_end_execution_time] is null and rack_no is not null and [homogenization_machine] \u003d ?\u0027\u0027\u0027\n\tdata\u003dsystem.db.runPrepQuery(query, [\u0027HM1\u0027], \u0027CIMS2\u0027)\n\tFdata\u003d[]\n\ttry:\n\t\tfor i in range(len(data)):\n\t\t\tA\u003d\t{\n\t\t\t\t  \"instanceStyle\": {\n\t\t\t\t    \"classes\": \"\"\n\t\t\t\t  },\n\t\t\t\t  \"instancePosition\": {},\n\t\t\t\t  \"rack_no\": data[i][\u0027rack_no\u0027]\n\t\t\t\t}\n\t\t\tFdata.append(A)\n\t\treturn Fdata\t\t\n\texcept:\t\t\n\t\t\n\t\treturn []",
                          "type": "script"
                        }
                      ],
                      "type": "property"
                    }
                  }
                },
                "props": {
                  "direction": "column",
                  "elementStyle": {
                    "borderBottomLeftRadius": 6,
                    "borderBottomRightRadius": 6,
                    "borderTopLeftRadius": 6,
                    "borderTopRightRadius": 6,
                    "marginBottom": 5,
                    "marginLeft": 4,
                    "marginRight": 4,
                    "marginTop": 5
                  },
                  "path": "Template/Homogenization/HF_logs",
                  "useDefaultViewWidth": false
                },
                "type": "ia.display.flex-repeater"
              }
            ],
            "meta": {
              "name": "HF1"
            },
            "position": {
              "tabIndex": 1
            },
            "props": {
              "direction": "column"
            },
            "type": "ia.container.flex"
          },
          {
            "children": [
              {
                "children": [
                  {
                    "meta": {
                      "name": "Start"
                    },
                    "position": {
                      "basis": "361px"
                    },
                    "propConfig": {
                      "props.text": {
                        "binding": {
                          "config": {
                            "fallbackDelay": 2.5,
                            "mode": "direct",
                            "tagPath": "[B_IMS]Homogenization/HM2_Start"
                          },
                          "overlayOptOut": true,
                          "transforms": [
                            {
                              "code": "\tA\u003dsystem.date.format(value,\"hh:mm dd-MM-yyyy\")\n\t\n\tif system.date.getYear(value)\u003d\u003d2012:\n\t\treturn \u0027Start Datetime :\u0027\n\telse:\n\t\treturn \u0027Start Datetime: \u0027+A\t",
                              "type": "script"
                            }
                          ],
                          "type": "tag"
                        }
                      }
                    },
                    "props": {
                      "style": {
                        "fontFamily": "Roboto",
                        "fontSize": 14,
                        "fontWeight": "normal",
                        "marginLeft": 5,
                        "textAlign": "left"
                      }
                    },
                    "type": "ia.display.label"
                  },
                  {
                    "meta": {
                      "name": "Elapsed"
                    },
                    "position": {
                      "basis": "249px"
                    },
                    "propConfig": {
                      "props.text": {
                        "binding": {
                          "config": {
                            "expression": "now(10000)"
                          },
                          "overlayOptOut": true,
                          "transforms": [
                            {
                              "code": "\tA\u003dsystem.tag.read(\u0027[B_IMS]Homogenization/HM2_Start\u0027).value\n\tif system.date.getYear(A)\u003d\u003d2012:\n\t\treturn \u0027\u0027\n\telse:\t\n\t\tSeconds\u003dsystem.date.secondsBetween(A,system.date.now())\n\t\n\t\t# Calculate hours, minutes, and seconds\n\t\thours, remainder \u003d divmod(Seconds, 3600)\n\t\tminutes, seconds \u003d divmod(remainder, 60)\n\t\t\n\t\t# Format the result\n\t\telapsed_time \u003d \"{:02}:{:02}:{:02}\".format(int(hours), int(minutes), int(seconds))\n\t\treturn \"Elapsed Time: \"+ elapsed_time +\" hh:mm:ss\"",
                              "type": "script"
                            }
                          ],
                          "type": "expr"
                        }
                      }
                    },
                    "props": {
                      "style": {
                        "fontFamily": "Roboto",
                        "fontSize": 14,
                        "fontWeight": "normal",
                        "marginRight": 5,
                        "textAlign": "right"
                      }
                    },
                    "type": "ia.display.label"
                  }
                ],
                "meta": {
                  "name": "FlexContainer"
                },
                "position": {
                  "basis": "30px",
                  "shrink": 0
                },
                "props": {
                  "justify": "space-between"
                },
                "type": "ia.container.flex"
              },
              {
                "custom": {
                  "update": false
                },
                "meta": {
                  "name": "FlexRepeater"
                },
                "position": {
                  "basis": "320px",
                  "grow": 1
                },
                "propConfig": {
                  "props.instances": {
                    "binding": {
                      "config": {
                        "path": "this.custom.update"
                      },
                      "overlayOptOut": true,
                      "transforms": [
                        {
                          "code": "\n\tquery\u003d\u0027\u0027\u0027   select distinct rack_no FROM [CIMS].[dbo].[mes_endcut_homogenize_dispatch] \n\t where [homogenization_end_execution_date] is null and [homogenization_end_execution_time] is null and rack_no is not null and [homogenization_machine] \u003d ?\u0027\u0027\u0027\n\tdata\u003dsystem.db.runPrepQuery(query, [\u0027HM2\u0027], \u0027CIMS2\u0027)\n\tFdata\u003d[]\n\ttry:\n\t\tfor i in range(len(data)):\n\t\t\tA\u003d\t{\n\t\t\t\t  \"instanceStyle\": {\n\t\t\t\t    \"classes\": \"\"\n\t\t\t\t  },\n\t\t\t\t  \"instancePosition\": {},\n\t\t\t\t  \"rack_no\": data[i][\u0027rack_no\u0027]\n\t\t\t\t}\n\t\t\tFdata.append(A)\n\t\treturn Fdata\t\t\n\texcept:\t\t\n\t\t\n\t\treturn []",
                          "type": "script"
                        }
                      ],
                      "type": "property"
                    }
                  }
                },
                "props": {
                  "direction": "column",
                  "elementStyle": {
                    "borderBottomLeftRadius": 6,
                    "borderBottomRightRadius": 6,
                    "borderTopLeftRadius": 6,
                    "borderTopRightRadius": 6,
                    "marginBottom": 5,
                    "marginLeft": 4,
                    "marginRight": 4,
                    "marginTop": 5
                  },
                  "path": "Template/Homogenization/HF_logs",
                  "useDefaultViewWidth": false
                },
                "type": "ia.display.flex-repeater"
              }
            ],
            "meta": {
              "name": "HF2"
            },
            "position": {
              "tabIndex": 2
            },
            "props": {
              "direction": "column"
            },
            "type": "ia.container.flex"
          },
          {
            "children": [
              {
                "children": [
                  {
                    "meta": {
                      "name": "Start"
                    },
                    "position": {
                      "basis": "361px"
                    },
                    "propConfig": {
                      "props.text": {
                        "binding": {
                          "config": {
                            "fallbackDelay": 2.5,
                            "mode": "direct",
                            "tagPath": "[B_IMS]Homogenization/HM3_Start"
                          },
                          "overlayOptOut": true,
                          "transforms": [
                            {
                              "code": "\tA\u003dsystem.date.format(value,\"hh:mm dd-MM-yyyy\")\n\t\n\tif system.date.getYear(value)\u003d\u003d2012:\n\t\treturn \u0027Start Datetime :\u0027\n\telse:\n\t\treturn \u0027Start Datetime: \u0027+A\t",
                              "type": "script"
                            }
                          ],
                          "type": "tag"
                        }
                      }
                    },
                    "props": {
                      "style": {
                        "fontFamily": "Roboto",
                        "fontSize": 14,
                        "fontWeight": "normal",
                        "marginLeft": 5,
                        "textAlign": "left"
                      }
                    },
                    "type": "ia.display.label"
                  },
                  {
                    "meta": {
                      "name": "Elapsed"
                    },
                    "position": {
                      "basis": "249px"
                    },
                    "propConfig": {
                      "props.text": {
                        "binding": {
                          "config": {
                            "expression": "now(10000)"
                          },
                          "overlayOptOut": true,
                          "transforms": [
                            {
                              "code": "\tA\u003dsystem.tag.read(\u0027[B_IMS]Homogenization/HM3_Start\u0027).value\n\tif system.date.getYear(A)\u003d\u003d2012:\n\t\treturn \u0027\u0027\n\telse:\t\n\t\tSeconds\u003dsystem.date.secondsBetween(A,system.date.now())\n\t\n\t\t# Calculate hours, minutes, and seconds\n\t\thours, remainder \u003d divmod(Seconds, 3600)\n\t\tminutes, seconds \u003d divmod(remainder, 60)\n\t\t\n\t\t# Format the result\n\t\telapsed_time \u003d \"{:02}:{:02}:{:02}\".format(int(hours), int(minutes), int(seconds))\n\t\treturn \"Elapsed Time: \"+ elapsed_time +\" hh:mm:ss\"",
                              "type": "script"
                            }
                          ],
                          "type": "expr"
                        }
                      }
                    },
                    "props": {
                      "style": {
                        "fontFamily": "Roboto",
                        "fontSize": 14,
                        "fontWeight": "normal",
                        "marginRight": 5,
                        "textAlign": "right"
                      }
                    },
                    "type": "ia.display.label"
                  }
                ],
                "meta": {
                  "name": "FlexContainer"
                },
                "position": {
                  "basis": "30px",
                  "shrink": 0
                },
                "props": {
                  "justify": "space-between"
                },
                "type": "ia.container.flex"
              },
              {
                "custom": {
                  "update": false
                },
                "meta": {
                  "name": "FlexRepeater"
                },
                "position": {
                  "basis": "320px",
                  "grow": 1
                },
                "propConfig": {
                  "props.instances": {
                    "binding": {
                      "config": {
                        "path": "this.custom.update"
                      },
                      "overlayOptOut": true,
                      "transforms": [
                        {
                          "code": "\n\tquery\u003d\u0027\u0027\u0027   select distinct rack_no FROM [CIMS].[dbo].[mes_endcut_homogenize_dispatch] \n\twhere [homogenization_end_execution_date] is null and [homogenization_end_execution_time] is null and rack_no is not null and [homogenization_machine] \u003d ?\u0027\u0027\u0027\n\tdata\u003dsystem.db.runPrepQuery(query, [\u0027HM3\u0027], \u0027CIMS2\u0027)\n\tFdata\u003d[]\n\ttry:\n\t\tfor i in range(len(data)):\n\t\t\tA\u003d\t{\n\t\t\t\t  \"instanceStyle\": {\n\t\t\t\t    \"classes\": \"\"\n\t\t\t\t  },\n\t\t\t\t  \"instancePosition\": {},\n\t\t\t\t  \"rack_no\": data[i][\u0027rack_no\u0027]\n\t\t\t\t}\n\t\t\tFdata.append(A)\n\t\treturn Fdata\t\t\n\texcept:\t\t\n\t\t\n\t\treturn []",
                          "type": "script"
                        }
                      ],
                      "type": "property"
                    }
                  }
                },
                "props": {
                  "direction": "column",
                  "elementStyle": {
                    "borderBottomLeftRadius": 6,
                    "borderBottomRightRadius": 6,
                    "borderTopLeftRadius": 6,
                    "borderTopRightRadius": 6,
                    "marginBottom": 5,
                    "marginLeft": 4,
                    "marginRight": 4,
                    "marginTop": 5
                  },
                  "path": "Template/Homogenization/HF_logs",
                  "useDefaultViewWidth": false
                },
                "type": "ia.display.flex-repeater"
              }
            ],
            "meta": {
              "name": "HF3"
            },
            "position": {
              "tabIndex": 3
            },
            "props": {
              "direction": "column"
            },
            "type": "ia.container.flex"
          }
        ],
        "meta": {
          "name": "TabContainer"
        },
        "position": {
          "basis": "300px",
          "grow": 1
        },
        "props": {
          "contentStyle": {
            "borderColor": "#FFFFFF00",
            "borderStyle": "solid",
            "borderWidth": 1,
            "fontFamily": "Roboto",
            "fontSize": 14,
            "fontWeight": "normal"
          },
          "menuStyle": {
            "backgroundColor": "#FF000000",
            "margin": 0
          },
          "menuType": "modern",
          "style": {
            "borderColor": "#FFFFFF00",
            "borderStyle": "none",
            "borderWidth": 0
          },
          "tabSize": {
            "width": 160
          },
          "tabStyle": {
            "active": {
              "boxShadow": "0px -4px 0px 0px rgba(37,122,140,1) inset",
              "color": "#257A8C",
              "fontFamily": "Roboto",
              "fontSize": 16,
              "fontWeight": "bolder",
              "margin": 2,
              "marginBottom": 0,
              "marginLeft": 8,
              "marginRight": 8,
              "textAlign": "center"
            },
            "inactive": {
              "color": "#958181C4",
              "fontFamily": "Roboto",
              "fontSize": 14,
              "fontWeight": "bolder",
              "margin": 2,
              "marginBottom": 0,
              "marginLeft": 8,
              "marginRight": 8
            }
          },
          "tabs": [
            "Holding Batch",
            "HM_1",
            "HM_2",
            "HM_3"
          ]
        },
        "type": "ia.container.tab"
      }
    ],
    "meta": {
      "name": "root"
    },
    "props": {
      "direction": "column"
    },
    "type": "ia.container.flex"
  }
}