{
  "base": {
    "style": {
      "backgroundColor": "#FFFFFF",
      "borderColor": "#E3E3E3",
      "borderStyle": "solid",
      "borderWidth": "4px",
      "borderTopLeftRadius": "8px",
      "borderTopRightRadius": "8px",
      "borderBottomLeftRadius": "8px",
      "borderBottomRightRadius": "8px",
      "boxShadow": "1px 1px 1px #DADADA",
      "color": "#262626",
      "fontFamily": "Arial",
      "fontSize": "14px",
      "outlineStyle": "none",
      "outlineWidth": "4px",
      "textAlign": "center"
    }
  }
}