{
  "custom": {},
  "params": {
    "EDIT": true,
    "Edit": "Yes",
    "UserName": "bindhu"
  },
  "propConfig": {
    "params.EDIT": {
      "paramDirection": "input",
      "persistent": true
    },
    "params.Edit": {
      "paramDirection": "input",
      "persistent": true
    },
    "params.UserName": {
      "paramDirection": "input",
      "persistent": true
    }
  },
  "props": {
    "defaultSize": {
      "height": 483,
      "width": 263
    }
  },
  "root": {
    "children": [
      {
        "children": [
          {
            "meta": {
              "name": "Label"
            },
            "position": {
              "basis": "279px"
            },
            "propConfig": {
              "props.text": {
                "binding": {
                  "config": {
                    "path": "view.params.Edit"
                  },
                  "overlayOptOut": true,
                  "transforms": [
                    {
                      "fallback": null,
                      "inputType": "scalar",
                      "mappings": [
                        {
                          "input": "Yes",
                          "output": "Edit User Details"
                        },
                        {
                          "input": "No",
                          "output": "Add User Details"
                        }
                      ],
                      "outputType": "scalar",
                      "type": "map"
                    }
                  ],
                  "type": "property"
                },
                "persistent": true
              }
            },
            "props": {
              "style": {
                "color": "#FFFFFF",
                "fontFamily": "Roboto",
                "fontSize": 16,
                "fontWeight": "bold",
                "marginLeft": 10,
                "textAlign": "left"
              },
              "text": "Edit User Details"
            },
            "type": "ia.display.label"
          },
          {
            "events": {
              "dom": {
                "onClick": {
                  "config": {
                    "script": "\tsystem.perspective.closePopup(\u0027\u0027)"
                  },
                  "scope": "G",
                  "type": "script"
                }
              }
            },
            "meta": {
              "name": "Icon"
            },
            "position": {
              "basis": "40px",
              "shrink": 0
            },
            "props": {
              "color": "#C45252",
              "path": "material/cancel_presentation",
              "style": {
                "marginRight": 10
              }
            },
            "type": "ia.display.icon"
          }
        ],
        "meta": {
          "name": "Header"
        },
        "position": {
          "basis": "30px",
          "shrink": 0
        },
        "props": {
          "justify": "space-between",
          "style": {
            "backgroundColor": "#3F5462"
          }
        },
        "type": "ia.container.flex"
      },
      {
        "children": [
          {
            "children": [
              {
                "meta": {
                  "name": "Label"
                },
                "position": {
                  "basis": "50px"
                },
                "props": {
                  "text": "User Name",
                  "textStyle": {
                    "fontFamily": "Roboto",
                    "fontSize": 12
                  }
                },
                "type": "ia.display.label"
              },
              {
                "meta": {
                  "name": "TextField"
                },
                "position": {
                  "basis": "60px"
                },
                "propConfig": {
                  "props.text": {
                    "persistent": false
                  }
                },
                "props": {
                  "placeholder": "Enter User Name for Login",
                  "style": {
                    "backgroundColor": "#E6E12017",
                    "fontFamily": "Roboto",
                    "fontSize": 12
                  }
                },
                "type": "ia.input.text-field"
              }
            ],
            "meta": {
              "name": "UserName"
            },
            "position": {
              "basis": "50px",
              "shrink": 0
            },
            "props": {
              "direction": "column",
              "style": {
                "overflow": "hidden",
                "padding": 5
              }
            },
            "type": "ia.container.flex"
          },
          {
            "children": [
              {
                "meta": {
                  "name": "Label"
                },
                "position": {
                  "basis": "50px"
                },
                "props": {
                  "text": "First Name",
                  "textStyle": {
                    "fontFamily": "Roboto",
                    "fontSize": 12
                  }
                },
                "type": "ia.display.label"
              },
              {
                "meta": {
                  "name": "TextField"
                },
                "position": {
                  "basis": "60px"
                },
                "propConfig": {
                  "props.text": {
                    "persistent": false
                  }
                },
                "props": {
                  "placeholder": "Enter First Name",
                  "style": {
                    "backgroundColor": "#E6E12017",
                    "fontFamily": "Roboto",
                    "fontSize": 12
                  }
                },
                "type": "ia.input.text-field"
              }
            ],
            "meta": {
              "name": "FirstName"
            },
            "position": {
              "basis": "50px",
              "shrink": 0
            },
            "props": {
              "direction": "column",
              "style": {
                "padding": 5
              }
            },
            "type": "ia.container.flex"
          },
          {
            "children": [
              {
                "meta": {
                  "name": "Label"
                },
                "position": {
                  "basis": "50px"
                },
                "props": {
                  "text": "Last Name",
                  "textStyle": {
                    "fontFamily": "Roboto",
                    "fontSize": 12
                  }
                },
                "type": "ia.display.label"
              },
              {
                "meta": {
                  "name": "TextField"
                },
                "position": {
                  "basis": "60px"
                },
                "props": {
                  "placeholder": "Enter Last Name",
                  "style": {
                    "backgroundColor": "#E6E12017",
                    "fontFamily": "Roboto",
                    "fontSize": 12
                  },
                  "text": "def"
                },
                "type": "ia.input.text-field"
              }
            ],
            "meta": {
              "name": "LastName"
            },
            "position": {
              "basis": "50px",
              "shrink": 0
            },
            "props": {
              "direction": "column",
              "style": {
                "padding": 5
              }
            },
            "type": "ia.container.flex"
          },
          {
            "children": [
              {
                "meta": {
                  "name": "Label"
                },
                "position": {
                  "basis": "50px"
                },
                "props": {
                  "text": "Select Role",
                  "textStyle": {
                    "fontFamily": "Roboto",
                    "fontSize": 12
                  }
                },
                "type": "ia.display.label"
              },
              {
                "meta": {
                  "name": "Dropdown"
                },
                "position": {
                  "basis": "60px"
                },
                "propConfig": {
                  "props.options": {
                    "binding": {
                      "config": {
                        "expression": "now(1000)"
                      },
                      "transforms": [
                        {
                          "code": "\troles \u003d system.user.getRoles(\"PPC\")\n\tnewData\u003d[]\n\n\t\n\tfor i in range (len(roles)):\n\t\tFdata\u003d{\u0027value\u0027:str(roles[i]),\u0027label\u0027:str(roles[i])}\n\t\tnewData.append(Fdata)\n\t\t\n\t\t\n\treturn newData",
                          "type": "script"
                        }
                      ],
                      "type": "expr"
                    }
                  }
                },
                "props": {
                  "placeholder": {
                    "text": "Select Role..."
                  },
                  "search": {
                    "enabled": false
                  },
                  "style": {
                    "backgroundColor": "#E6E12017",
                    "fontSize": 12
                  },
                  "value": "Administrator"
                },
                "type": "ia.input.dropdown"
              }
            ],
            "meta": {
              "name": "SelectRole"
            },
            "position": {
              "basis": "50px",
              "shrink": 0
            },
            "props": {
              "direction": "column",
              "style": {
                "padding": 5
              }
            },
            "type": "ia.container.flex"
          },
          {
            "children": [
              {
                "meta": {
                  "name": "Label"
                },
                "position": {
                  "basis": "50px"
                },
                "props": {
                  "text": "Password",
                  "textStyle": {
                    "fontFamily": "Roboto",
                    "fontSize": 12
                  }
                },
                "type": "ia.display.label"
              },
              {
                "meta": {
                  "name": "PasswordField"
                },
                "position": {
                  "basis": "60px"
                },
                "props": {
                  "style": {
                    "fontSize": 12
                  },
                  "text": "admin"
                },
                "type": "ia.input.password-field"
              }
            ],
            "meta": {
              "name": "Password"
            },
            "position": {
              "basis": "50px",
              "shrink": 0
            },
            "props": {
              "direction": "column",
              "style": {
                "overflow": "hidden",
                "padding": 5
              }
            },
            "type": "ia.container.flex"
          },
          {
            "children": [
              {
                "meta": {
                  "name": "Label"
                },
                "position": {
                  "basis": "50px"
                },
                "props": {
                  "text": "E-Mail Address",
                  "textStyle": {
                    "fontFamily": "Roboto",
                    "fontSize": 12
                  }
                },
                "type": "ia.display.label"
              },
              {
                "meta": {
                  "name": "TextField"
                },
                "position": {
                  "basis": "60px"
                },
                "props": {
                  "placeholder": "Enter Mail Address..\t",
                  "style": {
                    "backgroundColor": "#E6E12017",
                    "fontFamily": "Roboto",
                    "fontSize": 12
                  },
                  "text": "abc@wakeflo.com"
                },
                "type": "ia.input.text-field"
              }
            ],
            "meta": {
              "name": "E-Mail"
            },
            "position": {
              "basis": "50px",
              "shrink": 0
            },
            "props": {
              "direction": "column",
              "style": {
                "padding": 5
              }
            },
            "type": "ia.container.flex"
          },
          {
            "children": [
              {
                "meta": {
                  "name": "Label"
                },
                "position": {
                  "basis": "50px"
                },
                "props": {
                  "text": "Mobile Number",
                  "textStyle": {
                    "fontFamily": "Roboto",
                    "fontSize": 12
                  }
                },
                "type": "ia.display.label"
              },
              {
                "meta": {
                  "name": "TextField"
                },
                "position": {
                  "basis": "60px"
                },
                "props": {
                  "placeholder": "Enter Mobile No....",
                  "style": {
                    "backgroundColor": "#E6E12017",
                    "fontFamily": "Roboto",
                    "fontSize": 12
                  },
                  "text": "9738523125"
                },
                "type": "ia.input.text-field"
              }
            ],
            "meta": {
              "name": "MobNo"
            },
            "position": {
              "basis": "50px",
              "shrink": 0
            },
            "props": {
              "direction": "column",
              "style": {
                "padding": 5
              }
            },
            "type": "ia.container.flex"
          },
          {
            "children": [
              {
                "meta": {
                  "name": "Label"
                },
                "position": {
                  "basis": "50px"
                },
                "props": {
                  "text": "SMS",
                  "textStyle": {
                    "fontFamily": "Roboto",
                    "fontSize": 12
                  }
                },
                "type": "ia.display.label"
              },
              {
                "meta": {
                  "name": "TextField"
                },
                "position": {
                  "basis": "60px"
                },
                "props": {
                  "placeholder": "Enter SMS Number...",
                  "style": {
                    "backgroundColor": "#E6E12017",
                    "fontFamily": "Roboto",
                    "fontSize": 12
                  }
                },
                "type": "ia.input.text-field"
              }
            ],
            "meta": {
              "name": "SMS"
            },
            "position": {
              "basis": "50px",
              "shrink": 0
            },
            "props": {
              "direction": "column",
              "style": {
                "padding": 5
              }
            },
            "type": "ia.container.flex"
          }
        ],
        "events": {
          "system": {
            "onStartup": {
              "config": {
                "script": "\tA\u003dself.view.params.Edit\n\t\n\t\u0027\u0027\u0027\n\tself.getChild(\"UserName\").getChild(\"TextField\").props.text\n\tself.getChild(\"FirstName\").getChild(\"TextField\").props.text\n\tself.getChild(\"LastName\").getChild(\"TextField\").props.text\n\tself.getChild(\"SelectRole\").getChild(\"Dropdown\").props.value\n\tself.getChild(\"Password\").getChild(\"PasswordField\").props.text\n\tself.getChild(\"E-Mail\").getChild(\"TextField\").props.text\n\tself.getChild(\"MobNo\").getChild(\"TextField\").props.text\n\tself.getChild(\"SMS\").getChild(\"TextField\").props.text\n\t\u0027\u0027\u0027\n\t#if Edit collect required parameters and update in components\n\tif A\u003d\u003d\u0027Yes\u0027:\n#\t\tUserName\n\t\tself.getChild(\"UserName\").getChild(\"TextField\").props.text\u003dself.view.params.UserName\n\t\tUserName \u003d system.user.getUser(\"OMSuser\",str(self.view.params.UserName))\n#\t\tFirst Name\n\t\tself.getChild(\"FirstName\").getChild(\"TextField\").props.text\u003dUserName.get(\u0027firstname\u0027)\n#\t\tLast Name\n\t\tself.getChild(\"LastName\").getChild(\"TextField\").props.text\u003dUserName.get(\u0027lastname\u0027)\n#\t\tRole\n\t\tROLE\u003dUserName.getRoles()\n\t\tself.getChild(\"SelectRole\").getChild(\"Dropdown\").props.value\u003dROLE[0]\n#\t\tPassword (get form User table)\n\t\tquery1\u003d\u0027\u0027\u0027SELECT passwd FROM user_users\n\t\t\t\t\twhere fname\u003d?\t\t\t\t\t\n\t\t\t\t\t\u0027\u0027\u0027\n\t\tUserN\u003dUserName.get(\u0027firstname\u0027)\n\t\tdata\u003dsystem.db.runPrepQuery(query1,[UserN],\u0027OMS_Jindal\u0027)\t\n\t\tPASSWORD\u003dstr(data[0][0])\n\t\tself.getChild(\"Password\").getChild(\"PasswordField\").props.text\u003d\"\"\n#\t\tself.getChild(\"Password\").getChild(\"PasswordField\").props.text\u003d\u0027 \u0027\n#\t\tContact Information\n\t\tA\u003dUserName.getContactInfo()\n\t\tif(len(A)\u003e\u003d1):\t\n\t\t\t\tLENGTH\u003dlen(A)\n\t\t\t\tfor i in range(LENGTH):\n\t\t\t\t\tCHAR\u003dstr(A[i])\n\t\t\t\t\tif str(CHAR[0])\u003d\u003d\u0027e\u0027:\n\t\t\t\t\t\tFDATA \u003d CHAR.split(\u0027: \u0027)\n\t\t\t\t\t\tself.getChild(\"E-Mail\").getChild(\"TextField\").props.text\u003d\tFDATA[1]\n\t\t\t\t\telif str(CHAR[0])\u003d\u003d\u0027p\u0027:\n\t\t\t\t\t\tFDATA \u003d CHAR.split(\u0027: \u0027)\n\t\t\t\t\t\tself.getChild(\"MobNo\").getChild(\"TextField\").props.text\u003d\tFDATA[1]\t\n\t\t\t\t\telif str(CHAR[0])\u003d\u003d\u0027s\u0027:\t\n\t\t\t\t\t\tFDATA \u003d CHAR.split(\u0027: \u0027)\n\t\t\t\t\t\tself.getChild(\"SMS\").getChild(\"TextField\").props.text\u003dFDATA[1]\n\t\telse:\n\t\t\tself.getChild(\"E-Mail\").getChild(\"TextField\").props.text\u003d\u0027NA\u0027\t\n\t\t\tself.getChild(\"MobNo\").getChild(\"TextField\").props.text\u003d\u0027NA\u0027\n\t\t\tself.getChild(\"SMS\").getChild(\"TextField\").props.text\u003d\u0027NA\u0027\n\n\t\t\n\t\t\n\t#on startup load null in component values\n\telse:\n\t\tself.getChild(\"UserName\").getChild(\"TextField\").props.text\u003d\u0027\u0027\t\n\t\tself.getChild(\"FirstName\").getChild(\"TextField\").props.text\u003d\u0027\u0027\t\n\t\tself.getChild(\"LastName\").getChild(\"TextField\").props.text\u003d\u0027\u0027\t\n\t\tself.getChild(\"SelectRole\").getChild(\"Dropdown\").props.value\u003d\u0027\u0027\t\n\t\tself.getChild(\"Password\").getChild(\"PasswordField\").props.text\u003d\u0027\u0027\t\n\t\tself.getChild(\"E-Mail\").getChild(\"TextField\").props.text\u003d\u0027\u0027\t\n\t\tself.getChild(\"MobNo\").getChild(\"TextField\").props.text\u003d\u0027\u0027\t\n\t\tself.getChild(\"SMS\").getChild(\"TextField\").props.text\u003d\u0027\u0027\t"
              },
              "scope": "G",
              "type": "script"
            }
          }
        },
        "meta": {
          "name": "FlexContainer"
        },
        "position": {
          "basis": "406px",
          "grow": 1
        },
        "props": {
          "direction": "column"
        },
        "type": "ia.container.flex"
      },
      {
        "children": [
          {
            "events": {
              "dom": {
                "onClick": {
                  "config": {
                    "script": "\tsystem.perspective.closePopup(\u0027\u0027)"
                  },
                  "scope": "G",
                  "type": "script"
                }
              }
            },
            "meta": {
              "name": "Cancel"
            },
            "position": {
              "basis": "80px"
            },
            "props": {
              "image": {
                "icon": {
                  "color": "#D47F7F",
                  "path": "material/cancel"
                }
              },
              "style": {
                "backgroundColor": "#257A8C"
              },
              "text": "Cancel"
            },
            "type": "ia.input.button"
          },
          {
            "events": {
              "dom": {
                "onClick": [
                  {
                    "config": {
                      "script": "\timport sys\n\timport time\t\n#\tFunction to display error window\n\tdef error(msg):\n\t\tsystem.perspective.openPopup(\u0027Error\u0027,\u0027Template/Popup_1\u0027,params\u003d{\u0027Code\u0027:1,\u0027Message\u0027:msg},showCloseIcon \u003d True,modal\u003dTrue,draggable\u003dFalse,position \u003d {\u0027top\u0027:100})\n\t\tsys.exit()\n#\tScripts to see validation at each components\n#\tUsername\n\tUname\u003dself.view.getChild(\"root\").custom.UserName\n\tif len(str(Uname))\u003d\u003d0:\n\t\terror(\u0027User Name Cant be empty\u0027)\n\telse:\n\t\tpass\t\n#\tFirst Name\n\tFname\u003dself.view.getChild(\"root\").custom.FirstName\n\tif len(str(Fname))\u003d\u003d0:\n\t\terror(\u0027First Name Cant be empty\u0027)\n\telse:\n\t\tpass\t\n#\tLast Name\n\tLname\u003dself.view.getChild(\"root\").custom.LastName\n\tif len(str(Lname))\u003d\u003d0:\n\t\terror(\u0027Last Name Cant be empty\u0027)\n\telse:\n\t\tpass\t\n#\tSelect Role\n\trole\u003dself.view.getChild(\"root\").custom.SelectRole\n\tif len(str(role))\u003d\u003d0:\n\t\terror(\u0027Role Cant be empty\u0027)\n\telse:\n\t\tpass\t\n#\tPassword\n\tPW\u003dself.view.getChild(\"root\").custom.Password\n\tif len(str(PW))\u003d\u003d0:\n\t\terror(\u0027Password Cant be empty\u0027)\n\telse:\n\t\tpass\t\n\t\t\n#\tClose the pop-up screen of user Managment\t\t\n\tsystem.perspective.closePopup(\u0027-tTasY_r\u0027)\t\n\n# \tOpen Pop-up for confirmation window\n\tmyParam\u003d{\n\t\u0027Code\u0027: self.view.getChild(\"root\").custom.code,\n\t\u0027Message\u0027: str(self.view.getChild(\"root\").custom.MSG),\n\t\u0027P011_FirstName\u0027: str(self.view.getChild(\"root\").custom.FirstName),\n\t\u0027P011_LastName\u0027: str(self.view.getChild(\"root\").custom.LastName),\n\t\u0027P011_MailAddress\u0027: str(self.view.getChild(\"root\").custom.MailAddress),\n\t\u0027P011_MobNo\u0027: str(self.view.getChild(\"root\").custom.MobNo),\n\t\u0027P011_Password\u0027: str(self.view.getChild(\"root\").custom.Password),\n\t\u0027P011_SMS\u0027: str(self.view.getChild(\"root\").custom.SMS),\n\t\u0027P011_SelectRole\u0027: str(self.view.getChild(\"root\").custom.SelectRole),\t\n\t\u0027P011_UserName\u0027: str(self.view.getChild(\"root\").custom.UserName)\n\t}\n\tsystem.perspective.openPopup(\"fQHR6mFQ\",\u0027Template/Popup\u0027, title \u003d\u0027Add User in User list\u0027, params \u003d myParam, showCloseIcon \u003d False, modal \u003d True)"
                    },
                    "scope": "G",
                    "type": "script"
                  },
                  {
                    "config": {
                      "script": "\t\n\tsystem.perspective.closePopup(\u0027-tTasY_r\u0027)"
                    },
                    "enabled": false,
                    "scope": "G",
                    "type": "script"
                  },
                  {
                    "config": {
                      "draggable": false,
                      "id": "fQHR6mFQ",
                      "modal": true,
                      "overlayDismiss": false,
                      "resizable": false,
                      "showCloseIcon": false,
                      "title": "Add User in User list",
                      "type": "open",
                      "viewParams": {
                        "Code": "{/root.custom.code}",
                        "Message": "{/root.custom.MSG}",
                        "P011_FirstName": "{/root.custom.FirstName}",
                        "P011_LastName": "{/root.custom.LastName}",
                        "P011_MailAddress": "{/root.custom.MailAddress}",
                        "P011_MobNo": "{/root.custom.MobNo}",
                        "P011_Password": "{/root.custom.Password}",
                        "P011_SMS": "{/root.custom.SMS}",
                        "P011_SelectRole": "{/root.custom.SelectRole}",
                        "P011_UserName": "{/root.custom.UserName}"
                      },
                      "viewPath": "Template/Popup",
                      "viewportBound": false
                    },
                    "enabled": false,
                    "scope": "C",
                    "type": "popup"
                  }
                ]
              }
            },
            "meta": {
              "name": "Save"
            },
            "position": {
              "basis": "80px",
              "display": false
            },
            "propConfig": {
              "position.display": {
                "binding": {
                  "config": {
                    "path": "view.params.Edit"
                  },
                  "transforms": [
                    {
                      "fallback": true,
                      "inputType": "scalar",
                      "mappings": [
                        {
                          "input": "Yes",
                          "output": false
                        },
                        {
                          "input": "No",
                          "output": true
                        }
                      ],
                      "outputType": "scalar",
                      "type": "map"
                    }
                  ],
                  "type": "property"
                },
                "persistent": true
              }
            },
            "props": {
              "image": {
                "icon": {
                  "color": "#63C576",
                  "path": "material/check_circle"
                }
              },
              "style": {
                "backgroundColor": "#257A8C"
              },
              "text": "SAVE"
            },
            "type": "ia.input.button"
          },
          {
            "events": {
              "dom": {
                "onClick": [
                  {
                    "config": {
                      "script": "\tsystem.perspective.closePopup(\u0027GALvoMYP\u0027)"
                    },
                    "scope": "G",
                    "type": "script"
                  },
                  {
                    "config": {
                      "draggable": false,
                      "id": "TzCC6iJ0",
                      "modal": true,
                      "overlayDismiss": false,
                      "resizable": false,
                      "showCloseIcon": false,
                      "title": "Edit  {view.params.UserName}  details",
                      "type": "open",
                      "viewParams": {
                        "Code": "{/root.custom.code}",
                        "Message": "{/root.custom.MSG}",
                        "P011_FirstName": "{/root.custom.FirstName}",
                        "P011_LastName": "{/root.custom.LastName}",
                        "P011_MailAddress": "{/root.custom.MailAddress}",
                        "P011_MobNo": "{/root.custom.MobNo}",
                        "P011_Password": "{/root.custom.Password}",
                        "P011_SMS": "{/root.custom.SMS}",
                        "P011_SelectRole": "{/root.custom.SelectRole}",
                        "P011_UserName": "{/root.custom.UserName}"
                      },
                      "viewPath": "Template/Popup",
                      "viewportBound": false
                    },
                    "scope": "C",
                    "type": "popup"
                  }
                ]
              }
            },
            "meta": {
              "name": "Update"
            },
            "position": {
              "basis": "80px"
            },
            "propConfig": {
              "position.display": {
                "binding": {
                  "config": {
                    "path": "view.params.Edit"
                  },
                  "transforms": [
                    {
                      "fallback": false,
                      "inputType": "scalar",
                      "mappings": [
                        {
                          "input": "Yes",
                          "output": true
                        },
                        {
                          "input": "No",
                          "output": false
                        }
                      ],
                      "outputType": "scalar",
                      "type": "map"
                    }
                  ],
                  "type": "property"
                },
                "persistent": true
              }
            },
            "props": {
              "image": {
                "icon": {
                  "color": "#E4B469",
                  "path": "material/info"
                }
              },
              "style": {
                "backgroundColor": "#257A8C"
              },
              "text": "Update"
            },
            "type": "ia.input.button"
          }
        ],
        "meta": {
          "name": "Action Buttons"
        },
        "position": {
          "basis": "30px",
          "shrink": 0
        },
        "props": {
          "justify": "space-evenly",
          "style": {
            "marginBottom": 10
          }
        },
        "type": "ia.container.flex"
      }
    ],
    "meta": {
      "name": "root"
    },
    "propConfig": {
      "custom.FirstName": {
        "binding": {
          "config": {
            "bidirectional": true,
            "path": "./FlexContainer/FirstName/TextField.props.text"
          },
          "type": "property"
        }
      },
      "custom.LastName": {
        "binding": {
          "config": {
            "bidirectional": true,
            "path": "./FlexContainer/LastName/TextField.props.text"
          },
          "type": "property"
        }
      },
      "custom.MSG": {
        "binding": {
          "config": {
            "expression": "{session.props.auth.user.userName}+ now(1000)"
          },
          "transforms": [
            {
              "code": "\tuser\u003dself.custom.UserName\n\tA\u003dself.view.params.Edit\n\tif A\u003d\u003d\u0027Yes\u0027:\n\t\treturn \u0027Do you want to edit/modify \u0027+ \u0027 \u0027+str(user) + \u0027 \u0027 + \u0027 details in user list ?\u0027 \n\telse:\n\t\treturn \u0027Do you want add\u0027+ \u0027 \u0027+str(user) + \u0027 \u0027 + \u0027in user list ?\u0027 \t",
              "type": "script"
            }
          ],
          "type": "expr"
        }
      },
      "custom.MailAddress": {
        "binding": {
          "config": {
            "bidirectional": true,
            "path": "./FlexContainer/E-Mail/TextField.props.text"
          },
          "type": "property"
        }
      },
      "custom.MobNo": {
        "binding": {
          "config": {
            "bidirectional": true,
            "path": "./FlexContainer/MobNo/TextField.props.text"
          },
          "type": "property"
        }
      },
      "custom.Password": {
        "binding": {
          "config": {
            "bidirectional": true,
            "path": "./FlexContainer/Password/PasswordField.props.text"
          },
          "type": "property"
        }
      },
      "custom.SMS": {
        "binding": {
          "config": {
            "bidirectional": true,
            "path": "./FlexContainer/SMS/TextField.props.text"
          },
          "type": "property"
        }
      },
      "custom.SelectRole": {
        "binding": {
          "config": {
            "bidirectional": true,
            "path": "./FlexContainer/SelectRole/Dropdown.props.value"
          },
          "type": "property"
        }
      },
      "custom.UserName": {
        "binding": {
          "config": {
            "bidirectional": true,
            "path": "./FlexContainer/UserName/TextField.props.text"
          },
          "type": "property"
        }
      },
      "custom.code": {
        "binding": {
          "config": {
            "path": "view.params.Edit"
          },
          "overlayOptOut": true,
          "transforms": [
            {
              "fallback": "P011",
              "inputType": "scalar",
              "mappings": [
                {
                  "input": "Yes",
                  "output": "P013"
                },
                {
                  "input": "No",
                  "output": "P011"
                }
              ],
              "outputType": "scalar",
              "type": "map"
            }
          ],
          "type": "property"
        }
      }
    },
    "props": {
      "direction": "column"
    },
    "type": "ia.container.flex"
  }
}